1.0,1.0,1.0,0.0
1.0,1.0,0.9722329327596467,3.8557934728167265E-4
1.0,1.0,0.942950209461487,0.0016286655760233693
1.0,1.0,0.9121061897036429,0.003870149974618986
1.0,1.0,0.8796686324807627,0.007266217966291788
1.0,1.0,0.8456231197263904,0.01198796624889853
1.0,1.0,0.8099780934341391,0.01822014940971861
1.0,1.0,0.7727703843935816,0.026158790258206777
1.0,1.0,0.7340710018741865,0.03600738179392626
1.0,1.0,0.6939908195868794,0.04797143871473575
1.0,1.0,0.652685644176406,0.06225123927629639
1.0,1.0,0.6103600091633019,0.07903274893144108
1.0,1.0,0.5672689324152287,0.09847694253172634
1.0,1.0,0.5237168514592474,0.1207080334632259
1.0,1.0,0.4800530531042547,0.14580144438556142
1.0,1.0,0.4366631753584902,0.17377265719245227
1.0,1.0,0.3939567847371438,0.20456827996750138
1.0,1.0,0.35235157990445953,0.23806068224054056
1.0,1.0,0.31225535208921684,0.27404731609417343
1.0,1.0,0.27404731609417343,0.31225535208921684
1.0,1.0,0.23806068224054056,0.35235157990445953
1.0,1.0,0.20456827996750138,0.3939567847371438
1.0,1.0,0.17377265719245227,0.4366631753584902
1.0,1.0,0.14580144438556142,0.4800530531042547
1.0,1.0,0.1207080334632259,0.5237168514592474
1.0,1.0,0.09847694253172634,0.5672689324152287
1.0,1.0,0.07903274893144108,0.6103600091633019
1.0,1.0,0.06225123927629639,0.652685644176406
1.0,1.0,0.04797143871473575,0.6939908195868794
1.0,1.0,0.03600738179392626,0.7340710018741865
1.0,1.0,0.026158790258206777,0.7727703843935816
1.0,1.0,0.01822014940971861,0.8099780934341391
1.0,1.0,0.01198796624889853,0.8456231197263904
1.0,1.0,0.007266217966291788,0.8796686324807627
1.0,1.0,0.003870149974618986,0.9121061897036429
1.0,1.0,0.0016286655760233693,0.942950209461487
1.0,1.0,3.8557934728167265E-4,0.9722329327596467
1.0,1.0,0.0,1.0
1.0,0.9722329327596467,1.0,3.8557934728167265E-4
1.0,0.9714518665230041,0.9714518665230041,8.153283051429705E-4
1.0,0.9706516364558125,0.9413032729116251,0.002155639497626427
1.0,0.9698351511296619,0.9095054533889857,0.004559987278843214
1.0,0.9690062136313128,0.8760248545252513,0.008198836202010229
1.0,0.9681696492960384,0.8408482464801924,0.013259128177192991
1.0,0.96733142398076,0.8039885438845596,0.01994271942279835
1.0,0.9664987394913596,0.7654911764395171,0.028463445249428343
1.0,0.965680088847271,0.725440710778168,0.03904248772358765
1.0,0.9648852506389688,0.6839672557507194,0.051901767252158226
1.0,0.9641251998332913,0.6412519983329124,0.06725519566557214
1.0,0.9634119133367699,0.5975310467044687,0.08529783341924702
1.0,0.9627580538638071,0.5530966463656848,0.10619329273136968
1.0,0.9621765262763883,0.5082948415930479,0.13006010435693116
1.0,0.9616799167380327,0.4635188343324569,0.15695816823671793
1.0,0.9612798453668817,0.41919768050322526,0.18687675270451543
1.0,0.9609862842679565,0.37578054828730356,0.2197256853591295
1.0,0.960806909916519,0.3337174685808225,0.25533128841386055
1.0,0.960746566401057,0.29343819521902637,0.29343819521902637
1.0,0.960806909916519,0.25533128841386055,0.3337174685808225
1.0,0.9609862842679565,0.2197256853591295,0.37578054828730356
1.0,0.9612798453668817,0.18687675270451543,0.41919768050322526
1.0,0.9616799167380327,0.15695816823671793,0.4635188343324569
1.0,0.9621765262763883,0.13006010435693116,0.5082948415930479
1.0,0.9627580538638071,0.10619329273136968,0.5530966463656848
1.0,0.9634119133367699,0.08529783341924702,0.5975310467044687
1.0,0.9641251998332913,0.06725519566557214,0.6412519983329124
1.0,0.9648852506389688,0.051901767252158226,0.6839672557507194
1.0,0.965680088847271,0.03904248772358765,0.725440710778168
1.0,0.9664987394913596,0.028463445249428343,0.7654911764395171
1.0,0.96733142398076,0.01994271942279824,0.8039885438845596
1.0,0.9681696492960384,0.013259128177192991,0.8408482464801924
1.0,0.9690062136313128,0.008198836202010229,0.8760248545252513
1.0,0.9698351511296619,0.004559987278843214,0.9095054533889857
1.0,0.9706516364558125,0.002155639497626427,0.9413032729116251
1.0,0.9714518665230041,8.153283051429705E-4,0.9714518665230041
1.0,0.9722329327596467,3.8557934728167265E-4,1.0
1.0,0.942950209461487,1.0,0.0016286655760233693
1.0,0.9413032729116251,0.9706516364558125,0.002155639497626427
1.0,0.9396153321360832,0.9396153321360832,0.003652980245372195
1.0,0.9378929905955463,0.9068394858933194,0.006287849528740952
1.0,0.9361449143185899,0.8722898286371799,0.010246171938143589
1.0,0.9343821285075213,0.8359553212688033,0.01573192761281994
1.0,0.9326182879470791,0.7978548638412373,0.02296517523264674
1.0,0.9308698870179717,0.7580446045629008,0.03217841825160306
1.0,0.9291563653024185,0.7166254612096742,0.04361093158265039
1.0,0.9275000566405587,0.6737502548825138,0.05750073632726216
1.0,0.9259259259259259,0.6296296296296295,0.07407407407407407
1.0,0.9244610425399502,0.5845357339697261,0.09353251047940236
1.0,0.9231337557975912,0.5388025347855472,0.1160381916722989
1.0,0.9219725685359129,0.49282169548343413,0.14169825389504243
1.0,0.9210047494466636,0.44703324612664497,0.1705498691899675
1.0,0.92025477771711,0.4019108328783251,0.20254777717110006
1.0,0.9197427646094872,0.3579421168758976,0.2375562637901285
1.0,0.9194830317771525,0.3156057701057966,0.27534728599437286
1.0,0.9194830317771525,0.27534728599437286,0.3156057701057966
1.0,0.9197427646094872,0.2375562637901285,0.3579421168758976
1.0,0.92025477771711,0.20254777717110006,0.4019108328783251
1.0,0.9210047494466636,0.1705498691899675,0.44703324612664497
1.0,0.9219725685359129,0.14169825389504254,0.49282169548343424
1.0,0.9231337557975912,0.1160381916722989,0.5388025347855472
1.0,0.9244610425399502,0.09353251047940236,0.5845357339697261
1.0,0.9259259259259259,0.07407407407407407,0.6296296296296295
1.0,0.9275000566405587,0.05750073632726216,0.6737502548825138
1.0,0.9291563653024185,0.04361093158265039,0.7166254612096742
1.0,0.9308698870179717,0.03217841825160306,0.7580446045629008
1.0,0.9326182879470791,0.02296517523264674,0.7978548638412373
1.0,0.9343821285075213,0.01573192761281994,0.8359553212688033
1.0,0.9361449143185899,0.010246171938143589,0.8722898286371799
1.0,0.9378929905955463,0.006287849528740952,0.9068394858933194
1.0,0.9396153321360832,0.003652980245372195,0.9396153321360832
1.0,0.9413032729116251,0.002155639497626427,0.9706516364558125
1.0,0.942950209461487,0.0016286655760233693,1.0
1.0,0.9121061897036429,1.0,0.003870149974618986
1.0,0.9095054533889857,0.9698351511296619,0.004559987278843214
1.0,0.9068394858933194,0.9378929905955463,0.006287849528740952
1.0,0.904119584184911,0.904119584184911,0.009235703244080629
1.0,0.9013606076167856,0.8684808101557142,0.013606076167856251
1.0,0.898581489432578,0.8309691490542966,0.01962106451492074
1.0,0.8958056932529218,0.7916113865058436,0.027519803693936917
1.0,0.8930615491300722,0.7504769479701683,0.037553942170649224
1.0,0.8903823857137195,0.7076863619032521,0.04998067618556945
1.0,0.8878063611989852,0.6634190835969553,0.06505300999154284
1.0,0.8853758920148695,0.617919640049565,0.08300713611895594
1.0,0.8831365919302571,0.5715008370776091,0.10404720479863727
1.0,0.8811356722374509,0.5245426889498036,0.12832826307463996
1.0,0.8794198193412789,0.47748588381220847,0.1559387353889522
1.0,0.8780326557727387,0.43081906027278083,0.18688437181825823
1.0,0.8770119907463818,0.38505995373190915,0.22107594139375164
1.0,0.8763871534854506,0.3407314852557367,0.2583229209127037
1.0,0.8761767484880506,0.29833490809895336,0.29833490809895336
1.0,0.8763871534854506,0.2583229209127037,0.3407314852557367
1.0,0.8770119907463818,0.22107594139375164,0.38505995373190915
1.0,0.8780326557727387,0.18688437181825823,0.43081906027278083
1.0,0.8794198193412789,0.1559387353889522,0.47748588381220847
1.0,0.8811356722374509,0.12832826307463996,0.5245426889498036
1.0,0.8831365919302571,0.10404720479863727,0.5715008370776091
1.0,0.8853758920148695,0.08300713611895594,0.617919640049565
1.0,0.8878063611989852,0.06505300999154284,0.6634190835969553
1.0,0.8903823857137195,0.04998067618556956,0.7076863619032522
1.0,0.8930615491300722,0.037553942170649224,0.7504769479701683
1.0,0.8958056932529218,0.027519803693936917,0.7916113865058436
1.0,0.898581489432578,0.01962106451492074,0.8309691490542966
1.0,0.9013606076167856,0.013606076167856251,0.8684808101557142
1.0,0.904119584184911,0.009235703244080629,0.904119584184911
1.0,0.9068394858933194,0.006287849528740952,0.9378929905955463
1.0,0.9095054533889857,0.004559987278843214,0.9698351511296619
1.0,0.9121061897036429,0.003870149974618986,1.0
1.0,0.8796686324807627,1.0,0.007266217966291788
1.0,0.8760248545252513,0.9690062136313128,0.008198836202010229
1.0,0.8722898286371799,0.9361449143185899,0.010246171938143589
1.0,0.8684808101557142,0.9013606076167856,0.013606076167856251
1.0,0.8646205113155174,0.8646205113155174,0.01849870703750167
1.0,0.8607378752354418,0.8259223440443022,0.025165126648092007
1.0,0.8568687466070973,0.785303119910646,0.03386403959790729
1.0,0.853056328325871,0.7428485745702742,0.04486613411816143
1.0,0.8493512845690581,0.6987025691381161,0.058445528556613224
1.0,0.8458113311016601,0.6530754949787352,0.0748679866099603
1.0,0.8425001538083684,0.6062503845209211,0.09437588439811861
1.0,0.8394855292189745,0.5585852053521796,0.11717041070435918
1.0,0.8368365967103992,0.5105097901311975,0.14339213272959572
1.0,0.8346203538810554,0.46251615011343006,0.173101769405277
1.0,0.8328976027422572,0.41514160959790036,0.20626361302572194
1.0,0.8317187352353315,0.36894525713249315,0.2427343085589918
1.0,0.8311198676317004,0.3244794705268015,0.2822594374347266
1.0,0.8311198676317004,0.2822594374347266,0.3244794705268015
1.0,0.8317187352353315,0.2427343085589918,0.36894525713249315
1.0,0.8328976027422572,0.20626361302572194,0.41514160959790036
1.0,0.8346203538810554,0.173101769405277,0.46251615011343006
1.0,0.8368365967103992,0.14339213272959572,0.5105097901311975
1.0,0.8394855292189745,0.11717041070435918,0.5585852053521796
1.0,0.8425001538083684,0.09437588439811861,0.6062503845209211
1.0,0.8458113311016601,0.0748679866099603,0.6530754949787352
1.0,0.8493512845690581,0.058445528556613224,0.6987025691381161
1.0,0.853056328325871,0.04486613411816143,0.7428485745702742
1.0,0.8568687466070973,0.03386403959790729,0.785303119910646
1.0,0.8607378752354418,0.02516512664809223,0.8259223440443022
1.0,0.8646205113155174,0.01849870703750167,0.8646205113155174
1.0,0.8684808101557142,0.013606076167856251,0.9013606076167856
1.0,0.8722898286371799,0.010246171938143589,0.9361449143185899
1.0,0.8760248545252513,0.008198836202010229,0.9690062136313128
1.0,0.8796686324807627,0.007266217966291788,1.0
1.0,0.8456231197263904,1.0,0.01198796624889853
1.0,0.8408482464801924,0.9681696492960384,0.013259128177192991
1.0,0.8359553212688033,0.9343821285075213,0.01573192761281994
1.0,0.8309691490542966,0.898581489432578,0.01962106451492074
1.0,0.8259223440443022,0.8607378752354418,0.025165126648092007
1.0,0.8208564090249953,0.8208564090249953,0.03262460873497486
1.0,0.8158226328290606,0.7789871593948728,0.042277690711115534
1.0,0.8108826313819415,0.7352356839347182,0.054413156909707716
1.0,0.8061083164176297,0.6897733062682074,0.0693199188046224
1.0,0.8015810524668637,0.6428458944403547,0.08727284134757318
1.0,0.7973897753817231,0.5947795507634461,0.10851501167958133
1.0,0.7936279141467509,0.545981411122852,0.13323723941635413
1.0,0.7903890959248407,0.4969338302196178,0.16155638369936287
1.0,0.7877618200109955,0.44818073202858844,0.19349491604178315
1.0,0.7858235315609403,0.40030588837063286,0.22896471361938509
1.0,0.784634753873026,0.35390426161907795,0.26775816316828827
1.0,0.7842340739989485,0.30954903679663515,0.30954903679663515
1.0,0.784634753873026,0.26775816316828827,0.35390426161907795
1.0,0.7858235315609403,0.22896471361938509,0.40030588837063286
1.0,0.7877618200109955,0.19349491604178315,0.44818073202858844
1.0,0.7903890959248407,0.16155638369936287,0.4969338302196178
1.0,0.793627914146751,0.13323723941635424,0.5459814111228523
1.0,0.7973897753817231,0.10851501167958133,0.5947795507634461
1.0,0.8015810524668637,0.08727284134757318,0.6428458944403547
1.0,0.8061083164176297,0.0693199188046224,0.6897733062682074
1.0,0.8108826313819415,0.054413156909707716,0.7352356839347182
1.0,0.8158226328290606,0.04227769071111542,0.7789871593948727
1.0,0.8208564090249953,0.03262460873497486,0.8208564090249953
1.0,0.8259223440443022,0.02516512664809223,0.8607378752354418
1.0,0.8309691490542966,0.01962106451492074,0.898581489432578
1.0,0.8359553212688033,0.01573192761281994,0.9343821285075213
1.0,0.8408482464801924,0.013259128177192991,0.9681696492960384
1.0,0.8456231197263904,0.01198796624889853,1.0
1.0,0.8099780934341391,1.0,0.01822014940971861
1.0,0.8039885438845596,0.96733142398076,0.01994271942279835
1.0,0.7978548638412373,0.9326182879470791,0.02296517523264674
1.0,0.7916113865058436,0.8958056932529218,0.027519803693936917
1.0,0.785303119910646,0.8568687466070973,0.03386403959790729
1.0,0.7789871593948728,0.8158226328290606,0.042277690711115534
1.0,0.772733794276429,0.772733794276429,0.05305747615178724
1.0,0.7666270475246758,0.7277315554454551,0.06650819009870312
1.0,0.76076433315133,0.68101911086844,0.08292994374676499
1.0,0.7552548950655987,0.632882342598398,0.10260128190719542
1.0,0.750216731726912,0.5836945528781867,0.12575856104419214
1.0,0.7457718408357785,0.5339150415322607,0.15257280278592844
1.0,0.7420398517645914,0.4840797035291827,0.18312619725453938
1.0,0.7391304347826086,0.4347826086956522,0.21739130434782616
1.0,0.737135227397006,0.3866488639263471,0.2552164776248501
1.0,0.7361203017198745,0.3403007542996863,0.29632080458633203
1.0,0.7361203017198745,0.29632080458633203,0.3403007542996863
1.0,0.737135227397006,0.2552164776248501,0.3866488639263471
1.0,0.7391304347826086,0.21739130434782616,0.4347826086956522
1.0,0.7420398517645914,0.18312619725453938,0.4840797035291827
1.0,0.7457718408357785,0.15257280278592844,0.5339150415322607
1.0,0.750216731726912,0.12575856104419214,0.5836945528781867
1.0,0.7552548950655987,0.10260128190719542,0.632882342598398
1.0,0.76076433315133,0.08292994374676499,0.68101911086844
1.0,0.7666270475246758,0.06650819009870312,0.7277315554454551
1.0,0.772733794276429,0.05305747615178724,0.772733794276429
1.0,0.7789871593948728,0.042277690711115534,0.8158226328290606
1.0,0.785303119910646,0.03386403959790729,0.8568687466070973
1.0,0.7916113865058436,0.027519803693936917,0.8958056932529218
1.0,0.7978548638412373,0.02296517523264674,0.9326182879470791
1.0,0.8039885438845596,0.01994271942279824,0.96733142398076
1.0,0.8099780934341391,0.01822014940971861,1.0
1.0,0.7727703843935816,1.0,0.026158790258206777
1.0,0.7654911764395171,0.9664987394913596,0.028463445249428343
1.0,0.7580446045629008,0.9308698870179717,0.03217841825160306
1.0,0.7504769479701683,0.8930615491300722,0.037553942170649224
1.0,0.7428485745702742,0.853056328325871,0.04486613411816143
1.0,0.7352356839347182,0.8108826313819415,0.054413156909707716
1.0,0.7277315554454551,0.7666270475246758,0.06650819009870312
1.0,0.7204469276591949,0.7204469276591949,0.08146847659449752
1.0,0.7135090718254797,0.6725817963719768,0.09959994002293615
1.0,0.707059117276919,0.6233617222131815,0.12117735183075684
1.0,0.7012472801565761,0.5732104002236801,0.14642080044736017
1.0,0.6962258743780776,0.522640659736979,0.17547023045478216
1.0,0.6921403520065202,0.47224060343974905,0.20836090515962358
1.0,0.6891190858209707,0.42264973081037416,0.24500349413664313
1.0,0.6872630638738608,0.37452612774772165,0.2851727174259676
1.0,0.6866369632749083,0.32850777844623213,0.32850777844623213
1.0,0.6872630638738608,0.2851727174259676,0.37452612774772165
1.0,0.6891190858209707,0.24500349413664313,0.42264973081037416
1.0,0.6921403520065202,0.20836090515962358,0.47224060343974905
1.0,0.6962258743780776,0.17547023045478227,0.5226406597369792
1.0,0.7012472801565761,0.14642080044736017,0.5732104002236801
1.0,0.707059117276919,0.12117735183075673,0.6233617222131814
1.0,0.7135090718254797,0.09959994002293615,0.6725817963719768
1.0,0.7204469276591948,0.08146847659449741,0.7204469276591948
1.0,0.7277315554454551,0.06650819009870335,0.7666270475246758
1.0,0.7352356839347182,0.054413156909707716,0.8108826313819415
1.0,0.7428485745702742,0.04486613411816154,0.853056328325871
1.0,0.7504769479701683,0.037553942170649224,0.8930615491300722
1.0,0.7580446045629008,0.03217841825160306,0.9308698870179717
1.0,0.7654911764395171,0.028463445249428343,0.9664987394913596
1.0,0.7727703843935816,0.026158790258206777,1.0
1.0,0.7340710018741865,1.0,0.03600738179392626
1.0,0.725440710778168,0.965680088847271,0.03904248772358765
1.0,0.7166254612096742,0.9291563653024185,0.04361093158265039
1.0,0.7076863619032521,0.8903823857137195,0.04998067618556945
1.0,0.6987025691381161,0.8493512845690581,0.058445528556613224
1.0,0.6897733062682074,0.8061083164176297,0.0693199188046224
1.0,0.68101911086844,0.76076433315133,0.08292994374676499
1.0,0.6725817963719768,0.7135090718254797,0.09959994002293615
1.0,0.6646225534797452,0.6646225534797452,0.11963420288433113
1.0,0.6573176504975046,0.6144823568096927,0.14329412624376137
1.0,0.6508513756224121,0.5635642195280152,0.17077201710322887
1.0,0.645406234257651,0.5124335721042701,0.2021640270797147
1.0,0.6411509567869946,0.46172643518049206,0.23744578317236376
1.0,0.6382274946830924,0.4121196788600251,0.27645498936618473
1.0,0.6367387126508002,0.36429274713890036,0.31888508622025036
1.0,0.6367387126508002,0.31888508622025036,0.36429274713890036
1.0,0.6382274946830924,0.27645498936618473,0.4121196788600251
1.0,0.6411509567869946,0.23744578317236376,0.46172643518049206
1.0,0.645406234257651,0.2021640270797147,0.5124335721042701
1.0,0.6508513756224121,0.17077201710322887,0.5635642195280152
1.0,0.6573176504975046,0.14329412624376137,0.6144823568096927
1.0,0.6646225534797452,0.11963420288433113,0.6646225534797452
1.0,0.6725817963719767,0.09959994002293604,0.7135090718254797
1.0,0.68101911086844,0.08292994374676499,0.76076433315133
1.0,0.6897733062682074,0.0693199188046224,0.8061083164176297
1.0,0.6987025691381162,0.058445528556613335,0.8493512845690581
1.0,0.7076863619032521,0.04998067618556945,0.8903823857137195
1.0,0.7166254612096742,0.04361093158265039,0.9291563653024185
1.0,0.725440710778168,0.03904248772358765,0.965680088847271
1.0,0.7340710018741865,0.03600738179392626,1.0
1.0,0.6939908195868794,1.0,0.04797143871473575
1.0,0.6839672557507194,0.9648852506389688,0.051901767252158226
1.0,0.6737502548825138,0.9275000566405587,0.05750073632726216
1.0,0.6634190835969553,0.8878063611989852,0.06505300999154284
1.0,0.6530754949787352,0.8458113311016601,0.0748679866099603
1.0,0.6428458944403547,0.8015810524668637,0.08727284134757318
1.0,0.632882342598398,0.7552548950655987,0.10260128190719542
1.0,0.6233617222131815,0.707059117276919,0.12117735183075684
1.0,0.6144823568096927,0.6573176504975046,0.14329412624376137
1.0,0.6064574774980365,0.6064574774980365,0.16918800805141054
1.0,0.5995052564590136,0.5550058405100151,0.1990105129180273
1.0,0.5938356858341283,0.5035769493528235,0.23280073990890893
1.0,0.5896353226712021,0.4528470968949362,0.27046279585991495
1.0,0.5870516790329887,0.40351909193653934,0.3117527983883146
1.0,0.5861795591154675,0.356279314179616,0.356279314179616
1.0,0.5870516790329889,0.3117527983883147,0.40351909193653945
1.0,0.5896353226712021,0.27046279585991484,0.4528470968949361
1.0,0.5938356858341283,0.23280073990890893,0.5035769493528235
1.0,0.5995052564590136,0.1990105129180273,0.5550058405100151
1.0,0.6064574774980365,0.16918800805141054,0.6064574774980365
1.0,0.6144823568096925,0.14329412624376126,0.6573176504975045
1.0,0.6233617222131815,0.12117735183075684,0.707059117276919
1.0,0.632882342598398,0.10260128190719542,0.7552548950655987
1.0,0.6428458944403547,0.08727284134757318,0.8015810524668637
1.0,0.6530754949787352,0.0748679866099603,0.8458113311016601
1.0,0.6634190835969553,0.06505300999154284,0.8878063611989852
1.0,0.6737502548825138,0.05750073632726216,0.9275000566405587
1.0,0.6839672557507194,0.051901767252158226,0.9648852506389688
1.0,0.6939908195868794,0.04797143871473575,1.0
1.0,0.652685644176406,1.0,0.06225123927629639
1.0,0.6412519983329124,0.9641251998332913,0.06725519566557214
1.0,0.6296296296296295,0.9259259259259259,0.07407407407407407
1.0,0.617919640049565,0.8853758920148695,0.08300713611895594
1.0,0.6062503845209211,0.8425001538083684,0.09437588439811861
1.0,0.5947795507634461,0.7973897753817231,0.10851501167958133
1.0,0.5836945528781867,0.750216731726912,0.12575856104419214
1.0,0.5732104002236801,0.7012472801565761,0.14642080044736017
1.0,0.5635642195280152,0.6508513756224121,0.17077201710322887
1.0,0.5550058405100151,0.5995052564590136,0.1990105129180273
1.0,0.5477843683538655,0.5477843683538655,0.23123342620157128
1.0,0.54213145350437,0.49634459885480686,0.26741032560699185
1.0,0.5382429034603898,0.4458914841524678,0.3073643551905848
1.0,0.5362611042398318,0.3971394355117813,0.3507655459357645
1.0,0.5362611042398318,0.3507655459357645,0.3971394355117813
1.0,0.5382429034603898,0.3073643551905848,0.4458914841524678
1.0,0.54213145350437,0.26741032560699185,0.49634459885480686
1.0,0.5477843683538655,0.23123342620157128,0.5477843683538655
1.0,0.5550058405100151,0.1990105129180273,0.5995052564590136
1.0,0.5635642195280152,0.17077201710322887,0.6508513756224121
1.0,0.5732104002236801,0.14642080044736017,0.7012472801565761
1.0,0.5836945528781867,0.12575856104419214,0.750216731726912
1.0,0.5947795507634461,0.10851501167958133,0.7973897753817231
1.0,0.6062503845209211,0.09437588439811861,0.8425001538083684
1.0,0.617919640049565,0.08300713611895594,0.8853758920148695
1.0,0.6296296296296295,0.07407407407407407,0.9259259259259259
1.0,0.6412519983329124,0.06725519566557214,0.9641251998332913
1.0,0.652685644176406,0.06225123927629639,1.0
1.0,0.6103600091633019,1.0,0.07903274893144108
1.0,0.5975310467044687,0.9634119133367699,0.08529783341924702
1.0,0.5845357339697261,0.9244610425399502,0.09353251047940236
1.0,0.5715008370776091,0.8831365919302571,0.10404720479863727
1.0,0.5585852053521796,0.8394855292189745,0.11717041070435918
1.0,0.545981411122852,0.7936279141467509,0.13323723941635413
1.0,0.5339150415322607,0.7457718408357785,0.15257280278592844
1.0,0.522640659736979,0.6962258743780776,0.17547023045478216
1.0,0.5124335721042701,0.645406234257651,0.2021640270797147
1.0,0.5035769493528235,0.5938356858341283,0.23280073990890893
1.0,0.49634459885480686,0.54213145350437,0.26741032560699185
1.0,0.49098070527897775,0.49098070527897775,0.30588277992587876
1.0,0.4876789238841154,0.44110428060085316,0.3479549940343287
1.0,0.48656396918972966,0.39321196358786237,0.39321196358786237
1.0,0.4876789238841154,0.3479549940343287,0.44110428060085316
1.0,0.49098070527897775,0.30588277992587876,0.49098070527897775
1.0,0.49634459885480686,0.26741032560699185,0.54213145350437
1.0,0.5035769493528235,0.23280073990890893,0.5938356858341283
1.0,0.5124335721042701,0.2021640270797147,0.645406234257651
1.0,0.5226406597369792,0.17547023045478227,0.6962258743780776
1.0,0.5339150415322607,0.15257280278592844,0.7457718408357785
1.0,0.5459814111228523,0.13323723941635424,0.793627914146751
1.0,0.5585852053521796,0.11717041070435918,0.8394855292189745
1.0,0.5715008370776091,0.10404720479863727,0.8831365919302571
1.0,0.5845357339697261,0.09353251047940236,0.9244610425399502
1.0,0.5975310467044687,0.08529783341924702,0.9634119133367699
1.0,0.6103600091633019,0.07903274893144108,1.0
1.0,0.5672689324152287,1.0,0.09847694253172634
1.0,0.5530966463656848,0.9627580538638071,0.10619329273136968
1.0,0.5388025347855472,0.9231337557975912,0.1160381916722989
1.0,0.5245426889498036,0.8811356722374509,0.12832826307463996
1.0,0.5105097901311975,0.8368365967103992,0.14339213272959572
1.0,0.4969338302196178,0.7903890959248407,0.16155638369936287
1.0,0.4840797035291827,0.7420398517645914,0.18312619725453938
1.0,0.47224060343974905,0.6921403520065202,0.20836090515962358
1.0,0.46172643518049206,0.6411509567869946,0.23744578317236376
1.0,0.4528470968949362,0.5896353226712021,0.27046279585991495
1.0,0.4458914841524678,0.5382429034603898,0.3073643551905848
1.0,0.44110428060085316,0.4876789238841154,0.3479549940343287
1.0,0.43866367633001446,0.43866367633001446,0.3918856493575156
1.0,0.43866367633001446,0.3918856493575156,0.43866367633001446
1.0,0.44110428060085316,0.3479549940343287,0.4876789238841154
1.0,0.4458914841524678,0.3073643551905848,0.5382429034603898
1.0,0.4528470968949361,0.27046279585991484,0.5896353226712021
1.0,0.46172643518049206,0.23744578317236376,0.6411509567869946
1.0,0.47224060343974905,0.20836090515962358,0.6921403520065202
1.0,0.4840797035291827,0.18312619725453938,0.7420398517645914
1.0,0.4969338302196178,0.16155638369936287,0.7903890959248407
1.0,0.5105097901311975,0.14339213272959572,0.8368365967103992
1.0,0.5245426889498036,0.12832826307463996,0.8811356722374509
1.0,0.5388025347855472,0.1160381916722989,0.9231337557975912
1.0,0.5530966463656848,0.10619329273136968,0.9627580538638071
1.0,0.5672689324152287,0.09847694253172634,1.0
1.0,0.5237168514592474,1.0,0.1207080334632259
1.0,0.5082948415930479,0.9621765262763883,0.13006010435693116
1.0,0.49282169548343413,0.9219725685359129,0.14169825389504243
1.0,0.47748588381220847,0.8794198193412789,0.1559387353889522
1.0,0.46251615011343006,0.8346203538810554,0.173101769405277
1.0,0.44818073202858844,0.7877618200109955,0.19349491604178315
1.0,0.4347826086956522,0.7391304347826086,0.21739130434782616
1.0,0.42264973081037416,0.6891190858209707,0.24500349413664313
1.0,0.4121196788600251,0.6382274946830924,0.27645498936618473
1.0,0.40351909193653934,0.5870516790329887,0.3117527983883146
1.0,0.3971394355117813,0.5362611042398318,0.3507655459357645
1.0,0.39321196358786237,0.48656396918972966,0.39321196358786237
1.0,0.3918856493575156,0.43866367633001446,0.43866367633001446
1.0,0.39321196358786237,0.39321196358786237,0.48656396918972966
1.0,0.3971394355117813,0.3507655459357645,0.5362611042398318
1.0,0.40351909193653934,0.3117527983883146,0.5870516790329887
1.0,0.4121196788600251,0.27645498936618473,0.6382274946830924
1.0,0.42264973081037427,0.24500349413664335,0.6891190858209708
1.0,0.4347826086956522,0.21739130434782616,0.7391304347826086
1.0,0.44818073202858844,0.19349491604178315,0.7877618200109955
1.0,0.46251615011343006,0.173101769405277,0.8346203538810554
1.0,0.47748588381220847,0.1559387353889522,0.8794198193412789
1.0,0.49282169548343424,0.14169825389504254,0.9219725685359129
1.0,0.5082948415930479,0.13006010435693116,0.9621765262763883
1.0,0.5237168514592474,0.1207080334632259,1.0
1.0,0.4800530531042547,1.0,0.14580144438556142
1.0,0.4635188343324569,0.9616799167380327,0.15695816823671793
1.0,0.44703324612664497,0.9210047494466636,0.1705498691899675
1.0,0.43081906027278083,0.8780326557727387,0.18688437181825823
1.0,0.41514160959790036,0.8328976027422572,0.20626361302572194
1.0,0.40030588837063286,0.7858235315609403,0.22896471361938509
1.0,0.3866488639263471,0.737135227397006,0.2552164776248501
1.0,0.37452612774772165,0.6872630638738608,0.2851727174259676
1.0,0.36429274713890036,0.6367387126508002,0.31888508622025036
1.0,0.356279314179616,0.5861795591154675,0.356279314179616
1.0,0.3507655459357645,0.5362611042398318,0.3971394355117813
1.0,0.3479549940343287,0.4876789238841154,0.44110428060085316
1.0,0.3479549940343287,0.44110428060085316,0.4876789238841154
1.0,0.3507655459357645,0.3971394355117813,0.5362611042398318
1.0,0.356279314179616,0.356279314179616,0.5861795591154675
1.0,0.36429274713890036,0.31888508622025036,0.6367387126508002
1.0,0.37452612774772165,0.2851727174259676,0.6872630638738608
1.0,0.3866488639263471,0.2552164776248501,0.737135227397006
1.0,0.40030588837063286,0.22896471361938509,0.7858235315609403
1.0,0.41514160959790036,0.20626361302572194,0.8328976027422572
1.0,0.43081906027278083,0.18688437181825823,0.8780326557727387
1.0,0.44703324612664497,0.1705498691899675,0.9210047494466636
1.0,0.4635188343324569,0.15695816823671793,0.9616799167380327
1.0,0.4800530531042547,0.14580144438556142,1.0
1.0,0.4366631753584902,1.0,0.17377265719245227
1.0,0.41919768050322526,0.9612798453668817,0.18687675270451543
1.0,0.4019108328783251,0.92025477771711,0.20254777717110006
1.0,0.38505995373190915,0.8770119907463818,0.22107594139375164
1.0,0.36894525713249315,0.8317187352353315,0.2427343085589918
1.0,0.35390426161907795,0.784634753873026,0.26775816316828827
1.0,0.3403007542996863,0.7361203017198745,0.29632080458633203
1.0,0.32850777844623213,0.6866369632749083,0.32850777844623213
1.0,0.31888508622025036,0.6367387126508002,0.36429274713890036
1.0,0.3117527983883147,0.5870516790329889,0.40351909193653945
1.0,0.3073643551905848,0.5382429034603898,0.4458914841524678
1.0,0.30588277992587876,0.49098070527897775,0.49098070527897775
1.0,0.3073643551905848,0.4458914841524678,0.5382429034603898
1.0,0.3117527983883146,0.40351909193653934,0.5870516790329887
1.0,0.31888508622025036,0.36429274713890036,0.6367387126508002
1.0,0.32850777844623213,0.32850777844623213,0.6866369632749083
1.0,0.3403007542996864,0.29632080458633214,0.7361203017198745
1.0,0.35390426161907795,0.26775816316828827,0.784634753873026
1.0,0.36894525713249304,0.2427343085589917,0.8317187352353315
1.0,0.38505995373190915,0.22107594139375164,0.8770119907463818
1.0,0.4019108328783251,0.20254777717110006,0.92025477771711
1.0,0.41919768050322526,0.18687675270451543,0.9612798453668817
1.0,0.4366631753584902,0.17377265719245227,1.0
1.0,0.3939567847371438,1.0,0.20456827996750138
1.0,0.37578054828730356,0.9609862842679565,0.2197256853591295
1.0,0.3579421168758976,0.9197427646094872,0.2375562637901285
1.0,0.3407314852557367,0.8763871534854506,0.2583229209127037
1.0,0.3244794705268015,0.8311198676317004,0.2822594374347266
1.0,0.30954903679663515,0.7842340739989485,0.30954903679663515
1.0,0.29632080458633203,0.7361203017198745,0.3403007542996863
1.0,0.2851727174259676,0.6872630638738608,0.37452612774772165
1.0,0.27645498936618473,0.6382274946830924,0.4121196788600251
1.0,0.27046279585991484,0.5896353226712021,0.4528470968949361
1.0,0.26741032560699185,0.54213145350437,0.49634459885480686
1.0,0.26741032560699185,0.49634459885480686,0.54213145350437
1.0,0.27046279585991484,0.4528470968949361,0.5896353226712021
1.0,0.27645498936618473,0.4121196788600251,0.6382274946830924
1.0,0.2851727174259676,0.37452612774772165,0.6872630638738608
1.0,0.29632080458633214,0.3403007542996864,0.7361203017198745
1.0,0.30954903679663515,0.30954903679663515,0.7842340739989485
1.0,0.3244794705268015,0.2822594374347266,0.8311198676317004
1.0,0.3407314852557367,0.2583229209127037,0.8763871534854506
1.0,0.3579421168758976,0.2375562637901285,0.9197427646094872
1.0,0.37578054828730356,0.2197256853591295,0.9609862842679565
1.0,0.3939567847371438,0.20456827996750138,1.0
1.0,0.35235157990445953,1.0,0.23806068224054056
1.0,0.3337174685808225,0.960806909916519,0.25533128841386055
1.0,0.3156057701057966,0.9194830317771525,0.27534728599437286
1.0,0.29833490809895336,0.8761767484880506,0.29833490809895336
1.0,0.2822594374347266,0.8311198676317004,0.3244794705268015
1.0,0.26775816316828827,0.784634753873026,0.35390426161907795
1.0,0.2552164776248501,0.737135227397006,0.3866488639263471
1.0,0.24500349413664313,0.6891190858209707,0.42264973081037416
1.0,0.23744578317236376,0.6411509567869946,0.46172643518049206
1.0,0.23280073990890893,0.5938356858341283,0.5035769493528235
1.0,0.23123342620157128,0.5477843683538655,0.5477843683538655
1.0,0.23280073990890893,0.5035769493528235,0.5938356858341283
1.0,0.23744578317236376,0.46172643518049206,0.6411509567869946
1.0,0.24500349413664335,0.42264973081037427,0.6891190858209708
1.0,0.2552164776248501,0.3866488639263471,0.737135227397006
1.0,0.26775816316828827,0.35390426161907795,0.784634753873026
1.0,0.2822594374347266,0.3244794705268015,0.8311198676317004
1.0,0.29833490809895336,0.29833490809895336,0.8761767484880506
1.0,0.3156057701057966,0.27534728599437286,0.9194830317771525
1.0,0.3337174685808225,0.25533128841386055,0.960806909916519
1.0,0.35235157990445953,0.23806068224054056,1.0
1.0,0.31225535208921684,1.0,0.27404731609417343
1.0,0.29343819521902637,0.960746566401057,0.29343819521902637
1.0,0.27534728599437286,0.9194830317771525,0.3156057701057966
1.0,0.2583229209127037,0.8763871534854506,0.3407314852557367
1.0,0.2427343085589918,0.8317187352353315,0.36894525713249315
1.0,0.22896471361938509,0.7858235315609403,0.40030588837063286
1.0,0.21739130434782616,0.7391304347826086,0.4347826086956522
1.0,0.20836090515962358,0.6921403520065202,0.47224060343974905
1.0,0.2021640270797147,0.645406234257651,0.5124335721042701
1.0,0.1990105129180273,0.5995052564590136,0.5550058405100151
1.0,0.1990105129180273,0.5550058405100151,0.5995052564590136
1.0,0.2021640270797147,0.5124335721042701,0.645406234257651
1.0,0.20836090515962358,0.47224060343974905,0.6921403520065202
1.0,0.21739130434782616,0.4347826086956522,0.7391304347826086
1.0,0.22896471361938509,0.40030588837063286,0.7858235315609403
1.0,0.2427343085589917,0.36894525713249304,0.8317187352353315
1.0,0.2583229209127037,0.3407314852557367,0.8763871534854506
1.0,0.27534728599437286,0.3156057701057966,0.9194830317771525
1.0,0.29343819521902637,0.29343819521902637,0.960746566401057
1.0,0.31225535208921684,0.27404731609417343,1.0
1.0,0.27404731609417343,1.0,0.31225535208921684
1.0,0.25533128841386055,0.960806909916519,0.3337174685808225
1.0,0.2375562637901285,0.9197427646094872,0.3579421168758976
1.0,0.22107594139375164,0.8770119907463818,0.38505995373190915
1.0,0.20626361302572194,0.8328976027422572,0.41514160959790036
1.0,0.19349491604178315,0.7877618200109955,0.44818073202858844
1.0,0.18312619725453938,0.7420398517645914,0.4840797035291827
1.0,0.17547023045478227,0.6962258743780776,0.5226406597369792
1.0,0.17077201710322887,0.6508513756224121,0.5635642195280152
1.0,0.16918800805141054,0.6064574774980365,0.6064574774980365
1.0,0.17077201710322887,0.5635642195280152,0.6508513756224121
1.0,0.17547023045478227,0.5226406597369792,0.6962258743780776
1.0,0.18312619725453938,0.4840797035291827,0.7420398517645914
1.0,0.19349491604178315,0.44818073202858844,0.7877618200109955
1.0,0.20626361302572194,0.41514160959790036,0.8328976027422572
1.0,0.22107594139375164,0.38505995373190915,0.8770119907463818
1.0,0.2375562637901285,0.3579421168758976,0.9197427646094872
1.0,0.25533128841386055,0.3337174685808225,0.960806909916519
1.0,0.27404731609417343,0.31225535208921684,1.0
1.0,0.23806068224054056,1.0,0.35235157990445953
1.0,0.2197256853591295,0.9609862842679565,0.37578054828730356
1.0,0.20254777717110006,0.92025477771711,0.4019108328783251
1.0,0.18688437181825823,0.8780326557727387,0.43081906027278083
1.0,0.173101769405277,0.8346203538810554,0.46251615011343006
1.0,0.16155638369936287,0.7903890959248407,0.4969338302196178
1.0,0.15257280278592844,0.7457718408357785,0.5339150415322607
1.0,0.14642080044736017,0.7012472801565761,0.5732104002236801
1.0,0.14329412624376137,0.6573176504975046,0.6144823568096927
1.0,0.14329412624376126,0.6144823568096925,0.6573176504975045
1.0,0.14642080044736017,0.5732104002236801,0.7012472801565761
1.0,0.15257280278592844,0.5339150415322607,0.7457718408357785
1.0,0.16155638369936287,0.4969338302196178,0.7903890959248407
1.0,0.173101769405277,0.46251615011343006,0.8346203538810554
1.0,0.18688437181825823,0.43081906027278083,0.8780326557727387
1.0,0.20254777717110006,0.4019108328783251,0.92025477771711
1.0,0.2197256853591295,0.37578054828730356,0.9609862842679565
1.0,0.23806068224054056,0.35235157990445953,1.0
1.0,0.20456827996750138,1.0,0.3939567847371438
1.0,0.18687675270451543,0.9612798453668817,0.41919768050322526
1.0,0.1705498691899675,0.9210047494466636,0.44703324612664497
1.0,0.1559387353889522,0.8794198193412789,0.47748588381220847
1.0,0.14339213272959572,0.8368365967103992,0.5105097901311975
1.0,0.13323723941635424,0.793627914146751,0.5459814111228523
1.0,0.12575856104419214,0.750216731726912,0.5836945528781867
1.0,0.12117735183075673,0.707059117276919,0.6233617222131814
1.0,0.11963420288433113,0.6646225534797452,0.6646225534797452
1.0,0.12117735183075684,0.6233617222131815,0.707059117276919
1.0,0.12575856104419214,0.5836945528781867,0.750216731726912
1.0,0.13323723941635424,0.5459814111228523,0.793627914146751
1.0,0.14339213272959572,0.5105097901311975,0.8368365967103992
1.0,0.1559387353889522,0.47748588381220847,0.8794198193412789
1.0,0.1705498691899675,0.44703324612664497,0.9210047494466636
1.0,0.18687675270451543,0.41919768050322526,0.9612798453668817
1.0,0.20456827996750138,0.3939567847371438,1.0
1.0,0.17377265719245227,1.0,0.4366631753584902
1.0,0.15695816823671793,0.9616799167380327,0.4635188343324569
1.0,0.14169825389504254,0.9219725685359129,0.49282169548343424
1.0,0.12832826307463996,0.8811356722374509,0.5245426889498036
1.0,0.11717041070435918,0.8394855292189745,0.5585852053521796
1.0,0.10851501167958133,0.7973897753817231,0.5947795507634461
1.0,0.10260128190719542,0.7552548950655987,0.632882342598398
1.0,0.09959994002293615,0.7135090718254797,0.6725817963719768
1.0,0.09959994002293604,0.6725817963719767,0.7135090718254797
1.0,0.10260128190719542,0.632882342598398,0.7552548950655987
1.0,0.10851501167958133,0.5947795507634461,0.7973897753817231
1.0,0.11717041070435918,0.5585852053521796,0.8394855292189745
1.0,0.12832826307463996,0.5245426889498036,0.8811356722374509
1.0,0.14169825389504254,0.49282169548343424,0.9219725685359129
1.0,0.15695816823671793,0.4635188343324569,0.9616799167380327
1.0,0.17377265719245227,0.4366631753584902,1.0
1.0,0.14580144438556142,1.0,0.4800530531042547
1.0,0.13006010435693116,0.9621765262763883,0.5082948415930479
1.0,0.1160381916722989,0.9231337557975912,0.5388025347855472
1.0,0.10404720479863727,0.8831365919302571,0.5715008370776091
1.0,0.09437588439811861,0.8425001538083684,0.6062503845209211
1.0,0.08727284134757318,0.8015810524668637,0.6428458944403547
1.0,0.08292994374676499,0.76076433315133,0.68101911086844
1.0,0.08146847659449741,0.7204469276591948,0.7204469276591948
1.0,0.08292994374676499,0.68101911086844,0.76076433315133
1.0,0.08727284134757318,0.6428458944403547,0.8015810524668637
1.0,0.09437588439811861,0.6062503845209211,0.8425001538083684
1.0,0.10404720479863727,0.5715008370776091,0.8831365919302571
1.0,0.1160381916722989,0.5388025347855472,0.9231337557975912
1.0,0.13006010435693116,0.5082948415930479,0.9621765262763883
1.0,0.14580144438556142,0.4800530531042547,1.0
1.0,0.1207080334632259,1.0,0.5237168514592474
1.0,0.10619329273136968,0.9627580538638071,0.5530966463656848
1.0,0.09353251047940236,0.9244610425399502,0.5845357339697261
1.0,0.08300713611895594,0.8853758920148695,0.617919640049565
1.0,0.0748679866099603,0.8458113311016601,0.6530754949787352
1.0,0.0693199188046224,0.8061083164176297,0.6897733062682074
1.0,0.06650819009870312,0.7666270475246758,0.7277315554454551
1.0,0.06650819009870335,0.7277315554454551,0.7666270475246758
1.0,0.0693199188046224,0.6897733062682074,0.8061083164176297
1.0,0.0748679866099603,0.6530754949787352,0.8458113311016601
1.0,0.08300713611895594,0.617919640049565,0.8853758920148695
1.0,0.09353251047940236,0.5845357339697261,0.9244610425399502
1.0,0.10619329273136968,0.5530966463656848,0.9627580538638071
1.0,0.1207080334632259,0.5237168514592474,1.0
1.0,0.09847694253172634,1.0,0.5672689324152287
1.0,0.08529783341924702,0.9634119133367699,0.5975310467044687
1.0,0.07407407407407407,0.9259259259259259,0.6296296296296295
1.0,0.06505300999154284,0.8878063611989852,0.6634190835969553
1.0,0.058445528556613224,0.8493512845690581,0.6987025691381161
1.0,0.054413156909707716,0.8108826313819415,0.7352356839347182
1.0,0.05305747615178724,0.772733794276429,0.772733794276429
1.0,0.054413156909707716,0.7352356839347182,0.8108826313819415
1.0,0.058445528556613335,0.6987025691381162,0.8493512845690581
1.0,0.06505300999154284,0.6634190835969553,0.8878063611989852
1.0,0.07407407407407407,0.6296296296296295,0.9259259259259259
1.0,0.08529783341924702,0.5975310467044687,0.9634119133367699
1.0,0.09847694253172634,0.5672689324152287,1.0
1.0,0.07903274893144108,1.0,0.6103600091633019
1.0,0.06725519566557214,0.9641251998332913,0.6412519983329124
1.0,0.05750073632726216,0.9275000566405587,0.6737502548825138
1.0,0.04998067618556956,0.8903823857137195,0.7076863619032522
1.0,0.04486613411816143,0.853056328325871,0.7428485745702742
1.0,0.04227769071111542,0.8158226328290606,0.7789871593948727
1.0,0.042277690711115534,0.7789871593948728,0.8158226328290606
1.0,0.04486613411816154,0.7428485745702742,0.853056328325871
1.0,0.04998067618556945,0.7076863619032521,0.8903823857137195
1.0,0.05750073632726216,0.6737502548825138,0.9275000566405587
1.0,0.06725519566557214,0.6412519983329124,0.9641251998332913
1.0,0.07903274893144108,0.6103600091633019,1.0
1.0,0.06225123927629639,1.0,0.652685644176406
1.0,0.051901767252158226,0.9648852506389688,0.6839672557507194
1.0,0.04361093158265039,0.9291563653024185,0.7166254612096742
1.0,0.037553942170649224,0.8930615491300722,0.7504769479701683
1.0,0.03386403959790729,0.8568687466070973,0.785303119910646
1.0,0.03262460873497486,0.8208564090249953,0.8208564090249953
1.0,0.03386403959790729,0.785303119910646,0.8568687466070973
1.0,0.037553942170649224,0.7504769479701683,0.8930615491300722
1.0,0.04361093158265039,0.7166254612096742,0.9291563653024185
1.0,0.051901767252158226,0.6839672557507194,0.9648852506389688
1.0,0.06225123927629639,0.652685644176406,1.0
1.0,0.04797143871473575,1.0,0.6939908195868794
1.0,0.03904248772358765,0.965680088847271,0.725440710778168
1.0,0.03217841825160306,0.9308698870179717,0.7580446045629008
1.0,0.027519803693936917,0.8958056932529218,0.7916113865058436
1.0,0.02516512664809223,0.8607378752354418,0.8259223440443022
1.0,0.02516512664809223,0.8259223440443022,0.8607378752354418
1.0,0.027519803693936917,0.7916113865058436,0.8958056932529218
1.0,0.03217841825160306,0.7580446045629008,0.9308698870179717
1.0,0.03904248772358765,0.725440710778168,0.965680088847271
1.0,0.04797143871473575,0.6939908195868794,1.0
1.0,0.03600738179392626,1.0,0.7340710018741865
1.0,0.028463445249428343,0.9664987394913596,0.7654911764395171
1.0,0.02296517523264674,0.9326182879470791,0.7978548638412373
1.0,0.01962106451492074,0.898581489432578,0.8309691490542966
1.0,0.01849870703750167,0.8646205113155174,0.8646205113155174
1.0,0.01962106451492074,0.8309691490542966,0.898581489432578
1.0,0.02296517523264674,0.7978548638412373,0.9326182879470791
1.0,0.028463445249428343,0.7654911764395171,0.9664987394913596
1.0,0.03600738179392626,0.7340710018741865,1.0
1.0,0.026158790258206777,1.0,0.7727703843935816
1.0,0.01994271942279824,0.96733142398076,0.8039885438845596
1.0,0.01573192761281994,0.9343821285075213,0.8359553212688033
1.0,0.013606076167856251,0.9013606076167856,0.8684808101557142
1.0,0.013606076167856251,0.8684808101557142,0.9013606076167856
1.0,0.01573192761281994,0.8359553212688033,0.9343821285075213
1.0,0.01994271942279824,0.8039885438845596,0.96733142398076
1.0,0.026158790258206777,0.7727703843935816,1.0
1.0,0.01822014940971861,1.0,0.8099780934341391
1.0,0.013259128177192991,0.9681696492960384,0.8408482464801924
1.0,0.010246171938143589,0.9361449143185899,0.8722898286371799
1.0,0.009235703244080629,0.904119584184911,0.904119584184911
1.0,0.010246171938143589,0.8722898286371799,0.9361449143185899
1.0,0.013259128177192991,0.8408482464801924,0.9681696492960384
1.0,0.01822014940971861,0.8099780934341391,1.0
1.0,0.01198796624889853,1.0,0.8456231197263904
1.0,0.008198836202010229,0.9690062136313128,0.8760248545252513
1.0,0.006287849528740952,0.9378929905955463,0.9068394858933194
1.0,0.006287849528740952,0.9068394858933194,0.9378929905955463
1.0,0.008198836202010229,0.8760248545252513,0.9690062136313128
1.0,0.01198796624889853,0.8456231197263904,1.0
1.0,0.007266217966291788,1.0,0.8796686324807627
1.0,0.004559987278843214,0.9698351511296619,0.9095054533889857
1.0,0.003652980245372195,0.9396153321360832,0.9396153321360832
1.0,0.004559987278843214,0.9095054533889857,0.9698351511296619
1.0,0.007266217966291788,0.8796686324807627,1.0
1.0,0.003870149974618986,1.0,0.9121061897036429
1.0,0.002155639497626427,0.9706516364558125,0.9413032729116251
1.0,0.002155639497626427,0.9413032729116251,0.9706516364558125
1.0,0.003870149974618986,0.9121061897036429,1.0
1.0,0.0016286655760233693,1.0,0.942950209461487
1.0,8.153283051429705E-4,0.9714518665230041,0.9714518665230041
1.0,0.0016286655760233693,0.942950209461487,1.0
1.0,3.8557934728167265E-4,1.0,0.9722329327596467
1.0,3.8557934728167265E-4,0.9722329327596467,1.0
1.0,0.0,1.0,1.0
0.9722329327596467,1.0,1.0,3.8557934728167265E-4
0.9714518665230041,1.0,0.9714518665230041,8.153283051429705E-4
0.9706516364558125,1.0,0.9413032729116251,0.002155639497626427
0.9698351511296619,1.0,0.9095054533889857,0.004559987278843214
0.9690062136313128,1.0,0.8760248545252513,0.008198836202010229
0.9681696492960384,1.0,0.8408482464801924,0.013259128177192991
0.96733142398076,1.0,0.8039885438845596,0.01994271942279835
0.9664987394913596,1.0,0.7654911764395171,0.028463445249428343
0.965680088847271,1.0,0.725440710778168,0.03904248772358765
0.9648852506389688,1.0,0.6839672557507194,0.051901767252158226
0.9641251998332913,1.0,0.6412519983329124,0.06725519566557214
0.9634119133367699,1.0,0.5975310467044687,0.08529783341924702
0.9627580538638071,1.0,0.5530966463656848,0.10619329273136968
0.9621765262763883,1.0,0.5082948415930479,0.13006010435693116
0.9616799167380327,1.0,0.4635188343324569,0.15695816823671793
0.9612798453668817,1.0,0.41919768050322526,0.18687675270451543
0.9609862842679565,1.0,0.37578054828730356,0.2197256853591295
0.960806909916519,1.0,0.3337174685808225,0.25533128841386055
0.960746566401057,1.0,0.29343819521902637,0.29343819521902637
0.960806909916519,1.0,0.25533128841386055,0.3337174685808225
0.9609862842679565,1.0,0.2197256853591295,0.37578054828730356
0.9612798453668817,1.0,0.18687675270451543,0.41919768050322526
0.9616799167380327,1.0,0.15695816823671793,0.4635188343324569
0.9621765262763883,1.0,0.13006010435693116,0.5082948415930479
0.9627580538638071,1.0,0.10619329273136968,0.5530966463656848
0.9634119133367699,1.0,0.08529783341924702,0.5975310467044687
0.9641251998332913,1.0,0.06725519566557214,0.6412519983329124
0.9648852506389688,1.0,0.051901767252158226,0.6839672557507194
0.965680088847271,1.0,0.03904248772358765,0.725440710778168
0.9664987394913596,1.0,0.028463445249428343,0.7654911764395171
0.96733142398076,1.0,0.01994271942279824,0.8039885438845596
0.9681696492960384,1.0,0.013259128177192991,0.8408482464801924
0.9690062136313128,1.0,0.008198836202010229,0.8760248545252513
0.9698351511296619,1.0,0.004559987278843214,0.9095054533889857
0.9706516364558125,1.0,0.002155639497626427,0.9413032729116251
0.9714518665230041,1.0,8.153283051429705E-4,0.9714518665230041
0.9722329327596467,1.0,3.8557934728167265E-4,1.0
0.9714518665230041,0.9714518665230041,1.0,8.153283051429705E-4
0.9706263252276977,0.9706263252276977,0.9706263252276977,0.0012950577417206732
0.969780105739225,0.969780105739225,0.93956021147845,0.002743489394425924
0.9689165063919896,0.9689165063919896,0.9067495191759687,0.005328204543665338
0.9680398613949703,0.9680398613949703,0.8721594455798813,0.009235703244080629
0.9671556907278569,0.9671556907278569,0.8357784536392845,0.014670721835706724
0.9662708371322558,0.9662708371322558,0.7976250227935345,0.021854276835417075
0.9653935729897009,0.9653935729897009,0.7577550109279061,0.031020043711624146
0.9645336548934046,0.9645336548934046,0.7162692391472365,0.04240868212192339
0.9637022995679686,0.9637022995679686,0.6733206961117175,0.05625978876718407
0.9629120529223858,0.9629120529223858,0.629120529223858,0.07280132305964482
0.9621765262763883,0.9621765262763883,0.5839417890402714,0.09223663063331955
0.9615099820540249,0.9615099820540249,0.5381197846482993,0.11472958724257387
0.9609267667417718,0.9609267667417718,0.4920479676430337,0.14038886831898012
0.9604406113935382,0.9604406113935382,0.44616855950953516,0.1692528392643028
0.9600638468084564,0.9600638468084564,0.4009577021268462,0.20127693616912823
0.9598066064470929,0.9598066064470929,0.35690570315348724,0.23632552249476624
0.9596761080727244,0.9596761080727244,0.31449383723631497,0.2741699453090394
0.9596761080727244,0.9596761080727244,0.2741699453090394,0.31449383723631497
0.9598066064470929,0.9598066064470929,0.23632552249476624,0.35690570315348724
0.9600638468084564,0.9600638468084564,0.20127693616912823,0.4009577021268462
0.9604406113935382,0.9604406113935382,0.1692528392643028,0.44616855950953516
0.9609267667417718,0.9609267667417718,0.14038886831898012,0.4920479676430337
0.9615099820540249,0.9615099820540249,0.11472958724257387,0.5381197846482993
0.9621765262763883,0.9621765262763883,0.09223663063331955,0.5839417890402714
0.9629120529223858,0.9629120529223858,0.07280132305964482,0.629120529223858
0.9637022995679686,0.9637022995679686,0.05625978876718407,0.6733206961117175
0.9645336548934046,0.9645336548934046,0.04240868212192339,0.7162692391472365
0.9653935729897009,0.9653935729897009,0.031020043711624146,0.7577550109279061
0.9662708371322557,0.9662708371322557,0.021854276835416964,0.7976250227935345
0.9671556907278569,0.9671556907278569,0.014670721835706724,0.8357784536392845
0.9680398613949703,0.9680398613949703,0.009235703244080629,0.8721594455798813
0.9689165063919896,0.9689165063919896,0.005328204543665227,0.9067495191759686
0.969780105739225,0.969780105739225,0.002743489394425924,0.93956021147845
0.9706263252276977,0.9706263252276977,0.0012950577417206732,0.9706263252276977
0.9714518665230041,0.9714518665230041,8.153283051429705E-4,1.0
0.9706516364558125,0.9413032729116251,1.0,0.002155639497626427
0.969780105739225,0.93956021147845,0.969780105739225,0.002743489394425924
0.9688864304356473,0.9377728608712945,0.9377728608712945,0.0043657739407119145
0.9679743692389826,0.9359487384779651,0.9039231077169477,0.00720544640845977
0.9670488796840532,0.9340977593681064,0.8681955187362127,0.011466390521594927
0.9661162926214152,0.9322325852428303,0.8305814631070757,0.017372486021039135
0.9651844688088604,0.9303689376177209,0.7911068128531626,0.025165126648092007
0.9642629155054069,0.9285258310108137,0.7498404085378478,0.03509871864598468
0.9633628347276344,0.9267256694552688,0.7069026778210753,0.04743370291849469
0.9624970699691325,0.9249941399382651,0.6624736297221928,0.06242674922831348
0.9616799167380327,0.9233598334760653,0.6167991673803264,0.08031800171278325
0.9609267667417718,0.9218535334835436,0.57019443415949,0.10131563506075192
0.9602535683241418,0.9205071366482835,0.5230428198897015,0.1255785031311193
0.9596761080727244,0.9193522161454488,0.4757894049454173,0.1531982695272126
0.9592091491775998,0.9184182983551996,0.4289280884863971,0.1841829835519958
0.9588654965105137,0.9177309930210273,0.3829824476577046,0.2184444336997593
0.9586550884702638,0.9173101769405277,0.3384814155242216,0.25579159246474925
0.9585842316718709,0.9171684633437418,0.2959319384218051,0.2959319384218051
0.9586550884702638,0.9173101769405277,0.25579159246474925,0.3384814155242216
0.9588654965105137,0.9177309930210273,0.2184444336997593,0.3829824476577046
0.9592091491775998,0.9184182983551996,0.1841829835519958,0.4289280884863971
0.9596761080727244,0.9193522161454488,0.1531982695272126,0.4757894049454173
0.9602535683241418,0.9205071366482835,0.1255785031311193,0.5230428198897015
0.9609267667417718,0.9218535334835436,0.10131563506075192,0.57019443415949
0.9616799167380327,0.9233598334760653,0.08031800171278325,0.6167991673803264
0.9624970699691325,0.9249941399382651,0.06242674922831348,0.6624736297221928
0.9633628347276344,0.9267256694552688,0.04743370291849469,0.7069026778210753
0.9642629155054069,0.9285258310108137,0.03509871864598468,0.7498404085378478
0.9651844688088604,0.9303689376177209,0.025165126648092007,0.7911068128531626
0.9661162926214152,0.9322325852428303,0.017372486021039135,0.8305814631070757
0.9670488796840532,0.9340977593681064,0.011466390521594927,0.8681955187362127
0.9679743692389826,0.9359487384779651,0.00720544640845977,0.9039231077169477
0.9688864304356473,0.9377728608712945,0.0043657739407119145,0.9377728608712945
0.969780105739225,0.93956021147845,0.002743489394425924,0.969780105739225
0.9706516364558125,0.9413032729116251,0.002155639497626427,1.0
0.9698351511296619,0.9095054533889857,1.0,0.004559987278843214
0.9689165063919896,0.9067495191759687,0.9689165063919896,0.005328204543665338
0.9679743692389826,0.9039231077169477,0.9359487384779651,0.00720544640845977
0.9670130437622979,0.9010391312868937,0.9010391312868937,0.010391312868936797
0.9660382194594338,0.8981146583783013,0.8641528778377351,0.015108364323579648
0.9650571721092693,0.8951715163278082,0.8252858605463469,0.02160081905954292
0.964078939594645,0.892236818783935,0.7844736375678701,0.03013136905541558
0.9631144443218341,0.8893433329655024,0.7418011102528389,0.04097555236768724
0.9621765262763883,0.8865295788291649,0.6974122102111064,0.054413156909707716
0.9612798453668817,0.883839536100645,0.6515186083019351,0.07071628880516034
0.9604406113935382,0.8813218341806146,0.6044061139353821,0.09013406205137908
0.9596761080727244,0.8790283242181732,0.5564371887999685,0.11287437759993701
0.9590039969154606,0.8770119907463818,0.5080479629855272,0.13908393522467288
0.9584414182538309,0.8753242547614926,0.45973843729980113,0.16882836507661725
0.9580039474434192,0.8740118423302576,0.41205526420786875,0.20207500142496482
0.9577045065562186,0.8731135196686559,0.3655675983432797,0.2386811180119356
0.9575523640021991,0.8726570920065974,0.3208378240351859,0.278390188037385
0.9575523640021991,0.8726570920065974,0.278390188037385,0.3208378240351859
0.9577045065562186,0.8731135196686559,0.2386811180119356,0.3655675983432797
0.9580039474434192,0.8740118423302576,0.20207500142496482,0.41205526420786875
0.9584414182538309,0.8753242547614926,0.16882836507661736,0.45973843729980124
0.9590039969154606,0.8770119907463818,0.13908393522467288,0.5080479629855272
0.9596761080727244,0.8790283242181732,0.11287437759993701,0.5564371887999685
0.9604406113935382,0.8813218341806146,0.0901340620513792,0.6044061139353822
0.9612798453668817,0.883839536100645,0.07071628880516034,0.6515186083019351
0.9621765262763883,0.8865295788291649,0.054413156909707716,0.6974122102111064
0.9631144443218341,0.8893433329655024,0.04097555236768724,0.7418011102528389
0.964078939594645,0.892236818783935,0.03013136905541547,0.78447363756787
0.9650571721092693,0.8951715163278082,0.02160081905954292,0.8252858605463469
0.9660382194594338,0.8981146583783013,0.015108364323579648,0.8641528778377351
0.9670130437622979,0.9010391312868937,0.010391312868936797,0.9010391312868937
0.9679743692389826,0.9039231077169477,0.00720544640845977,0.9359487384779651
0.9689165063919896,0.9067495191759686,0.005328204543665227,0.9689165063919896
0.9698351511296619,0.9095054533889857,0.004559987278843214,1.0
0.9690062136313128,0.8760248545252513,1.0,0.008198836202010229
0.9680398613949703,0.8721594455798813,0.9680398613949703,0.009235703244080629
0.9670488796840532,0.8681955187362127,0.9340977593681064,0.011466390521594927
0.9660382194594338,0.8641528778377351,0.8981146583783013,0.015108364323579648
0.9650144285729341,0.860057714291736,0.860057714291736,0.020404000042152592
0.963985879696719,0.855943518786876,0.819929398483595,0.02761875181141349
0.962962962962963,0.8518518518518519,0.7777777777777778,0.03703703703703709
0.9619582071545734,0.8478328286182932,0.7337074500820133,0.04895517886433309
0.9609862842679565,0.8439451370718258,0.6878902741436518,0.06367082243095545
0.9600638468084564,0.8402553872338256,0.6405746212761076,0.08146847659449752
0.9592091491775998,0.8368365967103992,0.5920914917759978,0.10260128190719542
0.9584414182538309,0.8337656730153234,0.5428556007921395,0.12726978333044814
0.9577799669079251,0.8311198676317004,0.49335960289510106,0.1555993381585018
0.9572430875190987,0.8289723500763948,0.44416013774828333,0.18761866286287576
0.9568468147997897,0.8273872591991588,0.3958554071970557,0.22324266639621437
0.9566036963397254,0.8264147853589014,0.3490554450958807,0.26226283777533144
0.9565217391304348,0.8260869565217391,0.30434782608695654,0.30434782608695654
0.9566036963397254,0.8264147853589014,0.26226283777533144,0.3490554450958807
0.9568468147997897,0.8273872591991588,0.22324266639621437,0.3958554071970557
0.9572430875190987,0.8289723500763948,0.18761866286287576,0.44416013774828333
0.9577799669079251,0.8311198676317004,0.1555993381585018,0.49335960289510106
0.9584414182538309,0.8337656730153234,0.12726978333044814,0.5428556007921395
0.9592091491775998,0.8368365967103992,0.10260128190719542,0.5920914917759978
0.9600638468084564,0.8402553872338256,0.08146847659449752,0.6405746212761076
0.9609862842679565,0.8439451370718258,0.06367082243095545,0.6878902741436518
0.9619582071545734,0.8478328286182932,0.04895517886433309,0.7337074500820133
0.9629629629629629,0.8518518518518519,0.03703703703703698,0.7777777777777778
0.963985879696719,0.855943518786876,0.02761875181141349,0.819929398483595
0.9650144285729341,0.860057714291736,0.020404000042152592,0.860057714291736
0.9660382194594338,0.8641528778377351,0.015108364323579648,0.8981146583783013
0.9670488796840532,0.8681955187362127,0.011466390521594927,0.9340977593681064
0.9680398613949703,0.8721594455798813,0.009235703244080629,0.9680398613949703
0.9690062136313128,0.8760248545252513,0.008198836202010229,1.0
0.9681696492960384,0.8408482464801924,1.0,0.013259128177192991
0.9671556907278569,0.8357784536392845,0.9671556907278569,0.014670721835706724
0.9661162926214152,0.8305814631070757,0.9322325852428303,0.017372486021039135
0.9650571721092693,0.8252858605463469,0.8951715163278082,0.02160081905954292
0.963985879696719,0.819929398483595,0.855943518786876,0.02761875181141349
0.9629120529223858,0.814560264611929,0.814560264611929,0.035713375982030726
0.9618476203141743,0.8092381015708711,0.7710857218850453,0.04619050785435541
0.960806909916519,0.8040345495825949,0.7256483694156328,0.05936583799645534
0.9598066064470929,0.7990330322354648,0.6784528515767436,0.07555194828313805
0.9588654965105137,0.7943274825525682,0.6297894685946228,0.09504092323130009
0.9580039474434192,0.790019737217096,0.5800394744341919,0.11808289631180324
0.9572430875190987,0.7862154375954936,0.5296739627100859,0.14486175038197446
0.9566036963397254,0.7830184816986269,0.47924435607670446,0.17547023045478216
0.9561048718693853,0.7805243593469264,0.4293633343020087,0.20988769364893511
0.9557626044796191,0.7788130223980956,0.3806764627146677,0.24796427615352512
0.9555884408315672,0.7779422041578363,0.33382661247350887,0.2894150533050761
0.9555884408315672,0.7779422041578363,0.2894150533050761,0.33382661247350887
0.9557626044796191,0.7788130223980956,0.24796427615352512,0.3806764627146677
0.9561048718693853,0.7805243593469264,0.20988769364893523,0.4293633343020088
0.9566036963397254,0.7830184816986269,0.17547023045478216,0.47924435607670446
0.9572430875190987,0.7862154375954936,0.14486175038197446,0.5296739627100859
0.9580039474434192,0.790019737217096,0.11808289631180324,0.5800394744341919
0.9588654965105137,0.7943274825525682,0.09504092323130009,0.6297894685946228
0.9598066064470929,0.7990330322354648,0.07555194828313805,0.6784528515767436
0.960806909916519,0.8040345495825949,0.05936583799645534,0.7256483694156328
0.9618476203141743,0.8092381015708711,0.04619050785435541,0.7710857218850453
0.9629120529223858,0.814560264611929,0.035713375982030726,0.814560264611929
0.963985879696719,0.819929398483595,0.02761875181141349,0.855943518786876
0.9650571721092693,0.8252858605463469,0.02160081905954292,0.8951715163278082
0.9661162926214152,0.8305814631070757,0.017372486021039135,0.9322325852428303
0.9671556907278569,0.8357784536392845,0.014670721835706724,0.9671556907278569
0.9681696492960384,0.8408482464801924,0.013259128177192991,1.0
0.96733142398076,0.8039885438845596,1.0,0.01994271942279835
0.9662708371322558,0.7976250227935345,0.9662708371322558,0.021854276835417075
0.9651844688088604,0.7911068128531626,0.9303689376177209,0.025165126648092007
0.964078939594645,0.7844736375678701,0.892236818783935,0.03013136905541558
0.962962962962963,0.7777777777777778,0.8518518518518519,0.03703703703703709
0.9618476203141743,0.7710857218850453,0.8092381015708711,0.04619050785435541
0.960746566401057,0.7644793984063422,0.7644793984063422,0.057917593625368524
0.9596761080727244,0.7580566484363465,0.7177327565090709,0.07255048567266142
0.9586550884702638,0.7519305308215831,0.6692407077621108,0.09041194634580474
0.9577045065562186,0.7462270393373118,0.6193405590059677,0.1117946376805915
0.9568468147997897,0.7410808887987381,0.5684681479978969,0.13693629599579382
0.9561048718693853,0.7366292312163116,0.5171535905632381,0.16599256551832053
0.9555005840510015,0.733003504306009,0.46600700861201816,0.1990105129180273
0.9550533425024506,0.7303200550147031,0.41569345253185686,0.23590682254165896
0.9547784368353865,0.7286706210123193,0.36689811569541164,0.27645498936618473
0.9546856745570557,0.7281140473423338,0.3202851183558343,0.3202851183558343
0.9547784368353865,0.7286706210123193,0.27645498936618473,0.36689811569541164
0.9550533425024506,0.7303200550147031,0.23590682254165896,0.41569345253185686
0.9555005840510015,0.733003504306009,0.1990105129180273,0.46600700861201816
0.9561048718693853,0.7366292312163116,0.16599256551832053,0.5171535905632381
0.9568468147997897,0.7410808887987381,0.13693629599579382,0.5684681479978969
0.9577045065562186,0.7462270393373118,0.1117946376805915,0.6193405590059677
0.9586550884702638,0.7519305308215831,0.09041194634580474,0.6692407077621108
0.9596761080727244,0.7580566484363465,0.07255048567266142,0.7177327565090709
0.960746566401057,0.7644793984063422,0.057917593625368524,0.7644793984063422
0.9618476203141743,0.7710857218850453,0.04619050785435541,0.8092381015708711
0.962962962962963,0.7777777777777778,0.03703703703703709,0.8518518518518519
0.964078939594645,0.7844736375678701,0.03013136905541558,0.892236818783935
0.9651844688088604,0.7911068128531626,0.025165126648092007,0.9303689376177209
0.9662708371322558,0.7976250227935345,0.021854276835417075,0.9662708371322558
0.96733142398076,0.8039885438845596,0.01994271942279835,1.0
0.9664987394913596,0.7654911764395171,1.0,0.028463445249428343
0.9653935729897009,0.7577550109279061,0.9653935729897009,0.031020043711624146
0.9642629155054069,0.7498404085378478,0.9285258310108137,0.03509871864598468
0.9631144443218341,0.7418011102528389,0.8893433329655024,0.04097555236768724
0.9619582071545734,0.7337074500820133,0.8478328286182932,0.04895517886433309
0.960806909916519,0.7256483694156328,0.8040345495825949,0.05936583799645534
0.9596761080727244,0.7177327565090709,0.7580566484363465,0.07255048567266142
0.9585842316718709,0.7100896217030962,0.7100896217030962,0.08885309678115949
0.9575523640021991,0.7028665480153937,0.660418912017593,0.10859964404618139
0.9566036963397254,0.6962258743780776,0.6094332670575284,0.13207392679450758
0.9557626044796191,0.6903382313573339,0.5576260447961912,0.15948948511276329
0.9550533425024506,0.6853733975171536,0.5055867675269559,0.1909601650441095
0.954498424480671,0.681488971364697,0.45398109376805185,0.2264732161714068
0.9541168532258877,0.6788179725812136,0.40351909193653945,0.2658696516142024
0.9539224322415909,0.677457025691136,0.35491405138227194,0.30883648362386285
0.9539224322415909,0.677457025691136,0.30883648362386285,0.35491405138227194
0.9541168532258877,0.6788179725812136,0.2658696516142024,0.40351909193653945
0.954498424480671,0.681488971364697,0.2264732161714068,0.45398109376805185
0.9550533425024506,0.6853733975171536,0.1909601650441095,0.5055867675269559
0.9557626044796191,0.6903382313573339,0.15948948511276329,0.5576260447961912
0.9566036963397254,0.6962258743780776,0.13207392679450758,0.6094332670575284
0.9575523640021991,0.7028665480153937,0.10859964404618139,0.660418912017593
0.9585842316718709,0.7100896217030962,0.08885309678115949,0.7100896217030962
0.9596761080727244,0.7177327565090709,0.07255048567266142,0.7580566484363465
0.960806909916519,0.7256483694156328,0.05936583799645534,0.8040345495825949
0.9619582071545734,0.7337074500820133,0.04895517886433309,0.8478328286182932
0.9631144443218341,0.7418011102528389,0.04097555236768724,0.8893433329655024
0.9642629155054069,0.7498404085378478,0.03509871864598468,0.9285258310108137
0.9653935729897009,0.7577550109279061,0.031020043711624146,0.9653935729897009
0.9664987394913596,0.7654911764395171,0.028463445249428343,1.0
0.965680088847271,0.725440710778168,1.0,0.03904248772358765
0.9645336548934046,0.7162692391472365,0.9645336548934046,0.04240868212192339
0.9633628347276344,0.7069026778210753,0.9267256694552688,0.04743370291849469
0.9621765262763883,0.6974122102111064,0.8865295788291649,0.054413156909707716
0.9609862842679565,0.6878902741436518,0.8439451370718258,0.06367082243095545
0.9598066064470929,0.6784528515767436,0.7990330322354648,0.07555194828313805
0.9586550884702638,0.6692407077621108,0.7519305308215831,0.09041194634580474
0.9575523640021991,0.660418912017593,0.7028665480153937,0.10859964404618139
0.9565217391304348,0.6521739130434783,0.6521739130434783,0.13043478260869568
0.9555884408315672,0.6447075266525379,0.6002959674841053,0.15618037579977773
0.9547784368353865,0.6382274946830924,0.5477843683538655,0.18601186303695783
0.9541168532258877,0.6329348258071013,0.4952853854847642,0.21998650484009008
0.9536261104239832,0.6290088833918654,0.44351332508779806,0.2580177667837308
0.9533239971990664,0.6265919775925308,0.3932119635878625,0.2998599579859952
0.9532219730275012,0.6257757842200096,0.3451076223850168,0.3451076223850168
0.9533239971990664,0.6265919775925306,0.2998599579859951,0.39321196358786237
0.9536261104239832,0.6290088833918654,0.2580177667837308,0.44351332508779806
0.9541168532258877,0.6329348258071013,0.21998650484009008,0.4952853854847642
0.9547784368353865,0.6382274946830924,0.18601186303695783,0.5477843683538655
0.9555884408315672,0.6447075266525379,0.15618037579977773,0.6002959674841053
0.9565217391304348,0.6521739130434783,0.13043478260869568,0.6521739130434783
0.9575523640021991,0.660418912017593,0.10859964404618139,0.7028665480153937
0.9586550884702638,0.6692407077621108,0.09041194634580474,0.7519305308215831
0.9598066064470929,0.6784528515767436,0.07555194828313805,0.7990330322354648
0.9609862842679565,0.6878902741436518,0.06367082243095545,0.8439451370718258
0.9621765262763883,0.6974122102111064,0.054413156909707716,0.8865295788291649
0.9633628347276344,0.7069026778210753,0.04743370291849469,0.9267256694552688
0.9645336548934046,0.7162692391472365,0.04240868212192339,0.9645336548934046
0.965680088847271,0.725440710778168,0.03904248772358765,1.0
0.9648852506389688,0.6839672557507194,1.0,0.051901767252158226
0.9637022995679686,0.6733206961117175,0.9637022995679686,0.05625978876718407
0.9624970699691325,0.6624736297221928,0.9249941399382651,0.06242674922831348
0.9612798453668817,0.6515186083019351,0.883839536100645,0.07071628880516034
0.9600638468084564,0.6405746212761076,0.8402553872338256,0.08146847659449752
0.9588654965105137,0.6297894685946228,0.7943274825525682,0.09504092323130009
0.9577045065562186,0.6193405590059677,0.7462270393373118,0.1117946376805915
0.9566036963397254,0.6094332670575284,0.6962258743780776,0.13207392679450758
0.9555884408315672,0.6002959674841053,0.6447075266525379,0.15618037579977773
0.9546856745570557,0.5921710710135006,0.5921710710135006,0.18434214202700117
0.9539224322415909,0.5853018901743177,0.5392243224159086,0.21668134810704454
0.9533239971990664,0.5799159747915972,0.4865639691897298,0.25318395518506154
0.9529118390651989,0.57620655158679,0.4349420687823866,0.2936775859779833
0.9527016230159597,0.574314607143638,0.3851210992074773,0.337822722223437
0.9527016230159597,0.574314607143638,0.337822722223437,0.3851210992074773
0.9529118390651989,0.57620655158679,0.2936775859779833,0.4349420687823866
0.9533239971990664,0.5799159747915972,0.25318395518506154,0.4865639691897298
0.9539224322415909,0.5853018901743177,0.21668134810704454,0.5392243224159086
0.9546856745570557,0.5921710710135006,0.18434214202700117,0.5921710710135006
0.9555884408315672,0.6002959674841053,0.15618037579977773,0.6447075266525379
0.9566036963397254,0.6094332670575284,0.13207392679450758,0.6962258743780776
0.9577045065562186,0.6193405590059677,0.11179463768059161,0.7462270393373118
0.9588654965105137,0.6297894685946228,0.09504092323130009,0.7943274825525682
0.9600638468084564,0.6405746212761076,0.08146847659449752,0.8402553872338256
0.9612798453668817,0.6515186083019351,0.07071628880516034,0.883839536100645
0.9624970699691325,0.6624736297221928,0.06242674922831348,0.9249941399382651
0.9637022995679686,0.6733206961117175,0.05625978876718396,0.9637022995679686
0.9648852506389688,0.6839672557507194,0.051901767252158226,1.0
0.9641251998332913,0.6412519983329124,1.0,0.06725519566557214
0.9629120529223858,0.629120529223858,0.9629120529223858,0.07280132305964482
0.9616799167380327,0.6167991673803264,0.9233598334760653,0.08031800171278325
0.9604406113935382,0.6044061139353822,0.8813218341806146,0.0901340620513792
0.9592091491775998,0.5920914917759978,0.8368365967103992,0.10260128190719542
0.9580039474434192,0.5800394744341919,0.790019737217096,0.11808289631180324
0.9568468147997897,0.5684681479978969,0.7410808887987381,0.13693629599579382
0.9557626044796191,0.5576260447961912,0.6903382313573339,0.15948948511276329
0.9547784368353865,0.5477843683538655,0.6382274946830924,0.18601186303695783
0.9539224322415909,0.5392243224159086,0.5853018901743177,0.21668134810704454
0.9532219730275012,0.532219730275012,0.532219730275012,0.25155156844001925
0.9527016230159597,0.5270162301595979,0.4797178531755577,0.29052434523939685
0.9523809523809523,0.5238095238095238,0.4285714285714286,0.33333333333333337
0.9522726040096652,0.5227260400966522,0.379543852125648,0.379543852125648
0.9523809523809523,0.5238095238095238,0.33333333333333337,0.4285714285714286
0.9527016230159597,0.5270162301595979,0.29052434523939685,0.4797178531755577
0.9532219730275012,0.532219730275012,0.25155156844001925,0.532219730275012
0.9539224322415909,0.5392243224159086,0.21668134810704454,0.5853018901743177
0.9547784368353865,0.5477843683538655,0.18601186303695783,0.6382274946830924
0.9557626044796191,0.5576260447961912,0.15948948511276329,0.6903382313573339
0.9568468147997897,0.5684681479978969,0.13693629599579382,0.7410808887987381
0.9580039474434192,0.5800394744341919,0.11808289631180324,0.790019737217096
0.9592091491775998,0.5920914917759978,0.10260128190719542,0.8368365967103992
0.9604406113935382,0.6044061139353821,0.09013406205137908,0.8813218341806146
0.9616799167380327,0.6167991673803264,0.08031800171278325,0.9233598334760653
0.9629120529223858,0.629120529223858,0.07280132305964482,0.9629120529223858
0.9641251998332913,0.6412519983329124,0.06725519566557214,1.0
0.9634119133367699,0.5975310467044687,1.0,0.08529783341924702
0.9621765262763883,0.5839417890402714,0.9621765262763883,0.09223663063331955
0.9609267667417718,0.57019443415949,0.9218535334835436,0.10131563506075192
0.9596761080727244,0.5564371887999685,0.8790283242181732,0.11287437759993701
0.9584414182538309,0.5428556007921395,0.8337656730153234,0.12726978333044814
0.9572430875190987,0.5296739627100859,0.7862154375954936,0.14486175038197446
0.9561048718693853,0.5171535905632381,0.7366292312163116,0.16599256551832053
0.9550533425024506,0.5055867675269559,0.6853733975171536,0.1909601650441095
0.9541168532258877,0.4952853854847642,0.6329348258071013,0.21998650484009008
0.9533239971990664,0.4865639691897298,0.5799159747915972,0.25318395518506154
0.9527016230159597,0.4797178531755577,0.5270162301595979,0.29052434523939685
0.9522726040096652,0.47499864410631754,0.47499864410631754,0.3318164561353133
0.9520536698514616,0.4725903683660775,0.42464403821753904,0.3766977080690006
0.9520536698514616,0.4725903683660775,0.3766977080690006,0.42464403821753904
0.9522726040096652,0.47499864410631754,0.3318164561353133,0.47499864410631754
0.9527016230159597,0.4797178531755577,0.29052434523939685,0.5270162301595979
0.9533239971990664,0.48656396918972966,0.2531839551850613,0.579915974791597
0.9541168532258877,0.4952853854847641,0.21998650484008986,0.6329348258071011
0.9550533425024506,0.5055867675269559,0.1909601650441095,0.6853733975171536
0.9561048718693853,0.5171535905632381,0.16599256551832053,0.7366292312163116
0.9572430875190987,0.5296739627100859,0.14486175038197446,0.7862154375954936
0.9584414182538309,0.5428556007921395,0.12726978333044814,0.8337656730153234
0.9596761080727244,0.5564371887999685,0.11287437759993701,0.8790283242181732
0.9609267667417718,0.57019443415949,0.10131563506075192,0.9218535334835436
0.9621765262763883,0.5839417890402714,0.09223663063331955,0.9621765262763883
0.9634119133367699,0.5975310467044687,0.08529783341924702,1.0
0.9627580538638071,0.5530966463656848,1.0,0.10619329273136968
0.9615099820540249,0.5381197846482993,0.9615099820540249,0.11472958724257387
0.9602535683241418,0.5230428198897015,0.9205071366482835,0.1255785031311193
0.9590039969154606,0.5080479629855272,0.8770119907463818,0.13908393522467288
0.9577799669079251,0.49335960289510106,0.8311198676317004,0.1555993381585018
0.9566036963397254,0.47924435607670446,0.7830184816986269,0.17547023045478216
0.9555005840510015,0.46600700861201816,0.733003504306009,0.1990105129180273
0.954498424480671,0.45398109376805185,0.681488971364697,0.2264732161714068
0.9536261104239832,0.44351332508779806,0.6290088833918654,0.2580177667837308
0.9529118390651989,0.4349420687823866,0.57620655158679,0.2936775859779833
0.9523809523809523,0.4285714285714286,0.5238095238095238,0.33333333333333337
0.9520536698514616,0.42464403821753904,0.4725903683660775,0.3766977080690006
0.9519430668667788,0.4233168024013447,0.4233168024013447,0.4233168024013447
0.9520536698514616,0.42464403821753904,0.3766977080690006,0.4725903683660775
0.9523809523809523,0.4285714285714286,0.33333333333333337,0.5238095238095238
0.9529118390651989,0.4349420687823866,0.2936775859779833,0.57620655158679
0.9536261104239832,0.44351332508779806,0.2580177667837308,0.6290088833918654
0.954498424480671,0.45398109376805185,0.2264732161714068,0.681488971364697
0.9555005840510016,0.46600700861201827,0.1990105129180274,0.7330035043060091
0.9566036963397254,0.47924435607670457,0.17547023045478227,0.7830184816986269
0.9577799669079251,0.49335960289510106,0.1555993381585018,0.8311198676317004
0.9590039969154606,0.5080479629855272,0.13908393522467288,0.8770119907463818
0.9602535683241418,0.5230428198897015,0.1255785031311193,0.9205071366482835
0.9615099820540249,0.5381197846482993,0.11472958724257387,0.9615099820540249
0.9627580538638071,0.5530966463656848,0.10619329273136968,1.0
0.9621765262763883,0.5082948415930479,1.0,0.13006010435693116
0.9609267667417718,0.4920479676430337,0.9609267667417718,0.14038886831898012
0.9596761080727244,0.4757894049454173,0.9193522161454488,0.1531982695272126
0.9584414182538309,0.45973843729980113,0.8753242547614926,0.16882836507661725
0.9572430875190987,0.44416013774828333,0.8289723500763948,0.18761866286287576
0.9561048718693853,0.4293633343020088,0.7805243593469264,0.20988769364893523
0.9550533425024506,0.41569345253185686,0.7303200550147031,0.23590682254165896
0.9541168532258877,0.40351909193653945,0.6788179725812136,0.2658696516142024
0.9533239971990664,0.3932119635878625,0.6265919775925308,0.2998599579859952
0.9527016230159597,0.3851210992074773,0.574314607143638,0.337822722223437
0.9522726040096652,0.379543852125648,0.5227260400966522,0.379543852125648
0.9520536698514616,0.3766977080690006,0.4725903683660775,0.42464403821753904
0.9520536698514616,0.3766977080690006,0.42464403821753904,0.4725903683660775
0.9522726040096652,0.379543852125648,0.379543852125648,0.5227260400966522
0.9527016230159597,0.3851210992074773,0.337822722223437,0.574314607143638
0.9533239971990664,0.3932119635878625,0.2998599579859952,0.6265919775925308
0.9541168532258877,0.40351909193653934,0.2658696516142023,0.6788179725812136
0.9550533425024506,0.41569345253185686,0.23590682254165896,0.7303200550147031
0.9561048718693853,0.4293633343020087,0.20988769364893511,0.7805243593469264
0.9572430875190987,0.44416013774828333,0.18761866286287576,0.8289723500763948
0.9584414182538309,0.45973843729980113,0.16882836507661725,0.8753242547614926
0.9596761080727244,0.4757894049454173,0.1531982695272126,0.9193522161454488
0.9609267667417718,0.4920479676430337,0.14038886831898012,0.9609267667417718
0.9621765262763883,0.5082948415930479,0.13006010435693116,1.0
0.9616799167380327,0.4635188343324569,1.0,0.15695816823671793
0.9604406113935382,0.44616855950953516,0.9604406113935382,0.1692528392643028
0.9592091491775998,0.4289280884863971,0.9184182983551996,0.1841829835519958
0.9580039474434192,0.41205526420786875,0.8740118423302576,0.20207500142496482
0.9568468147997897,0.3958554071970557,0.8273872591991588,0.22324266639621437
0.9557626044796191,0.3806764627146677,0.7788130223980956,0.24796427615352512
0.9547784368353865,0.36689811569541164,0.7286706210123193,0.27645498936618473
0.9539224322415909,0.35491405138227194,0.677457025691136,0.30883648362386285
0.9532219730275012,0.3451076223850168,0.6257757842200096,0.3451076223850168
0.9527016230159597,0.337822722223437,0.574314607143638,0.3851210992074773
0.9523809523809523,0.33333333333333337,0.5238095238095238,0.4285714285714286
0.9522726040096652,0.3318164561353133,0.47499864410631754,0.47499864410631754
0.9523809523809523,0.33333333333333337,0.4285714285714286,0.5238095238095238
0.9527016230159597,0.337822722223437,0.3851210992074773,0.574314607143638
0.9532219730275012,0.3451076223850168,0.3451076223850168,0.6257757842200096
0.9539224322415909,0.35491405138227194,0.30883648362386285,0.677457025691136
0.9547784368353865,0.36689811569541164,0.27645498936618473,0.7286706210123193
0.9557626044796191,0.3806764627146677,0.24796427615352512,0.7788130223980956
0.9568468147997897,0.3958554071970557,0.22324266639621437,0.8273872591991588
0.9580039474434192,0.41205526420786875,0.20207500142496482,0.8740118423302576
0.9592091491775998,0.4289280884863971,0.1841829835519958,0.9184182983551996
0.9604406113935382,0.44616855950953505,0.16925283926430257,0.9604406113935382
0.9616799167380327,0.4635188343324569,0.15695816823671793,1.0
0.9612798453668817,0.41919768050322526,1.0,0.18687675270451543
0.9600638468084564,0.4009577021268462,0.9600638468084564,0.20127693616912823
0.9588654965105137,0.3829824476577046,0.9177309930210273,0.2184444336997593
0.9577045065562186,0.3655675983432797,0.8731135196686559,0.2386811180119356
0.9566036963397254,0.3490554450958807,0.8264147853589014,0.26226283777533144
0.9555884408315672,0.33382661247350887,0.7779422041578363,0.2894150533050761
0.9546856745570557,0.3202851183558343,0.7281140473423338,0.3202851183558343
0.9539224322415909,0.30883648362386285,0.677457025691136,0.35491405138227194
0.9533239971990664,0.2998599579859951,0.6265919775925306,0.39321196358786237
0.9529118390651989,0.2936775859779833,0.57620655158679,0.4349420687823866
0.9527016230159597,0.29052434523939685,0.5270162301595979,0.4797178531755577
0.9527016230159597,0.29052434523939685,0.4797178531755577,0.5270162301595979
0.9529118390651989,0.2936775859779833,0.4349420687823866,0.57620655158679
0.9533239971990664,0.2998599579859952,0.3932119635878625,0.6265919775925308
0.9539224322415909,0.30883648362386285,0.35491405138227194,0.677457025691136
0.9546856745570557,0.3202851183558345,0.3202851183558345,0.7281140473423338
0.9555884408315672,0.33382661247350887,0.2894150533050761,0.7779422041578363
0.9566036963397254,0.3490554450958807,0.26226283777533144,0.8264147853589014
0.9577045065562186,0.3655675983432797,0.2386811180119356,0.8731135196686559
0.9588654965105137,0.3829824476577046,0.2184444336997593,0.9177309930210273
0.9600638468084564,0.4009577021268462,0.20127693616912823,0.9600638468084564
0.9612798453668817,0.41919768050322526,0.18687675270451543,1.0
0.9609862842679565,0.37578054828730356,1.0,0.2197256853591295
0.9598066064470929,0.35690570315348724,0.9598066064470929,0.23632552249476624
0.9586550884702638,0.3384814155242216,0.9173101769405277,0.25579159246474925
0.9575523640021991,0.3208378240351859,0.8726570920065974,0.278390188037385
0.9565217391304348,0.30434782608695654,0.8260869565217391,0.30434782608695654
0.9555884408315672,0.2894150533050761,0.7779422041578363,0.33382661247350887
0.9547784368353865,0.27645498936618473,0.7286706210123193,0.36689811569541164
0.9541168532258877,0.2658696516142024,0.6788179725812136,0.40351909193653945
0.9536261104239832,0.2580177667837308,0.6290088833918654,0.44351332508779806
0.9533239971990664,0.25318395518506154,0.5799159747915972,0.4865639691897298
0.9532219730275012,0.25155156844001925,0.532219730275012,0.532219730275012
0.9533239971990664,0.2531839551850613,0.48656396918972966,0.579915974791597
0.9536261104239832,0.2580177667837308,0.44351332508779806,0.6290088833918654
0.9541168532258877,0.2658696516142023,0.40351909193653934,0.6788179725812136
0.9547784368353865,0.27645498936618473,0.36689811569541164,0.7286706210123193
0.9555884408315672,0.2894150533050761,0.33382661247350887,0.7779422041578363
0.9565217391304348,0.30434782608695643,0.30434782608695643,0.8260869565217391
0.9575523640021991,0.3208378240351859,0.278390188037385,0.8726570920065974
0.9586550884702638,0.3384814155242216,0.25579159246474925,0.9173101769405277
0.9598066064470929,0.35690570315348724,0.23632552249476624,0.9598066064470929
0.9609862842679565,0.37578054828730356,0.2197256853591295,1.0
0.960806909916519,0.3337174685808225,1.0,0.25533128841386055
0.9596761080727244,0.31449383723631497,0.9596761080727244,0.2741699453090394
0.9585842316718709,0.2959319384218051,0.9171684633437418,0.2959319384218051
0.9575523640021991,0.278390188037385,0.8726570920065974,0.3208378240351859
0.9566036963397254,0.26226283777533144,0.8264147853589014,0.3490554450958807
0.9557626044796191,0.24796427615352512,0.7788130223980956,0.3806764627146677
0.9550533425024506,0.23590682254165896,0.7303200550147031,0.41569345253185686
0.954498424480671,0.2264732161714068,0.681488971364697,0.45398109376805185
0.9541168532258877,0.21998650484009008,0.6329348258071013,0.4952853854847642
0.9539224322415909,0.21668134810704454,0.5853018901743177,0.5392243224159086
0.9539224322415909,0.21668134810704454,0.5392243224159086,0.5853018901743177
0.9541168532258877,0.21998650484008986,0.4952853854847641,0.6329348258071011
0.954498424480671,0.2264732161714068,0.45398109376805185,0.681488971364697
0.9550533425024506,0.23590682254165896,0.41569345253185686,0.7303200550147031
0.9557626044796191,0.24796427615352512,0.3806764627146677,0.7788130223980956
0.9566036963397254,0.26226283777533144,0.3490554450958807,0.8264147853589014
0.9575523640021991,0.278390188037385,0.3208378240351859,0.8726570920065974
0.9585842316718709,0.2959319384218051,0.2959319384218051,0.9171684633437418
0.9596761080727244,0.31449383723631497,0.2741699453090394,0.9596761080727244
0.960806909916519,0.3337174685808225,0.25533128841386055,1.0
0.960746566401057,0.29343819521902637,1.0,0.29343819521902637
0.9596761080727244,0.2741699453090394,0.9596761080727244,0.31449383723631497
0.9586550884702638,0.25579159246474925,0.9173101769405277,0.3384814155242216
0.9577045065562186,0.2386811180119356,0.8731135196686559,0.3655675983432797
0.9568468147997897,0.22324266639621437,0.8273872591991588,0.3958554071970557
0.9561048718693853,0.20988769364893523,0.7805243593469264,0.4293633343020088
0.9555005840510015,0.1990105129180273,0.733003504306009,0.46600700861201816
0.9550533425024506,0.1909601650441095,0.6853733975171536,0.5055867675269559
0.9547784368353865,0.18601186303695783,0.6382274946830924,0.5477843683538655
0.9546856745570557,0.18434214202700117,0.5921710710135006,0.5921710710135006
0.9547784368353865,0.18601186303695783,0.5477843683538655,0.6382274946830924
0.9550533425024506,0.1909601650441095,0.5055867675269559,0.6853733975171536
0.9555005840510016,0.1990105129180274,0.46600700861201827,0.7330035043060091
0.9561048718693853,0.20988769364893511,0.4293633343020087,0.7805243593469264
0.9568468147997897,0.22324266639621437,0.3958554071970557,0.8273872591991588
0.9577045065562186,0.2386811180119356,0.3655675983432797,0.8731135196686559
0.9586550884702638,0.25579159246474925,0.3384814155242216,0.9173101769405277
0.9596761080727244,0.2741699453090394,0.31449383723631497,0.9596761080727244
0.960746566401057,0.29343819521902637,0.29343819521902637,1.0
0.960806909916519,0.25533128841386055,1.0,0.3337174685808225
0.9598066064470929,0.23632552249476624,0.9598066064470929,0.35690570315348724
0.9588654965105137,0.2184444336997593,0.9177309930210273,0.3829824476577046
0.9580039474434192,0.2020750014249647,0.8740118423302575,0.41205526420786864
0.9572430875190987,0.18761866286287576,0.8289723500763948,0.44416013774828333
0.9566036963397254,0.17547023045478216,0.7830184816986269,0.47924435607670446
0.9561048718693853,0.16599256551832053,0.7366292312163116,0.5171535905632381
0.9557626044796191,0.15948948511276329,0.6903382313573339,0.5576260447961912
0.9555884408315672,0.15618037579977762,0.6447075266525379,0.6002959674841051
0.9555884408315672,0.15618037579977773,0.6002959674841053,0.6447075266525379
0.9557626044796191,0.15948948511276329,0.5576260447961912,0.6903382313573339
0.9561048718693853,0.16599256551832053,0.5171535905632381,0.7366292312163116
0.9566036963397254,0.17547023045478216,0.47924435607670446,0.7830184816986269
0.9572430875190987,0.18761866286287576,0.44416013774828333,0.8289723500763948
0.9580039474434192,0.2020750014249647,0.41205526420786864,0.8740118423302575
0.9588654965105137,0.2184444336997593,0.3829824476577046,0.9177309930210273
0.9598066064470929,0.23632552249476624,0.35690570315348724,0.9598066064470929
0.960806909916519,0.25533128841386055,0.3337174685808225,1.0
0.9609862842679565,0.2197256853591295,1.0,0.37578054828730356
0.9600638468084564,0.20127693616912823,0.9600638468084564,0.4009577021268462
0.9592091491775998,0.1841829835519958,0.9184182983551996,0.4289280884863971
0.9584414182538309,0.16882836507661725,0.8753242547614926,0.45973843729980113
0.9577799669079251,0.1555993381585018,0.8311198676317004,0.49335960289510106
0.9572430875190987,0.14486175038197446,0.7862154375954936,0.5296739627100859
0.9568468147997897,0.13693629599579382,0.7410808887987381,0.5684681479978969
0.9566036963397254,0.13207392679450736,0.6962258743780776,0.6094332670575283
0.9565217391304348,0.13043478260869568,0.6521739130434783,0.6521739130434783
0.9566036963397254,0.13207392679450758,0.6094332670575284,0.6962258743780776
0.9568468147997897,0.13693629599579382,0.5684681479978969,0.7410808887987381
0.9572430875190987,0.14486175038197446,0.5296739627100859,0.7862154375954936
0.9577799669079251,0.1555993381585018,0.49335960289510106,0.8311198676317004
0.9584414182538309,0.16882836507661725,0.45973843729980113,0.8753242547614926
0.9592091491775998,0.1841829835519958,0.4289280884863971,0.9184182983551996
0.9600638468084564,0.20127693616912823,0.4009577021268462,0.9600638468084564
0.9609862842679565,0.2197256853591295,0.37578054828730356,1.0
0.9612798453668817,0.18687675270451543,1.0,0.41919768050322526
0.9604406113935382,0.16925283926430257,0.9604406113935382,0.44616855950953505
0.9596761080727244,0.1531982695272126,0.9193522161454488,0.4757894049454173
0.9590039969154606,0.13908393522467288,0.8770119907463818,0.5080479629855272
0.9584414182538309,0.12726978333044814,0.8337656730153234,0.5428556007921395
0.9580039474434192,0.11808289631180324,0.790019737217096,0.5800394744341919
0.9577045065562186,0.1117946376805915,0.7462270393373118,0.6193405590059677
0.9575523640021991,0.10859964404618139,0.7028665480153937,0.660418912017593
0.9575523640021991,0.10859964404618139,0.660418912017593,0.7028665480153937
0.9577045065562186,0.1117946376805915,0.6193405590059677,0.7462270393373118
0.9580039474434192,0.11808289631180324,0.5800394744341919,0.790019737217096
0.9584414182538309,0.12726978333044814,0.5428556007921395,0.8337656730153234
0.9590039969154606,0.13908393522467288,0.5080479629855272,0.8770119907463818
0.9596761080727244,0.1531982695272126,0.4757894049454173,0.9193522161454488
0.9604406113935382,0.16925283926430257,0.44616855950953505,0.9604406113935382
0.9612798453668817,0.18687675270451543,0.41919768050322526,1.0
0.9616799167380327,0.15695816823671793,1.0,0.4635188343324569
0.9609267667417718,0.14038886831898012,0.9609267667417718,0.4920479676430337
0.9602535683241418,0.1255785031311193,0.9205071366482835,0.5230428198897015
0.9596761080727244,0.11287437759993701,0.8790283242181732,0.5564371887999685
0.9592091491775998,0.10260128190719542,0.8368365967103992,0.5920914917759978
0.9588654965105137,0.09504092323130009,0.7943274825525682,0.6297894685946228
0.9586550884702638,0.09041194634580474,0.7519305308215831,0.6692407077621108
0.9585842316718709,0.08885309678115949,0.7100896217030962,0.7100896217030962
0.9586550884702638,0.09041194634580474,0.6692407077621108,0.7519305308215831
0.9588654965105137,0.09504092323130009,0.6297894685946228,0.7943274825525682
0.9592091491775998,0.10260128190719542,0.5920914917759978,0.8368365967103992
0.9596761080727244,0.11287437759993701,0.5564371887999685,0.8790283242181732
0.9602535683241418,0.1255785031311193,0.5230428198897015,0.9205071366482835
0.9609267667417718,0.14038886831898012,0.4920479676430337,0.9609267667417718
0.9616799167380327,0.15695816823671793,0.4635188343324569,1.0
0.9621765262763883,0.13006010435693116,1.0,0.5082948415930479
0.9615099820540249,0.11472958724257387,0.9615099820540249,0.5381197846482993
0.9609267667417718,0.10131563506075192,0.9218535334835436,0.57019443415949
0.9604406113935382,0.09013406205137908,0.8813218341806146,0.6044061139353821
0.9600638468084564,0.08146847659449741,0.8402553872338256,0.6405746212761076
0.9598066064470929,0.07555194828313805,0.7990330322354648,0.6784528515767436
0.9596761080727244,0.07255048567266142,0.7580566484363465,0.7177327565090709
0.9596761080727244,0.07255048567266131,0.7177327565090708,0.7580566484363465
0.9598066064470929,0.07555194828313805,0.6784528515767436,0.7990330322354648
0.9600638468084564,0.08146847659449741,0.6405746212761076,0.8402553872338256
0.9604406113935382,0.09013406205137908,0.6044061139353821,0.8813218341806146
0.9609267667417718,0.10131563506075192,0.57019443415949,0.9218535334835436
0.9615099820540249,0.11472958724257387,0.5381197846482993,0.9615099820540249
0.9621765262763883,0.13006010435693116,0.5082948415930479,1.0
0.9627580538638071,0.10619329273136968,1.0,0.5530966463656848
0.9621765262763883,0.09223663063331933,0.9621765262763883,0.5839417890402714
0.9616799167380327,0.08031800171278325,0.9233598334760653,0.6167991673803264
0.9612798453668817,0.07071628880516034,0.883839536100645,0.6515186083019351
0.9609862842679565,0.06367082243095545,0.8439451370718258,0.6878902741436518
0.960806909916519,0.05936583799645534,0.8040345495825949,0.7256483694156328
0.960746566401057,0.057917593625368524,0.7644793984063422,0.7644793984063422
0.960806909916519,0.05936583799645534,0.7256483694156328,0.8040345495825949
0.9609862842679565,0.06367082243095545,0.6878902741436518,0.8439451370718258
0.9612798453668817,0.07071628880516034,0.6515186083019351,0.883839536100645
0.9616799167380327,0.08031800171278325,0.6167991673803264,0.9233598334760653
0.9621765262763883,0.09223663063331933,0.5839417890402714,0.9621765262763883
0.9627580538638071,0.10619329273136968,0.5530966463656848,1.0
0.9634119133367699,0.08529783341924702,1.0,0.5975310467044687
0.9629120529223858,0.07280132305964482,0.9629120529223858,0.629120529223858
0.9624970699691325,0.06242674922831348,0.9249941399382651,0.6624736297221928
0.9621765262763883,0.054413156909707716,0.8865295788291649,0.6974122102111064
0.9619582071545734,0.04895517886433309,0.8478328286182932,0.7337074500820133
0.9618476203141743,0.04619050785435541,0.8092381015708711,0.7710857218850453
0.9618476203141743,0.04619050785435541,0.7710857218850453,0.8092381015708711
0.9619582071545734,0.04895517886433309,0.7337074500820133,0.8478328286182932
0.9621765262763883,0.054413156909707716,0.6974122102111064,0.8865295788291649
0.9624970699691325,0.06242674922831348,0.6624736297221928,0.9249941399382651
0.9629120529223858,0.07280132305964482,0.629120529223858,0.9629120529223858
0.9634119133367699,0.08529783341924702,0.5975310467044687,1.0
0.9641251998332913,0.06725519566557214,1.0,0.6412519983329124
0.9637022995679686,0.05625978876718396,0.9637022995679686,0.6733206961117175
0.9633628347276344,0.04743370291849469,0.9267256694552688,0.7069026778210753
0.9631144443218341,0.04097555236768724,0.8893433329655024,0.7418011102528389
0.9629629629629629,0.03703703703703698,0.8518518518518519,0.7777777777777778
0.9629120529223858,0.035713375982030726,0.814560264611929,0.814560264611929
0.962962962962963,0.03703703703703709,0.7777777777777778,0.8518518518518519
0.9631144443218341,0.04097555236768724,0.7418011102528389,0.8893433329655024
0.9633628347276344,0.04743370291849469,0.7069026778210753,0.9267256694552688
0.9637022995679686,0.05625978876718396,0.6733206961117175,0.9637022995679686
0.9641251998332913,0.06725519566557214,0.6412519983329124,1.0
0.9648852506389688,0.051901767252158226,1.0,0.6839672557507194
0.9645336548934046,0.04240868212192339,0.9645336548934046,0.7162692391472365
0.9642629155054069,0.03509871864598468,0.9285258310108137,0.7498404085378478
0.964078939594645,0.03013136905541547,0.892236818783935,0.78447363756787
0.963985879696719,0.02761875181141349,0.855943518786876,0.819929398483595
0.963985879696719,0.02761875181141349,0.819929398483595,0.855943518786876
0.964078939594645,0.03013136905541547,0.78447363756787,0.892236818783935
0.9642629155054069,0.03509871864598468,0.7498404085378478,0.9285258310108137
0.9645336548934046,0.04240868212192339,0.7162692391472365,0.9645336548934046
0.9648852506389688,0.051901767252158226,0.6839672557507194,1.0
0.965680088847271,0.03904248772358765,1.0,0.725440710778168
0.9653935729897009,0.031020043711624146,0.9653935729897009,0.7577550109279061
0.9651844688088604,0.025165126648092007,0.9303689376177209,0.7911068128531626
0.9650571721092693,0.02160081905954292,0.8951715163278082,0.8252858605463469
0.9650144285729341,0.020404000042152592,0.860057714291736,0.860057714291736
0.9650571721092693,0.02160081905954292,0.8252858605463469,0.8951715163278082
0.9651844688088604,0.025165126648092007,0.7911068128531626,0.9303689376177209
0.9653935729897009,0.031020043711624146,0.7577550109279061,0.9653935729897009
0.965680088847271,0.03904248772358765,0.725440710778168,1.0
0.9664987394913596,0.028463445249428343,1.0,0.7654911764395171
0.9662708371322557,0.021854276835416964,0.9662708371322557,0.7976250227935345
0.9661162926214152,0.017372486021039135,0.9322325852428303,0.8305814631070757
0.9660382194594338,0.015108364323579648,0.8981146583783013,0.8641528778377351
0.9660382194594338,0.015108364323579648,0.8641528778377351,0.8981146583783013
0.9661162926214152,0.017372486021039135,0.8305814631070757,0.9322325852428303
0.9662708371322557,0.021854276835416964,0.7976250227935345,0.9662708371322557
0.9664987394913596,0.028463445249428343,0.7654911764395171,1.0
0.96733142398076,0.01994271942279824,1.0,0.8039885438845596
0.9671556907278569,0.014670721835706724,0.9671556907278569,0.8357784536392845
0.9670488796840532,0.011466390521594927,0.9340977593681064,0.8681955187362127
0.9670130437622979,0.010391312868936797,0.9010391312868937,0.9010391312868937
0.9670488796840532,0.011466390521594927,0.8681955187362127,0.9340977593681064
0.9671556907278569,0.014670721835706724,0.8357784536392845,0.9671556907278569
0.96733142398076,0.01994271942279824,0.8039885438845596,1.0
0.9681696492960384,0.013259128177192991,1.0,0.8408482464801924
0.9680398613949703,0.009235703244080629,0.9680398613949703,0.8721594455798813
0.9679743692389826,0.00720544640845977,0.9359487384779651,0.9039231077169477
0.9679743692389826,0.00720544640845977,0.9039231077169477,0.9359487384779651
0.9680398613949703,0.009235703244080629,0.8721594455798813,0.9680398613949703
0.9681696492960384,0.013259128177192991,0.8408482464801924,1.0
0.9690062136313128,0.008198836202010229,1.0,0.8760248545252513
0.9689165063919896,0.005328204543665227,0.9689165063919896,0.9067495191759686
0.9688864304356473,0.0043657739407119145,0.9377728608712945,0.9377728608712945
0.9689165063919896,0.005328204543665227,0.9067495191759686,0.9689165063919896
0.9690062136313128,0.008198836202010229,0.8760248545252513,1.0
0.9698351511296619,0.004559987278843214,1.0,0.9095054533889857
0.969780105739225,0.002743489394425924,0.969780105739225,0.93956021147845
0.969780105739225,0.002743489394425924,0.93956021147845,0.969780105739225
0.9698351511296619,0.004559987278843214,0.9095054533889857,1.0
0.9706516364558125,0.002155639497626427,1.0,0.9413032729116251
0.9706263252276977,0.0012950577417206732,0.9706263252276977,0.9706263252276977
0.9706516364558125,0.002155639497626427,0.9413032729116251,1.0
0.9714518665230041,8.153283051429705E-4,1.0,0.9714518665230041
0.9714518665230041,8.153283051429705E-4,0.9714518665230041,1.0
0.9722329327596467,3.8557934728167265E-4,1.0,1.0
0.942950209461487,1.0,1.0,0.0016286655760233693
0.9413032729116251,1.0,0.9706516364558125,0.002155639497626427
0.9396153321360832,1.0,0.9396153321360832,0.003652980245372195
0.9378929905955463,1.0,0.9068394858933194,0.006287849528740952
0.9361449143185899,1.0,0.8722898286371799,0.010246171938143589
0.9343821285075213,1.0,0.8359553212688033,0.01573192761281994
0.9326182879470791,1.0,0.7978548638412373,0.02296517523264674
0.9308698870179717,1.0,0.7580446045629008,0.03217841825160306
0.9291563653024185,1.0,0.7166254612096742,0.04361093158265039
0.9275000566405587,1.0,0.6737502548825138,0.05750073632726216
0.9259259259259259,1.0,0.6296296296296295,0.07407407407407407
0.9244610425399502,1.0,0.5845357339697261,0.09353251047940236
0.9231337557975912,1.0,0.5388025347855472,0.1160381916722989
0.9219725685359129,1.0,0.49282169548343413,0.14169825389504243
0.9210047494466636,1.0,0.44703324612664497,0.1705498691899675
0.92025477771711,1.0,0.4019108328783251,0.20254777717110006
0.9197427646094872,1.0,0.3579421168758976,0.2375562637901285
0.9194830317771525,1.0,0.3156057701057966,0.27534728599437286
0.9194830317771525,1.0,0.27534728599437286,0.3156057701057966
0.9197427646094872,1.0,0.2375562637901285,0.3579421168758976
0.92025477771711,1.0,0.20254777717110006,0.4019108328783251
0.9210047494466636,1.0,0.1705498691899675,0.44703324612664497
0.9219725685359129,1.0,0.14169825389504254,0.49282169548343424
0.9231337557975912,1.0,0.1160381916722989,0.5388025347855472
0.9244610425399502,1.0,0.09353251047940236,0.5845357339697261
0.9259259259259259,1.0,0.07407407407407407,0.6296296296296295
0.9275000566405587,1.0,0.05750073632726216,0.6737502548825138
0.9291563653024185,1.0,0.04361093158265039,0.7166254612096742
0.9308698870179717,1.0,0.03217841825160306,0.7580446045629008
0.9326182879470791,1.0,0.02296517523264674,0.7978548638412373
0.9343821285075213,1.0,0.01573192761281994,0.8359553212688033
0.9361449143185899,1.0,0.010246171938143589,0.8722898286371799
0.9378929905955463,1.0,0.006287849528740952,0.9068394858933194
0.9396153321360832,1.0,0.003652980245372195,0.9396153321360832
0.9413032729116251,1.0,0.002155639497626427,0.9706516364558125
0.942950209461487,1.0,0.0016286655760233693,1.0
0.9413032729116251,0.9706516364558125,1.0,0.002155639497626427
0.93956021147845,0.969780105739225,0.969780105739225,0.002743489394425924
0.9377728608712945,0.9688864304356473,0.9377728608712945,0.0043657739407119145
0.9359487384779651,0.9679743692389826,0.9039231077169477,0.00720544640845977
0.9340977593681064,0.9670488796840532,0.8681955187362127,0.011466390521594927
0.9322325852428303,0.9661162926214152,0.8305814631070757,0.017372486021039135
0.9303689376177209,0.9651844688088604,0.7911068128531626,0.025165126648092007
0.9285258310108137,0.9642629155054069,0.7498404085378478,0.03509871864598468
0.9267256694552688,0.9633628347276344,0.7069026778210753,0.04743370291849469
0.9249941399382651,0.9624970699691325,0.6624736297221928,0.06242674922831348
0.9233598334760653,0.9616799167380327,0.6167991673803264,0.08031800171278325
0.9218535334835436,0.9609267667417718,0.57019443415949,0.10131563506075192
0.9205071366482835,0.9602535683241418,0.5230428198897015,0.1255785031311193
0.9193522161454488,0.9596761080727244,0.4757894049454173,0.1531982695272126
0.9184182983551996,0.9592091491775998,0.4289280884863971,0.1841829835519958
0.9177309930210273,0.9588654965105137,0.3829824476577046,0.2184444336997593
0.9173101769405277,0.9586550884702638,0.3384814155242216,0.25579159246474925
0.9171684633437418,0.9585842316718709,0.2959319384218051,0.2959319384218051
0.9173101769405277,0.9586550884702638,0.25579159246474925,0.3384814155242216
0.9177309930210273,0.9588654965105137,0.2184444336997593,0.3829824476577046
0.9184182983551996,0.9592091491775998,0.1841829835519958,0.4289280884863971
0.9193522161454488,0.9596761080727244,0.1531982695272126,0.4757894049454173
0.9205071366482835,0.9602535683241418,0.1255785031311193,0.5230428198897015
0.9218535334835436,0.9609267667417718,0.10131563506075192,0.57019443415949
0.9233598334760653,0.9616799167380327,0.08031800171278325,0.6167991673803264
0.9249941399382651,0.9624970699691325,0.06242674922831348,0.6624736297221928
0.9267256694552688,0.9633628347276344,0.04743370291849469,0.7069026778210753
0.9285258310108137,0.9642629155054069,0.03509871864598468,0.7498404085378478
0.9303689376177209,0.9651844688088604,0.025165126648092007,0.7911068128531626
0.9322325852428303,0.9661162926214152,0.017372486021039135,0.8305814631070757
0.9340977593681064,0.9670488796840532,0.011466390521594927,0.8681955187362127
0.9359487384779651,0.9679743692389826,0.00720544640845977,0.9039231077169477
0.9377728608712945,0.9688864304356473,0.0043657739407119145,0.9377728608712945
0.93956021147845,0.969780105739225,0.002743489394425924,0.969780105739225
0.9413032729116251,0.9706516364558125,0.002155639497626427,1.0
0.9396153321360832,0.9396153321360832,1.0,0.003652980245372195
0.9377728608712945,0.9377728608712945,0.9688864304356473,0.0043657739407119145
0.9358829436362499,0.9358829436362499,0.9358829436362499,0.006185626361872809
0.9339541813316173,0.9339541813316173,0.9009312719974261,0.009312719974260308
0.9319979599081955,0.9319979599081955,0.8639959198163908,0.013970418668833529
0.930028857145868,0.930028857145868,0.8250721428646701,0.020404000042152592
0.9280649998734394,0.9280649998734394,0.7841949996203181,0.02887749829143138
0.9261283144846882,0.9261283144846882,0.7414491006964088,0.039668088300946924
0.924244598092143,0.924244598092143,0.696978392368572,0.05305747615178724
0.9224433265670519,0.9224433265670519,0.6509949695517334,0.0693199188046224
0.9207571148249672,0.9207571148249672,0.6037855741248364,0.08870682048712353
0.919220760827798,0.919220760827798,0.5557141845528893,0.11142836910577869
0.9178698437646818,0.9178698437646818,0.5072190625880909,0.13763335952915912
0.9167389105756374,0.9167389105756374,0.4588029187416427,0.16738910575637334
0.9158593676176657,0.9158593676176657,0.41101557332366023,0.20066399236782462
0.9152572802785929,0.9152572802785929,0.3644296020894463,0.23731552250733556
0.9149513488874875,0.9149513488874875,0.3196107910999003,0.27708646554364413
0.9149513488874875,0.9149513488874875,0.27708646554364413,0.3196107910999003
0.9152572802785929,0.9152572802785929,0.23731552250733556,0.3644296020894463
0.9158593676176657,0.9158593676176657,0.20066399236782462,0.41101557332366023
0.9167389105756374,0.9167389105756374,0.16738910575637334,0.4588029187416427
0.9178698437646818,0.9178698437646818,0.13763335952915912,0.5072190625880909
0.919220760827798,0.919220760827798,0.11142836910577869,0.5557141845528893
0.9207571148249672,0.9207571148249672,0.08870682048712353,0.6037855741248364
0.9224433265670519,0.9224433265670519,0.0693199188046224,0.6509949695517334
0.924244598092143,0.924244598092143,0.05305747615178724,0.696978392368572
0.9261283144846882,0.9261283144846882,0.039668088300946924,0.7414491006964088
0.9280649998734394,0.9280649998734394,0.02887749829143138,0.7841949996203181
0.930028857145868,0.930028857145868,0.020404000042152592,0.8250721428646701
0.9319979599081955,0.9319979599081955,0.013970418668833529,0.8639959198163908
0.9339541813316173,0.9339541813316173,0.009312719974260308,0.9009312719974261
0.9358829436362499,0.9358829436362499,0.006185626361872809,0.9358829436362499
0.9377728608712945,0.9377728608712945,0.0043657739407119145,0.9688864304356473
0.9396153321360832,0.9396153321360832,0.003652980245372195,1.0
0.9378929905955463,0.9068394858933194,1.0,0.006287849528740952
0.9359487384779651,0.9039231077169477,0.9679743692389826,0.00720544640845977
0.9339541813316173,0.9009312719974261,0.9339541813316173,0.009312719974260308
0.9319192082430202,0.8978788123645304,0.8978788123645304,0.012828519523793602
0.9298569376168105,0.8947854064252159,0.8597138752336211,0.017997126635347915
0.9277841855325881,0.8916762782988822,0.8194604638314702,0.02508650468993945
0.9257218647291793,0.8885827970937689,0.7771655941875377,0.03438424147933039
0.9236952406283484,0.8855428609425227,0.7329333421992195,0.04619050785435541
0.9217339519805168,0.8826009279707752,0.6869358079220671,0.060807423766201185
0.9198716919784996,0.8798075379677495,0.6394226139032482,0.07852445775274552
0.9181454490929942,0.8772181736394913,0.590727245464971,0.09959994002293615
0.9165942343771701,0.8748913515657551,0.5412682890744356,0.12423946096028604
0.9152572802785929,0.8728859204178893,0.49154368167155704,0.15257280278592844
0.9141717849154251,0.8712576773731376,0.44211660195026303,0.18463195669653842
0.913370383635158,0.870055575452737,0.39359268544610604,0.22033345271642202
0.9128786316261935,0.8693179474392904,0.3465897371964517,0.25946836882264535
0.912712843905603,0.8690692658584046,0.3017027512448244,0.3017027512448244
0.9128786316261935,0.8693179474392904,0.25946836882264535,0.3465897371964517
0.913370383635158,0.870055575452737,0.22033345271642202,0.39359268544610604
0.9141717849154251,0.8712576773731376,0.18463195669653842,0.44211660195026303
0.9152572802785929,0.8728859204178893,0.15257280278592844,0.49154368167155704
0.9165942343771701,0.8748913515657551,0.12423946096028604,0.5412682890744356
0.9181454490929942,0.8772181736394913,0.09959994002293615,0.590727245464971
0.9198716919784996,0.8798075379677495,0.07852445775274552,0.6394226139032482
0.9217339519805168,0.8826009279707752,0.060807423766201185,0.6869358079220671
0.9236952406283484,0.8855428609425227,0.04619050785435541,0.7329333421992195
0.9257218647291793,0.8885827970937689,0.03438424147933028,0.7771655941875377
0.9277841855325881,0.8916762782988822,0.02508650468993945,0.8194604638314702
0.9298569376168105,0.8947854064252159,0.017997126635347915,0.8597138752336211
0.9319192082430202,0.8978788123645304,0.012828519523793602,0.8978788123645304
0.9339541813316173,0.9009312719974261,0.009312719974260308,0.9339541813316173
0.9359487384779651,0.9039231077169477,0.00720544640845977,0.9679743692389826
0.9378929905955463,0.9068394858933194,0.006287849528740952,1.0
0.9361449143185899,0.8722898286371799,1.0,0.010246171938143589
0.9340977593681064,0.8681955187362127,0.9670488796840532,0.011466390521594927
0.9319979599081955,0.8639959198163908,0.9319979599081955,0.013970418668833529
0.9298569376168105,0.8597138752336211,0.8947854064252159,0.017997126635347915
0.9276898473937812,0.8553796947875625,0.8553796947875625,0.02381293981604715
0.9255161077276142,0.8510322154552283,0.8137902693190353,0.03170940045898374
0.9233598334760653,0.8467196669521305,0.7700795004281957,0.0419979184508158
0.9212500769041843,0.8425001538083684,0.7243752691646448,0.05500092285021063
0.919220760827798,0.8384415216555962,0.6768830433111923,0.07103874951967781
0.9173101769405277,0.8346203538810554,0.6278957962323746,0.09041194634580474
0.9155599338158502,0.8311198676317004,0.5777996690792508,0.11337930506642702
0.9140132839215305,0.828026567843061,0.5270730615684174,0.1401328392153045
0.912712843905603,0.8254256878112061,0.4762770634336182,0.17077201710322887
0.9116978428623304,0.8233956857246608,0.42603597860514764,0.20528058576097363
0.911001168102003,0.8220023362040061,0.3770081767140212,0.24350992886702583
0.910646589678246,0.8212931793564919,0.3298494225868446,0.2851727174259676
0.910646589678246,0.8212931793564919,0.2851727174259676,0.3298494225868446
0.911001168102003,0.8220023362040061,0.24350992886702583,0.3770081767140212
0.9116978428623304,0.8233956857246608,0.20528058576097363,0.42603597860514764
0.912712843905603,0.8254256878112061,0.17077201710322887,0.4762770634336182
0.9140132839215305,0.828026567843061,0.1401328392153045,0.5270730615684174
0.9155599338158502,0.8311198676317004,0.11337930506642702,0.5777996690792508
0.9173101769405277,0.8346203538810554,0.09041194634580474,0.6278957962323746
0.919220760827798,0.838441521655596,0.07103874951967759,0.6768830433111922
0.9212500769041843,0.8425001538083684,0.05500092285021063,0.7243752691646448
0.9233598334760653,0.8467196669521305,0.0419979184508158,0.7700795004281957
0.9255161077276142,0.8510322154552283,0.03170940045898374,0.8137902693190353
0.9276898473937812,0.8553796947875625,0.023812939816047263,0.8553796947875625
0.9298569376168105,0.8597138752336211,0.017997126635347915,0.8947854064252159
0.9319979599081955,0.8639959198163908,0.013970418668833529,0.9319979599081955
0.9340977593681064,0.8681955187362127,0.011466390521594927,0.9670488796840532
0.9361449143185899,0.8722898286371799,0.010246171938143589,1.0
0.9343821285075213,0.8359553212688033,1.0,0.01573192761281994
0.9322325852428303,0.8305814631070757,0.9661162926214152,0.017372486021039135
0.930028857145868,0.8250721428646701,0.930028857145868,0.020404000042152592
0.9277841855325881,0.8194604638314702,0.8916762782988822,0.02508650468993945
0.9255161077276142,0.8137902693190353,0.8510322154552283,0.03170940045898374
0.9232470443546663,0.8081176108866659,0.8081176108866659,0.04058805443332969
0.9210047494466636,0.802511873616659,0.7630142483399908,0.052056993359962944
0.9188225041531801,0.7970562603829503,0.7158787645361303,0.06645879776157115
0.9167389105756374,0.7918472764390934,0.6669556423025493,0.08412801633201072
0.914797135431539,0.7869928385788475,0.6165871094419255,0.10536992203115947
0.9130434782608696,0.782608695652174,0.5652173913043479,0.13043478260869568
0.9115252089592383,0.7788130223980956,0.5133886492758102,0.15948948511276329
0.9102877391967487,0.7757193479918717,0.46172643518049206,0.19258965277073803
0.9093713491141112,0.7734283727852781,0.41091376924172307,0.2296564674699456
0.9088078494824894,0.7720196237062235,0.36165494637742557,0.27046279585991495
0.9086176675230092,0.7715441688075231,0.31463250642256924,0.31463250642256924
0.9088078494824894,0.7720196237062235,0.27046279585991495,0.36165494637742557
0.9093713491141112,0.7734283727852781,0.2296564674699456,0.41091376924172307
0.9102877391967487,0.7757193479918717,0.19258965277073803,0.46172643518049206
0.9115252089592383,0.7788130223980956,0.15948948511276329,0.5133886492758102
0.9130434782608695,0.7826086956521738,0.13043478260869557,0.5652173913043478
0.914797135431539,0.7869928385788475,0.10536992203115947,0.6165871094419255
0.9167389105756374,0.7918472764390934,0.08412801633201072,0.6669556423025493
0.9188225041531801,0.7970562603829503,0.06645879776157115,0.7158787645361303
0.9210047494466636,0.802511873616659,0.052056993359962944,0.7630142483399908
0.9232470443546663,0.8081176108866659,0.04058805443332958,0.8081176108866659
0.9255161077276142,0.8137902693190353,0.03170940045898374,0.8510322154552283
0.9277841855325881,0.8194604638314702,0.02508650468993945,0.8916762782988822
0.930028857145868,0.8250721428646701,0.020404000042152592,0.930028857145868
0.9322325852428303,0.8305814631070757,0.017372486021039135,0.9661162926214152
0.9343821285075213,0.8359553212688033,0.01573192761281994,1.0
0.9326182879470791,0.7978548638412373,1.0,0.02296517523264674
0.9303689376177209,0.7911068128531626,0.9651844688088604,0.025165126648092007
0.9280649998734394,0.7841949996203181,0.9280649998734394,0.02887749829143138
0.9257218647291793,0.7771655941875377,0.8885827970937689,0.03438424147933039
0.9233598334760653,0.7700795004281957,0.8467196669521305,0.0419979184508158
0.9210047494466636,0.7630142483399908,0.802511873616659,0.052056993359962944
0.9186884371818258,0.7560653115454775,0.7560653115454775,0.06491702759099716
0.9164488013711286,0.7493464041133859,0.7075708047989502,0.08093681508241501
0.9143294126243762,0.7429882378731284,0.6573176504975045,0.10045883255594934
0.9123784091323353,0.737135227397006,0.6057028410955089,0.123784091323353
0.910646589678246,0.7319397690347378,0.5532329483912297,0.15114260194333662
0.9091846781627,0.7275540344881002,0.5005157298948503,0.18266210346430045
0.9080399020256594,0.7241197060769783,0.4482394121539566,0.2183391672181051
0.9072522208479663,0.721756662543899,0.3971394355117813,0.2580177667837308
0.9068507134334756,0.7205521403004266,0.3479549940343287,0.3013803507510665
0.9068507134334756,0.7205521403004266,0.3013803507510665,0.3479549940343287
0.9072522208479663,0.721756662543899,0.2580177667837308,0.3971394355117813
0.9080399020256594,0.7241197060769783,0.2183391672181051,0.4482394121539566
0.9091846781627,0.7275540344881002,0.18266210346430045,0.5005157298948503
0.910646589678246,0.7319397690347378,0.1511426019433364,0.5532329483912297
0.9123784091323353,0.7371352273970059,0.12378409132335289,0.6057028410955088
0.9143294126243762,0.7429882378731284,0.10045883255594934,0.6573176504975045
0.9164488013711286,0.7493464041133859,0.08093681508241501,0.7075708047989502
0.9186884371818258,0.7560653115454775,0.06491702759099716,0.7560653115454775
0.9210047494466636,0.7630142483399907,0.05205699335996272,0.8025118736166589
0.9233598334760653,0.7700795004281957,0.0419979184508158,0.8467196669521305
0.9257218647291793,0.7771655941875377,0.03438424147933039,0.8885827970937689
0.9280649998734394,0.7841949996203181,0.02887749829143138,0.9280649998734394
0.9303689376177209,0.7911068128531626,0.025165126648092007,0.9651844688088604
0.9326182879470791,0.7978548638412373,0.02296517523264674,1.0
0.9308698870179717,0.7580446045629008,1.0,0.03217841825160306
0.9285258310108137,0.7498404085378478,0.9642629155054069,0.03509871864598468
0.9261283144846882,0.7414491006964088,0.9261283144846882,0.039668088300946924
0.9236952406283484,0.7329333421992195,0.8855428609425227,0.04619050785435541
0.9212500769041843,0.7243752691646448,0.8425001538083684,0.05500092285021063
0.9188225041531801,0.7158787645361303,0.7970562603829503,0.06645879776157115
0.9164488013711286,0.7075708047989502,0.7493464041133859,0.08093681508241501
0.9141717849154251,0.6996012472039879,0.6996012472039879,0.09880374161196348
0.9120401005732915,0.6921403520065202,0.648160402293166,0.12040100573291501
0.910106685004901,0.6853733975171536,0.5954800825220546,0.14601350754655995
0.908426290700874,0.679492017453059,0.54213145350437,0.17583661630786585
0.9070521175319654,0.6746824113618788,0.4887866464258096,0.20994299902170577
0.9060318028530121,0.6711113099855422,0.4361908171180725,0.2482544228240966
0.9054032460319196,0.6689113611117186,0.3851210992074773,0.29052434523939685
0.9051909073720046,0.6681681758020159,0.33633635160403186,0.33633635160403186
0.9054032460319196,0.6689113611117186,0.29052434523939685,0.3851210992074773
0.9060318028530121,0.6711113099855424,0.2482544228240967,0.4361908171180726
0.9070521175319654,0.6746824113618788,0.20994299902170577,0.4887866464258096
0.908426290700874,0.679492017453059,0.17583661630786585,0.54213145350437
0.910106685004901,0.6853733975171536,0.14601350754655995,0.5954800825220546
0.9120401005732915,0.6921403520065202,0.12040100573291501,0.648160402293166
0.9141717849154251,0.6996012472039879,0.09880374161196348,0.6996012472039879
0.9164488013711286,0.7075708047989502,0.08093681508241501,0.7493464041133859
0.9188225041531801,0.7158787645361303,0.06645879776157115,0.7970562603829503
0.9212500769041843,0.7243752691646448,0.05500092285021063,0.8425001538083684
0.9236952406283484,0.7329333421992195,0.04619050785435541,0.8855428609425227
0.9261283144846882,0.7414491006964088,0.039668088300946924,0.9261283144846882
0.9285258310108137,0.7498404085378478,0.03509871864598468,0.9642629155054069
0.9308698870179717,0.7580446045629008,0.03217841825160306,1.0
0.9291563653024185,0.7166254612096742,1.0,0.04361093158265039
0.9267256694552688,0.7069026778210753,0.9633628347276344,0.04743370291849469
0.924244598092143,0.696978392368572,0.924244598092143,0.05305747615178724
0.9217339519805168,0.6869358079220671,0.8826009279707752,0.060807423766201185
0.919220760827798,0.6768830433111923,0.8384415216555962,0.07103874951967781
0.9167389105756374,0.6669556423025493,0.7918472764390934,0.08412801633201072
0.9143294126243762,0.6573176504975045,0.7429882378731284,0.10045883255594934
0.9120401005732915,0.648160402293166,0.6921403520065202,0.12040100573291501
0.909924530177791,0.639698120711164,0.639698120711164,0.14428303668901454
0.9080399020256594,0.6321596081026377,0.5861795591154675,0.17235911823093486
0.9064439460550024,0.6257757842200096,0.532219730275012,0.20477354146752047
0.9051909073720046,0.6207636294880182,0.478549990546025,0.24152725897603644
0.904327025353012,0.6173081014120481,0.4259621521180721,0.2824526901475902
0.9038861337335574,0.6155445349342299,0.3752598692681235,0.32720293613490214
0.9038861337335574,0.6155445349342299,0.32720293613490214,0.3752598692681235
0.904327025353012,0.6173081014120481,0.2824526901475902,0.4259621521180721
0.9051909073720046,0.6207636294880182,0.24152725897603644,0.478549990546025
0.9064439460550024,0.6257757842200096,0.20477354146752047,0.532219730275012
0.9080399020256594,0.6321596081026377,0.17235911823093486,0.5861795591154675
0.909924530177791,0.639698120711164,0.14428303668901454,0.639698120711164
0.9120401005732915,0.648160402293166,0.12040100573291501,0.6921403520065202
0.9143294126243762,0.6573176504975045,0.10045883255594934,0.7429882378731284
0.9167389105756374,0.6669556423025493,0.08412801633201072,0.7918472764390934
0.919220760827798,0.6768830433111922,0.07103874951967759,0.838441521655596
0.9217339519805168,0.6869358079220671,0.060807423766201185,0.8826009279707752
0.924244598092143,0.696978392368572,0.05305747615178724,0.924244598092143
0.9267256694552688,0.7069026778210753,0.04743370291849469,0.9633628347276344
0.9291563653024185,0.7166254612096742,0.04361093158265039,1.0
0.9275000566405587,0.6737502548825138,1.0,0.05750073632726216
0.9249941399382651,0.6624736297221928,0.9624970699691325,0.06242674922831348
0.9224433265670519,0.6509949695517334,0.9224433265670519,0.0693199188046224
0.9198716919784996,0.6394226139032482,0.8798075379677495,0.07852445775274552
0.9173101769405277,0.6278957962323746,0.8346203538810554,0.09041194634580474
0.914797135431539,0.6165871094419255,0.7869928385788475,0.10536992203115947
0.9123784091323353,0.6057028410955089,0.737135227397006,0.123784091323353
0.910106685004901,0.5954800825220546,0.6853733975171536,0.14601350754655995
0.9080399020256594,0.5861795591154675,0.6321596081026377,0.17235911823093486
0.9062385538123009,0.5780734921553541,0.5780734921553541,0.20302770740455778
0.9047619047619048,0.5714285714285714,0.5238095238095238,0.23809523809523814
0.9036633898281824,0.5664852542268207,0.4701486440550031,0.2774754237113679
0.9029857499854668,0.5634358749346007,0.41791449991280083,0.3209002498982676
0.902756672334737,0.5624050255063164,0.3679183701757903,0.3679183701757903
0.9029857499854668,0.5634358749346007,0.3209002498982676,0.41791449991280083
0.9036633898281824,0.5664852542268207,0.2774754237113679,0.4701486440550031
0.9047619047619048,0.5714285714285714,0.23809523809523814,0.5238095238095238
0.9062385538123009,0.5780734921553541,0.20302770740455778,0.5780734921553541
0.9080399020256594,0.5861795591154675,0.17235911823093486,0.6321596081026377
0.910106685004901,0.5954800825220546,0.14601350754655995,0.6853733975171536
0.9123784091323353,0.6057028410955089,0.123784091323353,0.737135227397006
0.914797135431539,0.6165871094419255,0.10536992203115947,0.7869928385788475
0.9173101769405277,0.6278957962323746,0.09041194634580474,0.8346203538810554
0.9198716919784996,0.6394226139032482,0.07852445775274552,0.8798075379677495
0.9224433265670519,0.6509949695517334,0.0693199188046224,0.9224433265670519
0.9249941399382651,0.6624736297221928,0.06242674922831348,0.9624970699691325
0.9275000566405587,0.6737502548825138,0.05750073632726216,1.0
0.9259259259259259,0.6296296296296295,1.0,0.07407407407407407
0.9233598334760653,0.6167991673803264,0.9616799167380327,0.08031800171278325
0.9207571148249672,0.6037855741248364,0.9207571148249672,0.08870682048712353
0.9181454490929942,0.590727245464971,0.8772181736394913,0.09959994002293615
0.9155599338158502,0.5777996690792508,0.8311198676317004,0.11337930506642702
0.9130434782608695,0.5652173913043478,0.7826086956521738,0.13043478260869557
0.910646589678246,0.5532329483912297,0.7319397690347378,0.1511426019433364
0.908426290700874,0.54213145350437,0.679492017453059,0.17583661630786585
0.9064439460550024,0.532219730275012,0.6257757842200096,0.20477354146752047
0.9047619047619048,0.5238095238095238,0.5714285714285714,0.23809523809523814
0.9034390900829465,0.5171954504147325,0.5171954504147325,0.2757931756220986
0.9025259642342841,0.5126298211714206,0.46389280328856275,0.31768174963998896
0.9020595786251216,0.5102978931256082,0.4123574717507299,0.3633872610632908
0.9020595786251216,0.5102978931256082,0.3633872610632908,0.4123574717507299
0.9025259642342841,0.5126298211714206,0.31768174963998896,0.46389280328856275
0.9034390900829465,0.5171954504147325,0.2757931756220986,0.5171954504147325
0.9047619047619048,0.5238095238095238,0.23809523809523814,0.5714285714285714
0.9064439460550024,0.532219730275012,0.20477354146752047,0.6257757842200096
0.908426290700874,0.54213145350437,0.17583661630786585,0.679492017453059
0.910646589678246,0.5532329483912297,0.15114260194333662,0.7319397690347378
0.9130434782608696,0.5652173913043479,0.13043478260869568,0.782608695652174
0.9155599338158502,0.5777996690792508,0.11337930506642702,0.8311198676317004
0.9181454490929942,0.590727245464971,0.09959994002293615,0.8772181736394913
0.9207571148249672,0.6037855741248364,0.08870682048712353,0.9207571148249672
0.9233598334760653,0.6167991673803264,0.08031800171278325,0.9616799167380327
0.9259259259259259,0.6296296296296295,0.07407407407407407,1.0
0.9244610425399502,0.5845357339697261,1.0,0.09353251047940236
0.9218535334835436,0.57019443415949,0.9609267667417718,0.10131563506075192
0.919220760827798,0.5557141845528893,0.919220760827798,0.11142836910577869
0.9165942343771701,0.5412682890744356,0.8748913515657551,0.12423946096028604
0.9140132839215305,0.5270730615684174,0.828026567843061,0.1401328392153045
0.9115252089592383,0.5133886492758102,0.7788130223980956,0.15948948511276329
0.9091846781627,0.5005157298948503,0.7275540344881002,0.18266210346430045
0.9070521175319654,0.4887866464258096,0.6746824113618788,0.20994299902170577
0.9051909073720046,0.478549990546025,0.6207636294880182,0.24152725897603644
0.9036633898281824,0.4701486440550031,0.5664852542268207,0.2774754237113679
0.9025259642342841,0.46389280328856275,0.5126298211714206,0.31768174963998896
0.9018238612652368,0.46003123695880244,0.46003123695880244,0.36185509822403916
0.9015864337389754,0.4587253855643648,0.4095186024338525,0.4095186024338525
0.9018238612652368,0.46003123695880244,0.36185509822403916,0.46003123695880244
0.9025259642342841,0.46389280328856275,0.31768174963998896,0.5126298211714206
0.9036633898281824,0.4701486440550031,0.2774754237113679,0.5664852542268207
0.9051909073720046,0.4785499905460251,0.24152725897603655,0.6207636294880183
0.9070521175319654,0.4887866464258095,0.20994299902170566,0.6746824113618788
0.9091846781627,0.5005157298948503,0.18266210346430045,0.7275540344881002
0.9115252089592383,0.5133886492758102,0.15948948511276329,0.7788130223980956
0.9140132839215305,0.5270730615684174,0.1401328392153045,0.828026567843061
0.9165942343771701,0.5412682890744356,0.12423946096028604,0.8748913515657551
0.919220760827798,0.5557141845528893,0.11142836910577869,0.919220760827798
0.9218535334835436,0.57019443415949,0.10131563506075192,0.9609267667417718
0.9244610425399502,0.5845357339697261,0.09353251047940236,1.0
0.9231337557975912,0.5388025347855472,1.0,0.1160381916722989
0.9205071366482835,0.5230428198897015,0.9602535683241418,0.1255785031311193
0.9178698437646818,0.5072190625880909,0.9178698437646818,0.13763335952915912
0.9152572802785929,0.49154368167155704,0.8728859204178893,0.15257280278592844
0.912712843905603,0.4762770634336182,0.8254256878112061,0.17077201710322887
0.9102877391967487,0.46172643518049206,0.7757193479918717,0.19258965277073803
0.9080399020256594,0.4482394121539566,0.7241197060769783,0.2183391672181051
0.9060318028530121,0.4361908171180725,0.6711113099855422,0.2482544228240966
0.904327025353012,0.4259621521180721,0.6173081014120481,0.2824526901475902
0.9029857499854668,0.41791449991280083,0.5634358749346007,0.3209002498982676
0.9020595786251216,0.4123574717507299,0.5102978931256082,0.3633872610632908
0.9015864337389754,0.4095186024338525,0.4587253855643648,0.4095186024338525
0.9015864337389754,0.4095186024338525,0.4095186024338525,0.4587253855643648
0.9020595786251216,0.4123574717507299,0.3633872610632908,0.5102978931256082
0.9029857499854668,0.41791449991280083,0.3209002498982676,0.5634358749346007
0.904327025353012,0.4259621521180722,0.28245269014759034,0.6173081014120482
0.9060318028530121,0.4361908171180725,0.2482544228240966,0.6711113099855422
0.9080399020256594,0.4482394121539566,0.2183391672181051,0.7241197060769783
0.9102877391967487,0.46172643518049206,0.19258965277073803,0.7757193479918717
0.912712843905603,0.4762770634336182,0.17077201710322887,0.8254256878112061
0.9152572802785929,0.49154368167155704,0.15257280278592844,0.8728859204178893
0.9178698437646818,0.5072190625880909,0.13763335952915912,0.9178698437646818
0.9205071366482835,0.5230428198897015,0.1255785031311193,0.9602535683241418
0.9231337557975912,0.5388025347855472,0.1160381916722989,1.0
0.9219725685359129,0.49282169548343413,1.0,0.14169825389504243
0.9193522161454488,0.4757894049454173,0.9596761080727244,0.1531982695272126
0.9167389105756374,0.4588029187416427,0.9167389105756374,0.16738910575637334
0.9141717849154251,0.44211660195026303,0.8712576773731376,0.18463195669653842
0.9116978428623304,0.42603597860514764,0.8233956857246608,0.20528058576097363
0.9093713491141112,0.41091376924172307,0.7734283727852781,0.2296564674699456
0.9072522208479663,0.3971394355117813,0.721756662543899,0.2580177667837308
0.9054032460319196,0.3851210992074773,0.6689113611117186,0.29052434523939685
0.9038861337335574,0.3752598692681235,0.6155445349342299,0.32720293613490214
0.902756672334737,0.3679183701757903,0.5624050255063164,0.3679183701757903
0.9020595786251216,0.3633872610632908,0.5102978931256082,0.4123574717507299
0.9018238612652368,0.36185509822403916,0.46003123695880244,0.46003123695880244
0.9020595786251216,0.3633872610632908,0.4123574717507299,0.5102978931256082
0.902756672334737,0.3679183701757902,0.3679183701757902,0.5624050255063162
0.9038861337335574,0.3752598692681235,0.32720293613490214,0.6155445349342299
0.9054032460319196,0.3851210992074773,0.29052434523939685,0.6689113611117186
0.9072522208479663,0.3971394355117813,0.2580177667837308,0.721756662543899
0.9093713491141112,0.41091376924172307,0.2296564674699456,0.7734283727852781
0.9116978428623304,0.42603597860514764,0.20528058576097363,0.8233956857246608
0.9141717849154251,0.44211660195026303,0.18463195669653842,0.8712576773731376
0.9167389105756374,0.4588029187416427,0.16738910575637334,0.9167389105756374
0.9193522161454488,0.4757894049454173,0.1531982695272126,0.9596761080727244
0.9219725685359129,0.49282169548343413,0.14169825389504243,1.0
0.9210047494466636,0.44703324612664497,1.0,0.1705498691899675
0.9184182983551996,0.4289280884863971,0.9592091491775998,0.1841829835519958
0.9158593676176657,0.41101557332366023,0.9158593676176657,0.20066399236782462
0.913370383635158,0.39359268544610604,0.870055575452737,0.22033345271642202
0.911001168102003,0.3770081767140212,0.8220023362040061,0.24350992886702583
0.9088078494824894,0.36165494637742557,0.7720196237062235,0.27046279585991495
0.9068507134334756,0.3479549940343287,0.7205521403004266,0.3013803507510665
0.9051909073720046,0.33633635160403186,0.6681681758020159,0.33633635160403186
0.9038861337335574,0.32720293613490214,0.6155445349342299,0.3752598692681235
0.9029857499854668,0.3209002498982676,0.5634358749346007,0.41791449991280083
0.9025259642342841,0.31768174963998896,0.5126298211714206,0.46389280328856275
0.9025259642342841,0.31768174963998896,0.46389280328856275,0.5126298211714206
0.9029857499854668,0.3209002498982676,0.41791449991280083,0.5634358749346007
0.9038861337335574,0.32720293613490214,0.3752598692681235,0.6155445349342299
0.9051909073720046,0.33633635160403186,0.33633635160403186,0.6681681758020159
0.9068507134334756,0.34795499403432884,0.3013803507510666,0.7205521403004267
0.9088078494824894,0.36165494637742557,0.27046279585991495,0.7720196237062235
0.911001168102003,0.3770081767140212,0.24350992886702583,0.8220023362040061
0.913370383635158,0.39359268544610604,0.22033345271642202,0.870055575452737
0.9158593676176657,0.41101557332366023,0.20066399236782462,0.9158593676176657
0.9184182983551996,0.4289280884863971,0.1841829835519958,0.9592091491775998
0.9210047494466636,0.44703324612664497,0.1705498691899675,1.0
0.92025477771711,0.4019108328783251,1.0,0.20254777717110006
0.9177309930210273,0.3829824476577046,0.9588654965105137,0.2184444336997593
0.9152572802785929,0.3644296020894463,0.9152572802785929,0.23731552250733556
0.9128786316261935,0.3465897371964517,0.8693179474392904,0.25946836882264535
0.910646589678246,0.3298494225868446,0.8212931793564919,0.2851727174259676
0.9086176675230092,0.31463250642256924,0.7715441688075231,0.31463250642256924
0.9068507134334756,0.3013803507510665,0.7205521403004266,0.3479549940343287
0.9054032460319196,0.29052434523939685,0.6689113611117186,0.3851210992074773
0.904327025353012,0.2824526901475902,0.6173081014120481,0.4259621521180721
0.9036633898281824,0.277475423711368,0.5664852542268208,0.47014864405500323
0.9034390900829465,0.2757931756220986,0.5171954504147325,0.5171954504147325
0.9036633898281824,0.2774754237113679,0.4701486440550031,0.5664852542268207
0.904327025353012,0.28245269014759034,0.4259621521180722,0.6173081014120482
0.9054032460319196,0.29052434523939685,0.3851210992074773,0.6689113611117186
0.9068507134334756,0.3013803507510666,0.34795499403432884,0.7205521403004267
0.9086176675230092,0.31463250642256924,0.31463250642256924,0.7715441688075231
0.910646589678246,0.3298494225868446,0.2851727174259676,0.8212931793564919
0.9128786316261935,0.3465897371964517,0.25946836882264535,0.8693179474392904
0.9152572802785929,0.3644296020894463,0.23731552250733556,0.9152572802785929
0.9177309930210273,0.3829824476577046,0.2184444336997593,0.9588654965105137
0.92025477771711,0.4019108328783251,0.20254777717110006,1.0
0.9197427646094872,0.3579421168758976,1.0,0.2375562637901285
0.9173101769405277,0.3384814155242216,0.9586550884702638,0.25579159246474925
0.9149513488874875,0.3196107910999004,0.9149513488874875,0.27708646554364424
0.912712843905603,0.3017027512448244,0.8690692658584046,0.3017027512448244
0.910646589678246,0.2851727174259676,0.8212931793564919,0.3298494225868446
0.9088078494824894,0.27046279585991495,0.7720196237062235,0.36165494637742557
0.9072522208479663,0.2580177667837308,0.721756662543899,0.3971394355117813
0.9060318028530121,0.2482544228240967,0.6711113099855424,0.4361908171180726
0.9051909073720046,0.24152725897603644,0.6207636294880182,0.478549990546025
0.9047619047619048,0.23809523809523814,0.5714285714285714,0.5238095238095238
0.9047619047619048,0.23809523809523814,0.5238095238095238,0.5714285714285714
0.9051909073720046,0.24152725897603655,0.4785499905460251,0.6207636294880183
0.9060318028530121,0.2482544228240966,0.4361908171180725,0.6711113099855422
0.9072522208479663,0.2580177667837308,0.3971394355117813,0.721756662543899
0.9088078494824894,0.27046279585991495,0.36165494637742557,0.7720196237062235
0.910646589678246,0.2851727174259676,0.3298494225868446,0.8212931793564919
0.912712843905603,0.3017027512448244,0.3017027512448244,0.8690692658584046
0.9149513488874875,0.3196107910999004,0.27708646554364424,0.9149513488874875
0.9173101769405277,0.3384814155242216,0.25579159246474925,0.9586550884702638
0.9197427646094872,0.3579421168758976,0.2375562637901285,1.0
0.9194830317771525,0.3156057701057966,1.0,0.27534728599437286
0.9171684633437418,0.2959319384218051,0.9585842316718709,0.2959319384218051
0.9149513488874875,0.27708646554364424,0.9149513488874875,0.3196107910999004
0.9128786316261935,0.25946836882264535,0.8693179474392904,0.3465897371964517
0.911001168102003,0.24350992886702583,0.8220023362040061,0.3770081767140212
0.9093713491141112,0.2296564674699456,0.7734283727852781,0.41091376924172307
0.9080399020256594,0.2183391672181051,0.7241197060769783,0.4482394121539566
0.9070521175319654,0.20994299902170577,0.6746824113618788,0.4887866464258096
0.9064439460550024,0.20477354146752047,0.6257757842200096,0.532219730275012
0.9062385538123009,0.20302770740455778,0.5780734921553541,0.5780734921553541
0.9064439460550024,0.20477354146752047,0.532219730275012,0.6257757842200096
0.9070521175319654,0.20994299902170577,0.4887866464258096,0.6746824113618788
0.9080399020256594,0.2183391672181051,0.4482394121539566,0.7241197060769783
0.9093713491141112,0.2296564674699456,0.41091376924172307,0.7734283727852781
0.911001168102003,0.24350992886702583,0.3770081767140212,0.8220023362040061
0.9128786316261935,0.25946836882264535,0.3465897371964517,0.8693179474392904
0.9149513488874875,0.27708646554364424,0.3196107910999004,0.9149513488874875
0.9171684633437418,0.2959319384218051,0.2959319384218051,0.9585842316718709
0.9194830317771525,0.3156057701057966,0.27534728599437286,1.0
0.9194830317771525,0.27534728599437286,1.0,0.3156057701057966
0.9173101769405277,0.25579159246474925,0.9586550884702638,0.3384814155242216
0.9152572802785929,0.23731552250733556,0.9152572802785929,0.3644296020894463
0.913370383635158,0.22033345271642202,0.870055575452737,0.39359268544610604
0.9116978428623304,0.20528058576097363,0.8233956857246608,0.42603597860514764
0.9102877391967487,0.19258965277073803,0.7757193479918717,0.46172643518049206
0.9091846781627,0.18266210346430045,0.7275540344881002,0.5005157298948503
0.908426290700874,0.17583661630786585,0.679492017453059,0.54213145350437
0.9080399020256594,0.17235911823093486,0.6321596081026377,0.5861795591154675
0.9080399020256594,0.17235911823093486,0.5861795591154675,0.6321596081026377
0.908426290700874,0.17583661630786585,0.54213145350437,0.679492017453059
0.9091846781627,0.18266210346430045,0.5005157298948503,0.7275540344881002
0.9102877391967487,0.19258965277073803,0.46172643518049206,0.7757193479918717
0.9116978428623304,0.20528058576097363,0.42603597860514764,0.8233956857246608
0.913370383635158,0.22033345271642202,0.39359268544610604,0.870055575452737
0.9152572802785929,0.23731552250733556,0.3644296020894463,0.9152572802785929
0.9173101769405277,0.25579159246474925,0.3384814155242216,0.9586550884702638
0.9194830317771525,0.27534728599437286,0.3156057701057966,1.0
0.9197427646094872,0.2375562637901285,1.0,0.3579421168758976
0.9177309930210273,0.2184444336997593,0.9588654965105137,0.3829824476577046
0.9158593676176657,0.20066399236782462,0.9158593676176657,0.41101557332366023
0.9141717849154251,0.18463195669653842,0.8712576773731376,0.44211660195026303
0.912712843905603,0.17077201710322887,0.8254256878112061,0.4762770634336182
0.9115252089592383,0.15948948511276329,0.7788130223980956,0.5133886492758102
0.910646589678246,0.15114260194333662,0.7319397690347378,0.5532329483912297
0.9101066850049011,0.14601350754656006,0.6853733975171536,0.5954800825220548
0.909924530177791,0.14428303668901454,0.639698120711164,0.639698120711164
0.910106685004901,0.14601350754655995,0.5954800825220546,0.6853733975171536
0.910646589678246,0.15114260194333662,0.5532329483912297,0.7319397690347378
0.9115252089592383,0.15948948511276329,0.5133886492758102,0.7788130223980956
0.912712843905603,0.17077201710322887,0.4762770634336182,0.8254256878112061
0.9141717849154251,0.18463195669653842,0.44211660195026303,0.8712576773731376
0.9158593676176657,0.20066399236782462,0.41101557332366023,0.9158593676176657
0.9177309930210273,0.2184444336997593,0.3829824476577046,0.9588654965105137
0.9197427646094872,0.2375562637901285,0.3579421168758976,1.0
0.92025477771711,0.20254777717110006,1.0,0.4019108328783251
0.9184182983551996,0.1841829835519958,0.9592091491775998,0.4289280884863971
0.9167389105756374,0.16738910575637334,0.9167389105756374,0.4588029187416427
0.9152572802785929,0.15257280278592844,0.8728859204178893,0.49154368167155704
0.9140132839215305,0.1401328392153045,0.828026567843061,0.5270730615684174
0.9130434782608696,0.13043478260869568,0.782608695652174,0.5652173913043479
0.9123784091323353,0.123784091323353,0.737135227397006,0.6057028410955089
0.9120401005732915,0.12040100573291501,0.6921403520065202,0.648160402293166
0.9120401005732915,0.12040100573291501,0.648160402293166,0.6921403520065202
0.9123784091323353,0.123784091323353,0.6057028410955089,0.737135227397006
0.9130434782608696,0.13043478260869568,0.5652173913043479,0.782608695652174
0.9140132839215305,0.1401328392153045,0.5270730615684174,0.828026567843061
0.9152572802785929,0.15257280278592844,0.49154368167155704,0.8728859204178893
0.9167389105756374,0.16738910575637334,0.4588029187416427,0.9167389105756374
0.9184182983551996,0.1841829835519958,0.4289280884863971,0.9592091491775998
0.92025477771711,0.20254777717110006,0.4019108328783251,1.0
0.9210047494466636,0.1705498691899675,1.0,0.44703324612664497
0.9193522161454488,0.1531982695272126,0.9596761080727244,0.4757894049454173
0.9178698437646818,0.13763335952915912,0.9178698437646818,0.5072190625880909
0.9165942343771701,0.12423946096028604,0.8748913515657551,0.5412682890744356
0.9155599338158502,0.11337930506642702,0.8311198676317004,0.5777996690792508
0.914797135431539,0.10536992203115969,0.7869928385788475,0.6165871094419255
0.9143294126243762,0.10045883255594934,0.7429882378731284,0.6573176504975045
0.9141717849154251,0.09880374161196348,0.6996012472039879,0.6996012472039879
0.9143294126243762,0.10045883255594956,0.6573176504975046,0.7429882378731284
0.914797135431539,0.10536992203115947,0.6165871094419255,0.7869928385788475
0.9155599338158502,0.11337930506642702,0.5777996690792508,0.8311198676317004
0.9165942343771701,0.12423946096028604,0.5412682890744356,0.8748913515657551
0.9178698437646818,0.13763335952915912,0.5072190625880909,0.9178698437646818
0.9193522161454488,0.1531982695272126,0.4757894049454173,0.9596761080727244
0.9210047494466636,0.1705498691899675,0.44703324612664497,1.0
0.9219725685359129,0.14169825389504254,1.0,0.49282169548343424
0.9205071366482835,0.1255785031311193,0.9602535683241418,0.5230428198897015
0.919220760827798,0.11142836910577869,0.919220760827798,0.5557141845528893
0.9181454490929942,0.09959994002293615,0.8772181736394913,0.590727245464971
0.9173101769405277,0.09041194634580474,0.8346203538810554,0.6278957962323746
0.9167389105756374,0.08412801633201072,0.7918472764390934,0.6669556423025493
0.9164488013711286,0.08093681508241501,0.7493464041133859,0.7075708047989502
0.9164488013711286,0.08093681508241501,0.7075708047989502,0.7493464041133859
0.9167389105756374,0.08412801633201072,0.6669556423025493,0.7918472764390934
0.9173101769405277,0.09041194634580474,0.6278957962323746,0.8346203538810554
0.9181454490929942,0.09959994002293615,0.590727245464971,0.8772181736394913
0.919220760827798,0.11142836910577869,0.5557141845528893,0.919220760827798
0.9205071366482835,0.1255785031311193,0.5230428198897015,0.9602535683241418
0.9219725685359129,0.14169825389504254,0.49282169548343424,1.0
0.9231337557975912,0.1160381916722989,1.0,0.5388025347855472
0.9218535334835436,0.10131563506075192,0.9609267667417718,0.57019443415949
0.9207571148249672,0.08870682048712353,0.9207571148249672,0.6037855741248364
0.9198716919784996,0.07852445775274552,0.8798075379677495,0.6394226139032482
0.919220760827798,0.07103874951967759,0.838441521655596,0.6768830433111922
0.9188225041531801,0.06645879776157115,0.7970562603829503,0.7158787645361303
0.9186884371818258,0.06491702759099716,0.7560653115454775,0.7560653115454775
0.9188225041531801,0.06645879776157115,0.7158787645361303,0.7970562603829503
0.919220760827798,0.07103874951967781,0.6768830433111923,0.8384415216555962
0.9198716919784996,0.07852445775274552,0.6394226139032482,0.8798075379677495
0.9207571148249672,0.08870682048712353,0.6037855741248364,0.9207571148249672
0.9218535334835436,0.10131563506075192,0.57019443415949,0.9609267667417718
0.9231337557975912,0.1160381916722989,0.5388025347855472,1.0
0.9244610425399502,0.09353251047940236,1.0,0.5845357339697261
0.9233598334760653,0.08031800171278325,0.9616799167380327,0.6167991673803264
0.9224433265670519,0.0693199188046224,0.9224433265670519,0.6509949695517334
0.9217339519805168,0.060807423766201185,0.8826009279707752,0.6869358079220671
0.9212500769041843,0.05500092285021063,0.8425001538083684,0.7243752691646448
0.9210047494466636,0.052056993359962944,0.802511873616659,0.7630142483399908
0.9210047494466636,0.052056993359962944,0.7630142483399908,0.802511873616659
0.9212500769041843,0.05500092285021063,0.7243752691646448,0.8425001538083684
0.9217339519805168,0.060807423766201185,0.6869358079220671,0.8826009279707752
0.9224433265670519,0.0693199188046224,0.6509949695517334,0.9224433265670519
0.9233598334760653,0.08031800171278325,0.6167991673803264,0.9616799167380327
0.9244610425399502,0.09353251047940236,0.5845357339697261,1.0
0.9259259259259259,0.07407407407407407,1.0,0.6296296296296295
0.9249941399382651,0.06242674922831348,0.9624970699691325,0.6624736297221928
0.924244598092143,0.05305747615178724,0.924244598092143,0.696978392368572
0.9236952406283484,0.04619050785435541,0.8855428609425227,0.7329333421992195
0.9233598334760653,0.0419979184508158,0.8467196669521305,0.7700795004281957
0.9232470443546663,0.04058805443332969,0.8081176108866659,0.8081176108866659
0.9233598334760653,0.0419979184508158,0.7700795004281957,0.8467196669521305
0.9236952406283484,0.04619050785435541,0.7329333421992195,0.8855428609425227
0.924244598092143,0.05305747615178724,0.696978392368572,0.924244598092143
0.9249941399382651,0.06242674922831348,0.6624736297221928,0.9624970699691325
0.9259259259259259,0.07407407407407407,0.6296296296296295,1.0
0.9275000566405587,0.05750073632726216,1.0,0.6737502548825138
0.9267256694552688,0.04743370291849469,0.9633628347276344,0.7069026778210753
0.9261283144846882,0.039668088300946924,0.9261283144846882,0.7414491006964088
0.9257218647291793,0.03438424147933039,0.8885827970937689,0.7771655941875377
0.9255161077276142,0.03170940045898374,0.8510322154552283,0.8137902693190353
0.9255161077276142,0.03170940045898374,0.8137902693190353,0.8510322154552283
0.9257218647291793,0.03438424147933039,0.7771655941875377,0.8885827970937689
0.9261283144846882,0.039668088300946924,0.7414491006964088,0.9261283144846882
0.9267256694552688,0.04743370291849469,0.7069026778210753,0.9633628347276344
0.9275000566405587,0.05750073632726216,0.6737502548825138,1.0
0.9291563653024185,0.04361093158265039,1.0,0.7166254612096742
0.9285258310108137,0.03509871864598468,0.9642629155054069,0.7498404085378478
0.9280649998734394,0.02887749829143138,0.9280649998734394,0.7841949996203181
0.9277841855325881,0.02508650468993945,0.8916762782988822,0.8194604638314702
0.9276898473937812,0.023812939816047263,0.8553796947875625,0.8553796947875625
0.9277841855325881,0.02508650468993945,0.8194604638314702,0.8916762782988822
0.9280649998734394,0.02887749829143138,0.7841949996203181,0.9280649998734394
0.9285258310108137,0.03509871864598468,0.7498404085378478,0.9642629155054069
0.9291563653024185,0.04361093158265039,0.7166254612096742,1.0
0.9308698870179717,0.03217841825160306,1.0,0.7580446045629008
0.9303689376177209,0.025165126648092007,0.9651844688088604,0.7911068128531626
0.930028857145868,0.020404000042152592,0.930028857145868,0.8250721428646701
0.9298569376168105,0.017997126635347915,0.8947854064252159,0.8597138752336211
0.9298569376168105,0.017997126635347915,0.8597138752336211,0.8947854064252159
0.930028857145868,0.020404000042152592,0.8250721428646701,0.930028857145868
0.9303689376177209,0.025165126648092007,0.7911068128531626,0.9651844688088604
0.9308698870179717,0.03217841825160306,0.7580446045629008,1.0
0.9326182879470791,0.02296517523264674,1.0,0.7978548638412373
0.9322325852428303,0.017372486021039135,0.9661162926214152,0.8305814631070757
0.9319979599081955,0.013970418668833529,0.9319979599081955,0.8639959198163908
0.9319192082430202,0.012828519523793602,0.8978788123645304,0.8978788123645304
0.9319979599081955,0.013970418668833529,0.8639959198163908,0.9319979599081955
0.9322325852428303,0.017372486021039135,0.8305814631070757,0.9661162926214152
0.9326182879470791,0.02296517523264674,0.7978548638412373,1.0
0.9343821285075213,0.01573192761281994,1.0,0.8359553212688033
0.9340977593681064,0.011466390521594927,0.9670488796840532,0.8681955187362127
0.9339541813316173,0.009312719974260308,0.9339541813316173,0.9009312719974261
0.9339541813316173,0.009312719974260308,0.9009312719974261,0.9339541813316173
0.9340977593681064,0.011466390521594927,0.8681955187362127,0.9670488796840532
0.9343821285075213,0.01573192761281994,0.8359553212688033,1.0
0.9361449143185899,0.010246171938143589,1.0,0.8722898286371799
0.9359487384779651,0.00720544640845977,0.9679743692389826,0.9039231077169477
0.9358829436362499,0.006185626361872809,0.9358829436362499,0.9358829436362499
0.9359487384779651,0.00720544640845977,0.9039231077169477,0.9679743692389826
0.9361449143185899,0.010246171938143589,0.8722898286371799,1.0
0.9378929905955463,0.006287849528740952,1.0,0.9068394858933194
0.9377728608712945,0.0043657739407119145,0.9688864304356473,0.9377728608712945
0.9377728608712945,0.0043657739407119145,0.9377728608712945,0.9688864304356473
0.9378929905955463,0.006287849528740952,0.9068394858933194,1.0
0.9396153321360832,0.003652980245372195,1.0,0.9396153321360832
0.93956021147845,0.002743489394425924,0.969780105739225,0.969780105739225
0.9396153321360832,0.003652980245372195,0.9396153321360832,1.0
0.9413032729116251,0.002155639497626427,1.0,0.9706516364558125
0.9413032729116251,0.002155639497626427,0.9706516364558125,1.0
0.942950209461487,0.0016286655760233693,1.0,1.0
0.9121061897036429,1.0,1.0,0.003870149974618986
0.9095054533889857,1.0,0.9698351511296619,0.004559987278843214
0.9068394858933194,1.0,0.9378929905955463,0.006287849528740952
0.904119584184911,1.0,0.904119584184911,0.009235703244080629
0.9013606076167856,1.0,0.8684808101557142,0.013606076167856251
0.898581489432578,1.0,0.8309691490542966,0.01962106451492074
0.8958056932529218,1.0,0.7916113865058436,0.027519803693936917
0.8930615491300722,1.0,0.7504769479701683,0.037553942170649224
0.8903823857137195,1.0,0.7076863619032521,0.04998067618556945
0.8878063611989852,1.0,0.6634190835969553,0.06505300999154284
0.8853758920148695,1.0,0.617919640049565,0.08300713611895594
0.8831365919302571,1.0,0.5715008370776091,0.10404720479863727
0.8811356722374509,1.0,0.5245426889498036,0.12832826307463996
0.8794198193412789,1.0,0.47748588381220847,0.1559387353889522
0.8780326557727387,1.0,0.43081906027278083,0.18688437181825823
0.8770119907463818,1.0,0.38505995373190915,0.22107594139375164
0.8763871534854506,1.0,0.3407314852557367,0.2583229209127037
0.8761767484880506,1.0,0.29833490809895336,0.29833490809895336
0.8763871534854506,1.0,0.2583229209127037,0.3407314852557367
0.8770119907463818,1.0,0.22107594139375164,0.38505995373190915
0.8780326557727387,1.0,0.18688437181825823,0.43081906027278083
0.8794198193412789,1.0,0.1559387353889522,0.47748588381220847
0.8811356722374509,1.0,0.12832826307463996,0.5245426889498036
0.8831365919302571,1.0,0.10404720479863727,0.5715008370776091
0.8853758920148695,1.0,0.08300713611895594,0.617919640049565
0.8878063611989852,1.0,0.06505300999154284,0.6634190835969553
0.8903823857137195,1.0,0.04998067618556956,0.7076863619032522
0.8930615491300722,1.0,0.037553942170649224,0.7504769479701683
0.8958056932529218,1.0,0.027519803693936917,0.7916113865058436
0.898581489432578,1.0,0.01962106451492074,0.8309691490542966
0.9013606076167856,1.0,0.013606076167856251,0.8684808101557142
0.904119584184911,1.0,0.009235703244080629,0.904119584184911
0.9068394858933194,1.0,0.006287849528740952,0.9378929905955463
0.9095054533889857,1.0,0.004559987278843214,0.9698351511296619
0.9121061897036429,1.0,0.003870149974618986,1.0
0.9095054533889857,0.9698351511296619,1.0,0.004559987278843214
0.9067495191759687,0.9689165063919896,0.9689165063919896,0.005328204543665338
0.9039231077169477,0.9679743692389826,0.9359487384779651,0.00720544640845977
0.9010391312868937,0.9670130437622979,0.9010391312868937,0.010391312868936797
0.8981146583783013,0.9660382194594338,0.8641528778377351,0.015108364323579648
0.8951715163278082,0.9650571721092693,0.8252858605463469,0.02160081905954292
0.892236818783935,0.964078939594645,0.7844736375678701,0.03013136905541558
0.8893433329655024,0.9631144443218341,0.7418011102528389,0.04097555236768724
0.8865295788291649,0.9621765262763883,0.6974122102111064,0.054413156909707716
0.883839536100645,0.9612798453668817,0.6515186083019351,0.07071628880516034
0.8813218341806146,0.9604406113935382,0.6044061139353821,0.09013406205137908
0.8790283242181732,0.9596761080727244,0.5564371887999685,0.11287437759993701
0.8770119907463818,0.9590039969154606,0.5080479629855272,0.13908393522467288
0.8753242547614926,0.9584414182538309,0.45973843729980113,0.16882836507661725
0.8740118423302576,0.9580039474434192,0.41205526420786875,0.20207500142496482
0.8731135196686559,0.9577045065562186,0.3655675983432797,0.2386811180119356
0.8726570920065974,0.9575523640021991,0.3208378240351859,0.278390188037385
0.8726570920065974,0.9575523640021991,0.278390188037385,0.3208378240351859
0.8731135196686559,0.9577045065562186,0.2386811180119356,0.3655675983432797
0.8740118423302576,0.9580039474434192,0.20207500142496482,0.41205526420786875
0.8753242547614926,0.9584414182538309,0.16882836507661736,0.45973843729980124
0.8770119907463818,0.9590039969154606,0.13908393522467288,0.5080479629855272
0.8790283242181732,0.9596761080727244,0.11287437759993701,0.5564371887999685
0.8813218341806146,0.9604406113935382,0.0901340620513792,0.6044061139353822
0.883839536100645,0.9612798453668817,0.07071628880516034,0.6515186083019351
0.8865295788291649,0.9621765262763883,0.054413156909707716,0.6974122102111064
0.8893433329655024,0.9631144443218341,0.04097555236768724,0.7418011102528389
0.892236818783935,0.964078939594645,0.03013136905541547,0.78447363756787
0.8951715163278082,0.9650571721092693,0.02160081905954292,0.8252858605463469
0.8981146583783013,0.9660382194594338,0.015108364323579648,0.8641528778377351
0.9010391312868937,0.9670130437622979,0.010391312868936797,0.9010391312868937
0.9039231077169477,0.9679743692389826,0.00720544640845977,0.9359487384779651
0.9067495191759686,0.9689165063919896,0.005328204543665227,0.9689165063919896
0.9095054533889857,0.9698351511296619,0.004559987278843214,1.0
0.9068394858933194,0.9378929905955463,1.0,0.006287849528740952
0.9039231077169477,0.9359487384779651,0.9679743692389826,0.00720544640845977
0.9009312719974261,0.9339541813316173,0.9339541813316173,0.009312719974260308
0.8978788123645304,0.9319192082430202,0.8978788123645304,0.012828519523793602
0.8947854064252159,0.9298569376168105,0.8597138752336211,0.017997126635347915
0.8916762782988822,0.9277841855325881,0.8194604638314702,0.02508650468993945
0.8885827970937689,0.9257218647291793,0.7771655941875377,0.03438424147933039
0.8855428609425227,0.9236952406283484,0.7329333421992195,0.04619050785435541
0.8826009279707752,0.9217339519805168,0.6869358079220671,0.060807423766201185
0.8798075379677495,0.9198716919784996,0.6394226139032482,0.07852445775274552
0.8772181736394913,0.9181454490929942,0.590727245464971,0.09959994002293615
0.8748913515657551,0.9165942343771701,0.5412682890744356,0.12423946096028604
0.8728859204178893,0.9152572802785929,0.49154368167155704,0.15257280278592844
0.8712576773731376,0.9141717849154251,0.44211660195026303,0.18463195669653842
0.870055575452737,0.913370383635158,0.39359268544610604,0.22033345271642202
0.8693179474392904,0.9128786316261935,0.3465897371964517,0.25946836882264535
0.8690692658584046,0.912712843905603,0.3017027512448244,0.3017027512448244
0.8693179474392904,0.9128786316261935,0.25946836882264535,0.3465897371964517
0.870055575452737,0.913370383635158,0.22033345271642202,0.39359268544610604
0.8712576773731376,0.9141717849154251,0.18463195669653842,0.44211660195026303
0.8728859204178893,0.9152572802785929,0.15257280278592844,0.49154368167155704
0.8748913515657551,0.9165942343771701,0.12423946096028604,0.5412682890744356
0.8772181736394913,0.9181454490929942,0.09959994002293615,0.590727245464971
0.8798075379677495,0.9198716919784996,0.07852445775274552,0.6394226139032482
0.8826009279707752,0.9217339519805168,0.060807423766201185,0.6869358079220671
0.8855428609425227,0.9236952406283484,0.04619050785435541,0.7329333421992195
0.8885827970937689,0.9257218647291793,0.03438424147933028,0.7771655941875377
0.8916762782988822,0.9277841855325881,0.02508650468993945,0.8194604638314702
0.8947854064252159,0.9298569376168105,0.017997126635347915,0.8597138752336211
0.8978788123645304,0.9319192082430202,0.012828519523793602,0.8978788123645304
0.9009312719974261,0.9339541813316173,0.009312719974260308,0.9339541813316173
0.9039231077169477,0.9359487384779651,0.00720544640845977,0.9679743692389826
0.9068394858933194,0.9378929905955463,0.006287849528740952,1.0
0.904119584184911,0.904119584184911,1.0,0.009235703244080629
0.9010391312868937,0.9010391312868937,0.9670130437622979,0.010391312868936797
0.8978788123645304,0.8978788123645304,0.9319192082430202,0.012828519523793602
0.8946557519169065,0.8946557519169065,0.8946557519169065,0.01678701789112691
0.8913927078616005,0.8913927078616005,0.8551902771488007,0.022534370754404787
0.8881188789057698,0.8881188789057698,0.8135314648429496,0.03036361718333791
0.8848705665319996,0.8848705665319996,0.7697411330639992,0.04058805443332969
0.8816915489912351,0.8816915489912351,0.7239469476462154,0.05353239192988113
0.8786329908905898,0.8786329908905898,0.6763546423749061,0.0695195968278548
0.8757526950156127,0.8757526950156127,0.627258085046838,0.08885309678115949
0.8731135196686559,0.8731135196686559,0.5770450655621864,0.1117946376805915
0.8707808523238156,0.8707808523238156,0.5261964585206571,0.1385390154921039
0.8688191591660122,0.8688191591660122,0.47527663666404873,0.16918800805141054
0.8672878134388573,0.8672878134388573,0.42491385823504857,0.20372688063314415
0.8662366113796871,0.8662366113796871,0.3757708531052063,0.2420074644848933
0.8657015556892464,0.8657015556892464,0.32850777844623213,0.28374163034264754
0.8657015556892464,0.8657015556892464,0.28374163034264754,0.32850777844623213
0.8662366113796871,0.8662366113796871,0.2420074644848933,0.3757708531052063
0.8672878134388573,0.8672878134388573,0.20372688063314415,0.42491385823504857
0.8688191591660122,0.8688191591660122,0.16918800805141054,0.47527663666404873
0.8707808523238156,0.8707808523238156,0.1385390154921039,0.5261964585206571
0.8731135196686559,0.8731135196686559,0.1117946376805915,0.5770450655621864
0.8757526950156127,0.8757526950156127,0.08885309678115949,0.627258085046838
0.8786329908905898,0.8786329908905898,0.0695195968278548,0.6763546423749061
0.8816915489912351,0.8816915489912351,0.05353239192988113,0.7239469476462154
0.8848705665319996,0.8848705665319996,0.04058805443332969,0.7697411330639992
0.8881188789057698,0.8881188789057698,0.03036361718333802,0.8135314648429497
0.8913927078616005,0.8913927078616005,0.022534370754404787,0.8551902771488007
0.8946557519169065,0.8946557519169065,0.01678701789112691,0.8946557519169065
0.8978788123645304,0.8978788123645304,0.012828519523793602,0.9319192082430202
0.9010391312868937,0.9010391312868937,0.010391312868936797,0.9670130437622979
0.904119584184911,0.904119584184911,0.009235703244080629,1.0
0.9013606076167856,0.8684808101557142,1.0,0.013606076167856251
0.8981146583783013,0.8641528778377351,0.9660382194594338,0.015108364323579648
0.8947854064252159,0.8597138752336211,0.9298569376168105,0.017997126635347915
0.8913927078616005,0.8551902771488007,0.8913927078616005,0.022534370754404787
0.8879629469540093,0.8506172626053458,0.8506172626053458,0.029012206934747486
0.8845299461620748,0.8460399282160997,0.8075499102701247,0.037749551350623745
0.8811356722374509,0.8415142296499345,0.7622713444749019,0.04908537789960721
0.8778305556436947,0.8371074075249263,0.7149379631686211,0.06336759326832653
0.874673202056693,0.8328976027422572,0.6657952054845145,0.08093681508241501
0.8717292625572961,0.8289723500763948,0.6151877876718885,0.10210483790107316
0.8690692658584046,0.8254256878112061,0.5635642195280153,0.12712843905603055
0.8667653224947017,0.822353763326269,0.5114728491472398,0.15618037579977773
0.8648867952666865,0.819849060355582,0.4595471810667461,0.18932077160011906
0.8634952734420129,0.817993697922684,0.40847951824872286,0.2264732161714068
0.862639436051311,0.816852581401748,0.35898403490611785,0.26741032560699185
0.8623505596776629,0.8164674129035505,0.3117527983883146,0.3117527983883146
0.862639436051311,0.816852581401748,0.26741032560699185,0.35898403490611785
0.8634952734420129,0.817993697922684,0.2264732161714068,0.40847951824872286
0.8648867952666865,0.819849060355582,0.18932077160011895,0.45954718106674597
0.8667653224947017,0.822353763326269,0.15618037579977773,0.5114728491472398
0.8690692658584046,0.8254256878112061,0.12712843905603055,0.5635642195280153
0.8717292625572961,0.8289723500763948,0.10210483790107316,0.6151877876718885
0.874673202056693,0.8328976027422572,0.08093681508241501,0.6657952054845145
0.8778305556436947,0.8371074075249263,0.06336759326832653,0.7149379631686211
0.8811356722374509,0.8415142296499345,0.04908537789960721,0.7622713444749019
0.8845299461620748,0.8460399282160997,0.037749551350623745,0.8075499102701247
0.8879629469540093,0.8506172626053458,0.029012206934747486,0.8506172626053458
0.8913927078616005,0.8551902771488007,0.022534370754404787,0.8913927078616005
0.8947854064252159,0.8597138752336211,0.017997126635347915,0.9298569376168105
0.8981146583783013,0.8641528778377351,0.015108364323579648,0.9660382194594338
0.9013606076167856,0.8684808101557142,0.013606076167856251,1.0
0.898581489432578,0.8309691490542966,1.0,0.01962106451492074
0.8951715163278082,0.8252858605463469,0.9650571721092693,0.02160081905954292
0.8916762782988822,0.8194604638314702,0.9277841855325881,0.02508650468993945
0.8881188789057698,0.8135314648429496,0.8881188789057698,0.03036361718333791
0.8845299461620748,0.8075499102701247,0.8460399282160997,0.037749551350623745
0.8809486314801183,0.8015810524668637,0.8015810524668637,0.04758905184094597
0.8774233230331845,0.7957055383886408,0.754846646066369,0.06024547658774759
0.8740118423302576,0.790019737217096,0.7060276321039344,0.07608684375522234
0.8707808523238156,0.784634753873026,0.6554156061968415,0.09546596626670911
0.8678042052282304,0.7796736753803841,0.6034126156846914,0.1186947015215365
0.8651600275073515,0.7752667125122525,0.5505334250245052,0.14601350754655995
0.8629265012845139,0.7715441688075231,0.4973971713765508,0.1775590077070831
0.8611765559851757,0.7686275933086263,0.444706223940703,0.21333381724932932
0.8599719915971991,0.7666199859953318,0.3932119635878625,0.25318395518506154
0.8593578307184514,0.7655963845307523,0.3436698766861064,0.2967891535922569
0.8593578307184514,0.7655963845307523,0.2967891535922569,0.3436698766861064
0.8599719915971991,0.7666199859953317,0.2531839551850613,0.39321196358786237
0.8611765559851757,0.7686275933086263,0.21333381724932932,0.444706223940703
0.8629265012845139,0.7715441688075231,0.1775590077070831,0.4973971713765508
0.8651600275073515,0.7752667125122527,0.14601350754656006,0.5505334250245053
0.8678042052282304,0.7796736753803841,0.1186947015215365,0.6034126156846914
0.8707808523238156,0.784634753873026,0.09546596626670911,0.6554156061968415
0.8740118423302576,0.7900197372170961,0.07608684375522246,0.7060276321039345
0.8774233230331845,0.7957055383886408,0.06024547658774759,0.754846646066369
0.8809486314801183,0.8015810524668637,0.04758905184094597,0.8015810524668637
0.8845299461620748,0.8075499102701247,0.037749551350623745,0.8460399282160997
0.8881188789057698,0.8135314648429496,0.03036361718333791,0.8881188789057698
0.8916762782988822,0.8194604638314702,0.02508650468993945,0.9277841855325881
0.8951715163278082,0.8252858605463469,0.02160081905954292,0.9650571721092693
0.898581489432578,0.8309691490542966,0.01962106451492074,1.0
0.8958056932529218,0.7916113865058436,1.0,0.027519803693936917
0.892236818783935,0.7844736375678701,0.964078939594645,0.03013136905541558
0.8885827970937689,0.7771655941875377,0.9257218647291793,0.03438424147933039
0.8848705665319996,0.7697411330639992,0.8848705665319996,0.04058805443332969
0.8811356722374509,0.7622713444749019,0.8415142296499345,0.04908537789960721
0.8774233230331845,0.754846646066369,0.7957055383886408,0.06024547658774759
0.8737890514264987,0.7475781028529973,0.7475781028529973,0.07445304379432327
0.8702986896498649,0.7405973792997298,0.6973636091830181,0.0920908275490544
0.8670273378466191,0.7340546756932382,0.645406234257651,0.11351558564412745
0.8640570236711669,0.7281140473423338,0.5921710710135006,0.13902781658405694
0.861472871038117,0.722945742076234,0.5382429034603898,0.16883722622870168
0.8593578307184514,0.7187156614369028,0.484312045967655,0.20302770740455778
0.8577863610580068,0.7155727221160136,0.4311454442320273,0.24152725897603644
0.8568178120289958,0.7136356240579914,0.379543852125648,0.2840890601449785
0.856490538029518,0.712981076059036,0.3302891774710842,0.3302891774710842
0.8568178120289958,0.7136356240579914,0.2840890601449785,0.379543852125648
0.8577863610580068,0.7155727221160136,0.24152725897603644,0.4311454442320273
0.8593578307184514,0.7187156614369028,0.20302770740455778,0.484312045967655
0.861472871038117,0.722945742076234,0.16883722622870168,0.5382429034603898
0.8640570236711669,0.7281140473423338,0.13902781658405694,0.5921710710135006
0.8670273378466191,0.7340546756932382,0.11351558564412745,0.645406234257651
0.8702986896498649,0.7405973792997298,0.09209082754905462,0.6973636091830182
0.8737890514264987,0.7475781028529973,0.07445304379432327,0.7475781028529973
0.8774233230331845,0.754846646066369,0.06024547658774759,0.7957055383886408
0.8811356722374509,0.7622713444749019,0.04908537789960721,0.8415142296499345
0.8848705665319996,0.7697411330639992,0.04058805443332969,0.8848705665319996
0.8885827970937689,0.7771655941875377,0.03438424147933039,0.9257218647291793
0.892236818783935,0.78447363756787,0.03013136905541547,0.964078939594645
0.8958056932529218,0.7916113865058436,0.027519803693936917,1.0
0.8930615491300722,0.7504769479701683,1.0,0.037553942170649224
0.8893433329655024,0.7418011102528389,0.9631144443218341,0.04097555236768724
0.8855428609425227,0.7329333421992195,0.9236952406283484,0.04619050785435541
0.8816915489912351,0.7239469476462154,0.8816915489912351,0.05353239192988113
0.8778305556436947,0.7149379631686211,0.8371074075249263,0.06336759326832653
0.8740118423302576,0.7060276321039344,0.790019737217096,0.07608684375522234
0.8702986896498649,0.6973636091830181,0.7405973792997298,0.0920908275490544
0.8667653224947017,0.6891190858209707,0.6891190858209707,0.11176881663134497
0.8634952734420129,0.681488971364697,0.6359873958453679,0.13547006513274895
0.8605781762979481,0.6746824113618788,0.5817345288938442,0.1634690577876885
0.8581048690478794,0.6689113611117186,0.5270162301595979,0.19592759127131643
0.8561610095543848,0.6643756889602311,0.4725903683660775,0.2328587176233854
0.8548198244512518,0.661246257052921,0.4192792978050073,0.2740991222562591
0.8541350085021054,0.6596483531715793,0.3679183701757902,0.31929670634315865
0.8541350085021054,0.6596483531715793,0.31929670634315865,0.3679183701757902
0.8548198244512518,0.661246257052921,0.2740991222562591,0.4192792978050073
0.8561610095543848,0.6643756889602311,0.2328587176233854,0.4725903683660775
0.8581048690478794,0.6689113611117186,0.19592759127131643,0.5270162301595979
0.8605781762979481,0.6746824113618788,0.1634690577876885,0.5817345288938442
0.8634952734420129,0.681488971364697,0.13547006513274895,0.6359873958453679
0.8667653224947017,0.6891190858209708,0.11176881663134508,0.6891190858209708
0.8702986896498649,0.6973636091830182,0.09209082754905462,0.7405973792997298
0.8740118423302576,0.7060276321039345,0.07608684375522246,0.7900197372170961
0.8778305556436947,0.7149379631686211,0.06336759326832653,0.8371074075249263
0.8816915489912351,0.7239469476462154,0.05353239192988113,0.8816915489912351
0.8855428609425227,0.7329333421992195,0.04619050785435541,0.9236952406283484
0.8893433329655024,0.7418011102528389,0.04097555236768724,0.9631144443218341
0.8930615491300722,0.7504769479701683,0.037553942170649224,1.0
0.8903823857137195,0.7076863619032521,1.0,0.04998067618556945
0.8865295788291649,0.6974122102111064,0.9621765262763883,0.054413156909707716
0.8826009279707752,0.6869358079220671,0.9217339519805168,0.060807423766201185
0.8786329908905898,0.6763546423749061,0.8786329908905898,0.0695195968278548
0.874673202056693,0.6657952054845145,0.8328976027422572,0.08093681508241501
0.8707808523238156,0.6554156061968415,0.784634753873026,0.09546596626670911
0.8670273378466191,0.645406234257651,0.7340546756932382,0.11351558564412745
0.8634952734420129,0.6359873958453679,0.681488971364697,0.13547006513274895
0.8602760701502132,0.6274028537339021,0.6274028537339021,0.16165642090127974
0.857465698556326,0.6199085294835361,0.5723970956689781,0.19230562515251426
0.8551586351244197,0.6137563603317859,0.5171954504147325,0.22751272066357187
0.8534404093761905,0.6091744250031748,0.46261483437936535,0.2672020468809527
0.8523796506084631,0.6063457349559017,0.4095186024338525,0.3111050361728279
0.852020912899903,0.6053891010664079,0.35875728923291283,0.35875728923291283
0.8523796506084631,0.6063457349559017,0.3111050361728279,0.4095186024338525
0.8534404093761905,0.6091744250031748,0.2672020468809527,0.46261483437936535
0.8551586351244197,0.6137563603317859,0.22751272066357187,0.5171954504147325
0.857465698556326,0.6199085294835361,0.19230562515251426,0.5723970956689781
0.8602760701502132,0.6274028537339021,0.16165642090127974,0.6274028537339021
0.8634952734420129,0.6359873958453679,0.13547006513274895,0.681488971364697
0.8670273378466191,0.645406234257651,0.11351558564412745,0.7340546756932382
0.8707808523238156,0.6554156061968415,0.09546596626670911,0.784634753873026
0.874673202056693,0.6657952054845145,0.08093681508241501,0.8328976027422572
0.8786329908905898,0.6763546423749061,0.0695195968278548,0.8786329908905898
0.8826009279707752,0.6869358079220671,0.060807423766201296,0.9217339519805168
0.8865295788291649,0.6974122102111064,0.054413156909707716,0.9621765262763883
0.8903823857137195,0.7076863619032521,0.04998067618556945,1.0
0.8878063611989852,0.6634190835969553,1.0,0.06505300999154284
0.883839536100645,0.6515186083019351,0.9612798453668817,0.07071628880516034
0.8798075379677495,0.6394226139032482,0.9198716919784996,0.07852445775274552
0.8757526950156127,0.6272580850468381,0.8757526950156127,0.0888530967811596
0.8717292625572961,0.6151877876718885,0.8289723500763948,0.10210483790107316
0.8678042052282304,0.6034126156846914,0.7796736753803841,0.1186947015215365
0.8640570236711669,0.5921710710135006,0.7281140473423338,0.13902781658405694
0.8605781762979481,0.5817345288938442,0.6746824113618788,0.1634690577876885
0.857465698556326,0.5723970956689781,0.6199085294835361,0.19230562515251426
0.8548198244512518,0.5644594733537556,0.5644594733537556,0.22570573040667652
0.8527357918978552,0.5582073756935656,0.5091193063261841,0.263678959489276
0.8512955208710171,0.5538865626130512,0.45475024319372925,0.3060457640647464
0.8505593555839847,0.5516780667519539,0.4022374223359385,0.35242387419726673
0.8505593555839847,0.5516780667519539,0.35242387419726673,0.4022374223359385
0.8512955208710171,0.5538865626130512,0.3060457640647464,0.45475024319372925
0.8527357918978552,0.5582073756935656,0.263678959489276,0.5091193063261841
0.8548198244512518,0.5644594733537556,0.22570573040667652,0.5644594733537556
0.857465698556326,0.5723970956689781,0.19230562515251426,0.6199085294835361
0.8605781762979481,0.5817345288938441,0.16346905778768828,0.6746824113618788
0.8640570236711669,0.5921710710135006,0.13902781658405694,0.7281140473423338
0.8678042052282304,0.6034126156846915,0.1186947015215366,0.7796736753803841
0.8717292625572961,0.6151877876718885,0.10210483790107316,0.8289723500763948
0.8757526950156127,0.627258085046838,0.08885309678115949,0.8757526950156127
0.8798075379677495,0.6394226139032483,0.07852445775274564,0.9198716919784996
0.883839536100645,0.6515186083019351,0.07071628880516034,0.9612798453668817
0.8878063611989852,0.6634190835969553,0.06505300999154284,1.0
0.8853758920148695,0.617919640049565,1.0,0.08300713611895594
0.8813218341806146,0.6044061139353822,0.9604406113935382,0.0901340620513792
0.8772181736394913,0.590727245464971,0.9181454490929942,0.09959994002293615
0.8731135196686559,0.5770450655621864,0.8731135196686559,0.1117946376805915
0.8690692658584046,0.5635642195280153,0.8254256878112061,0.12712843905603055
0.8651600275073515,0.5505334250245053,0.7752667125122527,0.14601350754656006
0.861472871038117,0.5382429034603898,0.722945742076234,0.16883722622870168
0.8581048690478794,0.5270162301595979,0.6689113611117186,0.19592759127131643
0.8551586351244197,0.5171954504147325,0.6137563603317859,0.22751272066357187
0.8527357918978552,0.5091193063261841,0.5582073756935656,0.263678959489276
0.850928801500014,0.5030960050000468,0.5030960050000468,0.3043344070000654
0.8498121477034724,0.4993738256782412,0.4493112082460653,0.34918597338171353
0.8494343160314513,0.4981143867715043,0.39773726412580523,0.39773726412580523
0.8498121477034724,0.4993738256782412,0.34918597338171353,0.4493112082460653
0.850928801500014,0.5030960050000468,0.3043344070000654,0.5030960050000468
0.8527357918978552,0.5091193063261841,0.263678959489276,0.5582073756935656
0.8551586351244197,0.5171954504147325,0.22751272066357187,0.6137563603317859
0.8581048690478794,0.5270162301595979,0.19592759127131643,0.6689113611117186
0.861472871038117,0.5382429034603898,0.16883722622870168,0.722945742076234
0.8651600275073515,0.5505334250245052,0.14601350754655995,0.7752667125122525
0.8690692658584046,0.5635642195280153,0.12712843905603055,0.8254256878112061
0.8731135196686559,0.5770450655621864,0.1117946376805915,0.8731135196686559
0.8772181736394913,0.590727245464971,0.09959994002293615,0.9181454490929942
0.8813218341806146,0.6044061139353821,0.09013406205137908,0.9604406113935382
0.8853758920148695,0.617919640049565,0.08300713611895594,1.0
0.8831365919302571,0.5715008370776091,1.0,0.10404720479863727
0.8790283242181732,0.5564371887999685,0.9596761080727244,0.11287437759993701
0.8748913515657551,0.5412682890744356,0.9165942343771701,0.12423946096028604
0.8707808523238156,0.5261964585206571,0.8707808523238156,0.1385390154921039
0.8667653224947017,0.5114728491472398,0.822353763326269,0.15618037579977773
0.8629265012845139,0.4973971713765508,0.7715441688075231,0.1775590077070831
0.8593578307184514,0.484312045967655,0.7187156614369028,0.20302770740455778
0.8561610095543848,0.4725903683660775,0.6643756889602311,0.2328587176233854
0.8534404093761905,0.46261483437936535,0.6091744250031748,0.2672020468809527
0.8512955208710171,0.45475024319372925,0.5538865626130512,0.3060457640647464
0.8498121477034724,0.4493112082460653,0.4993738256782412,0.34918597338171353
0.8490536183720118,0.44652993403070973,0.44652993403070973,0.39621447348804695
0.8490536183720118,0.44652993403070973,0.39621447348804695,0.44652993403070973
0.8498121477034724,0.4493112082460653,0.34918597338171353,0.4993738256782412
0.8512955208710171,0.45475024319372925,0.3060457640647464,0.5538865626130512
0.8534404093761906,0.46261483437936546,0.26720204688095284,0.6091744250031749
0.8561610095543848,0.4725903683660775,0.2328587176233854,0.6643756889602311
0.8593578307184514,0.484312045967655,0.20302770740455778,0.7187156614369028
0.8629265012845139,0.4973971713765508,0.1775590077070831,0.7715441688075231
0.8667653224947017,0.5114728491472398,0.15618037579977773,0.822353763326269
0.8707808523238156,0.5261964585206571,0.1385390154921039,0.8707808523238156
0.8748913515657551,0.5412682890744356,0.12423946096028604,0.9165942343771701
0.8790283242181732,0.5564371887999685,0.11287437759993701,0.9596761080727244
0.8831365919302571,0.5715008370776091,0.10404720479863727,1.0
0.8811356722374509,0.5245426889498036,1.0,0.12832826307463996
0.8770119907463818,0.5080479629855272,0.9590039969154606,0.13908393522467288
0.8728859204178893,0.49154368167155704,0.9152572802785929,0.15257280278592844
0.8688191591660122,0.47527663666404873,0.8688191591660122,0.16918800805141054
0.8648867952666865,0.4595471810667461,0.819849060355582,0.18932077160011906
0.8611765559851757,0.444706223940703,0.7686275933086263,0.21333381724932932
0.8577863610580068,0.4311454442320273,0.7155727221160136,0.24152725897603644
0.8548198244512518,0.4192792978050073,0.661246257052921,0.2740991222562591
0.8523796506084631,0.4095186024338525,0.6063457349559017,0.3111050361728279
0.8505593555839847,0.4022374223359385,0.5516780667519539,0.35242387419726673
0.8494343160314513,0.39773726412580523,0.4981143867715043,0.39773726412580523
0.8490536183720118,0.39621447348804695,0.44652993403070973,0.44652993403070973
0.8494343160314513,0.39773726412580523,0.39773726412580523,0.4981143867715043
0.8505593555839847,0.4022374223359385,0.35242387419726673,0.5516780667519539
0.8523796506084631,0.4095186024338525,0.3111050361728279,0.6063457349559017
0.8548198244512518,0.4192792978050073,0.2740991222562591,0.661246257052921
0.8577863610580068,0.4311454442320273,0.24152725897603644,0.7155727221160136
0.8611765559851757,0.444706223940703,0.21333381724932932,0.7686275933086263
0.8648867952666865,0.4595471810667461,0.18932077160011906,0.819849060355582
0.8688191591660122,0.47527663666404873,0.16918800805141054,0.8688191591660122
0.8728859204178893,0.49154368167155704,0.15257280278592844,0.9152572802785929
0.8770119907463818,0.5080479629855272,0.13908393522467288,0.9590039969154606
0.8811356722374509,0.5245426889498036,0.12832826307463996,1.0
0.8794198193412789,0.47748588381220847,1.0,0.1559387353889522
0.8753242547614926,0.45973843729980113,0.9584414182538309,0.16882836507661725
0.8712576773731376,0.44211660195026303,0.9141717849154251,0.18463195669653842
0.8672878134388573,0.42491385823504857,0.8672878134388573,0.20372688063314415
0.8634952734420129,0.40847951824872286,0.817993697922684,0.2264732161714068
0.8599719915971991,0.3932119635878625,0.7666199859953318,0.25318395518506154
0.8568178120289958,0.379543852125648,0.7136356240579914,0.2840890601449785
0.8541350085021054,0.3679183701757902,0.6596483531715793,0.31929670634315865
0.852020912899903,0.35875728923291283,0.6053891010664079,0.35875728923291283
0.8505593555839847,0.35242387419726673,0.5516780667519539,0.4022374223359385
0.8498121477034724,0.34918597338171353,0.4993738256782412,0.4493112082460653
0.8498121477034724,0.34918597338171353,0.4493112082460653,0.4993738256782412
0.8505593555839847,0.35242387419726673,0.4022374223359385,0.5516780667519539
0.852020912899903,0.35875728923291295,0.35875728923291295,0.605389101066408
0.8541350085021054,0.3679183701757902,0.31929670634315865,0.6596483531715793
0.8568178120289958,0.379543852125648,0.2840890601449785,0.7136356240579914
0.8599719915971991,0.3932119635878625,0.25318395518506154,0.7666199859953318
0.8634952734420129,0.40847951824872286,0.2264732161714068,0.817993697922684
0.8672878134388573,0.42491385823504857,0.20372688063314415,0.8672878134388573
0.8712576773731376,0.44211660195026303,0.18463195669653842,0.9141717849154251
0.8753242547614926,0.45973843729980113,0.16882836507661725,0.9584414182538309
0.8794198193412789,0.47748588381220847,0.1559387353889522,1.0
0.8780326557727387,0.43081906027278083,1.0,0.18688437181825823
0.8740118423302576,0.41205526420786875,0.9580039474434192,0.20207500142496482
0.870055575452737,0.39359268544610604,0.913370383635158,0.22033345271642202
0.8662366113796871,0.3757708531052063,0.8662366113796871,0.2420074644848933
0.862639436051311,0.35898403490611785,0.816852581401748,0.26741032560699185
0.8593578307184514,0.3436698766861064,0.7655963845307523,0.2967891535922569
0.856490538029518,0.3302891774710842,0.712981076059036,0.3302891774710842
0.8541350085021054,0.31929670634315865,0.6596483531715793,0.3679183701757902
0.8523796506084631,0.3111050361728279,0.6063457349559017,0.4095186024338525
0.8512955208710171,0.3060457640647464,0.5538865626130512,0.45475024319372925
0.850928801500014,0.3043344070000654,0.5030960050000468,0.5030960050000468
0.8512955208710171,0.3060457640647464,0.45475024319372925,0.5538865626130512
0.8523796506084631,0.3111050361728279,0.4095186024338525,0.6063457349559017
0.8541350085021054,0.31929670634315865,0.3679183701757902,0.6596483531715793
0.856490538029518,0.3302891774710842,0.3302891774710842,0.712981076059036
0.8593578307184514,0.3436698766861064,0.2967891535922569,0.7655963845307523
0.862639436051311,0.35898403490611785,0.26741032560699185,0.816852581401748
0.8662366113796871,0.3757708531052063,0.2420074644848933,0.8662366113796871
0.870055575452737,0.39359268544610604,0.22033345271642202,0.913370383635158
0.8740118423302575,0.41205526420786864,0.2020750014249647,0.9580039474434192
0.8780326557727387,0.43081906027278083,0.18688437181825823,1.0
0.8770119907463818,0.38505995373190915,1.0,0.22107594139375164
0.8731135196686559,0.3655675983432797,0.9577045065562186,0.2386811180119356
0.8693179474392904,0.3465897371964517,0.9128786316261935,0.25946836882264535
0.8657015556892464,0.32850777844623213,0.8657015556892464,0.28374163034264754
0.8623505596776629,0.3117527983883146,0.8164674129035505,0.3117527983883146
0.8593578307184514,0.2967891535922569,0.7655963845307523,0.3436698766861064
0.8568178120289958,0.2840890601449785,0.7136356240579914,0.379543852125648
0.8548198244512518,0.2740991222562591,0.661246257052921,0.4192792978050073
0.8534404093761905,0.2672020468809527,0.6091744250031748,0.46261483437936535
0.8527357918978552,0.263678959489276,0.5582073756935656,0.5091193063261841
0.8527357918978552,0.263678959489276,0.5091193063261841,0.5582073756935656
0.8534404093761905,0.2672020468809527,0.46261483437936535,0.6091744250031748
0.8548198244512518,0.2740991222562591,0.4192792978050073,0.661246257052921
0.8568178120289958,0.2840890601449785,0.379543852125648,0.7136356240579914
0.8593578307184514,0.2967891535922569,0.3436698766861064,0.7655963845307523
0.8623505596776629,0.3117527983883146,0.3117527983883146,0.8164674129035505
0.8657015556892464,0.32850777844623213,0.28374163034264754,0.8657015556892464
0.8693179474392904,0.3465897371964517,0.25946836882264535,0.9128786316261935
0.8731135196686559,0.36556759834327957,0.23868111801193548,0.9577045065562186
0.8770119907463818,0.38505995373190915,0.22107594139375164,1.0
0.8763871534854506,0.3407314852557367,1.0,0.2583229209127037
0.8726570920065974,0.3208378240351859,0.9575523640021991,0.278390188037385
0.8690692658584046,0.3017027512448244,0.912712843905603,0.3017027512448244
0.8657015556892464,0.28374163034264754,0.8657015556892464,0.32850777844623213
0.862639436051311,0.26741032560699185,0.816852581401748,0.35898403490611785
0.8599719915971991,0.2531839551850613,0.7666199859953317,0.39321196358786237
0.8577863610580068,0.24152725897603644,0.7155727221160136,0.4311454442320273
0.8561610095543848,0.2328587176233854,0.6643756889602311,0.4725903683660775
0.8551586351244197,0.22751272066357187,0.6137563603317859,0.5171954504147325
0.8548198244512518,0.2257057304066763,0.5644594733537553,0.5644594733537553
0.8551586351244197,0.22751272066357187,0.5171954504147325,0.6137563603317859
0.8561610095543848,0.2328587176233854,0.4725903683660775,0.6643756889602311
0.8577863610580068,0.24152725897603644,0.4311454442320273,0.7155727221160136
0.8599719915971991,0.25318395518506154,0.3932119635878625,0.7666199859953318
0.862639436051311,0.26741032560699185,0.35898403490611785,0.816852581401748
0.8657015556892464,0.28374163034264754,0.32850777844623213,0.8657015556892464
0.8690692658584046,0.3017027512448244,0.3017027512448244,0.912712843905603
0.8726570920065974,0.3208378240351858,0.2783901880373849,0.9575523640021991
0.8763871534854506,0.3407314852557367,0.2583229209127037,1.0
0.8761767484880506,0.29833490809895336,1.0,0.29833490809895336
0.8726570920065974,0.278390188037385,0.9575523640021991,0.3208378240351859
0.8693179474392904,0.25946836882264535,0.9128786316261935,0.3465897371964517
0.8662366113796871,0.2420074644848933,0.8662366113796871,0.3757708531052063
0.8634952734420129,0.2264732161714068,0.817993697922684,0.40847951824872286
0.8611765559851757,0.21333381724932932,0.7686275933086263,0.444706223940703
0.8593578307184514,0.20302770740455778,0.7187156614369028,0.484312045967655
0.8581048690478794,0.19592759127131643,0.6689113611117186,0.5270162301595979
0.857465698556326,0.19230562515251415,0.619908529483536,0.5723970956689781
0.857465698556326,0.19230562515251426,0.5723970956689781,0.6199085294835361
0.8581048690478794,0.19592759127131643,0.5270162301595979,0.6689113611117186
0.8593578307184514,0.20302770740455778,0.484312045967655,0.7187156614369028
0.8611765559851757,0.2133338172493291,0.4447062239407029,0.7686275933086262
0.8634952734420129,0.2264732161714068,0.40847951824872286,0.817993697922684
0.8662366113796871,0.2420074644848933,0.3757708531052063,0.8662366113796871
0.8693179474392904,0.25946836882264535,0.3465897371964517,0.9128786316261935
0.8726570920065974,0.2783901880373849,0.3208378240351858,0.9575523640021991
0.8761767484880506,0.29833490809895336,0.29833490809895336,1.0
0.8763871534854506,0.2583229209127037,1.0,0.3407314852557367
0.8731135196686559,0.2386811180119356,0.9577045065562186,0.3655675983432797
0.870055575452737,0.22033345271642202,0.913370383635158,0.39359268544610604
0.8672878134388573,0.20372688063314415,0.8672878134388573,0.42491385823504857
0.8648867952666865,0.18932077160011895,0.819849060355582,0.45954718106674597
0.8629265012845139,0.1775590077070831,0.7715441688075231,0.4973971713765508
0.861472871038117,0.16883722622870168,0.722945742076234,0.5382429034603898
0.8605781762979481,0.1634690577876885,0.6746824113618788,0.5817345288938442
0.8602760701502132,0.16165642090127974,0.6274028537339021,0.6274028537339021
0.8605781762979481,0.16346905778768828,0.5817345288938441,0.6746824113618788
0.861472871038117,0.16883722622870168,0.5382429034603898,0.722945742076234
0.8629265012845139,0.1775590077070831,0.4973971713765508,0.7715441688075231
0.8648867952666865,0.18932077160011895,0.45954718106674597,0.819849060355582
0.8672878134388573,0.20372688063314415,0.42491385823504857,0.8672878134388573
0.870055575452737,0.22033345271642202,0.39359268544610604,0.913370383635158
0.8731135196686559,0.23868111801193548,0.36556759834327957,0.9577045065562186
0.8763871534854506,0.2583229209127037,0.3407314852557367,1.0
0.8770119907463818,0.22107594139375164,1.0,0.38505995373190915
0.8740118423302575,0.2020750014249647,0.9580039474434192,0.41205526420786864
0.8712576773731376,0.18463195669653842,0.9141717849154251,0.44211660195026303
0.8688191591660122,0.16918800805141054,0.8688191591660122,0.47527663666404873
0.8667653224947017,0.15618037579977773,0.822353763326269,0.5114728491472398
0.8651600275073515,0.14601350754655995,0.7752667125122525,0.5505334250245052
0.8640570236711669,0.13902781658405694,0.7281140473423338,0.5921710710135006
0.8634952734420129,0.13547006513274895,0.681488971364697,0.6359873958453679
0.8634952734420129,0.13547006513274873,0.6359873958453679,0.6814889713646969
0.8640570236711669,0.13902781658405694,0.5921710710135006,0.7281140473423338
0.8651600275073515,0.14601350754655995,0.5505334250245052,0.7752667125122525
0.8667653224947017,0.15618037579977773,0.5114728491472398,0.822353763326269
0.8688191591660122,0.16918800805141054,0.47527663666404873,0.8688191591660122
0.8712576773731376,0.18463195669653842,0.44211660195026303,0.9141717849154251
0.8740118423302575,0.2020750014249647,0.41205526420786864,0.9580039474434192
0.8770119907463818,0.22107594139375164,0.38505995373190915,1.0
0.8780326557727387,0.18688437181825823,1.0,0.43081906027278083
0.8753242547614926,0.16882836507661725,0.9584414182538309,0.45973843729980113
0.8728859204178893,0.15257280278592844,0.9152572802785929,0.49154368167155704
0.8707808523238156,0.1385390154921039,0.8707808523238156,0.5261964585206571
0.8690692658584046,0.12712843905603055,0.8254256878112061,0.5635642195280153
0.8678042052282304,0.1186947015215365,0.7796736753803841,0.6034126156846914
0.8670273378466191,0.11351558564412745,0.7340546756932382,0.645406234257651
0.8667653224947017,0.11176881663134497,0.6891190858209707,0.6891190858209707
0.8670273378466191,0.11351558564412745,0.645406234257651,0.7340546756932382
0.8678042052282304,0.1186947015215365,0.6034126156846914,0.7796736753803841
0.8690692658584046,0.12712843905603055,0.5635642195280153,0.8254256878112061
0.8707808523238156,0.1385390154921039,0.5261964585206571,0.8707808523238156
0.8728859204178893,0.15257280278592844,0.49154368167155704,0.9152572802785929
0.8753242547614926,0.16882836507661725,0.45973843729980113,0.9584414182538309
0.8780326557727387,0.18688437181825823,0.43081906027278083,1.0
0.8794198193412789,0.1559387353889522,1.0,0.47748588381220847
0.8770119907463818,0.13908393522467288,0.9590039969154606,0.5080479629855272
0.8748913515657551,0.12423946096028604,0.9165942343771701,0.5412682890744356
0.8731135196686559,0.1117946376805915,0.8731135196686559,0.5770450655621864
0.8717292625572961,0.10210483790107316,0.8289723500763948,0.6151877876718885
0.8707808523238156,0.09546596626670911,0.784634753873026,0.6554156061968415
0.8702986896498649,0.09209082754905462,0.7405973792997298,0.6973636091830182
0.8702986896498649,0.0920908275490544,0.6973636091830181,0.7405973792997298
0.8707808523238156,0.09546596626670911,0.6554156061968415,0.784634753873026
0.8717292625572961,0.10210483790107316,0.6151877876718885,0.8289723500763948
0.8731135196686559,0.1117946376805915,0.5770450655621864,0.8731135196686559
0.8748913515657551,0.12423946096028604,0.5412682890744356,0.9165942343771701
0.8770119907463818,0.13908393522467288,0.5080479629855272,0.9590039969154606
0.8794198193412789,0.1559387353889522,0.47748588381220847,1.0
0.8811356722374509,0.12832826307463996,1.0,0.5245426889498036
0.8790283242181732,0.11287437759993701,0.9596761080727244,0.5564371887999685
0.8772181736394913,0.09959994002293615,0.9181454490929942,0.590727245464971
0.8757526950156127,0.08885309678115949,0.8757526950156127,0.627258085046838
0.874673202056693,0.08093681508241501,0.8328976027422572,0.6657952054845145
0.8740118423302576,0.07608684375522234,0.790019737217096,0.7060276321039344
0.8737890514264987,0.07445304379432327,0.7475781028529973,0.7475781028529973
0.8740118423302576,0.07608684375522246,0.7060276321039345,0.7900197372170961
0.874673202056693,0.08093681508241501,0.6657952054845145,0.8328976027422572
0.8757526950156127,0.08885309678115949,0.627258085046838,0.8757526950156127
0.8772181736394913,0.09959994002293615,0.590727245464971,0.9181454490929942
0.8790283242181732,0.11287437759993701,0.5564371887999685,0.9596761080727244
0.8811356722374509,0.12832826307463996,0.5245426889498036,1.0
0.8831365919302571,0.10404720479863727,1.0,0.5715008370776091
0.8813218341806146,0.09013406205137908,0.9604406113935382,0.6044061139353821
0.8798075379677495,0.07852445775274552,0.9198716919784996,0.6394226139032482
0.8786329908905898,0.0695195968278548,0.8786329908905898,0.6763546423749061
0.8778305556436947,0.06336759326832653,0.8371074075249263,0.7149379631686211
0.8774233230331845,0.06024547658774759,0.7957055383886408,0.754846646066369
0.8774233230331845,0.06024547658774759,0.754846646066369,0.7957055383886408
0.8778305556436947,0.06336759326832653,0.7149379631686211,0.8371074075249263
0.8786329908905898,0.0695195968278548,0.6763546423749061,0.8786329908905898
0.8798075379677495,0.07852445775274552,0.6394226139032482,0.9198716919784996
0.8813218341806146,0.09013406205137908,0.6044061139353821,0.9604406113935382
0.8831365919302571,0.10404720479863727,0.5715008370776091,1.0
0.8853758920148695,0.08300713611895594,1.0,0.617919640049565
0.883839536100645,0.07071628880516034,0.9612798453668817,0.6515186083019351
0.8826009279707752,0.060807423766201185,0.9217339519805168,0.6869358079220671
0.8816915489912351,0.05353239192988113,0.8816915489912351,0.7239469476462154
0.8811356722374509,0.04908537789960721,0.8415142296499345,0.7622713444749019
0.8809486314801183,0.04758905184094597,0.8015810524668637,0.8015810524668637
0.8811356722374509,0.04908537789960721,0.7622713444749019,0.8415142296499345
0.8816915489912351,0.05353239192988113,0.7239469476462154,0.8816915489912351
0.8826009279707752,0.060807423766201185,0.6869358079220671,0.9217339519805168
0.883839536100645,0.07071628880516034,0.6515186083019351,0.9612798453668817
0.8853758920148695,0.08300713611895594,0.617919640049565,1.0
0.8878063611989852,0.06505300999154284,1.0,0.6634190835969553
0.8865295788291649,0.054413156909707716,0.9621765262763883,0.6974122102111064
0.8855428609425227,0.04619050785435541,0.9236952406283484,0.7329333421992195
0.8848705665319996,0.04058805443332969,0.8848705665319996,0.7697411330639992
0.8845299461620748,0.037749551350623745,0.8460399282160997,0.8075499102701247
0.8845299461620748,0.037749551350623745,0.8075499102701247,0.8460399282160997
0.8848705665319996,0.04058805443332969,0.7697411330639992,0.8848705665319996
0.8855428609425227,0.04619050785435541,0.7329333421992195,0.9236952406283484
0.8865295788291649,0.054413156909707716,0.6974122102111064,0.9621765262763883
0.8878063611989852,0.06505300999154284,0.6634190835969553,1.0
0.8903823857137195,0.04998067618556956,1.0,0.7076863619032522
0.8893433329655024,0.04097555236768724,0.9631144443218341,0.7418011102528389
0.8885827970937689,0.03438424147933039,0.9257218647291793,0.7771655941875377
0.8881188789057698,0.03036361718333802,0.8881188789057698,0.8135314648429497
0.8879629469540093,0.02901220693474771,0.8506172626053458,0.8506172626053458
0.8881188789057698,0.03036361718333802,0.8135314648429497,0.8881188789057698
0.8885827970937689,0.03438424147933039,0.7771655941875377,0.9257218647291793
0.8893433329655024,0.04097555236768724,0.7418011102528389,0.9631144443218341
0.8903823857137195,0.04998067618556956,0.7076863619032522,1.0
0.8930615491300722,0.037553942170649224,1.0,0.7504769479701683
0.892236818783935,0.03013136905541547,0.964078939594645,0.78447363756787
0.8916762782988822,0.02508650468993945,0.9277841855325881,0.8194604638314702
0.8913927078616005,0.022534370754404787,0.8913927078616005,0.8551902771488007
0.8913927078616005,0.022534370754404787,0.8551902771488007,0.8913927078616005
0.8916762782988822,0.02508650468993945,0.8194604638314702,0.9277841855325881
0.892236818783935,0.03013136905541547,0.78447363756787,0.964078939594645
0.8930615491300722,0.037553942170649224,0.7504769479701683,1.0
0.8958056932529218,0.027519803693936917,1.0,0.7916113865058436
0.8951715163278082,0.02160081905954292,0.9650571721092693,0.8252858605463469
0.8947854064252159,0.017997126635347915,0.9298569376168105,0.8597138752336211
0.8946557519169065,0.01678701789112691,0.8946557519169065,0.8946557519169065
0.8947854064252159,0.017997126635347915,0.8597138752336211,0.9298569376168105
0.8951715163278082,0.02160081905954292,0.8252858605463469,0.9650571721092693
0.8958056932529218,0.027519803693936917,0.7916113865058436,1.0
0.898581489432578,0.01962106451492074,1.0,0.8309691490542966
0.8981146583783013,0.015108364323579648,0.9660382194594338,0.8641528778377351
0.8978788123645304,0.012828519523793602,0.9319192082430202,0.8978788123645304
0.8978788123645304,0.012828519523793602,0.8978788123645304,0.9319192082430202
0.8981146583783013,0.015108364323579648,0.8641528778377351,0.9660382194594338
0.898581489432578,0.01962106451492074,0.8309691490542966,1.0
0.9013606076167856,0.013606076167856251,1.0,0.8684808101557142
0.9010391312868937,0.010391312868936797,0.9670130437622979,0.9010391312868937
0.9009312719974261,0.009312719974260308,0.9339541813316173,0.9339541813316173
0.9010391312868937,0.010391312868936797,0.9010391312868937,0.9670130437622979
0.9013606076167856,0.013606076167856251,0.8684808101557142,1.0
0.904119584184911,0.009235703244080629,1.0,0.904119584184911
0.9039231077169477,0.00720544640845977,0.9679743692389826,0.9359487384779651
0.9039231077169477,0.00720544640845977,0.9359487384779651,0.9679743692389826
0.904119584184911,0.009235703244080629,0.904119584184911,1.0
0.9068394858933194,0.006287849528740952,1.0,0.9378929905955463
0.9067495191759686,0.005328204543665227,0.9689165063919896,0.9689165063919896
0.9068394858933194,0.006287849528740952,0.9378929905955463,1.0
0.9095054533889857,0.004559987278843214,1.0,0.9698351511296619
0.9095054533889857,0.004559987278843214,0.9698351511296619,1.0
0.9121061897036429,0.003870149974618986,1.0,1.0
0.8796686324807627,1.0,1.0,0.007266217966291788
0.8760248545252513,1.0,0.9690062136313128,0.008198836202010229
0.8722898286371799,1.0,0.9361449143185899,0.010246171938143589
0.8684808101557142,1.0,0.9013606076167856,0.013606076167856251
0.8646205113155174,1.0,0.8646205113155174,0.01849870703750167
0.8607378752354418,1.0,0.8259223440443022,0.025165126648092007
0.8568687466070973,1.0,0.785303119910646,0.03386403959790729
0.853056328325871,1.0,0.7428485745702742,0.04486613411816143
0.8493512845690581,1.0,0.6987025691381161,0.058445528556613224
0.8458113311016601,1.0,0.6530754949787352,0.0748679866099603
0.8425001538083684,1.0,0.6062503845209211,0.09437588439811861
0.8394855292189745,1.0,0.5585852053521796,0.11717041070435918
0.8368365967103992,1.0,0.5105097901311975,0.14339213272959572
0.8346203538810554,1.0,0.46251615011343006,0.173101769405277
0.8328976027422572,1.0,0.41514160959790036,0.20626361302572194
0.8317187352353315,1.0,0.36894525713249315,0.2427343085589918
0.8311198676317004,1.0,0.3244794705268015,0.2822594374347266
0.8311198676317004,1.0,0.2822594374347266,0.3244794705268015
0.8317187352353315,1.0,0.2427343085589918,0.36894525713249315
0.8328976027422572,1.0,0.20626361302572194,0.41514160959790036
0.8346203538810554,1.0,0.173101769405277,0.46251615011343006
0.8368365967103992,1.0,0.14339213272959572,0.5105097901311975
0.8394855292189745,1.0,0.11717041070435918,0.5585852053521796
0.8425001538083684,1.0,0.09437588439811861,0.6062503845209211
0.8458113311016601,1.0,0.0748679866099603,0.6530754949787352
0.8493512845690581,1.0,0.058445528556613224,0.6987025691381161
0.853056328325871,1.0,0.04486613411816143,0.7428485745702742
0.8568687466070973,1.0,0.03386403959790729,0.785303119910646
0.8607378752354418,1.0,0.02516512664809223,0.8259223440443022
0.8646205113155174,1.0,0.01849870703750167,0.8646205113155174
0.8684808101557142,1.0,0.013606076167856251,0.9013606076167856
0.8722898286371799,1.0,0.010246171938143589,0.9361449143185899
0.8760248545252513,1.0,0.008198836202010229,0.9690062136313128
0.8796686324807627,1.0,0.007266217966291788,1.0
0.8760248545252513,0.9690062136313128,1.0,0.008198836202010229
0.8721594455798813,0.9680398613949703,0.9680398613949703,0.009235703244080629
0.8681955187362127,0.9670488796840532,0.9340977593681064,0.011466390521594927
0.8641528778377351,0.9660382194594338,0.8981146583783013,0.015108364323579648
0.860057714291736,0.9650144285729341,0.860057714291736,0.020404000042152592
0.855943518786876,0.963985879696719,0.819929398483595,0.02761875181141349
0.8518518518518519,0.962962962962963,0.7777777777777778,0.03703703703703709
0.8478328286182932,0.9619582071545734,0.7337074500820133,0.04895517886433309
0.8439451370718258,0.9609862842679565,0.6878902741436518,0.06367082243095545
0.8402553872338256,0.9600638468084564,0.6405746212761076,0.08146847659449752
0.8368365967103992,0.9592091491775998,0.5920914917759978,0.10260128190719542
0.8337656730153234,0.9584414182538309,0.5428556007921395,0.12726978333044814
0.8311198676317004,0.9577799669079251,0.49335960289510106,0.1555993381585018
0.8289723500763948,0.9572430875190987,0.44416013774828333,0.18761866286287576
0.8273872591991588,0.9568468147997897,0.3958554071970557,0.22324266639621437
0.8264147853589014,0.9566036963397254,0.3490554450958807,0.26226283777533144
0.8260869565217391,0.9565217391304348,0.30434782608695654,0.30434782608695654
0.8264147853589014,0.9566036963397254,0.26226283777533144,0.3490554450958807
0.8273872591991588,0.9568468147997897,0.22324266639621437,0.3958554071970557
0.8289723500763948,0.9572430875190987,0.18761866286287576,0.44416013774828333
0.8311198676317004,0.9577799669079251,0.1555993381585018,0.49335960289510106
0.8337656730153234,0.9584414182538309,0.12726978333044814,0.5428556007921395
0.8368365967103992,0.9592091491775998,0.10260128190719542,0.5920914917759978
0.8402553872338256,0.9600638468084564,0.08146847659449752,0.6405746212761076
0.8439451370718258,0.9609862842679565,0.06367082243095545,0.6878902741436518
0.8478328286182932,0.9619582071545734,0.04895517886433309,0.7337074500820133
0.8518518518518519,0.9629629629629629,0.03703703703703698,0.7777777777777778
0.855943518786876,0.963985879696719,0.02761875181141349,0.819929398483595
0.860057714291736,0.9650144285729341,0.020404000042152592,0.860057714291736
0.8641528778377351,0.9660382194594338,0.015108364323579648,0.8981146583783013
0.8681955187362127,0.9670488796840532,0.011466390521594927,0.9340977593681064
0.8721594455798813,0.9680398613949703,0.009235703244080629,0.9680398613949703
0.8760248545252513,0.9690062136313128,0.008198836202010229,1.0
0.8722898286371799,0.9361449143185899,1.0,0.010246171938143589
0.8681955187362127,0.9340977593681064,0.9670488796840532,0.011466390521594927
0.8639959198163908,0.9319979599081955,0.9319979599081955,0.013970418668833529
0.8597138752336211,0.9298569376168105,0.8947854064252159,0.017997126635347915
0.8553796947875625,0.9276898473937812,0.8553796947875625,0.02381293981604715
0.8510322154552283,0.9255161077276142,0.8137902693190353,0.03170940045898374
0.8467196669521305,0.9233598334760653,0.7700795004281957,0.0419979184508158
0.8425001538083684,0.9212500769041843,0.7243752691646448,0.05500092285021063
0.8384415216555962,0.919220760827798,0.6768830433111923,0.07103874951967781
0.8346203538810554,0.9173101769405277,0.6278957962323746,0.09041194634580474
0.8311198676317004,0.9155599338158502,0.5777996690792508,0.11337930506642702
0.828026567843061,0.9140132839215305,0.5270730615684174,0.1401328392153045
0.8254256878112061,0.912712843905603,0.4762770634336182,0.17077201710322887
0.8233956857246608,0.9116978428623304,0.42603597860514764,0.20528058576097363
0.8220023362040061,0.911001168102003,0.3770081767140212,0.24350992886702583
0.8212931793564919,0.910646589678246,0.3298494225868446,0.2851727174259676
0.8212931793564919,0.910646589678246,0.2851727174259676,0.3298494225868446
0.8220023362040061,0.911001168102003,0.24350992886702583,0.3770081767140212
0.8233956857246608,0.9116978428623304,0.20528058576097363,0.42603597860514764
0.8254256878112061,0.912712843905603,0.17077201710322887,0.4762770634336182
0.828026567843061,0.9140132839215305,0.1401328392153045,0.5270730615684174
0.8311198676317004,0.9155599338158502,0.11337930506642702,0.5777996690792508
0.8346203538810554,0.9173101769405277,0.09041194634580474,0.6278957962323746
0.838441521655596,0.919220760827798,0.07103874951967759,0.6768830433111922
0.8425001538083684,0.9212500769041843,0.05500092285021063,0.7243752691646448
0.8467196669521305,0.9233598334760653,0.0419979184508158,0.7700795004281957
0.8510322154552283,0.9255161077276142,0.03170940045898374,0.8137902693190353
0.8553796947875625,0.9276898473937812,0.023812939816047263,0.8553796947875625
0.8597138752336211,0.9298569376168105,0.017997126635347915,0.8947854064252159
0.8639959198163908,0.9319979599081955,0.013970418668833529,0.9319979599081955
0.8681955187362127,0.9340977593681064,0.011466390521594927,0.9670488796840532
0.8722898286371799,0.9361449143185899,0.010246171938143589,1.0
0.8684808101557142,0.9013606076167856,1.0,0.013606076167856251
0.8641528778377351,0.8981146583783013,0.9660382194594338,0.015108364323579648
0.8597138752336211,0.8947854064252159,0.9298569376168105,0.017997126635347915
0.8551902771488007,0.8913927078616005,0.8913927078616005,0.022534370754404787
0.8506172626053458,0.8879629469540093,0.8506172626053458,0.029012206934747486
0.8460399282160997,0.8845299461620748,0.8075499102701247,0.037749551350623745
0.8415142296499345,0.8811356722374509,0.7622713444749019,0.04908537789960721
0.8371074075249263,0.8778305556436947,0.7149379631686211,0.06336759326832653
0.8328976027422572,0.874673202056693,0.6657952054845145,0.08093681508241501
0.8289723500763948,0.8717292625572961,0.6151877876718885,0.10210483790107316
0.8254256878112061,0.8690692658584046,0.5635642195280153,0.12712843905603055
0.822353763326269,0.8667653224947017,0.5114728491472398,0.15618037579977773
0.819849060355582,0.8648867952666865,0.4595471810667461,0.18932077160011906
0.817993697922684,0.8634952734420129,0.40847951824872286,0.2264732161714068
0.816852581401748,0.862639436051311,0.35898403490611785,0.26741032560699185
0.8164674129035505,0.8623505596776629,0.3117527983883146,0.3117527983883146
0.816852581401748,0.862639436051311,0.26741032560699185,0.35898403490611785
0.817993697922684,0.8634952734420129,0.2264732161714068,0.40847951824872286
0.819849060355582,0.8648867952666865,0.18932077160011895,0.45954718106674597
0.822353763326269,0.8667653224947017,0.15618037579977773,0.5114728491472398
0.8254256878112061,0.8690692658584046,0.12712843905603055,0.5635642195280153
0.8289723500763948,0.8717292625572961,0.10210483790107316,0.6151877876718885
0.8328976027422572,0.874673202056693,0.08093681508241501,0.6657952054845145
0.8371074075249263,0.8778305556436947,0.06336759326832653,0.7149379631686211
0.8415142296499345,0.8811356722374509,0.04908537789960721,0.7622713444749019
0.8460399282160997,0.8845299461620748,0.037749551350623745,0.8075499102701247
0.8506172626053458,0.8879629469540093,0.029012206934747486,0.8506172626053458
0.8551902771488007,0.8913927078616005,0.022534370754404787,0.8913927078616005
0.8597138752336211,0.8947854064252159,0.017997126635347915,0.9298569376168105
0.8641528778377351,0.8981146583783013,0.015108364323579648,0.9660382194594338
0.8684808101557142,0.9013606076167856,0.013606076167856251,1.0
0.8646205113155174,0.8646205113155174,1.0,0.01849870703750167
0.860057714291736,0.860057714291736,0.9650144285729341,0.020404000042152592
0.8553796947875625,0.8553796947875625,0.9276898473937812,0.02381293981604715
0.8506172626053458,0.8506172626053458,0.8879629469540093,0.029012206934747486
0.8458113311016601,0.8458113311016601,0.8458113311016601,0.03632081938537535
0.8410142732965672,0.8410142732965672,0.801267841620709,0.04608563977940294
0.8362908981859883,0.8362908981859883,0.7544363472789826,0.05867266456943321
0.8317187352353315,0.8317187352353315,0.7055077866618301,0.07445304379432327
0.8273872591991588,0.8273872591991588,0.6547745183983176,0.09378311079558355
0.8233956857246608,0.8233956857246608,0.6026402928804868,0.1169784286233041
0.819849060355582,0.819849060355582,0.549622650888955,0.14428303668901454
0.816852581401748,0.816852581401748,0.49634459885480686,0.17583661630786585
0.8145044416959327,0.8145044416959327,0.44351332508779806,0.21164387720771394
0.8128878921100048,0.8128878921100048,0.3918856493575156,0.25155156844001925
0.8120636057060242,0.8120636057060242,0.3422226199710845,0.29523852139759055
0.8120636057060242,0.8120636057060242,0.29523852139759055,0.3422226199710845
0.8128878921100048,0.8128878921100048,0.25155156844001925,0.3918856493575156
0.8145044416959327,0.8145044416959327,0.21164387720771394,0.44351332508779806
0.816852581401748,0.816852581401748,0.17583661630786585,0.49634459885480686
0.819849060355582,0.819849060355582,0.14428303668901454,0.549622650888955
0.8233956857246608,0.8233956857246608,0.1169784286233041,0.6026402928804868
0.8273872591991588,0.8273872591991588,0.09378311079558355,0.6547745183983176
0.8317187352353315,0.8317187352353315,0.07445304379432327,0.7055077866618301
0.8362908981859883,0.8362908981859883,0.05867266456943321,0.7544363472789826
0.8410142732965672,0.8410142732965672,0.04608563977940294,0.801267841620709
0.8458113311016601,0.8458113311016601,0.03632081938537535,0.8458113311016601
0.8506172626053458,0.8506172626053458,0.029012206934747486,0.8879629469540093
0.8553796947875625,0.8553796947875625,0.02381293981604715,0.9276898473937812
0.860057714291736,0.860057714291736,0.02040400004215248,0.9650144285729341
0.8646205113155174,0.8646205113155174,0.01849870703750167,1.0
0.8607378752354418,0.8259223440443022,1.0,0.025165126648092007
0.855943518786876,0.819929398483595,0.963985879696719,0.02761875181141349
0.8510322154552283,0.8137902693190353,0.9255161077276142,0.03170940045898374
0.8460399282160997,0.8075499102701247,0.8845299461620748,0.037749551350623745
0.8410142732965672,0.801267841620709,0.8410142732965672,0.04608563977940294
0.8360159876618425,0.795019984577303,0.795019984577303,0.057091929055594126
0.8311198676317004,0.7888998345396254,0.7466798014475505,0.07115927197435201
0.8264147853589014,0.7830184816986269,0.6962258743780776,0.088677623134233
0.8220023362040061,0.7775029202550076,0.6440046724080122,0.11001168102003034
0.817993697922684,0.772492122403355,0.5904858203260389,0.13547006513274895
0.8145044416959327,0.7681305521199159,0.5362611042398318,0.1652699876316972
0.8116473562607955,0.7645591953259945,0.4820302297171878,0.1995012641083811
0.8095238095238095,0.7619047619047619,0.4285714285714286,0.23809523809523814
0.8082146794058463,0.7602683492573079,0.3766977080690006,0.28080504777192383
0.807772267467115,0.7597153343338936,0.32720293613490214,0.32720293613490214
0.8082146794058463,0.7602683492573079,0.28080504777192383,0.3766977080690006
0.8095238095238095,0.7619047619047619,0.23809523809523814,0.4285714285714286
0.8116473562607955,0.7645591953259945,0.1995012641083811,0.4820302297171878
0.8145044416959327,0.7681305521199159,0.1652699876316972,0.5362611042398318
0.817993697922684,0.772492122403355,0.13547006513274895,0.5904858203260389
0.8220023362040061,0.7775029202550076,0.11001168102003034,0.6440046724080122
0.8264147853589014,0.7830184816986269,0.088677623134233,0.6962258743780776
0.8311198676317004,0.7888998345396254,0.07115927197435212,0.7466798014475506
0.8360159876618425,0.795019984577303,0.057091929055594126,0.795019984577303
0.8410142732965672,0.801267841620709,0.04608563977940294,0.8410142732965672
0.8460399282160997,0.8075499102701247,0.037749551350623745,0.8845299461620748
0.8510322154552283,0.8137902693190353,0.03170940045898374,0.9255161077276142
0.855943518786876,0.819929398483595,0.027618751811413267,0.963985879696719
0.8607378752354418,0.8259223440443022,0.025165126648092007,1.0
0.8568687466070973,0.785303119910646,1.0,0.03386403959790729
0.8518518518518519,0.7777777777777778,0.962962962962963,0.03703703703703709
0.8467196669521305,0.7700795004281957,0.9233598334760653,0.0419979184508158
0.8415142296499345,0.7622713444749019,0.8811356722374509,0.04908537789960721
0.8362908981859883,0.7544363472789826,0.8362908981859883,0.05867266456943321
0.8311198676317004,0.7466798014475505,0.7888998345396254,0.07115927197435201
0.8260869565217391,0.7391304347826086,0.7391304347826086,0.08695652173913049
0.8212931793564919,0.7319397690347378,0.6872630638738608,0.10646589678245943
0.816852581401748,0.725278872102622,0.633705162803496,0.13004976165830295
0.8128878921100048,0.7193318381650072,0.5789977572475109,0.1579955144950217
0.8095238095238095,0.7142857142857143,0.5238095238095238,0.19047619047619058
0.806878180165893,0.7103172702488394,0.46891499545620563,0.22751272066357187
0.8050519284685682,0.7075778927028524,0.41515578540570475,0.26894473175713096
0.8041191572502433,0.706178735875365,0.3633872610632908,0.31441705037585155
0.8041191572502433,0.706178735875365,0.31441705037585155,0.3633872610632908
0.8050519284685682,0.7075778927028524,0.26894473175713096,0.41515578540570475
0.806878180165893,0.7103172702488394,0.22751272066357187,0.46891499545620563
0.8095238095238095,0.7142857142857143,0.19047619047619058,0.5238095238095238
0.8128878921100048,0.7193318381650072,0.1579955144950217,0.5789977572475109
0.816852581401748,0.725278872102622,0.13004976165830295,0.633705162803496
0.8212931793564919,0.7319397690347378,0.10646589678245943,0.6872630638738608
0.8260869565217391,0.7391304347826086,0.08695652173913049,0.7391304347826086
0.8311198676317004,0.7466798014475505,0.07115927197435201,0.7888998345396254
0.8362908981859883,0.7544363472789826,0.05867266456943321,0.8362908981859883
0.8415142296499345,0.7622713444749019,0.04908537789960721,0.8811356722374509
0.8467196669521305,0.7700795004281957,0.0419979184508158,0.9233598334760653
0.8518518518518519,0.7777777777777778,0.03703703703703709,0.962962962962963
0.8568687466070973,0.785303119910646,0.03386403959790729,1.0
0.853056328325871,0.7428485745702742,1.0,0.04486613411816143
0.8478328286182932,0.7337074500820133,0.9619582071545734,0.04895517886433309
0.8425001538083684,0.7243752691646448,0.9212500769041843,0.05500092285021063
0.8371074075249263,0.7149379631686211,0.8778305556436947,0.06336759326832653
0.8317187352353315,0.7055077866618301,0.8317187352353315,0.07445304379432327
0.8264147853589014,0.6962258743780776,0.7830184816986269,0.088677623134233
0.8212931793564919,0.6872630638738608,0.7319397690347378,0.10646589678245943
0.8164674129035505,0.6788179725812136,0.6788179725812136,0.12822021129186534
0.8120636057060242,0.6711113099855422,0.6241272114120483,0.1542862256771087
0.8082146794058463,0.6643756889602311,0.5684830286631544,0.18491238747484706
0.8050519284685682,0.6588408748199945,0.5126298211714206,0.22020771387427307
0.8026945505332039,0.6547154634331069,0.45741001396631087,0.2601045644995148
0.8012384020000187,0.6521672035000328,0.40371520600005606,0.3043344070000654
0.8007458074453129,0.6513051630292974,0.35242387419726673,0.35242387419726673
0.8012384020000187,0.6521672035000328,0.3043344070000654,0.40371520600005606
0.8026945505332039,0.6547154634331069,0.2601045644995148,0.45741001396631087
0.8050519284685682,0.6588408748199945,0.22020771387427307,0.5126298211714206
0.8082146794058463,0.6643756889602311,0.18491238747484706,0.5684830286631544
0.8120636057060242,0.6711113099855422,0.1542862256771087,0.6241272114120483
0.8164674129035505,0.6788179725812136,0.12822021129186534,0.6788179725812136
0.8212931793564919,0.6872630638738608,0.10646589678245943,0.7319397690347378
0.8264147853589014,0.6962258743780776,0.088677623134233,0.7830184816986269
0.8317187352353315,0.7055077866618301,0.07445304379432327,0.8317187352353315
0.8371074075249263,0.7149379631686211,0.06336759326832653,0.8778305556436947
0.8425001538083684,0.7243752691646448,0.05500092285021063,0.9212500769041843
0.8478328286182932,0.7337074500820133,0.04895517886433309,0.9619582071545734
0.853056328325871,0.7428485745702742,0.04486613411816143,1.0
0.8493512845690581,0.6987025691381161,1.0,0.058445528556613224
0.8439451370718258,0.6878902741436518,0.9609862842679565,0.06367082243095545
0.8384415216555962,0.6768830433111923,0.919220760827798,0.07103874951967781
0.8328976027422572,0.6657952054845145,0.874673202056693,0.08093681508241501
0.8273872591991588,0.6547745183983176,0.8273872591991588,0.09378311079558355
0.8220023362040061,0.6440046724080122,0.7775029202550076,0.11001168102003034
0.816852581401748,0.633705162803496,0.725278872102622,0.13004976165830295
0.8120636057060242,0.6241272114120483,0.6711113099855422,0.1542862256771087
0.807772267467115,0.6155445349342299,0.6155445349342299,0.18303213673523833
0.8041191572502433,0.6082383145004866,0.5592681038130474,0.2164766290009732
0.8012384020000187,0.6024768040000374,0.5030960050000468,0.2546440075000701
0.7992457547086017,0.5984915094172034,0.4479258254486548,0.29736014148010614
0.7982266910778727,0.5964533821557454,0.394680073233618,0.3442367460030862
0.7982266910778727,0.5964533821557454,0.3442367460030862,0.394680073233618
0.7992457547086017,0.5984915094172034,0.29736014148010614,0.4479258254486548
0.8012384020000187,0.6024768040000374,0.2546440075000701,0.5030960050000468
0.8041191572502433,0.6082383145004866,0.2164766290009732,0.5592681038130474
0.807772267467115,0.6155445349342299,0.18303213673523833,0.6155445349342299
0.8120636057060242,0.6241272114120483,0.1542862256771087,0.6711113099855422
0.816852581401748,0.633705162803496,0.13004976165830295,0.725278872102622
0.8220023362040061,0.6440046724080122,0.11001168102003034,0.7775029202550076
0.8273872591991588,0.6547745183983176,0.09378311079558355,0.8273872591991588
0.8328976027422572,0.6657952054845145,0.08093681508241501,0.874673202056693
0.8384415216555962,0.6768830433111923,0.07103874951967781,0.919220760827798
0.8439451370718258,0.6878902741436518,0.06367082243095545,0.9609862842679565
0.8493512845690581,0.6987025691381161,0.058445528556613224,1.0
0.8458113311016601,0.6530754949787352,1.0,0.0748679866099603
0.8402553872338256,0.6405746212761076,0.9600638468084564,0.08146847659449752
0.8346203538810554,0.6278957962323746,0.9173101769405277,0.09041194634580474
0.8289723500763948,0.6151877876718885,0.8717292625572961,0.10210483790107316
0.8233956857246608,0.6026402928804868,0.8233956857246608,0.1169784286233041
0.817993697922684,0.5904858203260389,0.772492122403355,0.13547006513274895
0.8128878921100048,0.5789977572475109,0.7193318381650072,0.1579955144950217
0.8082146794058463,0.5684830286631544,0.6643756889602311,0.18491238747484706
0.8041191572502433,0.5592681038130474,0.6082383145004866,0.2164766290009732
0.8007458074453129,0.5516780667519539,0.5516780667519539,0.25279677791992317
0.7982266910778727,0.5460100549252136,0.4955667276946817,0.2937934187725544
0.7966685728898605,0.5425042890021861,0.44083857544711624,0.33917286189204654
0.7961411234249498,0.5413175277061371,0.3884233702748493,0.3884233702748493
0.7966685728898605,0.5425042890021861,0.33917286189204654,0.44083857544711624
0.7982266910778727,0.5460100549252136,0.2937934187725544,0.4955667276946817
0.8007458074453129,0.5516780667519539,0.25279677791992317,0.5516780667519539
0.8041191572502433,0.5592681038130474,0.2164766290009732,0.6082383145004866
0.8082146794058463,0.5684830286631544,0.18491238747484706,0.6643756889602311
0.8128878921100048,0.5789977572475109,0.1579955144950217,0.7193318381650072
0.817993697922684,0.5904858203260389,0.13547006513274895,0.772492122403355
0.8233956857246608,0.6026402928804868,0.1169784286233041,0.8233956857246608
0.8289723500763948,0.6151877876718885,0.10210483790107316,0.8717292625572961
0.8346203538810554,0.6278957962323746,0.09041194634580474,0.9173101769405277
0.8402553872338256,0.6405746212761076,0.08146847659449741,0.9600638468084564
0.8458113311016601,0.6530754949787352,0.0748679866099603,1.0
0.8425001538083684,0.6062503845209211,1.0,0.09437588439811861
0.8368365967103992,0.5920914917759978,0.9592091491775998,0.10260128190719542
0.8311198676317004,0.5777996690792508,0.9155599338158502,0.11337930506642702
0.8254256878112061,0.5635642195280153,0.8690692658584046,0.12712843905603055
0.819849060355582,0.549622650888955,0.819849060355582,0.14428303668901454
0.8145044416959327,0.5362611042398318,0.7681305521199159,0.1652699876316972
0.8095238095238095,0.5238095238095238,0.7142857142857143,0.19047619047619058
0.8050519284685682,0.5126298211714206,0.6588408748199945,0.22020771387427307
0.8012384020000187,0.5030960050000468,0.6024768040000374,0.2546440075000701
0.7982266910778727,0.4955667276946817,0.5460100549252136,0.2937934187725544
0.7961411234249498,0.4903528085623745,0.4903528085623745,0.33745865113108675
0.795073792168576,0.4876844804214401,0.4364529284635841,0.3852213765057281
0.795073792168576,0.4876844804214401,0.3852213765057281,0.4364529284635841
0.7961411234249498,0.4903528085623745,0.33745865113108675,0.4903528085623745
0.7982266910778727,0.4955667276946817,0.2937934187725544,0.5460100549252136
0.8012384020000187,0.5030960050000468,0.2546440075000701,0.6024768040000374
0.8050519284685682,0.5126298211714206,0.22020771387427307,0.6588408748199945
0.8095238095238095,0.5238095238095238,0.19047619047619058,0.7142857142857143
0.8145044416959327,0.5362611042398318,0.1652699876316972,0.7681305521199159
0.819849060355582,0.549622650888955,0.14428303668901454,0.819849060355582
0.8254256878112061,0.5635642195280153,0.12712843905603055,0.8690692658584046
0.8311198676317004,0.5777996690792508,0.11337930506642702,0.9155599338158502
0.8368365967103992,0.5920914917759978,0.10260128190719542,0.9592091491775998
0.8425001538083684,0.6062503845209211,0.09437588439811861,1.0
0.8394855292189745,0.5585852053521796,1.0,0.11717041070435918
0.8337656730153234,0.5428556007921395,0.9584414182538309,0.12726978333044814
0.828026567843061,0.5270730615684174,0.9140132839215305,0.1401328392153045
0.822353763326269,0.5114728491472398,0.8667653224947017,0.15618037579977773
0.816852581401748,0.49634459885480686,0.816852581401748,0.17583661630786585
0.8116473562607955,0.4820302297171878,0.7645591953259945,0.1995012641083811
0.806878180165893,0.46891499545620563,0.7103172702488394,0.22751272066357187
0.8026945505332039,0.45741001396631087,0.6547154634331069,0.2601045644995148
0.7992457547086017,0.4479258254486548,0.5984915094172034,0.29736014148010614
0.7966685728898605,0.44083857544711624,0.5425042890021861,0.33917286189204654
0.795073792168576,0.4364529284635841,0.4876844804214401,0.3852213765057281
0.7945338012249943,0.4349679533687345,0.4349679533687345,0.4349679533687345
0.795073792168576,0.4364529284635841,0.3852213765057281,0.4876844804214401
0.7966685728898605,0.44083857544711624,0.33917286189204654,0.5425042890021861
0.7992457547086017,0.4479258254486548,0.29736014148010614,0.5984915094172034
0.8026945505332039,0.45741001396631087,0.2601045644995148,0.6547154634331069
0.806878180165893,0.46891499545620563,0.22751272066357187,0.7103172702488394
0.8116473562607955,0.4820302297171878,0.1995012641083811,0.7645591953259945
0.816852581401748,0.49634459885480686,0.17583661630786585,0.816852581401748
0.822353763326269,0.5114728491472398,0.15618037579977773,0.8667653224947017
0.828026567843061,0.5270730615684174,0.1401328392153045,0.9140132839215305
0.8337656730153234,0.5428556007921395,0.12726978333044814,0.9584414182538309
0.8394855292189745,0.5585852053521796,0.11717041070435918,1.0
0.8368365967103992,0.5105097901311975,1.0,0.14339213272959572
0.8311198676317004,0.49335960289510106,0.9577799669079251,0.1555993381585018
0.8254256878112061,0.4762770634336182,0.912712843905603,0.17077201710322887
0.819849060355582,0.4595471810667461,0.8648867952666865,0.18932077160011906
0.8145044416959327,0.44351332508779806,0.8145044416959327,0.21164387720771394
0.8095238095238095,0.4285714285714286,0.7619047619047619,0.23809523809523814
0.8050519284685682,0.41515578540570475,0.7075778927028524,0.26894473175713096
0.8012384020000187,0.40371520600005606,0.6521672035000328,0.3043344070000654
0.7982266910778727,0.394680073233618,0.5964533821557454,0.3442367460030862
0.7961411234249498,0.3884233702748493,0.5413175277061371,0.3884233702748493
0.795073792168576,0.3852213765057281,0.4876844804214401,0.4364529284635841
0.795073792168576,0.3852213765057281,0.4364529284635841,0.4876844804214401
0.7961411234249498,0.3884233702748493,0.3884233702748493,0.5413175277061371
0.7982266910778727,0.394680073233618,0.3442367460030862,0.5964533821557454
0.8012384020000187,0.40371520600005606,0.3043344070000654,0.6521672035000328
0.8050519284685682,0.41515578540570475,0.26894473175713096,0.7075778927028524
0.8095238095238095,0.4285714285714286,0.23809523809523814,0.7619047619047619
0.8145044416959326,0.44351332508779795,0.21164387720771383,0.8145044416959326
0.819849060355582,0.45954718106674597,0.18932077160011895,0.8648867952666865
0.8254256878112061,0.4762770634336182,0.17077201710322887,0.912712843905603
0.8311198676317004,0.49335960289510106,0.1555993381585018,0.9577799669079251
0.8368365967103992,0.5105097901311975,0.14339213272959572,1.0
0.8346203538810554,0.46251615011343006,1.0,0.173101769405277
0.8289723500763948,0.44416013774828333,0.9572430875190987,0.18761866286287576
0.8233956857246608,0.42603597860514764,0.9116978428623304,0.20528058576097363
0.817993697922684,0.40847951824872286,0.8634952734420129,0.2264732161714068
0.8128878921100048,0.3918856493575156,0.8128878921100048,0.25155156844001925
0.8082146794058463,0.3766977080690006,0.7602683492573079,0.28080504777192383
0.8041191572502433,0.3633872610632908,0.706178735875365,0.31441705037585155
0.8007458074453129,0.35242387419726673,0.6513051630292974,0.35242387419726673
0.7982266910778727,0.3442367460030862,0.5964533821557454,0.394680073233618
0.7966685728898605,0.33917286189204654,0.5425042890021861,0.44083857544711624
0.7961411234249498,0.33745865113108675,0.4903528085623745,0.4903528085623745
0.7966685728898605,0.33917286189204654,0.44083857544711624,0.5425042890021861
0.7982266910778727,0.3442367460030862,0.394680073233618,0.5964533821557454
0.8007458074453129,0.35242387419726673,0.35242387419726673,0.6513051630292974
0.8041191572502433,0.3633872610632908,0.31441705037585155,0.706178735875365
0.8082146794058463,0.3766977080690006,0.28080504777192383,0.7602683492573079
0.8128878921100048,0.3918856493575156,0.25155156844001925,0.8128878921100048
0.817993697922684,0.40847951824872286,0.2264732161714068,0.8634952734420129
0.8233956857246608,0.42603597860514764,0.20528058576097363,0.9116978428623304
0.8289723500763948,0.44416013774828333,0.18761866286287576,0.9572430875190987
0.8346203538810554,0.46251615011343006,0.173101769405277,1.0
0.8328976027422572,0.41514160959790036,1.0,0.20626361302572194
0.8273872591991588,0.3958554071970557,0.9568468147997897,0.22324266639621437
0.8220023362040061,0.3770081767140212,0.911001168102003,0.24350992886702583
0.816852581401748,0.35898403490611785,0.862639436051311,0.26741032560699185
0.8120636057060242,0.3422226199710845,0.8120636057060242,0.29523852139759055
0.807772267467115,0.32720293613490214,0.7597153343338936,0.32720293613490214
0.8041191572502433,0.31441705037585155,0.706178735875365,0.3633872610632908
0.8012384020000187,0.3043344070000654,0.6521672035000328,0.40371520600005606
0.7992457547086017,0.29736014148010614,0.5984915094172034,0.4479258254486548
0.7982266910778727,0.2937934187725544,0.5460100549252136,0.4955667276946817
0.7982266910778727,0.2937934187725544,0.4955667276946817,0.5460100549252136
0.7992457547086017,0.29736014148010614,0.4479258254486548,0.5984915094172034
0.8012384020000187,0.3043344070000654,0.40371520600005606,0.6521672035000328
0.8041191572502433,0.31441705037585155,0.3633872610632908,0.706178735875365
0.807772267467115,0.32720293613490214,0.32720293613490214,0.7597153343338936
0.8120636057060242,0.3422226199710845,0.29523852139759055,0.8120636057060242
0.816852581401748,0.35898403490611785,0.26741032560699185,0.862639436051311
0.8220023362040061,0.3770081767140212,0.24350992886702583,0.911001168102003
0.8273872591991588,0.3958554071970557,0.22324266639621437,0.9568468147997897
0.8328976027422572,0.41514160959790036,0.20626361302572194,1.0
0.8317187352353315,0.36894525713249315,1.0,0.2427343085589918
0.8264147853589014,0.3490554450958807,0.9566036963397254,0.26226283777533144
0.8212931793564919,0.3298494225868446,0.910646589678246,0.2851727174259676
0.8164674129035505,0.3117527983883146,0.8623505596776629,0.3117527983883146
0.8120636057060242,0.29523852139759055,0.8120636057060242,0.3422226199710845
0.8082146794058463,0.28080504777192383,0.7602683492573079,0.3766977080690006
0.8050519284685682,0.26894473175713096,0.7075778927028524,0.41515578540570475
0.8026945505332039,0.2601045644995148,0.6547154634331069,0.45741001396631087
0.8012384020000187,0.2546440075000701,0.6024768040000374,0.5030960050000468
0.8007458074453129,0.25279677791992317,0.5516780667519539,0.5516780667519539
0.8012384020000187,0.2546440075000701,0.5030960050000468,0.6024768040000374
0.8026945505332039,0.2601045644995149,0.457410013966311,0.6547154634331069
0.8050519284685682,0.26894473175713096,0.41515578540570475,0.7075778927028524
0.8082146794058463,0.28080504777192383,0.3766977080690006,0.7602683492573079
0.8120636057060242,0.29523852139759055,0.3422226199710845,0.8120636057060242
0.8164674129035505,0.3117527983883146,0.3117527983883146,0.8623505596776629
0.8212931793564919,0.3298494225868446,0.2851727174259676,0.910646589678246
0.8264147853589014,0.3490554450958807,0.26226283777533144,0.9566036963397254
0.8317187352353315,0.36894525713249315,0.2427343085589918,1.0
0.8311198676317004,0.3244794705268015,1.0,0.2822594374347266
0.8260869565217391,0.30434782608695654,0.9565217391304348,0.30434782608695654
0.8212931793564919,0.2851727174259676,0.910646589678246,0.3298494225868446
0.816852581401748,0.26741032560699185,0.862639436051311,0.35898403490611785
0.8128878921100048,0.25155156844001925,0.8128878921100048,0.3918856493575156
0.8095238095238095,0.23809523809523814,0.7619047619047619,0.4285714285714286
0.806878180165893,0.22751272066357187,0.7103172702488394,0.46891499545620563
0.8050519284685682,0.22020771387427307,0.6588408748199945,0.5126298211714206
0.8041191572502433,0.2164766290009732,0.6082383145004866,0.5592681038130474
0.8041191572502433,0.2164766290009732,0.5592681038130474,0.6082383145004866
0.8050519284685682,0.22020771387427307,0.5126298211714206,0.6588408748199945
0.806878180165893,0.22751272066357187,0.46891499545620563,0.7103172702488394
0.8095238095238095,0.23809523809523814,0.4285714285714286,0.7619047619047619
0.8128878921100048,0.25155156844001925,0.3918856493575156,0.8128878921100048
0.816852581401748,0.26741032560699185,0.35898403490611785,0.862639436051311
0.8212931793564919,0.2851727174259676,0.3298494225868446,0.910646589678246
0.8260869565217391,0.30434782608695654,0.30434782608695654,0.9565217391304348
0.8311198676317004,0.3244794705268015,0.2822594374347266,1.0
0.8311198676317004,0.2822594374347266,1.0,0.3244794705268015
0.8264147853589014,0.26226283777533144,0.9566036963397254,0.3490554450958807
0.8220023362040061,0.24350992886702583,0.911001168102003,0.3770081767140212
0.817993697922684,0.2264732161714068,0.8634952734420129,0.40847951824872286
0.8145044416959327,0.21164387720771394,0.8145044416959327,0.44351332508779806
0.8116473562607955,0.1995012641083811,0.7645591953259945,0.4820302297171878
0.8095238095238095,0.19047619047619058,0.7142857142857143,0.5238095238095238
0.8082146794058463,0.18491238747484706,0.6643756889602311,0.5684830286631544
0.807772267467115,0.18303213673523833,0.6155445349342299,0.6155445349342299
0.8082146794058463,0.18491238747484706,0.5684830286631544,0.6643756889602311
0.8095238095238095,0.19047619047619058,0.5238095238095238,0.7142857142857143
0.8116473562607955,0.1995012641083811,0.4820302297171878,0.7645591953259945
0.8145044416959327,0.21164387720771394,0.44351332508779806,0.8145044416959327
0.817993697922684,0.2264732161714068,0.40847951824872286,0.8634952734420129
0.8220023362040061,0.24350992886702583,0.3770081767140212,0.911001168102003
0.8264147853589014,0.26226283777533144,0.3490554450958807,0.9566036963397254
0.8311198676317004,0.2822594374347266,0.3244794705268015,1.0
0.8317187352353315,0.2427343085589918,1.0,0.36894525713249315
0.8273872591991588,0.22324266639621437,0.9568468147997897,0.3958554071970557
0.8233956857246608,0.20528058576097363,0.9116978428623304,0.42603597860514764
0.819849060355582,0.18932077160011906,0.8648867952666865,0.4595471810667461
0.816852581401748,0.17583661630786585,0.816852581401748,0.49634459885480686
0.8145044416959327,0.1652699876316972,0.7681305521199159,0.5362611042398318
0.8128878921100048,0.1579955144950217,0.7193318381650072,0.5789977572475109
0.8120636057060242,0.1542862256771087,0.6711113099855422,0.6241272114120483
0.8120636057060242,0.1542862256771087,0.6241272114120483,0.6711113099855422
0.8128878921100048,0.1579955144950217,0.5789977572475109,0.7193318381650072
0.8145044416959327,0.1652699876316972,0.5362611042398318,0.7681305521199159
0.816852581401748,0.17583661630786585,0.49634459885480686,0.816852581401748
0.819849060355582,0.18932077160011906,0.4595471810667461,0.8648867952666865
0.8233956857246608,0.20528058576097363,0.42603597860514764,0.9116978428623304
0.8273872591991588,0.22324266639621437,0.3958554071970557,0.9568468147997897
0.8317187352353315,0.2427343085589918,0.36894525713249315,1.0
0.8328976027422572,0.20626361302572194,1.0,0.41514160959790036
0.8289723500763948,0.18761866286287576,0.9572430875190987,0.44416013774828333
0.8254256878112061,0.17077201710322887,0.912712843905603,0.4762770634336182
0.822353763326269,0.15618037579977773,0.8667653224947017,0.5114728491472398
0.819849060355582,0.14428303668901454,0.819849060355582,0.549622650888955
0.817993697922684,0.13547006513274895,0.772492122403355,0.5904858203260389
0.816852581401748,0.13004976165830295,0.725278872102622,0.633705162803496
0.8164674129035505,0.12822021129186512,0.6788179725812135,0.6788179725812135
0.816852581401748,0.13004976165830295,0.633705162803496,0.725278872102622
0.817993697922684,0.13547006513274873,0.5904858203260388,0.772492122403355
0.819849060355582,0.14428303668901454,0.549622650888955,0.819849060355582
0.822353763326269,0.15618037579977773,0.5114728491472398,0.8667653224947017
0.8254256878112061,0.17077201710322887,0.4762770634336182,0.912712843905603
0.8289723500763948,0.18761866286287576,0.44416013774828333,0.9572430875190987
0.8328976027422572,0.20626361302572194,0.41514160959790036,1.0
0.8346203538810554,0.173101769405277,1.0,0.46251615011343006
0.8311198676317004,0.1555993381585018,0.9577799669079251,0.49335960289510106
0.828026567843061,0.1401328392153045,0.9140132839215305,0.5270730615684174
0.8254256878112061,0.12712843905603055,0.8690692658584046,0.5635642195280153
0.8233956857246608,0.1169784286233041,0.8233956857246608,0.6026402928804868
0.8220023362040061,0.11001168102003034,0.7775029202550076,0.6440046724080122
0.8212931793564919,0.10646589678245943,0.7319397690347378,0.6872630638738608
0.8212931793564919,0.10646589678245943,0.6872630638738608,0.7319397690347378
0.8220023362040061,0.11001168102003034,0.6440046724080122,0.7775029202550076
0.8233956857246608,0.1169784286233041,0.6026402928804868,0.8233956857246608
0.8254256878112061,0.12712843905603055,0.5635642195280153,0.8690692658584046
0.828026567843061,0.1401328392153045,0.5270730615684174,0.9140132839215305
0.8311198676317004,0.1555993381585018,0.49335960289510106,0.9577799669079251
0.8346203538810554,0.173101769405277,0.46251615011343006,1.0
0.8368365967103992,0.14339213272959572,1.0,0.5105097901311975
0.8337656730153234,0.12726978333044814,0.9584414182538309,0.5428556007921395
0.8311198676317004,0.11337930506642702,0.9155599338158502,0.5777996690792508
0.8289723500763948,0.10210483790107316,0.8717292625572961,0.6151877876718885
0.8273872591991588,0.09378311079558355,0.8273872591991588,0.6547745183983176
0.8264147853589014,0.08867762313423289,0.7830184816986269,0.6962258743780776
0.8260869565217391,0.08695652173913049,0.7391304347826086,0.7391304347826086
0.8264147853589014,0.088677623134233,0.6962258743780776,0.7830184816986269
0.8273872591991587,0.09378311079558344,0.6547745183983175,0.8273872591991587
0.8289723500763948,0.10210483790107316,0.6151877876718885,0.8717292625572961
0.8311198676317004,0.11337930506642702,0.5777996690792508,0.9155599338158502
0.8337656730153234,0.12726978333044814,0.5428556007921395,0.9584414182538309
0.8368365967103992,0.14339213272959572,0.5105097901311975,1.0
0.8394855292189745,0.11717041070435918,1.0,0.5585852053521796
0.8368365967103992,0.10260128190719542,0.9592091491775998,0.5920914917759978
0.8346203538810554,0.09041194634580474,0.9173101769405277,0.6278957962323746
0.8328976027422572,0.08093681508241501,0.874673202056693,0.6657952054845145
0.8317187352353315,0.07445304379432327,0.8317187352353315,0.7055077866618301
0.8311198676317004,0.07115927197435212,0.7888998345396254,0.7466798014475506
0.8311198676317004,0.07115927197435201,0.7466798014475505,0.7888998345396254
0.8317187352353315,0.07445304379432316,0.7055077866618301,0.8317187352353315
0.8328976027422572,0.08093681508241501,0.6657952054845145,0.874673202056693
0.8346203538810554,0.09041194634580474,0.6278957962323746,0.9173101769405277
0.8368365967103992,0.10260128190719542,0.5920914917759978,0.9592091491775998
0.8394855292189745,0.11717041070435918,0.5585852053521796,1.0
0.8425001538083684,0.09437588439811861,1.0,0.6062503845209211
0.8402553872338256,0.08146847659449741,0.9600638468084564,0.6405746212761076
0.838441521655596,0.07103874951967759,0.919220760827798,0.6768830433111922
0.8371074075249263,0.06336759326832653,0.8778305556436947,0.7149379631686211
0.8362908981859883,0.05867266456943321,0.8362908981859883,0.7544363472789826
0.8360159876618425,0.057091929055594126,0.795019984577303,0.795019984577303
0.8362908981859883,0.05867266456943321,0.7544363472789826,0.8362908981859883
0.8371074075249263,0.06336759326832653,0.7149379631686211,0.8778305556436947
0.838441521655596,0.07103874951967759,0.6768830433111922,0.919220760827798
0.8402553872338256,0.08146847659449741,0.6405746212761076,0.9600638468084564
0.8425001538083684,0.09437588439811861,0.6062503845209211,1.0
0.8458113311016601,0.0748679866099603,1.0,0.6530754949787352
0.8439451370718258,0.06367082243095545,0.9609862842679565,0.6878902741436518
0.8425001538083684,0.05500092285021063,0.9212500769041843,0.7243752691646448
0.8415142296499345,0.04908537789960721,0.8811356722374509,0.7622713444749019
0.8410142732965671,0.04608563977940272,0.8410142732965671,0.8012678416207089
0.8410142732965672,0.04608563977940294,0.801267841620709,0.8410142732965672
0.8415142296499345,0.04908537789960721,0.7622713444749019,0.8811356722374509
0.8425001538083684,0.05500092285021063,0.7243752691646448,0.9212500769041843
0.8439451370718258,0.06367082243095545,0.6878902741436518,0.9609862842679565
0.8458113311016601,0.0748679866099603,0.6530754949787352,1.0
0.8493512845690581,0.058445528556613224,1.0,0.6987025691381161
0.8478328286182932,0.04895517886433309,0.9619582071545734,0.7337074500820133
0.8467196669521305,0.0419979184508158,0.9233598334760653,0.7700795004281957
0.8460399282160997,0.037749551350623745,0.8845299461620748,0.8075499102701247
0.8458113311016601,0.03632081938537535,0.8458113311016601,0.8458113311016601
0.8460399282160997,0.037749551350623745,0.8075499102701247,0.8845299461620748
0.8467196669521305,0.0419979184508158,0.7700795004281957,0.9233598334760653
0.8478328286182932,0.04895517886433309,0.7337074500820133,0.9619582071545734
0.8493512845690581,0.058445528556613224,0.6987025691381161,1.0
0.853056328325871,0.04486613411816143,1.0,0.7428485745702742
0.8518518518518519,0.03703703703703698,0.9629629629629629,0.7777777777777778
0.8510322154552283,0.03170940045898374,0.9255161077276142,0.8137902693190353
0.8506172626053458,0.029012206934747486,0.8879629469540093,0.8506172626053458
0.8506172626053458,0.029012206934747486,0.8506172626053458,0.8879629469540093
0.8510322154552283,0.03170940045898374,0.8137902693190353,0.9255161077276142
0.8518518518518519,0.03703703703703698,0.7777777777777778,0.9629629629629629
0.853056328325871,0.04486613411816143,0.7428485745702742,1.0
0.8568687466070973,0.03386403959790729,1.0,0.785303119910646
0.855943518786876,0.02761875181141349,0.963985879696719,0.819929398483595
0.8553796947875625,0.023812939816047263,0.9276898473937812,0.8553796947875625
0.8551902771488007,0.022534370754404787,0.8913927078616005,0.8913927078616005
0.8553796947875625,0.023812939816047263,0.8553796947875625,0.9276898473937812
0.855943518786876,0.02761875181141349,0.819929398483595,0.963985879696719
0.8568687466070973,0.03386403959790729,0.785303119910646,1.0
0.8607378752354418,0.02516512664809223,1.0,0.8259223440443022
0.860057714291736,0.020404000042152592,0.9650144285729341,0.860057714291736
0.8597138752336211,0.017997126635347915,0.9298569376168105,0.8947854064252159
0.8597138752336211,0.017997126635347915,0.8947854064252159,0.9298569376168105
0.860057714291736,0.020404000042152592,0.860057714291736,0.9650144285729341
0.8607378752354418,0.02516512664809223,0.8259223440443022,1.0
0.8646205113155174,0.01849870703750167,1.0,0.8646205113155174
0.8641528778377351,0.015108364323579648,0.9660382194594338,0.8981146583783013
0.8639959198163908,0.013970418668833529,0.9319979599081955,0.9319979599081955
0.8641528778377351,0.015108364323579648,0.8981146583783013,0.9660382194594338
0.8646205113155174,0.01849870703750167,0.8646205113155174,1.0
0.8684808101557142,0.013606076167856251,1.0,0.9013606076167856
0.8681955187362127,0.011466390521594927,0.9670488796840532,0.9340977593681064
0.8681955187362127,0.011466390521594927,0.9340977593681064,0.9670488796840532
0.8684808101557142,0.013606076167856251,0.9013606076167856,1.0
0.8722898286371799,0.010246171938143589,1.0,0.9361449143185899
0.8721594455798813,0.009235703244080629,0.9680398613949703,0.9680398613949703
0.8722898286371799,0.010246171938143589,0.9361449143185899,1.0
0.8760248545252513,0.008198836202010229,1.0,0.9690062136313128
0.8760248545252513,0.008198836202010229,0.9690062136313128,1.0
0.8796686324807627,0.007266217966291788,1.0,1.0
0.8456231197263904,1.0,1.0,0.01198796624889853
0.8408482464801924,1.0,0.9681696492960384,0.013259128177192991
0.8359553212688033,1.0,0.9343821285075213,0.01573192761281994
0.8309691490542966,1.0,0.898581489432578,0.01962106451492074
0.8259223440443022,1.0,0.8607378752354418,0.025165126648092007
0.8208564090249953,1.0,0.8208564090249953,0.03262460873497486
0.8158226328290606,1.0,0.7789871593948728,0.042277690711115534
0.8108826313819415,1.0,0.7352356839347182,0.054413156909707716
0.8061083164176297,1.0,0.6897733062682074,0.0693199188046224
0.8015810524668637,1.0,0.6428458944403547,0.08727284134757318
0.7973897753817231,1.0,0.5947795507634461,0.10851501167958133
0.7936279141467509,1.0,0.545981411122852,0.13323723941635413
0.7903890959248407,1.0,0.4969338302196178,0.16155638369936287
0.7877618200109955,1.0,0.44818073202858844,0.19349491604178315
0.7858235315609403,1.0,0.40030588837063286,0.22896471361938509
0.784634753873026,1.0,0.35390426161907795,0.26775816316828827
0.7842340739989485,1.0,0.30954903679663515,0.30954903679663515
0.784634753873026,1.0,0.26775816316828827,0.35390426161907795
0.7858235315609403,1.0,0.22896471361938509,0.40030588837063286
0.7877618200109955,1.0,0.19349491604178315,0.44818073202858844
0.7903890959248407,1.0,0.16155638369936287,0.4969338302196178
0.793627914146751,1.0,0.13323723941635424,0.5459814111228523
0.7973897753817231,1.0,0.10851501167958133,0.5947795507634461
0.8015810524668637,1.0,0.08727284134757318,0.6428458944403547
0.8061083164176297,1.0,0.0693199188046224,0.6897733062682074
0.8108826313819415,1.0,0.054413156909707716,0.7352356839347182
0.8158226328290606,1.0,0.04227769071111542,0.7789871593948727
0.8208564090249953,1.0,0.03262460873497486,0.8208564090249953
0.8259223440443022,1.0,0.02516512664809223,0.8607378752354418
0.8309691490542966,1.0,0.01962106451492074,0.898581489432578
0.8359553212688033,1.0,0.01573192761281994,0.9343821285075213
0.8408482464801924,1.0,0.013259128177192991,0.9681696492960384
0.8456231197263904,1.0,0.01198796624889853,1.0
0.8408482464801924,0.9681696492960384,1.0,0.013259128177192991
0.8357784536392845,0.9671556907278569,0.9671556907278569,0.014670721835706724
0.8305814631070757,0.9661162926214152,0.9322325852428303,0.017372486021039135
0.8252858605463469,0.9650571721092693,0.8951715163278082,0.02160081905954292
0.819929398483595,0.963985879696719,0.855943518786876,0.02761875181141349
0.814560264611929,0.9629120529223858,0.814560264611929,0.035713375982030726
0.8092381015708711,0.9618476203141743,0.7710857218850453,0.04619050785435541
0.8040345495825949,0.960806909916519,0.7256483694156328,0.05936583799645534
0.7990330322354648,0.9598066064470929,0.6784528515767436,0.07555194828313805
0.7943274825525682,0.9588654965105137,0.6297894685946228,0.09504092323130009
0.790019737217096,0.9580039474434192,0.5800394744341919,0.11808289631180324
0.7862154375954936,0.9572430875190987,0.5296739627100859,0.14486175038197446
0.7830184816986269,0.9566036963397254,0.47924435607670446,0.17547023045478216
0.7805243593469264,0.9561048718693853,0.4293633343020087,0.20988769364893511
0.7788130223980956,0.9557626044796191,0.3806764627146677,0.24796427615352512
0.7779422041578363,0.9555884408315672,0.33382661247350887,0.2894150533050761
0.7779422041578363,0.9555884408315672,0.2894150533050761,0.33382661247350887
0.7788130223980956,0.9557626044796191,0.24796427615352512,0.3806764627146677
0.7805243593469264,0.9561048718693853,0.20988769364893523,0.4293633343020088
0.7830184816986269,0.9566036963397254,0.17547023045478216,0.47924435607670446
0.7862154375954936,0.9572430875190987,0.14486175038197446,0.5296739627100859
0.790019737217096,0.9580039474434192,0.11808289631180324,0.5800394744341919
0.7943274825525682,0.9588654965105137,0.09504092323130009,0.6297894685946228
0.7990330322354648,0.9598066064470929,0.07555194828313805,0.6784528515767436
0.8040345495825949,0.960806909916519,0.05936583799645534,0.7256483694156328
0.8092381015708711,0.9618476203141743,0.04619050785435541,0.7710857218850453
0.814560264611929,0.9629120529223858,0.035713375982030726,0.814560264611929
0.819929398483595,0.963985879696719,0.02761875181141349,0.855943518786876
0.8252858605463469,0.9650571721092693,0.02160081905954292,0.8951715163278082
0.8305814631070757,0.9661162926214152,0.017372486021039135,0.9322325852428303
0.8357784536392845,0.9671556907278569,0.014670721835706724,0.9671556907278569
0.8408482464801924,0.9681696492960384,0.013259128177192991,1.0
0.8359553212688033,0.9343821285075213,1.0,0.01573192761281994
0.8305814631070757,0.9322325852428303,0.9661162926214152,0.017372486021039135
0.8250721428646701,0.930028857145868,0.930028857145868,0.020404000042152592
0.8194604638314702,0.9277841855325881,0.8916762782988822,0.02508650468993945
0.8137902693190353,0.9255161077276142,0.8510322154552283,0.03170940045898374
0.8081176108866659,0.9232470443546663,0.8081176108866659,0.04058805443332969
0.802511873616659,0.9210047494466636,0.7630142483399908,0.052056993359962944
0.7970562603829503,0.9188225041531801,0.7158787645361303,0.06645879776157115
0.7918472764390934,0.9167389105756374,0.6669556423025493,0.08412801633201072
0.7869928385788475,0.914797135431539,0.6165871094419255,0.10536992203115947
0.782608695652174,0.9130434782608696,0.5652173913043479,0.13043478260869568
0.7788130223980956,0.9115252089592383,0.5133886492758102,0.15948948511276329
0.7757193479918717,0.9102877391967487,0.46172643518049206,0.19258965277073803
0.7734283727852781,0.9093713491141112,0.41091376924172307,0.2296564674699456
0.7720196237062235,0.9088078494824894,0.36165494637742557,0.27046279585991495
0.7715441688075231,0.9086176675230092,0.31463250642256924,0.31463250642256924
0.7720196237062235,0.9088078494824894,0.27046279585991495,0.36165494637742557
0.7734283727852781,0.9093713491141112,0.2296564674699456,0.41091376924172307
0.7757193479918717,0.9102877391967487,0.19258965277073803,0.46172643518049206
0.7788130223980956,0.9115252089592383,0.15948948511276329,0.5133886492758102
0.7826086956521738,0.9130434782608695,0.13043478260869557,0.5652173913043478
0.7869928385788475,0.914797135431539,0.10536992203115947,0.6165871094419255
0.7918472764390934,0.9167389105756374,0.08412801633201072,0.6669556423025493
0.7970562603829503,0.9188225041531801,0.06645879776157115,0.7158787645361303
0.802511873616659,0.9210047494466636,0.052056993359962944,0.7630142483399908
0.8081176108866659,0.9232470443546663,0.04058805443332958,0.8081176108866659
0.8137902693190353,0.9255161077276142,0.03170940045898374,0.8510322154552283
0.8194604638314702,0.9277841855325881,0.02508650468993945,0.8916762782988822
0.8250721428646701,0.930028857145868,0.020404000042152592,0.930028857145868
0.8305814631070757,0.9322325852428303,0.017372486021039135,0.9661162926214152
0.8359553212688033,0.9343821285075213,0.01573192761281994,1.0
0.8309691490542966,0.898581489432578,1.0,0.01962106451492074
0.8252858605463469,0.8951715163278082,0.9650571721092693,0.02160081905954292
0.8194604638314702,0.8916762782988822,0.9277841855325881,0.02508650468993945
0.8135314648429496,0.8881188789057698,0.8881188789057698,0.03036361718333791
0.8075499102701247,0.8845299461620748,0.8460399282160997,0.037749551350623745
0.8015810524668637,0.8809486314801183,0.8015810524668637,0.04758905184094597
0.7957055383886408,0.8774233230331845,0.754846646066369,0.06024547658774759
0.790019737217096,0.8740118423302576,0.7060276321039344,0.07608684375522234
0.784634753873026,0.8707808523238156,0.6554156061968415,0.09546596626670911
0.7796736753803841,0.8678042052282304,0.6034126156846914,0.1186947015215365
0.7752667125122525,0.8651600275073515,0.5505334250245052,0.14601350754655995
0.7715441688075231,0.8629265012845139,0.4973971713765508,0.1775590077070831
0.7686275933086263,0.8611765559851757,0.444706223940703,0.21333381724932932
0.7666199859953318,0.8599719915971991,0.3932119635878625,0.25318395518506154
0.7655963845307523,0.8593578307184514,0.3436698766861064,0.2967891535922569
0.7655963845307523,0.8593578307184514,0.2967891535922569,0.3436698766861064
0.7666199859953317,0.8599719915971991,0.2531839551850613,0.39321196358786237
0.7686275933086263,0.8611765559851757,0.21333381724932932,0.444706223940703
0.7715441688075231,0.8629265012845139,0.1775590077070831,0.4973971713765508
0.7752667125122527,0.8651600275073515,0.14601350754656006,0.5505334250245053
0.7796736753803841,0.8678042052282304,0.1186947015215365,0.6034126156846914
0.784634753873026,0.8707808523238156,0.09546596626670911,0.6554156061968415
0.7900197372170961,0.8740118423302576,0.07608684375522246,0.7060276321039345
0.7957055383886408,0.8774233230331845,0.06024547658774759,0.754846646066369
0.8015810524668637,0.8809486314801183,0.04758905184094597,0.8015810524668637
0.8075499102701247,0.8845299461620748,0.037749551350623745,0.8460399282160997
0.8135314648429496,0.8881188789057698,0.03036361718333791,0.8881188789057698
0.8194604638314702,0.8916762782988822,0.02508650468993945,0.9277841855325881
0.8252858605463469,0.8951715163278082,0.02160081905954292,0.9650571721092693
0.8309691490542966,0.898581489432578,0.01962106451492074,1.0
0.8259223440443022,0.8607378752354418,1.0,0.025165126648092007
0.819929398483595,0.855943518786876,0.963985879696719,0.02761875181141349
0.8137902693190353,0.8510322154552283,0.9255161077276142,0.03170940045898374
0.8075499102701247,0.8460399282160997,0.8845299461620748,0.037749551350623745
0.801267841620709,0.8410142732965672,0.8410142732965672,0.04608563977940294
0.795019984577303,0.8360159876618425,0.795019984577303,0.057091929055594126
0.7888998345396254,0.8311198676317004,0.7466798014475505,0.07115927197435201
0.7830184816986269,0.8264147853589014,0.6962258743780776,0.088677623134233
0.7775029202550076,0.8220023362040061,0.6440046724080122,0.11001168102003034
0.772492122403355,0.817993697922684,0.5904858203260389,0.13547006513274895
0.7681305521199159,0.8145044416959327,0.5362611042398318,0.1652699876316972
0.7645591953259945,0.8116473562607955,0.4820302297171878,0.1995012641083811
0.7619047619047619,0.8095238095238095,0.4285714285714286,0.23809523809523814
0.7602683492573079,0.8082146794058463,0.3766977080690006,0.28080504777192383
0.7597153343338936,0.807772267467115,0.32720293613490214,0.32720293613490214
0.7602683492573079,0.8082146794058463,0.28080504777192383,0.3766977080690006
0.7619047619047619,0.8095238095238095,0.23809523809523814,0.4285714285714286
0.7645591953259945,0.8116473562607955,0.1995012641083811,0.4820302297171878
0.7681305521199159,0.8145044416959327,0.1652699876316972,0.5362611042398318
0.772492122403355,0.817993697922684,0.13547006513274895,0.5904858203260389
0.7775029202550076,0.8220023362040061,0.11001168102003034,0.6440046724080122
0.7830184816986269,0.8264147853589014,0.088677623134233,0.6962258743780776
0.7888998345396254,0.8311198676317004,0.07115927197435212,0.7466798014475506
0.795019984577303,0.8360159876618425,0.057091929055594126,0.795019984577303
0.801267841620709,0.8410142732965672,0.04608563977940294,0.8410142732965672
0.8075499102701247,0.8460399282160997,0.037749551350623745,0.8845299461620748
0.8137902693190353,0.8510322154552283,0.03170940045898374,0.9255161077276142
0.819929398483595,0.855943518786876,0.027618751811413267,0.963985879696719
0.8259223440443022,0.8607378752354418,0.025165126648092007,1.0
0.8208564090249953,0.8208564090249953,1.0,0.03262460873497486
0.814560264611929,0.814560264611929,0.9629120529223858,0.035713375982030726
0.8081176108866659,0.8081176108866659,0.9232470443546663,0.04058805443332969
0.8015810524668637,0.8015810524668637,0.8809486314801183,0.04758905184094597
0.795019984577303,0.795019984577303,0.8360159876618425,0.057091929055594126
0.7885225327810932,0.7885225327810932,0.7885225327810932,0.06949914423681025
0.7821965790654839,0.7821965790654839,0.7386358948785807,0.08522563207503253
0.7761692594820774,0.7761692594820774,0.6866369632749083,0.10467703792830951
0.7705842661294382,0.7705842661294382,0.6329348258071011,0.12822021129186534
0.7655963845307523,0.7655963845307523,0.5780734921553541,0.15614698431070828
0.7613630200483261,0.7613630200483261,0.5227260400966522,0.18863426816430895
0.7580330407520863,0.7580330407520863,0.4676726896545901,0.22570573040667652
0.7557340156269843,0.7557340156269843,0.41376163750476214,0.2672020468809527
0.754559653163092,0.754559653163092,0.36185509822403916,0.31276702885665764
0.754559653163092,0.754559653163092,0.31276702885665764,0.36185509822403916
0.7557340156269843,0.7557340156269843,0.2672020468809527,0.41376163750476214
0.7580330407520863,0.7580330407520863,0.22570573040667652,0.4676726896545901
0.7613630200483261,0.7613630200483261,0.18863426816430895,0.5227260400966522
0.7655963845307523,0.7655963845307523,0.15614698431070828,0.5780734921553541
0.7705842661294382,0.7705842661294382,0.12822021129186534,0.6329348258071011
0.7761692594820774,0.7761692594820774,0.10467703792830951,0.6866369632749083
0.7821965790654839,0.7821965790654839,0.08522563207503253,0.7386358948785807
0.7885225327810932,0.7885225327810932,0.06949914423681025,0.7885225327810932
0.795019984577303,0.795019984577303,0.057091929055594126,0.8360159876618425
0.8015810524668637,0.8015810524668637,0.04758905184094597,0.8809486314801183
0.8081176108866659,0.8081176108866659,0.04058805443332969,0.9232470443546663
0.814560264611929,0.814560264611929,0.035713375982030726,0.9629120529223858
0.8208564090249953,0.8208564090249953,0.03262460873497486,1.0
0.8158226328290606,0.7789871593948728,1.0,0.042277690711115534
0.8092381015708711,0.7710857218850453,0.9618476203141743,0.04619050785435541
0.802511873616659,0.7630142483399908,0.9210047494466636,0.052056993359962944
0.7957055383886408,0.754846646066369,0.8774233230331845,0.06024547658774759
0.7888998345396254,0.7466798014475505,0.8311198676317004,0.07115927197435201
0.7821965790654839,0.7386358948785807,0.7821965790654839,0.08522563207503253
0.7757193479918717,0.7308632175902461,0.7308632175902461,0.10287739196748669
0.7696121612079543,0.7235345934495452,0.677457025691136,0.12452621259022634
0.7640354109084957,0.7168424930901948,0.622456657453593,0.1505274792705843
0.7591584745704559,0.7109901694845471,0.5664852542268207,0.1811388135395502
0.7551489465628041,0.706178735875365,0.5102978931256082,0.2164766290009732
0.7521592014516951,0.7025910417420342,0.45475024319372936,0.2564776043550855
0.7503119152805389,0.7003742983366466,0.4007485966732932,0.3008733627855088
0.7496869128391206,0.6996242954069447,0.34918597338171353,0.34918597338171353
0.7503119152805389,0.7003742983366466,0.3008733627855088,0.4007485966732932
0.7521592014516951,0.7025910417420342,0.2564776043550854,0.45475024319372925
0.7551489465628041,0.706178735875365,0.2164766290009732,0.5102978931256082
0.7591584745704559,0.7109901694845471,0.1811388135395502,0.5664852542268207
0.7640354109084957,0.7168424930901948,0.1505274792705843,0.622456657453593
0.7696121612079543,0.7235345934495452,0.12452621259022634,0.677457025691136
0.7757193479918717,0.7308632175902461,0.10287739196748669,0.7308632175902461
0.7821965790654839,0.7386358948785807,0.08522563207503253,0.7821965790654839
0.7888998345396254,0.7466798014475505,0.07115927197435201,0.8311198676317004
0.7957055383886408,0.754846646066369,0.06024547658774759,0.8774233230331845
0.802511873616659,0.7630142483399908,0.052056993359962944,0.9210047494466636
0.8092381015708711,0.7710857218850453,0.04619050785435541,0.9618476203141743
0.8158226328290606,0.7789871593948728,0.042277690711115534,1.0
0.8108826313819415,0.7352356839347182,1.0,0.054413156909707716
0.8040345495825949,0.7256483694156328,0.960806909916519,0.05936583799645534
0.7970562603829503,0.7158787645361303,0.9188225041531801,0.06645879776157115
0.790019737217096,0.7060276321039344,0.8740118423302576,0.07608684375522234
0.7830184816986269,0.6962258743780776,0.8264147853589014,0.088677623134233
0.7761692594820774,0.6866369632749083,0.7761692594820774,0.10467703792830951
0.7696121612079543,0.677457025691136,0.7235345934495452,0.12452621259022634
0.7635081150797989,0.6689113611117186,0.6689113611117186,0.14862921428727616
0.7580330407520863,0.661246257052921,0.6128528652033381,0.1773123385570936
0.753368188166505,0.6547154634331069,0.5560627386997089,0.21077820213281573
0.7496869128391206,0.6495616779747688,0.4993738256782412,0.24906073851736166
0.7471391312879132,0.6459947838030784,0.443706088833409,0.2919895676061569
0.7458357161123256,0.6441700025572559,0.39000571866958134,0.33917286189204654
0.7458357161123256,0.6441700025572559,0.33917286189204654,0.39000571866958134
0.7471391312879132,0.6459947838030784,0.2919895676061569,0.443706088833409
0.7496869128391206,0.6495616779747688,0.24906073851736166,0.4993738256782412
0.753368188166505,0.6547154634331069,0.21077820213281573,0.5560627386997089
0.7580330407520863,0.661246257052921,0.1773123385570936,0.6128528652033381
0.7635081150797989,0.6689113611117186,0.14862921428727616,0.6689113611117186
0.7696121612079543,0.677457025691136,0.12452621259022634,0.7235345934495452
0.7761692594820774,0.6866369632749083,0.10467703792830951,0.7761692594820774
0.7830184816986269,0.6962258743780776,0.08867762313423289,0.8264147853589014
0.790019737217096,0.7060276321039344,0.07608684375522234,0.8740118423302576
0.7970562603829503,0.7158787645361303,0.06645879776157115,0.9188225041531801
0.8040345495825949,0.7256483694156328,0.05936583799645534,0.960806909916519
0.8108826313819415,0.7352356839347182,0.054413156909707716,1.0
0.8061083164176297,0.6897733062682074,1.0,0.0693199188046224
0.7990330322354648,0.6784528515767436,0.9598066064470929,0.07555194828313805
0.7918472764390934,0.6669556423025493,0.9167389105756374,0.08412801633201072
0.784634753873026,0.6554156061968415,0.8707808523238156,0.09546596626670911
0.7775029202550076,0.6440046724080122,0.8220023362040061,0.11001168102003034
0.7705842661294382,0.6329348258071011,0.7705842661294382,0.12822021129186534
0.7640354109084957,0.622456657453593,0.7168424930901948,0.1505274792705843
0.7580330407520863,0.6128528652033381,0.661246257052921,0.1773123385570936
0.7527659117829256,0.604425458852681,0.604425458852681,0.20885091770536202
0.7484226972866862,0.597476315658698,0.5471608551160352,0.2452680918600586
0.7451764042811873,0.5922822468498996,0.4903528085623745,0.2864939319873242
0.743167251531243,0.5890676024499887,0.4349679533687345,0.33223485398123165
0.7424868986876976,0.5879790379003162,0.38196855685047426,0.38196855685047426
0.743167251531243,0.5890676024499887,0.33223485398123165,0.4349679533687345
0.7451764042811873,0.5922822468498996,0.2864939319873242,0.4903528085623745
0.7484226972866862,0.597476315658698,0.2452680918600586,0.5471608551160352
0.7527659117829256,0.604425458852681,0.20885091770536202,0.604425458852681
0.7580330407520863,0.6128528652033381,0.1773123385570936,0.661246257052921
0.7640354109084957,0.622456657453593,0.1505274792705843,0.7168424930901948
0.7705842661294382,0.6329348258071011,0.12822021129186534,0.7705842661294382
0.7775029202550076,0.6440046724080122,0.11001168102003034,0.8220023362040061
0.784634753873026,0.6554156061968415,0.09546596626670911,0.8707808523238156
0.7918472764390934,0.6669556423025493,0.08412801633201072,0.9167389105756374
0.7990330322354648,0.6784528515767436,0.07555194828313805,0.9598066064470929
0.8061083164176297,0.6897733062682074,0.0693199188046224,1.0
0.8015810524668637,0.6428458944403547,1.0,0.08727284134757318
0.7943274825525682,0.6297894685946228,0.9588654965105137,0.09504092323130009
0.7869928385788475,0.6165871094419255,0.914797135431539,0.10536992203115947
0.7796736753803841,0.6034126156846914,0.8678042052282304,0.1186947015215365
0.772492122403355,0.5904858203260389,0.817993697922684,0.13547006513274895
0.7655963845307523,0.5780734921553541,0.7655963845307523,0.15614698431070828
0.7591584745704559,0.5664852542268207,0.7109901694845471,0.1811388135395502
0.753368188166505,0.5560627386997089,0.6547154634331069,0.21077820213281573
0.7484226972866862,0.5471608551160352,0.597476315658698,0.2452680918600586
0.7445119348462019,0.5401214827231636,0.5401214827231636,0.28463341756936567
0.7418011102528389,0.53524199845511,0.4836022205056778,0.3286828866573811
0.7404129341744174,0.5327432815139514,0.42890845518371845,0.376991042018602
0.7404129341744174,0.5327432815139514,0.376991042018602,0.42890845518371845
0.7418011102528389,0.53524199845511,0.3286828866573811,0.4836022205056778
0.7445119348462019,0.5401214827231636,0.28463341756936567,0.5401214827231636
0.7484226972866862,0.5471608551160352,0.2452680918600586,0.597476315658698
0.753368188166505,0.556062738699709,0.21077820213281595,0.6547154634331069
0.759158474570456,0.5664852542268208,0.18113881353955041,0.7109901694845472
0.7655963845307523,0.5780734921553541,0.15614698431070828,0.7655963845307523
0.772492122403355,0.5904858203260389,0.13547006513274895,0.817993697922684
0.7796736753803841,0.6034126156846914,0.1186947015215365,0.8678042052282304
0.7869928385788475,0.6165871094419255,0.10536992203115969,0.914797135431539
0.7943274825525682,0.6297894685946228,0.09504092323130009,0.9588654965105137
0.8015810524668637,0.6428458944403547,0.08727284134757318,1.0
0.7973897753817231,0.5947795507634461,1.0,0.10851501167958133
0.790019737217096,0.5800394744341919,0.9580039474434192,0.11808289631180324
0.7826086956521738,0.5652173913043478,0.9130434782608695,0.13043478260869557
0.7752667125122527,0.5505334250245053,0.8651600275073515,0.14601350754656006
0.7681305521199159,0.5362611042398318,0.8145044416959327,0.1652699876316972
0.7613630200483261,0.5227260400966522,0.7613630200483261,0.18863426816430895
0.7551489465628041,0.5102978931256082,0.706178735875365,0.2164766290009732
0.7496869128391206,0.4993738256782412,0.6495616779747688,0.24906073851736166
0.7451764042811873,0.4903528085623745,0.5922822468498996,0.2864939319873242
0.7418011102528389,0.4836022205056778,0.53524199845511,0.3286828866573811
0.7397103968523233,0.4794207937046465,0.4794207937046465,0.3753049524455758
0.7390021245140597,0.47800424902811944,0.42580467393093135,0.42580467393093135
0.7397103968523233,0.4794207937046465,0.3753049524455758,0.4794207937046465
0.7418011102528389,0.4836022205056778,0.3286828866573811,0.53524199845511
0.7451764042811873,0.4903528085623745,0.2864939319873242,0.5922822468498996
0.7496869128391206,0.4993738256782412,0.24906073851736166,0.6495616779747688
0.7551489465628041,0.5102978931256082,0.2164766290009732,0.706178735875365
0.7613630200483261,0.5227260400966522,0.18863426816430895,0.7613630200483261
0.7681305521199158,0.5362611042398316,0.16526998763169698,0.8145044416959326
0.7752667125122525,0.5505334250245052,0.14601350754655995,0.8651600275073515
0.782608695652174,0.5652173913043479,0.13043478260869568,0.9130434782608696
0.790019737217096,0.5800394744341919,0.11808289631180324,0.9580039474434192
0.7973897753817231,0.5947795507634461,0.10851501167958133,1.0
0.7936279141467509,0.545981411122852,1.0,0.13323723941635413
0.7862154375954936,0.5296739627100859,0.9572430875190987,0.14486175038197446
0.7788130223980956,0.5133886492758102,0.9115252089592383,0.15948948511276329
0.7715441688075231,0.4973971713765508,0.8629265012845139,0.1775590077070831
0.7645591953259945,0.4820302297171878,0.8116473562607955,0.1995012641083811
0.7580330407520863,0.4676726896545901,0.7580330407520863,0.22570573040667652
0.7521592014516951,0.45475024319372936,0.7025910417420342,0.2564776043550855
0.7471391312879132,0.443706088833409,0.6459947838030784,0.2919895676061569
0.743167251531243,0.4349679533687345,0.5890676024499887,0.33223485398123165
0.7404129341744174,0.42890845518371845,0.5327432815139514,0.376991042018602
0.7390021245140597,0.42580467393093135,0.47800424902811944,0.42580467393093135
0.7390021245140597,0.42580467393093135,0.42580467393093135,0.47800424902811944
0.7404129341744174,0.42890845518371845,0.376991042018602,0.5327432815139514
0.743167251531243,0.4349679533687345,0.33223485398123165,0.5890676024499887
0.7471391312879132,0.443706088833409,0.2919895676061569,0.6459947838030784
0.7521592014516951,0.45475024319372936,0.2564776043550855,0.7025910417420342
0.7580330407520863,0.46767268965458997,0.2257057304066763,0.7580330407520863
0.7645591953259945,0.4820302297171878,0.1995012641083811,0.8116473562607955
0.7715441688075231,0.4973971713765508,0.1775590077070831,0.8629265012845139
0.7788130223980956,0.5133886492758102,0.15948948511276329,0.9115252089592383
0.7862154375954936,0.5296739627100859,0.14486175038197435,0.9572430875190987
0.7936279141467509,0.545981411122852,0.13323723941635413,1.0
0.7903890959248407,0.4969338302196178,1.0,0.16155638369936287
0.7830184816986269,0.47924435607670446,0.9566036963397254,0.17547023045478216
0.7757193479918717,0.46172643518049206,0.9102877391967487,0.19258965277073803
0.7686275933086263,0.444706223940703,0.8611765559851757,0.21333381724932932
0.7619047619047619,0.4285714285714286,0.8095238095238095,0.23809523809523814
0.7557340156269843,0.41376163750476214,0.7557340156269843,0.2672020468809527
0.7503119152805389,0.4007485966732932,0.7003742983366466,0.3008733627855088
0.7458357161123256,0.39000571866958134,0.6441700025572559,0.33917286189204654
0.7424868986876976,0.38196855685047426,0.5879790379003162,0.38196855685047426
0.7404129341744174,0.376991042018602,0.5327432815139514,0.42890845518371845
0.7397103968523233,0.3753049524455758,0.4794207937046465,0.4794207937046465
0.7404129341744174,0.376991042018602,0.42890845518371845,0.5327432815139514
0.7424868986876976,0.38196855685047426,0.38196855685047426,0.5879790379003162
0.7458357161123256,0.39000571866958134,0.33917286189204654,0.6441700025572559
0.7503119152805389,0.4007485966732932,0.3008733627855088,0.7003742983366466
0.7557340156269843,0.41376163750476214,0.2672020468809527,0.7557340156269843
0.7619047619047619,0.4285714285714286,0.23809523809523814,0.8095238095238095
0.7686275933086263,0.444706223940703,0.21333381724932932,0.8611765559851757
0.7757193479918717,0.46172643518049206,0.19258965277073803,0.9102877391967487
0.7830184816986269,0.47924435607670446,0.17547023045478216,0.9566036963397254
0.7903890959248407,0.4969338302196178,0.16155638369936287,1.0
0.7877618200109955,0.44818073202858844,1.0,0.19349491604178315
0.7805243593469264,0.4293633343020087,0.9561048718693853,0.20988769364893511
0.7734283727852781,0.41091376924172307,0.9093713491141112,0.2296564674699456
0.7666199859953317,0.39321196358786237,0.8599719915971991,0.2531839551850613
0.7602683492573079,0.3766977080690006,0.8082146794058463,0.28080504777192383
0.754559653163092,0.36185509822403916,0.754559653163092,0.31276702885665764
0.7496869128391206,0.34918597338171353,0.6996242954069447,0.34918597338171353
0.7458357161123256,0.33917286189204654,0.6441700025572559,0.39000571866958134
0.743167251531243,0.33223485398123165,0.5890676024499887,0.4349679533687345
0.7418011102528389,0.3286828866573811,0.53524199845511,0.4836022205056778
0.7418011102528389,0.3286828866573811,0.4836022205056778,0.53524199845511
0.743167251531243,0.33223485398123165,0.4349679533687345,0.5890676024499887
0.7458357161123256,0.33917286189204654,0.39000571866958134,0.6441700025572559
0.7496869128391206,0.34918597338171353,0.34918597338171353,0.6996242954069447
0.754559653163092,0.36185509822403916,0.31276702885665764,0.754559653163092
0.7602683492573079,0.3766977080690005,0.2808050477719237,0.8082146794058463
0.7666199859953317,0.39321196358786237,0.2531839551850613,0.8599719915971991
0.7734283727852781,0.41091376924172307,0.2296564674699456,0.9093713491141112
0.7805243593469264,0.4293633343020087,0.20988769364893511,0.9561048718693853
0.7877618200109955,0.44818073202858844,0.19349491604178315,1.0
0.7858235315609403,0.40030588837063286,1.0,0.22896471361938509
0.7788130223980956,0.3806764627146677,0.9557626044796191,0.24796427615352512
0.7720196237062235,0.36165494637742557,0.9088078494824894,0.27046279585991495
0.7655963845307523,0.3436698766861064,0.8593578307184514,0.2967891535922569
0.7597153343338936,0.32720293613490214,0.807772267467115,0.32720293613490214
0.754559653163092,0.31276702885665764,0.754559653163092,0.36185509822403916
0.7503119152805389,0.3008733627855088,0.7003742983366466,0.4007485966732932
0.7471391312879132,0.2919895676061569,0.6459947838030784,0.443706088833409
0.7451764042811873,0.2864939319873242,0.5922822468498996,0.4903528085623745
0.7445119348462019,0.28463341756936567,0.5401214827231636,0.5401214827231636
0.7451764042811873,0.2864939319873242,0.4903528085623745,0.5922822468498996
0.7471391312879132,0.2919895676061569,0.443706088833409,0.6459947838030784
0.7503119152805389,0.3008733627855088,0.4007485966732932,0.7003742983366466
0.754559653163092,0.31276702885665764,0.36185509822403916,0.754559653163092
0.7597153343338936,0.32720293613490214,0.32720293613490214,0.807772267467115
0.7655963845307523,0.3436698766861064,0.2967891535922569,0.8593578307184514
0.7720196237062235,0.36165494637742557,0.27046279585991495,0.9088078494824894
0.7788130223980956,0.3806764627146676,0.2479642761535249,0.9557626044796191
0.7858235315609403,0.40030588837063286,0.22896471361938509,1.0
0.784634753873026,0.35390426161907795,1.0,0.26775816316828827
0.7779422041578363,0.33382661247350887,0.9555884408315672,0.2894150533050761
0.7715441688075231,0.31463250642256924,0.9086176675230092,0.31463250642256924
0.7655963845307523,0.2967891535922569,0.8593578307184514,0.3436698766861064
0.7602683492573079,0.28080504777192383,0.8082146794058463,0.3766977080690006
0.7557340156269843,0.2672020468809527,0.7557340156269843,0.41376163750476214
0.7521592014516951,0.2564776043550854,0.7025910417420342,0.45475024319372925
0.7496869128391206,0.24906073851736166,0.6495616779747688,0.4993738256782412
0.7484226972866862,0.2452680918600586,0.597476315658698,0.5471608551160352
0.7484226972866862,0.2452680918600586,0.5471608551160352,0.597476315658698
0.7496869128391206,0.24906073851736166,0.4993738256782412,0.6495616779747688
0.7521592014516951,0.2564776043550855,0.45475024319372936,0.7025910417420342
0.7557340156269843,0.2672020468809527,0.41376163750476214,0.7557340156269843
0.7602683492573079,0.28080504777192383,0.3766977080690006,0.8082146794058463
0.7655963845307523,0.2967891535922569,0.3436698766861064,0.8593578307184514
0.7715441688075231,0.31463250642256924,0.31463250642256924,0.9086176675230092
0.7779422041578362,0.33382661247350864,0.2894150533050759,0.9555884408315672
0.784634753873026,0.35390426161907795,0.26775816316828827,1.0
0.7842340739989485,0.30954903679663515,1.0,0.30954903679663515
0.7779422041578363,0.2894150533050761,0.9555884408315672,0.33382661247350887
0.7720196237062235,0.27046279585991495,0.9088078494824894,0.36165494637742557
0.7666199859953317,0.2531839551850613,0.8599719915971991,0.39321196358786237
0.7619047619047619,0.23809523809523814,0.8095238095238095,0.4285714285714286
0.7580330407520863,0.22570573040667652,0.7580330407520863,0.4676726896545901
0.7551489465628041,0.2164766290009732,0.706178735875365,0.5102978931256082
0.753368188166505,0.21077820213281573,0.6547154634331069,0.5560627386997089
0.7527659117829256,0.20885091770536202,0.604425458852681,0.604425458852681
0.753368188166505,0.21077820213281595,0.556062738699709,0.6547154634331069
0.7551489465628041,0.2164766290009732,0.5102978931256082,0.706178735875365
0.7580330407520863,0.2257057304066763,0.46767268965458997,0.7580330407520863
0.7619047619047619,0.23809523809523814,0.4285714285714286,0.8095238095238095
0.7666199859953317,0.2531839551850613,0.39321196358786237,0.8599719915971991
0.7720196237062235,0.27046279585991495,0.36165494637742557,0.9088078494824894
0.7779422041578362,0.2894150533050759,0.33382661247350864,0.9555884408315672
0.7842340739989485,0.30954903679663515,0.30954903679663515,1.0
0.784634753873026,0.26775816316828827,1.0,0.35390426161907795
0.7788130223980956,0.24796427615352512,0.9557626044796191,0.3806764627146677
0.7734283727852781,0.2296564674699456,0.9093713491141112,0.41091376924172307
0.7686275933086263,0.21333381724932932,0.8611765559851757,0.444706223940703
0.7645591953259945,0.1995012641083811,0.8116473562607955,0.4820302297171878
0.7613630200483261,0.18863426816430895,0.7613630200483261,0.5227260400966522
0.7591584745704559,0.1811388135395502,0.7109901694845471,0.5664852542268207
0.7580330407520863,0.1773123385570936,0.661246257052921,0.6128528652033381
0.7580330407520863,0.1773123385570936,0.6128528652033381,0.661246257052921
0.759158474570456,0.18113881353955041,0.5664852542268208,0.7109901694845472
0.7613630200483261,0.18863426816430895,0.5227260400966522,0.7613630200483261
0.7645591953259945,0.1995012641083811,0.4820302297171878,0.8116473562607955
0.7686275933086263,0.21333381724932932,0.444706223940703,0.8611765559851757
0.7734283727852781,0.2296564674699456,0.41091376924172307,0.9093713491141112
0.7788130223980956,0.2479642761535249,0.3806764627146676,0.9557626044796191
0.784634753873026,0.26775816316828827,0.35390426161907795,1.0
0.7858235315609403,0.22896471361938509,1.0,0.40030588837063286
0.7805243593469264,0.20988769364893511,0.9561048718693853,0.4293633343020087
0.7757193479918717,0.19258965277073803,0.9102877391967487,0.46172643518049206
0.7715441688075231,0.1775590077070831,0.8629265012845139,0.4973971713765508
0.7681305521199158,0.16526998763169698,0.8145044416959326,0.5362611042398316
0.7655963845307523,0.15614698431070828,0.7655963845307523,0.5780734921553541
0.7640354109084957,0.1505274792705843,0.7168424930901948,0.622456657453593
0.7635081150797989,0.14862921428727605,0.6689113611117184,0.6689113611117184
0.7640354109084957,0.1505274792705843,0.622456657453593,0.7168424930901948
0.7655963845307523,0.15614698431070806,0.5780734921553541,0.7655963845307523
0.7681305521199158,0.16526998763169698,0.5362611042398316,0.8145044416959326
0.7715441688075231,0.1775590077070831,0.4973971713765508,0.8629265012845139
0.7757193479918717,0.19258965277073803,0.46172643518049206,0.9102877391967487
0.7805243593469264,0.20988769364893511,0.4293633343020087,0.9561048718693853
0.7858235315609403,0.22896471361938509,0.40030588837063286,1.0
0.7877618200109955,0.19349491604178315,1.0,0.44818073202858844
0.7830184816986269,0.17547023045478216,0.9566036963397254,0.47924435607670446
0.7788130223980956,0.15948948511276329,0.9115252089592383,0.5133886492758102
0.7752667125122525,0.14601350754655995,0.8651600275073515,0.5505334250245052
0.772492122403355,0.13547006513274873,0.817993697922684,0.5904858203260388
0.7705842661294382,0.12822021129186534,0.7705842661294382,0.6329348258071011
0.7696121612079543,0.12452621259022634,0.7235345934495452,0.677457025691136
0.7696121612079543,0.12452621259022634,0.677457025691136,0.7235345934495452
0.7705842661294382,0.12822021129186534,0.6329348258071011,0.7705842661294382
0.772492122403355,0.13547006513274873,0.5904858203260388,0.817993697922684
0.7752667125122525,0.14601350754655995,0.5505334250245052,0.8651600275073515
0.7788130223980956,0.15948948511276329,0.5133886492758102,0.9115252089592383
0.7830184816986269,0.17547023045478216,0.47924435607670446,0.9566036963397254
0.7877618200109955,0.19349491604178315,0.44818073202858844,1.0
0.7903890959248407,0.16155638369936287,1.0,0.4969338302196178
0.7862154375954936,0.14486175038197446,0.9572430875190987,0.5296739627100859
0.782608695652174,0.13043478260869568,0.9130434782608696,0.5652173913043479
0.7796736753803841,0.1186947015215365,0.8678042052282304,0.6034126156846914
0.7775029202550076,0.11001168102003034,0.8220023362040061,0.6440046724080122
0.7761692594820774,0.10467703792830951,0.7761692594820774,0.6866369632749083
0.7757193479918717,0.10287739196748691,0.7308632175902461,0.7308632175902461
0.7761692594820774,0.10467703792830951,0.6866369632749083,0.7761692594820774
0.7775029202550077,0.11001168102003045,0.6440046724080122,0.8220023362040061
0.7796736753803841,0.1186947015215365,0.6034126156846914,0.8678042052282304
0.782608695652174,0.13043478260869568,0.5652173913043479,0.9130434782608696
0.7862154375954936,0.14486175038197446,0.5296739627100859,0.9572430875190987
0.7903890959248407,0.16155638369936287,0.4969338302196178,1.0
0.793627914146751,0.13323723941635424,1.0,0.5459814111228523
0.790019737217096,0.11808289631180324,0.9580039474434192,0.5800394744341919
0.7869928385788475,0.10536992203115969,0.914797135431539,0.6165871094419255
0.784634753873026,0.09546596626670911,0.8707808523238156,0.6554156061968415
0.7830184816986269,0.088677623134233,0.8264147853589014,0.6962258743780776
0.7821965790654839,0.08522563207503275,0.7821965790654839,0.7386358948785807
0.7821965790654839,0.08522563207503253,0.7386358948785807,0.7821965790654839
0.7830184816986269,0.08867762313423289,0.6962258743780776,0.8264147853589014
0.784634753873026,0.09546596626670911,0.6554156061968415,0.8707808523238156
0.7869928385788475,0.10536992203115969,0.6165871094419255,0.914797135431539
0.790019737217096,0.11808289631180324,0.5800394744341919,0.9580039474434192
0.793627914146751,0.13323723941635424,0.5459814111228523,1.0
0.7973897753817231,0.10851501167958133,1.0,0.5947795507634461
0.7943274825525682,0.09504092323130009,0.9588654965105137,0.6297894685946228
0.7918472764390934,0.08412801633201072,0.9167389105756374,0.6669556423025493
0.790019737217096,0.07608684375522234,0.8740118423302576,0.7060276321039344
0.7888998345396254,0.07115927197435201,0.8311198676317004,0.7466798014475505
0.7885225327810932,0.06949914423681025,0.7885225327810932,0.7885225327810932
0.7888998345396254,0.07115927197435201,0.7466798014475505,0.8311198676317004
0.790019737217096,0.07608684375522234,0.7060276321039344,0.8740118423302576
0.7918472764390934,0.08412801633201072,0.6669556423025493,0.9167389105756374
0.7943274825525682,0.09504092323130009,0.6297894685946228,0.9588654965105137
0.7973897753817231,0.10851501167958133,0.5947795507634461,1.0
0.8015810524668637,0.08727284134757318,1.0,0.6428458944403547
0.7990330322354648,0.07555194828313805,0.9598066064470929,0.6784528515767436
0.7970562603829503,0.06645879776157115,0.9188225041531801,0.7158787645361303
0.7957055383886408,0.06024547658774759,0.8774233230331845,0.754846646066369
0.795019984577303,0.057091929055594126,0.8360159876618425,0.795019984577303
0.795019984577303,0.057091929055594126,0.795019984577303,0.8360159876618425
0.7957055383886408,0.06024547658774759,0.754846646066369,0.8774233230331845
0.7970562603829503,0.06645879776157115,0.7158787645361303,0.9188225041531801
0.7990330322354648,0.07555194828313805,0.6784528515767436,0.9598066064470929
0.8015810524668637,0.08727284134757318,0.6428458944403547,1.0
0.8061083164176297,0.0693199188046224,1.0,0.6897733062682074
0.8040345495825949,0.05936583799645534,0.960806909916519,0.7256483694156328
0.802511873616659,0.052056993359962944,0.9210047494466636,0.7630142483399908
0.8015810524668637,0.04758905184094597,0.8809486314801183,0.8015810524668637
0.8012678416207089,0.04608563977940272,0.8410142732965671,0.8410142732965671
0.8015810524668637,0.04758905184094597,0.8015810524668637,0.8809486314801183
0.802511873616659,0.052056993359962944,0.7630142483399908,0.9210047494466636
0.8040345495825949,0.05936583799645534,0.7256483694156328,0.960806909916519
0.8061083164176297,0.0693199188046224,0.6897733062682074,1.0
0.8108826313819415,0.054413156909707716,1.0,0.7352356839347182
0.8092381015708711,0.04619050785435541,0.9618476203141743,0.7710857218850453
0.8081176108866659,0.04058805443332969,0.9232470443546663,0.8081176108866659
0.8075499102701247,0.037749551350623745,0.8845299461620748,0.8460399282160997
0.8075499102701247,0.037749551350623745,0.8460399282160997,0.8845299461620748
0.8081176108866659,0.04058805443332969,0.8081176108866659,0.9232470443546663
0.8092381015708711,0.04619050785435541,0.7710857218850453,0.9618476203141743
0.8108826313819415,0.054413156909707716,0.7352356839347182,1.0
0.8158226328290606,0.04227769071111542,1.0,0.7789871593948727
0.814560264611929,0.035713375982030726,0.9629120529223858,0.814560264611929
0.8137902693190353,0.03170940045898374,0.9255161077276142,0.8510322154552283
0.8135314648429496,0.03036361718333791,0.8881188789057698,0.8881188789057698
0.8137902693190353,0.03170940045898374,0.8510322154552283,0.9255161077276142
0.814560264611929,0.035713375982030726,0.814560264611929,0.9629120529223858
0.8158226328290606,0.04227769071111542,0.7789871593948727,1.0
0.8208564090249953,0.03262460873497486,1.0,0.8208564090249953
0.819929398483595,0.02761875181141349,0.963985879696719,0.855943518786876
0.8194604638314702,0.02508650468993945,0.9277841855325881,0.8916762782988822
0.8194604638314702,0.02508650468993945,0.8916762782988822,0.9277841855325881
0.819929398483595,0.02761875181141349,0.855943518786876,0.963985879696719
0.8208564090249953,0.03262460873497486,0.8208564090249953,1.0
0.8259223440443022,0.02516512664809223,1.0,0.8607378752354418
0.8252858605463469,0.02160081905954292,0.9650571721092693,0.8951715163278082
0.8250721428646701,0.020404000042152592,0.930028857145868,0.930028857145868
0.8252858605463469,0.02160081905954292,0.8951715163278082,0.9650571721092693
0.8259223440443022,0.02516512664809223,0.8607378752354418,1.0
0.8309691490542966,0.01962106451492074,1.0,0.898581489432578
0.8305814631070757,0.017372486021039135,0.9661162926214152,0.9322325852428303
0.8305814631070757,0.017372486021039135,0.9322325852428303,0.9661162926214152
0.8309691490542966,0.01962106451492074,0.898581489432578,1.0
0.8359553212688033,0.01573192761281994,1.0,0.9343821285075213
0.8357784536392845,0.014670721835706724,0.9671556907278569,0.9671556907278569
0.8359553212688033,0.01573192761281994,0.9343821285075213,1.0
0.8408482464801924,0.013259128177192991,1.0,0.9681696492960384
0.8408482464801924,0.013259128177192991,0.9681696492960384,1.0
0.8456231197263904,0.01198796624889853,1.0,1.0
0.8099780934341391,1.0,1.0,0.01822014940971861
0.8039885438845596,1.0,0.96733142398076,0.01994271942279835
0.7978548638412373,1.0,0.9326182879470791,0.02296517523264674
0.7916113865058436,1.0,0.8958056932529218,0.027519803693936917
0.785303119910646,1.0,0.8568687466070973,0.03386403959790729
0.7789871593948728,1.0,0.8158226328290606,0.042277690711115534
0.772733794276429,1.0,0.772733794276429,0.05305747615178724
0.7666270475246758,1.0,0.7277315554454551,0.06650819009870312
0.76076433315133,1.0,0.68101911086844,0.08292994374676499
0.7552548950655987,1.0,0.632882342598398,0.10260128190719542
0.750216731726912,1.0,0.5836945528781867,0.12575856104419214
0.7457718408357785,1.0,0.5339150415322607,0.15257280278592844
0.7420398517645914,1.0,0.4840797035291827,0.18312619725453938
0.7391304347826086,1.0,0.4347826086956522,0.21739130434782616
0.737135227397006,1.0,0.3866488639263471,0.2552164776248501
0.7361203017198745,1.0,0.3403007542996863,0.29632080458633203
0.7361203017198745,1.0,0.29632080458633203,0.3403007542996863
0.737135227397006,1.0,0.2552164776248501,0.3866488639263471
0.7391304347826086,1.0,0.21739130434782616,0.4347826086956522
0.7420398517645914,1.0,0.18312619725453938,0.4840797035291827
0.7457718408357785,1.0,0.15257280278592844,0.5339150415322607
0.750216731726912,1.0,0.12575856104419214,0.5836945528781867
0.7552548950655987,1.0,0.10260128190719542,0.632882342598398
0.76076433315133,1.0,0.08292994374676499,0.68101911086844
0.7666270475246758,1.0,0.06650819009870312,0.7277315554454551
0.772733794276429,1.0,0.05305747615178724,0.772733794276429
0.7789871593948728,1.0,0.042277690711115534,0.8158226328290606
0.785303119910646,1.0,0.03386403959790729,0.8568687466070973
0.7916113865058436,1.0,0.027519803693936917,0.8958056932529218
0.7978548638412373,1.0,0.02296517523264674,0.9326182879470791
0.8039885438845596,1.0,0.01994271942279824,0.96733142398076
0.8099780934341391,1.0,0.01822014940971861,1.0
0.8039885438845596,0.96733142398076,1.0,0.01994271942279835
0.7976250227935345,0.9662708371322558,0.9662708371322558,0.021854276835417075
0.7911068128531626,0.9651844688088604,0.9303689376177209,0.025165126648092007
0.7844736375678701,0.964078939594645,0.892236818783935,0.03013136905541558
0.7777777777777778,0.962962962962963,0.8518518518518519,0.03703703703703709
0.7710857218850453,0.9618476203141743,0.8092381015708711,0.04619050785435541
0.7644793984063422,0.960746566401057,0.7644793984063422,0.057917593625368524
0.7580566484363465,0.9596761080727244,0.7177327565090709,0.07255048567266142
0.7519305308215831,0.9586550884702638,0.6692407077621108,0.09041194634580474
0.7462270393373118,0.9577045065562186,0.6193405590059677,0.1117946376805915
0.7410808887987381,0.9568468147997897,0.5684681479978969,0.13693629599579382
0.7366292312163116,0.9561048718693853,0.5171535905632381,0.16599256551832053
0.733003504306009,0.9555005840510015,0.46600700861201816,0.1990105129180273
0.7303200550147031,0.9550533425024506,0.41569345253185686,0.23590682254165896
0.7286706210123193,0.9547784368353865,0.36689811569541164,0.27645498936618473
0.7281140473423338,0.9546856745570557,0.3202851183558343,0.3202851183558343
0.7286706210123193,0.9547784368353865,0.27645498936618473,0.36689811569541164
0.7303200550147031,0.9550533425024506,0.23590682254165896,0.41569345253185686
0.733003504306009,0.9555005840510015,0.1990105129180273,0.46600700861201816
0.7366292312163116,0.9561048718693853,0.16599256551832053,0.5171535905632381
0.7410808887987381,0.9568468147997897,0.13693629599579382,0.5684681479978969
0.7462270393373118,0.9577045065562186,0.1117946376805915,0.6193405590059677
0.7519305308215831,0.9586550884702638,0.09041194634580474,0.6692407077621108
0.7580566484363465,0.9596761080727244,0.07255048567266142,0.7177327565090709
0.7644793984063422,0.960746566401057,0.057917593625368524,0.7644793984063422
0.7710857218850453,0.9618476203141743,0.04619050785435541,0.8092381015708711
0.7777777777777778,0.962962962962963,0.03703703703703709,0.8518518518518519
0.7844736375678701,0.964078939594645,0.03013136905541558,0.892236818783935
0.7911068128531626,0.9651844688088604,0.025165126648092007,0.9303689376177209
0.7976250227935345,0.9662708371322558,0.021854276835417075,0.9662708371322558
0.8039885438845596,0.96733142398076,0.01994271942279835,1.0
0.7978548638412373,0.9326182879470791,1.0,0.02296517523264674
0.7911068128531626,0.9303689376177209,0.9651844688088604,0.025165126648092007
0.7841949996203181,0.9280649998734394,0.9280649998734394,0.02887749829143138
0.7771655941875377,0.9257218647291793,0.8885827970937689,0.03438424147933039
0.7700795004281957,0.9233598334760653,0.8467196669521305,0.0419979184508158
0.7630142483399908,0.9210047494466636,0.802511873616659,0.052056993359962944
0.7560653115454775,0.9186884371818258,0.7560653115454775,0.06491702759099716
0.7493464041133859,0.9164488013711286,0.7075708047989502,0.08093681508241501
0.7429882378731284,0.9143294126243762,0.6573176504975045,0.10045883255594934
0.737135227397006,0.9123784091323353,0.6057028410955089,0.123784091323353
0.7319397690347378,0.910646589678246,0.5532329483912297,0.15114260194333662
0.7275540344881002,0.9091846781627,0.5005157298948503,0.18266210346430045
0.7241197060769783,0.9080399020256594,0.4482394121539566,0.2183391672181051
0.721756662543899,0.9072522208479663,0.3971394355117813,0.2580177667837308
0.7205521403004266,0.9068507134334756,0.3479549940343287,0.3013803507510665
0.7205521403004266,0.9068507134334756,0.3013803507510665,0.3479549940343287
0.721756662543899,0.9072522208479663,0.2580177667837308,0.3971394355117813
0.7241197060769783,0.9080399020256594,0.2183391672181051,0.4482394121539566
0.7275540344881002,0.9091846781627,0.18266210346430045,0.5005157298948503
0.7319397690347378,0.910646589678246,0.1511426019433364,0.5532329483912297
0.7371352273970059,0.9123784091323353,0.12378409132335289,0.6057028410955088
0.7429882378731284,0.9143294126243762,0.10045883255594934,0.6573176504975045
0.7493464041133859,0.9164488013711286,0.08093681508241501,0.7075708047989502
0.7560653115454775,0.9186884371818258,0.06491702759099716,0.7560653115454775
0.7630142483399907,0.9210047494466636,0.05205699335996272,0.8025118736166589
0.7700795004281957,0.9233598334760653,0.0419979184508158,0.8467196669521305
0.7771655941875377,0.9257218647291793,0.03438424147933039,0.8885827970937689
0.7841949996203181,0.9280649998734394,0.02887749829143138,0.9280649998734394
0.7911068128531626,0.9303689376177209,0.025165126648092007,0.9651844688088604
0.7978548638412373,0.9326182879470791,0.02296517523264674,1.0
0.7916113865058436,0.8958056932529218,1.0,0.027519803693936917
0.7844736375678701,0.892236818783935,0.964078939594645,0.03013136905541558
0.7771655941875377,0.8885827970937689,0.9257218647291793,0.03438424147933039
0.7697411330639992,0.8848705665319996,0.8848705665319996,0.04058805443332969
0.7622713444749019,0.8811356722374509,0.8415142296499345,0.04908537789960721
0.754846646066369,0.8774233230331845,0.7957055383886408,0.06024547658774759
0.7475781028529973,0.8737890514264987,0.7475781028529973,0.07445304379432327
0.7405973792997298,0.8702986896498649,0.6973636091830181,0.0920908275490544
0.7340546756932382,0.8670273378466191,0.645406234257651,0.11351558564412745
0.7281140473423338,0.8640570236711669,0.5921710710135006,0.13902781658405694
0.722945742076234,0.861472871038117,0.5382429034603898,0.16883722622870168
0.7187156614369028,0.8593578307184514,0.484312045967655,0.20302770740455778
0.7155727221160136,0.8577863610580068,0.4311454442320273,0.24152725897603644
0.7136356240579914,0.8568178120289958,0.379543852125648,0.2840890601449785
0.712981076059036,0.856490538029518,0.3302891774710842,0.3302891774710842
0.7136356240579914,0.8568178120289958,0.2840890601449785,0.379543852125648
0.7155727221160136,0.8577863610580068,0.24152725897603644,0.4311454442320273
0.7187156614369028,0.8593578307184514,0.20302770740455778,0.484312045967655
0.722945742076234,0.861472871038117,0.16883722622870168,0.5382429034603898
0.7281140473423338,0.8640570236711669,0.13902781658405694,0.5921710710135006
0.7340546756932382,0.8670273378466191,0.11351558564412745,0.645406234257651
0.7405973792997298,0.8702986896498649,0.09209082754905462,0.6973636091830182
0.7475781028529973,0.8737890514264987,0.07445304379432327,0.7475781028529973
0.754846646066369,0.8774233230331845,0.06024547658774759,0.7957055383886408
0.7622713444749019,0.8811356722374509,0.04908537789960721,0.8415142296499345
0.7697411330639992,0.8848705665319996,0.04058805443332969,0.8848705665319996
0.7771655941875377,0.8885827970937689,0.03438424147933039,0.9257218647291793
0.78447363756787,0.892236818783935,0.03013136905541547,0.964078939594645
0.7916113865058436,0.8958056932529218,0.027519803693936917,1.0
0.785303119910646,0.8568687466070973,1.0,0.03386403959790729
0.7777777777777778,0.8518518518518519,0.962962962962963,0.03703703703703709
0.7700795004281957,0.8467196669521305,0.9233598334760653,0.0419979184508158
0.7622713444749019,0.8415142296499345,0.8811356722374509,0.04908537789960721
0.7544363472789826,0.8362908981859883,0.8362908981859883,0.05867266456943321
0.7466798014475505,0.8311198676317004,0.7888998345396254,0.07115927197435201
0.7391304347826086,0.8260869565217391,0.7391304347826086,0.08695652173913049
0.7319397690347378,0.8212931793564919,0.6872630638738608,0.10646589678245943
0.725278872102622,0.816852581401748,0.633705162803496,0.13004976165830295
0.7193318381650072,0.8128878921100048,0.5789977572475109,0.1579955144950217
0.7142857142857143,0.8095238095238095,0.5238095238095238,0.19047619047619058
0.7103172702488394,0.806878180165893,0.46891499545620563,0.22751272066357187
0.7075778927028524,0.8050519284685682,0.41515578540570475,0.26894473175713096
0.706178735875365,0.8041191572502433,0.3633872610632908,0.31441705037585155
0.706178735875365,0.8041191572502433,0.31441705037585155,0.3633872610632908
0.7075778927028524,0.8050519284685682,0.26894473175713096,0.41515578540570475
0.7103172702488394,0.806878180165893,0.22751272066357187,0.46891499545620563
0.7142857142857143,0.8095238095238095,0.19047619047619058,0.5238095238095238
0.7193318381650072,0.8128878921100048,0.1579955144950217,0.5789977572475109
0.725278872102622,0.816852581401748,0.13004976165830295,0.633705162803496
0.7319397690347378,0.8212931793564919,0.10646589678245943,0.6872630638738608
0.7391304347826086,0.8260869565217391,0.08695652173913049,0.7391304347826086
0.7466798014475505,0.8311198676317004,0.07115927197435201,0.7888998345396254
0.7544363472789826,0.8362908981859883,0.05867266456943321,0.8362908981859883
0.7622713444749019,0.8415142296499345,0.04908537789960721,0.8811356722374509
0.7700795004281957,0.8467196669521305,0.0419979184508158,0.9233598334760653
0.7777777777777778,0.8518518518518519,0.03703703703703709,0.962962962962963
0.785303119910646,0.8568687466070973,0.03386403959790729,1.0
0.7789871593948728,0.8158226328290606,1.0,0.042277690711115534
0.7710857218850453,0.8092381015708711,0.9618476203141743,0.04619050785435541
0.7630142483399908,0.802511873616659,0.9210047494466636,0.052056993359962944
0.754846646066369,0.7957055383886408,0.8774233230331845,0.06024547658774759
0.7466798014475505,0.7888998345396254,0.8311198676317004,0.07115927197435201
0.7386358948785807,0.7821965790654839,0.7821965790654839,0.08522563207503253
0.7308632175902461,0.7757193479918717,0.7308632175902461,0.10287739196748669
0.7235345934495452,0.7696121612079543,0.677457025691136,0.12452621259022634
0.7168424930901948,0.7640354109084957,0.622456657453593,0.1505274792705843
0.7109901694845471,0.7591584745704559,0.5664852542268207,0.1811388135395502
0.706178735875365,0.7551489465628041,0.5102978931256082,0.2164766290009732
0.7025910417420342,0.7521592014516951,0.45475024319372936,0.2564776043550855
0.7003742983366466,0.7503119152805389,0.4007485966732932,0.3008733627855088
0.6996242954069447,0.7496869128391206,0.34918597338171353,0.34918597338171353
0.7003742983366466,0.7503119152805389,0.3008733627855088,0.4007485966732932
0.7025910417420342,0.7521592014516951,0.2564776043550854,0.45475024319372925
0.706178735875365,0.7551489465628041,0.2164766290009732,0.5102978931256082
0.7109901694845471,0.7591584745704559,0.1811388135395502,0.5664852542268207
0.7168424930901948,0.7640354109084957,0.1505274792705843,0.622456657453593
0.7235345934495452,0.7696121612079543,0.12452621259022634,0.677457025691136
0.7308632175902461,0.7757193479918717,0.10287739196748669,0.7308632175902461
0.7386358948785807,0.7821965790654839,0.08522563207503253,0.7821965790654839
0.7466798014475505,0.7888998345396254,0.07115927197435201,0.8311198676317004
0.754846646066369,0.7957055383886408,0.06024547658774759,0.8774233230331845
0.7630142483399908,0.802511873616659,0.052056993359962944,0.9210047494466636
0.7710857218850453,0.8092381015708711,0.04619050785435541,0.9618476203141743
0.7789871593948728,0.8158226328290606,0.042277690711115534,1.0
0.772733794276429,0.772733794276429,1.0,0.05305747615178724
0.7644793984063422,0.7644793984063422,0.960746566401057,0.057917593625368524
0.7560653115454775,0.7560653115454775,0.9186884371818258,0.06491702759099716
0.7475781028529973,0.7475781028529973,0.8737890514264987,0.07445304379432327
0.7391304347826086,0.7391304347826086,0.8260869565217391,0.08695652173913049
0.7308632175902461,0.7308632175902461,0.7757193479918717,0.10287739196748669
0.722945742076234,0.722945742076234,0.722945742076234,0.12266151657474078
0.7155727221160136,0.7155727221160136,0.6681681758020159,0.1467181663480409
0.7089572499564004,0.7089572499564004,0.6119429999418673,0.17537887487646786
0.7033190941395107,0.7033190941395107,0.5549786412092661,0.20885091770536202
0.6988686320629026,0.6988686320629026,0.4981143867715043,0.2471715801572566
0.6957879240619637,0.6957879240619637,0.44227786078026676,0.29017182281124854
0.6942116851374247,0.6942116851374247,0.3884233702748493,0.33745865113108675
0.6942116851374247,0.6942116851374247,0.33745865113108675,0.3884233702748493
0.6957879240619637,0.6957879240619637,0.29017182281124854,0.44227786078026676
0.6988686320629026,0.6988686320629026,0.2471715801572566,0.4981143867715043
0.7033190941395107,0.7033190941395107,0.20885091770536202,0.5549786412092661
0.7089572499564004,0.7089572499564004,0.17537887487646786,0.6119429999418673
0.7155727221160136,0.7155727221160136,0.1467181663480409,0.6681681758020159
0.722945742076234,0.722945742076234,0.12266151657474078,0.722945742076234
0.7308632175902461,0.7308632175902461,0.10287739196748669,0.7757193479918717
0.7391304347826086,0.7391304347826086,0.08695652173913049,0.8260869565217391
0.7475781028529973,0.7475781028529973,0.07445304379432327,0.8737890514264987
0.7560653115454775,0.7560653115454775,0.06491702759099716,0.9186884371818258
0.7644793984063422,0.7644793984063422,0.057917593625368524,0.960746566401057
0.772733794276429,0.772733794276429,0.05305747615178724,1.0
0.7666270475246758,0.7277315554454551,1.0,0.06650819009870312
0.7580566484363465,0.7177327565090709,0.9596761080727244,0.07255048567266142
0.7493464041133859,0.7075708047989502,0.9164488013711286,0.08093681508241501
0.7405973792997298,0.6973636091830181,0.8702986896498649,0.0920908275490544
0.7319397690347378,0.6872630638738608,0.8212931793564919,0.10646589678245943
0.7235345934495452,0.677457025691136,0.7696121612079543,0.12452621259022634
0.7155727221160136,0.6681681758020159,0.7155727221160136,0.1467181663480409
0.7082700170042109,0.6596483531715793,0.6596483531715793,0.1734317148452641
0.7018576030000281,0.6521672035000328,0.6024768040000374,0.20495360800007478
0.6965669575454958,0.6459947838030784,0.5448504363182437,0.2414173938637395
0.692610688252864,0.6413791362950081,0.4876844804214401,0.28275827259001607
0.6901613323034066,0.6385215543539744,0.4319624425562455,0.3286828866573811
0.6893317761529013,0.6375537388450515,0.3786635523058026,0.3786635523058026
0.6901613323034066,0.6385215543539744,0.3286828866573811,0.4319624425562455
0.692610688252864,0.6413791362950081,0.28275827259001607,0.4876844804214401
0.6965669575454958,0.6459947838030784,0.2414173938637395,0.5448504363182437
0.7018576030000281,0.6521672035000328,0.20495360800007478,0.6024768040000374
0.7082700170042109,0.6596483531715793,0.1734317148452641,0.6596483531715793
0.7155727221160136,0.6681681758020159,0.1467181663480409,0.7155727221160136
0.7235345934495452,0.677457025691136,0.12452621259022634,0.7696121612079543
0.7319397690347378,0.6872630638738608,0.10646589678245943,0.8212931793564919
0.7405973792997298,0.6973636091830181,0.0920908275490544,0.8702986896498649
0.7493464041133859,0.7075708047989502,0.08093681508241501,0.9164488013711286
0.7580566484363465,0.7177327565090708,0.07255048567266131,0.9596761080727244
0.7666270475246758,0.7277315554454551,0.06650819009870312,1.0
0.76076433315133,0.68101911086844,1.0,0.08292994374676499
0.7519305308215831,0.6692407077621108,0.9586550884702638,0.09041194634580474
0.7429882378731284,0.6573176504975045,0.9143294126243762,0.10045883255594934
0.7340546756932382,0.645406234257651,0.8670273378466191,0.11351558564412745
0.725278872102622,0.633705162803496,0.816852581401748,0.13004976165830295
0.7168424930901948,0.622456657453593,0.7640354109084957,0.1505274792705843
0.7089572499564004,0.6119429999418673,0.7089572499564004,0.17537887487646786
0.7018576030000281,0.6024768040000374,0.6521672035000328,0.20495360800007478
0.6957879240619637,0.5943838987492849,0.5943838987492849,0.2394698101549092
0.6909842784252371,0.5879790379003162,0.5364764176378557,0.2789633163255534
0.6876524762227879,0.5835366349637172,0.4794207937046465,0.3232470318160404
0.6859456464458717,0.581260861927829,0.424233685150765,0.3718912928917436
0.6859456464458717,0.581260861927829,0.3718912928917436,0.424233685150765
0.6876524762227879,0.5835366349637172,0.3232470318160404,0.4794207937046465
0.6909842784252371,0.5879790379003162,0.2789633163255534,0.5364764176378557
0.6957879240619637,0.5943838987492849,0.2394698101549092,0.5943838987492849
0.7018576030000281,0.6024768040000374,0.20495360800007478,0.6521672035000328
0.7089572499564004,0.6119429999418673,0.17537887487646786,0.7089572499564004
0.7168424930901948,0.622456657453593,0.1505274792705843,0.7640354109084957
0.725278872102622,0.633705162803496,0.13004976165830295,0.816852581401748
0.7340546756932382,0.645406234257651,0.11351558564412745,0.8670273378466191
0.7429882378731284,0.6573176504975045,0.10045883255594934,0.9143294126243762
0.7519305308215831,0.6692407077621108,0.09041194634580474,0.9586550884702638
0.76076433315133,0.68101911086844,0.08292994374676499,1.0
0.7552548950655987,0.632882342598398,1.0,0.10260128190719542
0.7462270393373118,0.6193405590059677,0.9577045065562186,0.1117946376805915
0.737135227397006,0.6057028410955089,0.9123784091323353,0.123784091323353
0.7281140473423338,0.5921710710135006,0.8640570236711669,0.13902781658405694
0.7193318381650072,0.5789977572475109,0.8128878921100048,0.1579955144950217
0.7109901694845471,0.5664852542268207,0.7591584745704559,0.1811388135395502
0.7033190941395107,0.5549786412092661,0.7033190941395107,0.20885091770536202
0.6965669575454958,0.5448504363182437,0.6459947838030784,0.2414173938637395
0.6909842784252371,0.5364764176378557,0.5879790379003162,0.2789633163255534
0.6868025494168717,0.5302038241253075,0.5302038241253075,0.3214055237365553
0.6842105263157894,0.5263157894736842,0.4736842105263157,0.36842105263157887
0.6833321116184443,0.5249981674276664,0.41944220463381443,0.41944220463381443
0.6842105263157894,0.5263157894736842,0.36842105263157887,0.4736842105263157
0.6868025494168717,0.5302038241253075,0.3214055237365553,0.5302038241253075
0.6909842784252371,0.5364764176378557,0.2789633163255534,0.5879790379003162
0.6965669575454958,0.5448504363182437,0.2414173938637395,0.6459947838030784
0.7033190941395107,0.5549786412092661,0.20885091770536202,0.7033190941395107
0.7109901694845471,0.5664852542268207,0.1811388135395502,0.7591584745704559
0.7193318381650072,0.5789977572475109,0.1579955144950217,0.8128878921100048
0.7281140473423338,0.5921710710135006,0.13902781658405694,0.8640570236711669
0.737135227397006,0.6057028410955089,0.123784091323353,0.9123784091323353
0.7462270393373118,0.6193405590059677,0.1117946376805915,0.9577045065562186
0.7552548950655987,0.632882342598398,0.10260128190719542,1.0
0.750216731726912,0.5836945528781867,1.0,0.12575856104419214
0.7410808887987381,0.5684681479978969,0.9568468147997897,0.13693629599579382
0.7319397690347378,0.5532329483912297,0.910646589678246,0.1511426019433364
0.722945742076234,0.5382429034603898,0.861472871038117,0.16883722622870168
0.7142857142857143,0.5238095238095238,0.8095238095238095,0.19047619047619058
0.706178735875365,0.5102978931256082,0.7551489465628041,0.2164766290009732
0.6988686320629026,0.4981143867715043,0.6988686320629026,0.2471715801572566
0.692610688252864,0.4876844804214401,0.6413791362950081,0.28275827259001607
0.6876524762227879,0.4794207937046465,0.5835366349637172,0.3232470318160404
0.6842105263157894,0.4736842105263157,0.5263157894736842,0.36842105263157887
0.6824463255850222,0.47074387597503686,0.47074387597503686,0.4178182635725405
0.6824463255850222,0.47074387597503686,0.4178182635725405,0.47074387597503686
0.6842105263157894,0.4736842105263157,0.36842105263157887,0.5263157894736842
0.6876524762227879,0.4794207937046465,0.3232470318160404,0.5835366349637172
0.692610688252864,0.4876844804214401,0.28275827259001607,0.6413791362950081
0.6988686320629026,0.4981143867715043,0.2471715801572566,0.6988686320629026
0.706178735875365,0.5102978931256082,0.2164766290009732,0.7551489465628041
0.7142857142857143,0.5238095238095238,0.19047619047619058,0.8095238095238095
0.722945742076234,0.5382429034603898,0.16883722622870168,0.861472871038117
0.7319397690347378,0.5532329483912297,0.15114260194333662,0.910646589678246
0.7410808887987381,0.5684681479978969,0.13693629599579382,0.9568468147997897
0.750216731726912,0.5836945528781867,0.12575856104419214,1.0
0.7457718408357785,0.5339150415322607,1.0,0.15257280278592844
0.7366292312163116,0.5171535905632381,0.9561048718693853,0.16599256551832053
0.7275540344881002,0.5005157298948503,0.9091846781627,0.18266210346430045
0.7187156614369028,0.484312045967655,0.8593578307184514,0.20302770740455778
0.7103172702488394,0.46891499545620563,0.806878180165893,0.22751272066357187
0.7025910417420342,0.45475024319372936,0.7521592014516951,0.2564776043550855
0.6957879240619637,0.44227786078026676,0.6957879240619637,0.29017182281124854
0.6901613323034066,0.4319624425562455,0.6385215543539744,0.3286828866573811
0.6859456464458717,0.424233685150765,0.581260861927829,0.3718912928917436
0.6833321116184443,0.41944220463381443,0.5249981674276664,0.41944220463381443
0.6824463255850222,0.4178182635725405,0.47074387597503686,0.47074387597503686
0.6833321116184443,0.41944220463381443,0.41944220463381443,0.5249981674276664
0.6859456464458717,0.424233685150765,0.3718912928917436,0.581260861927829
0.6901613323034066,0.4319624425562455,0.3286828866573811,0.6385215543539744
0.6957879240619637,0.44227786078026676,0.29017182281124854,0.6957879240619637
0.7025910417420342,0.45475024319372936,0.2564776043550855,0.7521592014516951
0.7103172702488394,0.46891499545620563,0.22751272066357187,0.806878180165893
0.7187156614369028,0.484312045967655,0.20302770740455778,0.8593578307184514
0.7275540344881002,0.5005157298948503,0.18266210346430045,0.9091846781627
0.7366292312163116,0.5171535905632381,0.16599256551832053,0.9561048718693853
0.7457718408357785,0.5339150415322607,0.15257280278592844,1.0
0.7420398517645914,0.4840797035291827,1.0,0.18312619725453938
0.733003504306009,0.46600700861201816,0.9555005840510015,0.1990105129180273
0.7241197060769783,0.4482394121539566,0.9080399020256594,0.2183391672181051
0.7155727221160136,0.4311454442320273,0.8577863610580068,0.24152725897603644
0.7075778927028524,0.41515578540570475,0.8050519284685682,0.26894473175713096
0.7003742983366466,0.4007485966732932,0.7503119152805389,0.3008733627855088
0.6942116851374247,0.3884233702748493,0.6942116851374247,0.33745865113108675
0.6893317761529014,0.37866355230580273,0.6375537388450516,0.37866355230580273
0.6859456464458717,0.3718912928917436,0.581260861927829,0.424233685150765
0.6842105263157894,0.36842105263157887,0.5263157894736842,0.4736842105263157
0.6842105263157894,0.36842105263157887,0.4736842105263157,0.5263157894736842
0.6859456464458717,0.3718912928917436,0.424233685150765,0.581260861927829
0.6893317761529014,0.37866355230580273,0.37866355230580273,0.6375537388450516
0.6942116851374247,0.3884233702748493,0.33745865113108675,0.6942116851374247
0.7003742983366466,0.4007485966732932,0.3008733627855088,0.7503119152805389
0.7075778927028523,0.41515578540570464,0.26894473175713085,0.8050519284685682
0.7155727221160136,0.4311454442320273,0.24152725897603644,0.8577863610580068
0.7241197060769783,0.4482394121539566,0.2183391672181051,0.9080399020256594
0.733003504306009,0.46600700861201816,0.1990105129180273,0.9555005840510015
0.7420398517645914,0.4840797035291827,0.18312619725453938,1.0
0.7391304347826086,0.4347826086956522,1.0,0.21739130434782616
0.7303200550147031,0.41569345253185686,0.9550533425024506,0.23590682254165896
0.721756662543899,0.3971394355117813,0.9072522208479663,0.2580177667837308
0.7136356240579914,0.379543852125648,0.8568178120289958,0.2840890601449785
0.706178735875365,0.3633872610632908,0.8041191572502433,0.31441705037585155
0.6996242954069447,0.34918597338171353,0.7496869128391206,0.34918597338171353
0.6942116851374247,0.33745865113108675,0.6942116851374247,0.3884233702748493
0.6901613323034066,0.3286828866573811,0.6385215543539744,0.4319624425562455
0.6876524762227879,0.3232470318160404,0.5835366349637172,0.4794207937046465
0.6868025494168717,0.3214055237365553,0.5302038241253075,0.5302038241253075
0.6876524762227879,0.3232470318160404,0.4794207937046465,0.5835366349637172
0.6901613323034066,0.3286828866573811,0.4319624425562455,0.6385215543539744
0.6942116851374247,0.33745865113108675,0.3884233702748493,0.6942116851374247
0.6996242954069447,0.34918597338171353,0.34918597338171353,0.7496869128391206
0.7061787358753648,0.36338726106329056,0.31441705037585144,0.8041191572502433
0.7136356240579914,0.379543852125648,0.2840890601449785,0.8568178120289958
0.721756662543899,0.3971394355117813,0.2580177667837308,0.9072522208479663
0.7303200550147031,0.41569345253185686,0.23590682254165896,0.9550533425024506
0.7391304347826086,0.4347826086956522,0.21739130434782616,1.0
0.737135227397006,0.3866488639263471,1.0,0.2552164776248501
0.7286706210123193,0.36689811569541164,0.9547784368353865,0.27645498936618473
0.7205521403004266,0.3479549940343287,0.9068507134334756,0.3013803507510665
0.712981076059036,0.3302891774710842,0.856490538029518,0.3302891774710842
0.706178735875365,0.31441705037585155,0.8041191572502433,0.3633872610632908
0.7003742983366466,0.3008733627855088,0.7503119152805389,0.4007485966732932
0.6957879240619637,0.29017182281124854,0.6957879240619637,0.44227786078026676
0.692610688252864,0.28275827259001607,0.6413791362950081,0.4876844804214401
0.6909842784252371,0.2789633163255534,0.5879790379003162,0.5364764176378557
0.6909842784252371,0.2789633163255534,0.5364764176378557,0.5879790379003162
0.692610688252864,0.28275827259001607,0.4876844804214401,0.6413791362950081
0.6957879240619637,0.29017182281124854,0.44227786078026676,0.6957879240619637
0.7003742983366466,0.3008733627855088,0.4007485966732932,0.7503119152805389
0.7061787358753648,0.31441705037585144,0.36338726106329056,0.8041191572502433
0.712981076059036,0.3302891774710842,0.3302891774710842,0.856490538029518
0.7205521403004266,0.3479549940343287,0.3013803507510665,0.9068507134334756
0.7286706210123193,0.36689811569541153,0.2764549893661846,0.9547784368353865
0.737135227397006,0.3866488639263471,0.2552164776248501,1.0
0.7361203017198745,0.3403007542996863,1.0,0.29632080458633203
0.7281140473423338,0.3202851183558343,0.9546856745570557,0.3202851183558343
0.7205521403004266,0.3013803507510665,0.9068507134334756,0.3479549940343287
0.7136356240579914,0.2840890601449785,0.8568178120289958,0.379543852125648
0.7075778927028524,0.26894473175713096,0.8050519284685682,0.41515578540570475
0.7025910417420342,0.2564776043550854,0.7521592014516951,0.45475024319372925
0.6988686320629026,0.2471715801572566,0.6988686320629026,0.4981143867715043
0.6965669575454958,0.2414173938637395,0.6459947838030784,0.5448504363182437
0.6957879240619637,0.2394698101549092,0.5943838987492849,0.5943838987492849
0.6965669575454958,0.2414173938637395,0.5448504363182437,0.6459947838030784
0.6988686320629026,0.2471715801572566,0.4981143867715043,0.6988686320629026
0.7025910417420342,0.2564776043550855,0.45475024319372936,0.7521592014516951
0.7075778927028523,0.26894473175713085,0.41515578540570464,0.8050519284685682
0.7136356240579914,0.2840890601449785,0.379543852125648,0.8568178120289958
0.7205521403004266,0.3013803507510665,0.3479549940343287,0.9068507134334756
0.7281140473423338,0.3202851183558343,0.3202851183558343,0.9546856745570557
0.7361203017198745,0.3403007542996863,0.29632080458633203,1.0
0.7361203017198745,0.29632080458633203,1.0,0.3403007542996863
0.7286706210123193,0.27645498936618473,0.9547784368353865,0.36689811569541164
0.721756662543899,0.2580177667837308,0.9072522208479663,0.3971394355117813
0.7155727221160136,0.24152725897603644,0.8577863610580068,0.4311454442320273
0.7103172702488394,0.22751272066357187,0.806878180165893,0.46891499545620563
0.706178735875365,0.2164766290009732,0.7551489465628041,0.5102978931256082
0.7033190941395107,0.20885091770536202,0.7033190941395107,0.5549786412092661
0.7018576030000281,0.20495360800007478,0.6521672035000328,0.6024768040000374
0.7018576030000281,0.20495360800007478,0.6024768040000374,0.6521672035000328
0.7033190941395107,0.20885091770536202,0.5549786412092661,0.7033190941395107
0.706178735875365,0.2164766290009732,0.5102978931256082,0.7551489465628041
0.7103172702488394,0.22751272066357187,0.46891499545620563,0.806878180165893
0.7155727221160136,0.24152725897603644,0.4311454442320273,0.8577863610580068
0.721756662543899,0.2580177667837308,0.3971394355117813,0.9072522208479663
0.7286706210123193,0.2764549893661846,0.36689811569541153,0.9547784368353865
0.7361203017198745,0.29632080458633203,0.3403007542996863,1.0
0.737135227397006,0.2552164776248501,1.0,0.3866488639263471
0.7303200550147031,0.23590682254165896,0.9550533425024506,0.41569345253185686
0.7241197060769783,0.2183391672181051,0.9080399020256594,0.4482394121539566
0.7187156614369028,0.20302770740455778,0.8593578307184514,0.484312045967655
0.7142857142857143,0.19047619047619058,0.8095238095238095,0.5238095238095238
0.7109901694845471,0.1811388135395502,0.7591584745704559,0.5664852542268207
0.7089572499564004,0.17537887487646786,0.7089572499564004,0.6119429999418673
0.7082700170042109,0.1734317148452641,0.6596483531715793,0.6596483531715793
0.7089572499564004,0.17537887487646786,0.6119429999418673,0.7089572499564004
0.7109901694845471,0.1811388135395502,0.5664852542268207,0.7591584745704559
0.7142857142857143,0.19047619047619058,0.5238095238095238,0.8095238095238095
0.7187156614369028,0.20302770740455778,0.484312045967655,0.8593578307184514
0.7241197060769783,0.2183391672181051,0.4482394121539566,0.9080399020256594
0.7303200550147031,0.23590682254165896,0.41569345253185686,0.9550533425024506
0.737135227397006,0.2552164776248501,0.3866488639263471,1.0
0.7391304347826086,0.21739130434782616,1.0,0.4347826086956522
0.733003504306009,0.1990105129180273,0.9555005840510015,0.46600700861201816
0.7275540344881002,0.18266210346430045,0.9091846781627,0.5005157298948503
0.722945742076234,0.16883722622870168,0.861472871038117,0.5382429034603898
0.7193318381650072,0.1579955144950217,0.8128878921100048,0.5789977572475109
0.7168424930901949,0.15052747927058452,0.7640354109084957,0.6224566574535931
0.7155727221160137,0.14671816634804113,0.7155727221160137,0.6681681758020159
0.7155727221160136,0.1467181663480409,0.6681681758020159,0.7155727221160136
0.7168424930901949,0.15052747927058452,0.6224566574535931,0.7640354109084957
0.7193318381650072,0.1579955144950217,0.5789977572475109,0.8128878921100048
0.722945742076234,0.16883722622870168,0.5382429034603898,0.861472871038117
0.7275540344881002,0.18266210346430045,0.5005157298948503,0.9091846781627
0.733003504306009,0.1990105129180273,0.46600700861201816,0.9555005840510015
0.7391304347826086,0.21739130434782616,0.4347826086956522,1.0
0.7420398517645914,0.18312619725453938,1.0,0.4840797035291827
0.7366292312163116,0.16599256551832053,0.9561048718693853,0.5171535905632381
0.7319397690347378,0.15114260194333662,0.910646589678246,0.5532329483912297
0.7281140473423338,0.13902781658405694,0.8640570236711669,0.5921710710135006
0.725278872102622,0.13004976165830295,0.816852581401748,0.633705162803496
0.7235345934495452,0.12452621259022634,0.7696121612079543,0.677457025691136
0.722945742076234,0.12266151657474078,0.722945742076234,0.722945742076234
0.7235345934495452,0.12452621259022634,0.677457025691136,0.7696121612079543
0.725278872102622,0.13004976165830295,0.633705162803496,0.816852581401748
0.7281140473423338,0.13902781658405694,0.5921710710135006,0.8640570236711669
0.7319397690347378,0.15114260194333662,0.5532329483912297,0.910646589678246
0.7366292312163116,0.16599256551832053,0.5171535905632381,0.9561048718693853
0.7420398517645914,0.18312619725453938,0.4840797035291827,1.0
0.7457718408357785,0.15257280278592844,1.0,0.5339150415322607
0.7410808887987381,0.13693629599579382,0.9568468147997897,0.5684681479978969
0.737135227397006,0.123784091323353,0.9123784091323353,0.6057028410955089
0.7340546756932382,0.11351558564412745,0.8670273378466191,0.645406234257651
0.7319397690347378,0.10646589678245943,0.8212931793564919,0.6872630638738608
0.7308632175902461,0.10287739196748669,0.7757193479918717,0.7308632175902461
0.7308632175902461,0.10287739196748691,0.7308632175902461,0.7757193479918717
0.7319397690347378,0.10646589678245943,0.6872630638738608,0.8212931793564919
0.7340546756932382,0.11351558564412745,0.645406234257651,0.8670273378466191
0.737135227397006,0.123784091323353,0.6057028410955089,0.9123784091323353
0.7410808887987381,0.13693629599579382,0.5684681479978969,0.9568468147997897
0.7457718408357785,0.15257280278592844,0.5339150415322607,1.0
0.750216731726912,0.12575856104419214,1.0,0.5836945528781867
0.7462270393373118,0.1117946376805915,0.9577045065562186,0.6193405590059677
0.7429882378731284,0.10045883255594934,0.9143294126243762,0.6573176504975045
0.7405973792997298,0.09209082754905462,0.8702986896498649,0.6973636091830182
0.7391304347826086,0.08695652173913049,0.8260869565217391,0.7391304347826086
0.7386358948785807,0.08522563207503253,0.7821965790654839,0.7821965790654839
0.7391304347826086,0.08695652173913049,0.7391304347826086,0.8260869565217391
0.7405973792997298,0.09209082754905462,0.6973636091830182,0.8702986896498649
0.7429882378731284,0.10045883255594934,0.6573176504975045,0.9143294126243762
0.7462270393373118,0.1117946376805915,0.6193405590059677,0.9577045065562186
0.750216731726912,0.12575856104419214,0.5836945528781867,1.0
0.7552548950655987,0.10260128190719542,1.0,0.632882342598398
0.7519305308215831,0.09041194634580474,0.9586550884702638,0.6692407077621108
0.7493464041133859,0.08093681508241501,0.9164488013711286,0.7075708047989502
0.7475781028529973,0.07445304379432327,0.8737890514264987,0.7475781028529973
0.7466798014475505,0.07115927197435201,0.8311198676317004,0.7888998345396254
0.7466798014475506,0.07115927197435212,0.7888998345396254,0.8311198676317004
0.7475781028529973,0.07445304379432327,0.7475781028529973,0.8737890514264987
0.7493464041133859,0.08093681508241501,0.7075708047989502,0.9164488013711286
0.7519305308215831,0.09041194634580474,0.6692407077621108,0.9586550884702638
0.7552548950655987,0.10260128190719542,0.632882342598398,1.0
0.76076433315133,0.08292994374676499,1.0,0.68101911086844
0.7580566484363465,0.07255048567266142,0.9596761080727244,0.7177327565090709
0.7560653115454775,0.06491702759099716,0.9186884371818258,0.7560653115454775
0.754846646066369,0.06024547658774759,0.8774233230331845,0.7957055383886408
0.7544363472789826,0.05867266456943321,0.8362908981859883,0.8362908981859883
0.754846646066369,0.06024547658774759,0.7957055383886408,0.8774233230331845
0.7560653115454775,0.06491702759099716,0.7560653115454775,0.9186884371818258
0.7580566484363465,0.07255048567266142,0.7177327565090709,0.9596761080727244
0.76076433315133,0.08292994374676499,0.68101911086844,1.0
0.7666270475246758,0.06650819009870312,1.0,0.7277315554454551
0.7644793984063422,0.057917593625368524,0.960746566401057,0.7644793984063422
0.7630142483399908,0.052056993359962944,0.9210047494466636,0.802511873616659
0.7622713444749019,0.04908537789960721,0.8811356722374509,0.8415142296499345
0.7622713444749019,0.04908537789960721,0.8415142296499345,0.8811356722374509
0.7630142483399908,0.052056993359962944,0.802511873616659,0.9210047494466636
0.7644793984063422,0.057917593625368524,0.7644793984063422,0.960746566401057
0.7666270475246758,0.06650819009870312,0.7277315554454551,1.0
0.772733794276429,0.05305747615178724,1.0,0.772733794276429
0.7710857218850453,0.04619050785435541,0.9618476203141743,0.8092381015708711
0.7700795004281957,0.0419979184508158,0.9233598334760653,0.8467196669521305
0.7697411330639992,0.04058805443332969,0.8848705665319996,0.8848705665319996
0.7700795004281957,0.0419979184508158,0.8467196669521305,0.9233598334760653
0.7710857218850453,0.04619050785435541,0.8092381015708711,0.9618476203141743
0.772733794276429,0.05305747615178724,0.772733794276429,1.0
0.7789871593948728,0.042277690711115534,1.0,0.8158226328290606
0.7777777777777778,0.03703703703703709,0.962962962962963,0.8518518518518519
0.7771655941875377,0.03438424147933039,0.9257218647291793,0.8885827970937689
0.7771655941875377,0.03438424147933039,0.8885827970937689,0.9257218647291793
0.7777777777777778,0.03703703703703709,0.8518518518518519,0.962962962962963
0.7789871593948728,0.042277690711115534,0.8158226328290606,1.0
0.785303119910646,0.03386403959790729,1.0,0.8568687466070973
0.78447363756787,0.03013136905541547,0.964078939594645,0.892236818783935
0.7841949996203181,0.02887749829143138,0.9280649998734394,0.9280649998734394
0.78447363756787,0.03013136905541547,0.892236818783935,0.964078939594645
0.785303119910646,0.03386403959790729,0.8568687466070973,1.0
0.7916113865058436,0.027519803693936917,1.0,0.8958056932529218
0.7911068128531626,0.025165126648092007,0.9651844688088604,0.9303689376177209
0.7911068128531626,0.025165126648092007,0.9303689376177209,0.9651844688088604
0.7916113865058436,0.027519803693936917,0.8958056932529218,1.0
0.7978548638412373,0.02296517523264674,1.0,0.9326182879470791
0.7976250227935345,0.021854276835416964,0.9662708371322557,0.9662708371322557
0.7978548638412373,0.02296517523264674,0.9326182879470791,1.0
0.8039885438845596,0.01994271942279824,1.0,0.96733142398076
0.8039885438845596,0.01994271942279824,0.96733142398076,1.0
0.8099780934341391,0.01822014940971861,1.0,1.0
0.7727703843935816,1.0,1.0,0.026158790258206777
0.7654911764395171,1.0,0.9664987394913596,0.028463445249428343
0.7580446045629008,1.0,0.9308698870179717,0.03217841825160306
0.7504769479701683,1.0,0.8930615491300722,0.037553942170649224
0.7428485745702742,1.0,0.853056328325871,0.04486613411816143
0.7352356839347182,1.0,0.8108826313819415,0.054413156909707716
0.7277315554454551,1.0,0.7666270475246758,0.06650819009870312
0.7204469276591949,1.0,0.7204469276591949,0.08146847659449752
0.7135090718254797,1.0,0.6725817963719768,0.09959994002293615
0.707059117276919,1.0,0.6233617222131815,0.12117735183075684
0.7012472801565761,1.0,0.5732104002236801,0.14642080044736017
0.6962258743780776,1.0,0.522640659736979,0.17547023045478216
0.6921403520065202,1.0,0.47224060343974905,0.20836090515962358
0.6891190858209707,1.0,0.42264973081037416,0.24500349413664313
0.6872630638738608,1.0,0.37452612774772165,0.2851727174259676
0.6866369632749083,1.0,0.32850777844623213,0.32850777844623213
0.6872630638738608,1.0,0.2851727174259676,0.37452612774772165
0.6891190858209707,1.0,0.24500349413664313,0.42264973081037416
0.6921403520065202,1.0,0.20836090515962358,0.47224060343974905
0.6962258743780776,1.0,0.17547023045478227,0.5226406597369792
0.7012472801565761,1.0,0.14642080044736017,0.5732104002236801
0.707059117276919,1.0,0.12117735183075673,0.6233617222131814
0.7135090718254797,1.0,0.09959994002293615,0.6725817963719768
0.7204469276591948,1.0,0.08146847659449741,0.7204469276591948
0.7277315554454551,1.0,0.06650819009870335,0.7666270475246758
0.7352356839347182,1.0,0.054413156909707716,0.8108826313819415
0.7428485745702742,1.0,0.04486613411816154,0.853056328325871
0.7504769479701683,1.0,0.037553942170649224,0.8930615491300722
0.7580446045629008,1.0,0.03217841825160306,0.9308698870179717
0.7654911764395171,1.0,0.028463445249428343,0.9664987394913596
0.7727703843935816,1.0,0.026158790258206777,1.0
0.7654911764395171,0.9664987394913596,1.0,0.028463445249428343
0.7577550109279061,0.9653935729897009,0.9653935729897009,0.031020043711624146
0.7498404085378478,0.9642629155054069,0.9285258310108137,0.03509871864598468
0.7418011102528389,0.9631144443218341,0.8893433329655024,0.04097555236768724
0.7337074500820133,0.9619582071545734,0.8478328286182932,0.04895517886433309
0.7256483694156328,0.960806909916519,0.8040345495825949,0.05936583799645534
0.7177327565090709,0.9596761080727244,0.7580566484363465,0.07255048567266142
0.7100896217030962,0.9585842316718709,0.7100896217030962,0.08885309678115949
0.7028665480153937,0.9575523640021991,0.660418912017593,0.10859964404618139
0.6962258743780776,0.9566036963397254,0.6094332670575284,0.13207392679450758
0.6903382313573339,0.9557626044796191,0.5576260447961912,0.15948948511276329
0.6853733975171536,0.9550533425024506,0.5055867675269559,0.1909601650441095
0.681488971364697,0.954498424480671,0.45398109376805185,0.2264732161714068
0.6788179725812136,0.9541168532258877,0.40351909193653945,0.2658696516142024
0.677457025691136,0.9539224322415909,0.35491405138227194,0.30883648362386285
0.677457025691136,0.9539224322415909,0.30883648362386285,0.35491405138227194
0.6788179725812136,0.9541168532258877,0.2658696516142024,0.40351909193653945
0.681488971364697,0.954498424480671,0.2264732161714068,0.45398109376805185
0.6853733975171536,0.9550533425024506,0.1909601650441095,0.5055867675269559
0.6903382313573339,0.9557626044796191,0.15948948511276329,0.5576260447961912
0.6962258743780776,0.9566036963397254,0.13207392679450758,0.6094332670575284
0.7028665480153937,0.9575523640021991,0.10859964404618139,0.660418912017593
0.7100896217030962,0.9585842316718709,0.08885309678115949,0.7100896217030962
0.7177327565090709,0.9596761080727244,0.07255048567266142,0.7580566484363465
0.7256483694156328,0.960806909916519,0.05936583799645534,0.8040345495825949
0.7337074500820133,0.9619582071545734,0.04895517886433309,0.8478328286182932
0.7418011102528389,0.9631144443218341,0.04097555236768724,0.8893433329655024
0.7498404085378478,0.9642629155054069,0.03509871864598468,0.9285258310108137
0.7577550109279061,0.9653935729897009,0.031020043711624146,0.9653935729897009
0.7654911764395171,0.9664987394913596,0.028463445249428343,1.0
0.7580446045629008,0.9308698870179717,1.0,0.03217841825160306
0.7498404085378478,0.9285258310108137,0.9642629155054069,0.03509871864598468
0.7414491006964088,0.9261283144846882,0.9261283144846882,0.039668088300946924
0.7329333421992195,0.9236952406283484,0.8855428609425227,0.04619050785435541
0.7243752691646448,0.9212500769041843,0.8425001538083684,0.05500092285021063
0.7158787645361303,0.9188225041531801,0.7970562603829503,0.06645879776157115
0.7075708047989502,0.9164488013711286,0.7493464041133859,0.08093681508241501
0.6996012472039879,0.9141717849154251,0.6996012472039879,0.09880374161196348
0.6921403520065202,0.9120401005732915,0.648160402293166,0.12040100573291501
0.6853733975171536,0.910106685004901,0.5954800825220546,0.14601350754655995
0.679492017453059,0.908426290700874,0.54213145350437,0.17583661630786585
0.6746824113618788,0.9070521175319654,0.4887866464258096,0.20994299902170577
0.6711113099855422,0.9060318028530121,0.4361908171180725,0.2482544228240966
0.6689113611117186,0.9054032460319196,0.3851210992074773,0.29052434523939685
0.6681681758020159,0.9051909073720046,0.33633635160403186,0.33633635160403186
0.6689113611117186,0.9054032460319196,0.29052434523939685,0.3851210992074773
0.6711113099855424,0.9060318028530121,0.2482544228240967,0.4361908171180726
0.6746824113618788,0.9070521175319654,0.20994299902170577,0.4887866464258096
0.679492017453059,0.908426290700874,0.17583661630786585,0.54213145350437
0.6853733975171536,0.910106685004901,0.14601350754655995,0.5954800825220546
0.6921403520065202,0.9120401005732915,0.12040100573291501,0.648160402293166
0.6996012472039879,0.9141717849154251,0.09880374161196348,0.6996012472039879
0.7075708047989502,0.9164488013711286,0.08093681508241501,0.7493464041133859
0.7158787645361303,0.9188225041531801,0.06645879776157115,0.7970562603829503
0.7243752691646448,0.9212500769041843,0.05500092285021063,0.8425001538083684
0.7329333421992195,0.9236952406283484,0.04619050785435541,0.8855428609425227
0.7414491006964088,0.9261283144846882,0.039668088300946924,0.9261283144846882
0.7498404085378478,0.9285258310108137,0.03509871864598468,0.9642629155054069
0.7580446045629008,0.9308698870179717,0.03217841825160306,1.0
0.7504769479701683,0.8930615491300722,1.0,0.037553942170649224
0.7418011102528389,0.8893433329655024,0.9631144443218341,0.04097555236768724
0.7329333421992195,0.8855428609425227,0.9236952406283484,0.04619050785435541
0.7239469476462154,0.8816915489912351,0.8816915489912351,0.05353239192988113
0.7149379631686211,0.8778305556436947,0.8371074075249263,0.06336759326832653
0.7060276321039344,0.8740118423302576,0.790019737217096,0.07608684375522234
0.6973636091830181,0.8702986896498649,0.7405973792997298,0.0920908275490544
0.6891190858209707,0.8667653224947017,0.6891190858209707,0.11176881663134497
0.681488971364697,0.8634952734420129,0.6359873958453679,0.13547006513274895
0.6746824113618788,0.8605781762979481,0.5817345288938442,0.1634690577876885
0.6689113611117186,0.8581048690478794,0.5270162301595979,0.19592759127131643
0.6643756889602311,0.8561610095543848,0.4725903683660775,0.2328587176233854
0.661246257052921,0.8548198244512518,0.4192792978050073,0.2740991222562591
0.6596483531715793,0.8541350085021054,0.3679183701757902,0.31929670634315865
0.6596483531715793,0.8541350085021054,0.31929670634315865,0.3679183701757902
0.661246257052921,0.8548198244512518,0.2740991222562591,0.4192792978050073
0.6643756889602311,0.8561610095543848,0.2328587176233854,0.4725903683660775
0.6689113611117186,0.8581048690478794,0.19592759127131643,0.5270162301595979
0.6746824113618788,0.8605781762979481,0.1634690577876885,0.5817345288938442
0.681488971364697,0.8634952734420129,0.13547006513274895,0.6359873958453679
0.6891190858209708,0.8667653224947017,0.11176881663134508,0.6891190858209708
0.6973636091830182,0.8702986896498649,0.09209082754905462,0.7405973792997298
0.7060276321039345,0.8740118423302576,0.07608684375522246,0.7900197372170961
0.7149379631686211,0.8778305556436947,0.06336759326832653,0.8371074075249263
0.7239469476462154,0.8816915489912351,0.05353239192988113,0.8816915489912351
0.7329333421992195,0.8855428609425227,0.04619050785435541,0.9236952406283484
0.7418011102528389,0.8893433329655024,0.04097555236768724,0.9631144443218341
0.7504769479701683,0.8930615491300722,0.037553942170649224,1.0
0.7428485745702742,0.853056328325871,1.0,0.04486613411816143
0.7337074500820133,0.8478328286182932,0.9619582071545734,0.04895517886433309
0.7243752691646448,0.8425001538083684,0.9212500769041843,0.05500092285021063
0.7149379631686211,0.8371074075249263,0.8778305556436947,0.06336759326832653
0.7055077866618301,0.8317187352353315,0.8317187352353315,0.07445304379432327
0.6962258743780776,0.8264147853589014,0.7830184816986269,0.088677623134233
0.6872630638738608,0.8212931793564919,0.7319397690347378,0.10646589678245943
0.6788179725812136,0.8164674129035505,0.6788179725812136,0.12822021129186534
0.6711113099855422,0.8120636057060242,0.6241272114120483,0.1542862256771087
0.6643756889602311,0.8082146794058463,0.5684830286631544,0.18491238747484706
0.6588408748199945,0.8050519284685682,0.5126298211714206,0.22020771387427307
0.6547154634331069,0.8026945505332039,0.45741001396631087,0.2601045644995148
0.6521672035000328,0.8012384020000187,0.40371520600005606,0.3043344070000654
0.6513051630292974,0.8007458074453129,0.35242387419726673,0.35242387419726673
0.6521672035000328,0.8012384020000187,0.3043344070000654,0.40371520600005606
0.6547154634331069,0.8026945505332039,0.2601045644995148,0.45741001396631087
0.6588408748199945,0.8050519284685682,0.22020771387427307,0.5126298211714206
0.6643756889602311,0.8082146794058463,0.18491238747484706,0.5684830286631544
0.6711113099855422,0.8120636057060242,0.1542862256771087,0.6241272114120483
0.6788179725812136,0.8164674129035505,0.12822021129186534,0.6788179725812136
0.6872630638738608,0.8212931793564919,0.10646589678245943,0.7319397690347378
0.6962258743780776,0.8264147853589014,0.088677623134233,0.7830184816986269
0.7055077866618301,0.8317187352353315,0.07445304379432327,0.8317187352353315
0.7149379631686211,0.8371074075249263,0.06336759326832653,0.8778305556436947
0.7243752691646448,0.8425001538083684,0.05500092285021063,0.9212500769041843
0.7337074500820133,0.8478328286182932,0.04895517886433309,0.9619582071545734
0.7428485745702742,0.853056328325871,0.04486613411816143,1.0
0.7352356839347182,0.8108826313819415,1.0,0.054413156909707716
0.7256483694156328,0.8040345495825949,0.960806909916519,0.05936583799645534
0.7158787645361303,0.7970562603829503,0.9188225041531801,0.06645879776157115
0.7060276321039344,0.790019737217096,0.8740118423302576,0.07608684375522234
0.6962258743780776,0.7830184816986269,0.8264147853589014,0.088677623134233
0.6866369632749083,0.7761692594820774,0.7761692594820774,0.10467703792830951
0.677457025691136,0.7696121612079543,0.7235345934495452,0.12452621259022634
0.6689113611117186,0.7635081150797989,0.6689113611117186,0.14862921428727616
0.661246257052921,0.7580330407520863,0.6128528652033381,0.1773123385570936
0.6547154634331069,0.753368188166505,0.5560627386997089,0.21077820213281573
0.6495616779747688,0.7496869128391206,0.4993738256782412,0.24906073851736166
0.6459947838030784,0.7471391312879132,0.443706088833409,0.2919895676061569
0.6441700025572559,0.7458357161123256,0.39000571866958134,0.33917286189204654
0.6441700025572559,0.7458357161123256,0.33917286189204654,0.39000571866958134
0.6459947838030784,0.7471391312879132,0.2919895676061569,0.443706088833409
0.6495616779747688,0.7496869128391206,0.24906073851736166,0.4993738256782412
0.6547154634331069,0.753368188166505,0.21077820213281573,0.5560627386997089
0.661246257052921,0.7580330407520863,0.1773123385570936,0.6128528652033381
0.6689113611117186,0.7635081150797989,0.14862921428727616,0.6689113611117186
0.677457025691136,0.7696121612079543,0.12452621259022634,0.7235345934495452
0.6866369632749083,0.7761692594820774,0.10467703792830951,0.7761692594820774
0.6962258743780776,0.7830184816986269,0.08867762313423289,0.8264147853589014
0.7060276321039344,0.790019737217096,0.07608684375522234,0.8740118423302576
0.7158787645361303,0.7970562603829503,0.06645879776157115,0.9188225041531801
0.7256483694156328,0.8040345495825949,0.05936583799645534,0.960806909916519
0.7352356839347182,0.8108826313819415,0.054413156909707716,1.0
0.7277315554454551,0.7666270475246758,1.0,0.06650819009870312
0.7177327565090709,0.7580566484363465,0.9596761080727244,0.07255048567266142
0.7075708047989502,0.7493464041133859,0.9164488013711286,0.08093681508241501
0.6973636091830181,0.7405973792997298,0.8702986896498649,0.0920908275490544
0.6872630638738608,0.7319397690347378,0.8212931793564919,0.10646589678245943
0.677457025691136,0.7235345934495452,0.7696121612079543,0.12452621259022634
0.6681681758020159,0.7155727221160136,0.7155727221160136,0.1467181663480409
0.6596483531715793,0.7082700170042109,0.6596483531715793,0.1734317148452641
0.6521672035000328,0.7018576030000281,0.6024768040000374,0.20495360800007478
0.6459947838030784,0.6965669575454958,0.5448504363182437,0.2414173938637395
0.6413791362950081,0.692610688252864,0.4876844804214401,0.28275827259001607
0.6385215543539744,0.6901613323034066,0.4319624425562455,0.3286828866573811
0.6375537388450515,0.6893317761529013,0.3786635523058026,0.3786635523058026
0.6385215543539744,0.6901613323034066,0.3286828866573811,0.4319624425562455
0.6413791362950081,0.692610688252864,0.28275827259001607,0.4876844804214401
0.6459947838030784,0.6965669575454958,0.2414173938637395,0.5448504363182437
0.6521672035000328,0.7018576030000281,0.20495360800007478,0.6024768040000374
0.6596483531715793,0.7082700170042109,0.1734317148452641,0.6596483531715793
0.6681681758020159,0.7155727221160136,0.1467181663480409,0.7155727221160136
0.677457025691136,0.7235345934495452,0.12452621259022634,0.7696121612079543
0.6872630638738608,0.7319397690347378,0.10646589678245943,0.8212931793564919
0.6973636091830181,0.7405973792997298,0.0920908275490544,0.8702986896498649
0.7075708047989502,0.7493464041133859,0.08093681508241501,0.9164488013711286
0.7177327565090708,0.7580566484363465,0.07255048567266131,0.9596761080727244
0.7277315554454551,0.7666270475246758,0.06650819009870312,1.0
0.7204469276591949,0.7204469276591949,1.0,0.08146847659449752
0.7100896217030962,0.7100896217030962,0.9585842316718709,0.08885309678115949
0.6996012472039879,0.6996012472039879,0.9141717849154251,0.09880374161196348
0.6891190858209707,0.6891190858209707,0.8667653224947017,0.11176881663134497
0.6788179725812136,0.6788179725812136,0.8164674129035505,0.12822021129186534
0.6689113611117186,0.6689113611117186,0.7635081150797989,0.14862921428727616
0.6596483531715793,0.6596483531715793,0.7082700170042109,0.1734317148452641
0.6513051630292974,0.6513051630292974,0.6513051630292974,0.20298322978125138
0.6441700025572559,0.6441700025572559,0.593337145779721,0.23750714833697673
0.6385215543539744,0.6385215543539744,0.53524199845511,0.2770431087079489
0.6346029743196836,0.6346029743196836,0.47800424902811944,0.3214055237365553
0.6325952832429654,0.6325952832429654,0.42264973081037427,0.3701633427022264
0.6325952832429654,0.6325952832429654,0.3701633427022264,0.42264973081037427
0.6346029743196836,0.6346029743196836,0.3214055237365553,0.47800424902811944
0.6385215543539744,0.6385215543539744,0.2770431087079489,0.53524199845511
0.6441700025572559,0.6441700025572559,0.23750714833697673,0.593337145779721
0.6513051630292974,0.6513051630292974,0.20298322978125138,0.6513051630292974
0.6596483531715793,0.6596483531715793,0.1734317148452642,0.7082700170042109
0.6689113611117186,0.6689113611117186,0.14862921428727616,0.7635081150797989
0.6788179725812136,0.6788179725812136,0.12822021129186534,0.8164674129035505
0.6891190858209707,0.6891190858209707,0.11176881663134497,0.8667653224947017
0.6996012472039879,0.6996012472039879,0.09880374161196348,0.9141717849154251
0.7100896217030962,0.7100896217030962,0.08885309678115949,0.9585842316718709
0.7204469276591949,0.7204469276591949,0.08146847659449752,1.0
0.7135090718254797,0.6725817963719768,1.0,0.09959994002293615
0.7028665480153937,0.660418912017593,0.9575523640021991,0.10859964404618139
0.6921403520065202,0.648160402293166,0.9120401005732915,0.12040100573291501
0.681488971364697,0.6359873958453679,0.8634952734420129,0.13547006513274895
0.6711113099855422,0.6241272114120483,0.8120636057060242,0.1542862256771087
0.661246257052921,0.6128528652033381,0.7580330407520863,0.1773123385570936
0.6521672035000328,0.6024768040000374,0.7018576030000281,0.20495360800007478
0.6441700025572559,0.593337145779721,0.6441700025572559,0.23750714833697673
0.6375537388450516,0.5857757015372018,0.5857757015372018,0.27510747769010324
0.6325952832429654,0.5801088951348177,0.5276225070266698,0.31767695459407863
0.6295207131825258,0.5765951007800294,0.47074387597503686,0.3648926511700442
0.6284785752960074,0.5754040860525798,0.41618061832229725,0.41618061832229725
0.6295207131825258,0.5765951007800294,0.3648926511700442,0.47074387597503686
0.6325952832429654,0.5801088951348177,0.31767695459407863,0.5276225070266698
0.6375537388450516,0.5857757015372018,0.27510747769010324,0.5857757015372018
0.6441700025572559,0.593337145779721,0.23750714833697673,0.6441700025572559
0.6521672035000328,0.6024768040000374,0.20495360800007478,0.7018576030000281
0.661246257052921,0.6128528652033381,0.1773123385570936,0.7580330407520863
0.6711113099855422,0.6241272114120483,0.1542862256771087,0.8120636057060242
0.681488971364697,0.6359873958453679,0.13547006513274895,0.8634952734420129
0.6921403520065202,0.648160402293166,0.12040100573291501,0.9120401005732915
0.7028665480153937,0.660418912017593,0.10859964404618139,0.9575523640021991
0.7135090718254797,0.6725817963719768,0.09959994002293615,1.0
0.707059117276919,0.6233617222131815,1.0,0.12117735183075684
0.6962258743780776,0.6094332670575284,0.9566036963397254,0.13207392679450758
0.6853733975171536,0.5954800825220546,0.910106685004901,0.14601350754655995
0.6746824113618788,0.5817345288938442,0.8605781762979481,0.1634690577876885
0.6643756889602311,0.5684830286631544,0.8082146794058463,0.18491238747484706
0.6547154634331069,0.5560627386997089,0.753368188166505,0.21077820213281573
0.6459947838030784,0.5448504363182437,0.6965669575454958,0.2414173938637395
0.6385215543539744,0.53524199845511,0.6385215543539744,0.2770431087079489
0.6325952832429654,0.5276225070266698,0.5801088951348177,0.31767695459407863
0.6284785752960074,0.5223295968091523,0.5223295968091523,0.36310612907886974
0.6263676411214634,0.5196155385847386,0.4662394873163762,0.4128634360480139
0.6263676411214634,0.5196155385847386,0.4128634360480139,0.4662394873163762
0.6284785752960074,0.5223295968091523,0.36310612907886974,0.5223295968091523
0.6325952832429654,0.5276225070266698,0.31767695459407863,0.5801088951348177
0.6385215543539744,0.53524199845511,0.2770431087079489,0.6385215543539744
0.6459947838030784,0.5448504363182437,0.2414173938637395,0.6965669575454958
0.6547154634331069,0.556062738699709,0.21077820213281595,0.753368188166505
0.6643756889602311,0.5684830286631544,0.18491238747484706,0.8082146794058463
0.6746824113618788,0.5817345288938442,0.1634690577876885,0.8605781762979481
0.6853733975171536,0.5954800825220548,0.14601350754656006,0.9101066850049011
0.6962258743780776,0.6094332670575284,0.13207392679450758,0.9566036963397254
0.707059117276919,0.6233617222131815,0.12117735183075684,1.0
0.7012472801565761,0.5732104002236801,1.0,0.14642080044736017
0.6903382313573339,0.5576260447961912,0.9557626044796191,0.15948948511276329
0.679492017453059,0.54213145350437,0.908426290700874,0.17583661630786585
0.6689113611117186,0.5270162301595979,0.8581048690478794,0.19592759127131643
0.6588408748199945,0.5126298211714206,0.8050519284685682,0.22020771387427307
0.6495616779747688,0.4993738256782412,0.7496869128391206,0.24906073851736166
0.6413791362950081,0.4876844804214401,0.692610688252864,0.28275827259001607
0.6346029743196836,0.47800424902811944,0.6346029743196836,0.3214055237365553
0.6295207131825258,0.47074387597503686,0.5765951007800294,0.3648926511700442
0.6263676411214634,0.4662394873163762,0.5196155385847386,0.4128634360480139
0.6252985906994675,0.46471227242781077,0.46471227242781077,0.46471227242781077
0.6263676411214634,0.4662394873163762,0.4128634360480139,0.5196155385847386
0.6295207131825258,0.47074387597503686,0.3648926511700442,0.5765951007800294
0.6346029743196836,0.47800424902811944,0.3214055237365553,0.6346029743196836
0.6413791362950081,0.4876844804214401,0.28275827259001607,0.692610688252864
0.6495616779747688,0.4993738256782412,0.24906073851736166,0.7496869128391206
0.6588408748199943,0.5126298211714206,0.22020771387427296,0.8050519284685682
0.6689113611117186,0.5270162301595979,0.19592759127131643,0.8581048690478794
0.679492017453059,0.54213145350437,0.17583661630786585,0.908426290700874
0.6903382313573339,0.5576260447961912,0.15948948511276329,0.9557626044796191
0.7012472801565761,0.5732104002236801,0.14642080044736017,1.0
0.6962258743780776,0.522640659736979,1.0,0.17547023045478216
0.6853733975171536,0.5055867675269559,0.9550533425024506,0.1909601650441095
0.6746824113618788,0.4887866464258096,0.9070521175319654,0.20994299902170577
0.6643756889602311,0.4725903683660775,0.8561610095543848,0.2328587176233854
0.6547154634331069,0.45741001396631087,0.8026945505332039,0.2601045644995148
0.6459947838030784,0.443706088833409,0.7471391312879132,0.2919895676061569
0.6385215543539744,0.4319624425562455,0.6901613323034066,0.3286828866573811
0.6325952832429654,0.42264973081037427,0.6325952832429654,0.3701633427022264
0.6284785752960074,0.41618061832229725,0.5754040860525798,0.41618061832229725
0.6263676411214634,0.4128634360480139,0.5196155385847386,0.4662394873163762
0.6263676411214634,0.4128634360480139,0.4662394873163762,0.5196155385847386
0.6284785752960074,0.41618061832229725,0.41618061832229725,0.5754040860525798
0.6325952832429654,0.42264973081037427,0.3701633427022264,0.6325952832429654
0.6385215543539744,0.4319624425562455,0.3286828866573811,0.6901613323034066
0.6459947838030784,0.443706088833409,0.2919895676061569,0.7471391312879132
0.6547154634331069,0.45741001396631087,0.2601045644995148,0.8026945505332039
0.6643756889602311,0.4725903683660775,0.2328587176233854,0.8561610095543848
0.6746824113618788,0.4887866464258096,0.20994299902170577,0.9070521175319654
0.6853733975171536,0.5055867675269559,0.1909601650441095,0.9550533425024506
0.6962258743780776,0.522640659736979,0.17547023045478216,1.0
0.6921403520065202,0.47224060343974905,1.0,0.20836090515962358
0.681488971364697,0.45398109376805185,0.954498424480671,0.2264732161714068
0.6711113099855424,0.4361908171180726,0.9060318028530121,0.2482544228240967
0.661246257052921,0.4192792978050073,0.8548198244512518,0.2740991222562591
0.6521672035000328,0.40371520600005606,0.8012384020000187,0.3043344070000654
0.6441700025572559,0.39000571866958134,0.7458357161123256,0.33917286189204654
0.6375537388450516,0.37866355230580273,0.6893317761529014,0.37866355230580273
0.6325952832429654,0.3701633427022264,0.6325952832429654,0.42264973081037427
0.6295207131825258,0.3648926511700442,0.5765951007800294,0.47074387597503686
0.6284785752960074,0.36310612907886974,0.5223295968091523,0.5223295968091523
0.6295207131825258,0.3648926511700442,0.47074387597503686,0.5765951007800294
0.6325952832429655,0.3701633427022266,0.4226497308103744,0.6325952832429655
0.6375537388450516,0.37866355230580273,0.37866355230580273,0.6893317761529014
0.6441700025572559,0.39000571866958134,0.33917286189204654,0.7458357161123256
0.6521672035000328,0.40371520600005606,0.3043344070000654,0.8012384020000187
0.661246257052921,0.4192792978050073,0.2740991222562591,0.8548198244512518
0.6711113099855424,0.4361908171180726,0.2482544228240967,0.9060318028530121
0.681488971364697,0.45398109376805185,0.2264732161714068,0.954498424480671
0.6921403520065202,0.47224060343974905,0.20836090515962358,1.0
0.6891190858209707,0.42264973081037416,1.0,0.24500349413664313
0.6788179725812136,0.40351909193653934,0.9541168532258877,0.2658696516142023
0.6689113611117186,0.3851210992074773,0.9054032460319196,0.29052434523939685
0.6596483531715793,0.3679183701757902,0.8541350085021054,0.31929670634315865
0.6513051630292974,0.35242387419726673,0.8007458074453129,0.35242387419726673
0.6441700025572559,0.33917286189204654,0.7458357161123256,0.39000571866958134
0.6385215543539744,0.3286828866573811,0.6901613323034066,0.4319624425562455
0.6346029743196836,0.3214055237365553,0.6346029743196836,0.47800424902811944
0.6325952832429654,0.31767695459407863,0.5801088951348177,0.5276225070266698
0.6325952832429654,0.31767695459407863,0.5276225070266698,0.5801088951348177
0.6346029743196836,0.3214055237365553,0.47800424902811944,0.6346029743196836
0.6385215543539744,0.3286828866573811,0.4319624425562455,0.6901613323034066
0.6441700025572559,0.33917286189204654,0.39000571866958134,0.7458357161123256
0.6513051630292974,0.35242387419726673,0.35242387419726673,0.8007458074453129
0.6596483531715793,0.3679183701757902,0.31929670634315865,0.8541350085021054
0.6689113611117186,0.3851210992074773,0.29052434523939685,0.9054032460319196
0.6788179725812136,0.40351909193653934,0.2658696516142023,0.9541168532258877
0.6891190858209707,0.42264973081037416,0.24500349413664313,1.0
0.6872630638738608,0.37452612774772165,1.0,0.2851727174259676
0.677457025691136,0.35491405138227194,0.9539224322415909,0.30883648362386285
0.6681681758020159,0.33633635160403186,0.9051909073720046,0.33633635160403186
0.6596483531715793,0.31929670634315865,0.8541350085021054,0.3679183701757902
0.6521672035000328,0.3043344070000654,0.8012384020000187,0.40371520600005606
0.6459947838030784,0.2919895676061569,0.7471391312879132,0.443706088833409
0.6413791362950081,0.28275827259001607,0.692610688252864,0.4876844804214401
0.6385215543539744,0.2770431087079489,0.6385215543539744,0.53524199845511
0.6375537388450516,0.27510747769010324,0.5857757015372018,0.5857757015372018
0.6385215543539744,0.2770431087079489,0.53524199845511,0.6385215543539744
0.6413791362950081,0.28275827259001607,0.4876844804214401,0.692610688252864
0.6459947838030784,0.2919895676061569,0.443706088833409,0.7471391312879132
0.6521672035000328,0.3043344070000654,0.40371520600005606,0.8012384020000187
0.6596483531715793,0.31929670634315865,0.3679183701757902,0.8541350085021054
0.6681681758020159,0.33633635160403186,0.33633635160403186,0.9051909073720046
0.677457025691136,0.35491405138227194,0.30883648362386285,0.9539224322415909
0.6872630638738608,0.37452612774772165,0.2851727174259676,1.0
0.6866369632749083,0.32850777844623213,1.0,0.32850777844623213
0.677457025691136,0.30883648362386285,0.9539224322415909,0.35491405138227194
0.6689113611117186,0.29052434523939685,0.9054032460319196,0.3851210992074773
0.661246257052921,0.2740991222562591,0.8548198244512518,0.4192792978050073
0.6547154634331069,0.2601045644995148,0.8026945505332039,0.45741001396631087
0.6495616779747688,0.24906073851736166,0.7496869128391206,0.4993738256782412
0.6459947838030784,0.2414173938637395,0.6965669575454958,0.5448504363182437
0.6441700025572559,0.23750714833697673,0.6441700025572559,0.593337145779721
0.6441700025572559,0.23750714833697673,0.593337145779721,0.6441700025572559
0.6459947838030784,0.2414173938637395,0.5448504363182437,0.6965669575454958
0.6495616779747688,0.24906073851736166,0.4993738256782412,0.7496869128391206
0.6547154634331069,0.2601045644995148,0.45741001396631087,0.8026945505332039
0.661246257052921,0.2740991222562591,0.4192792978050073,0.8548198244512518
0.6689113611117186,0.29052434523939685,0.3851210992074773,0.9054032460319196
0.677457025691136,0.30883648362386285,0.35491405138227194,0.9539224322415909
0.6866369632749083,0.32850777844623213,0.32850777844623213,1.0
0.6872630638738608,0.2851727174259676,1.0,0.37452612774772165
0.6788179725812136,0.2658696516142024,0.9541168532258877,0.40351909193653945
0.6711113099855424,0.2482544228240967,0.9060318028530121,0.4361908171180726
0.6643756889602311,0.2328587176233854,0.8561610095543848,0.4725903683660775
0.6588408748199945,0.22020771387427307,0.8050519284685682,0.5126298211714206
0.6547154634331069,0.21077820213281573,0.753368188166505,0.5560627386997089
0.6521672035000328,0.20495360800007478,0.7018576030000281,0.6024768040000374
0.6513051630292974,0.20298322978125138,0.6513051630292974,0.6513051630292974
0.6521672035000328,0.20495360800007478,0.6024768040000374,0.7018576030000281
0.6547154634331069,0.21077820213281595,0.556062738699709,0.753368188166505
0.6588408748199943,0.22020771387427296,0.5126298211714206,0.8050519284685682
0.6643756889602311,0.2328587176233854,0.4725903683660775,0.8561610095543848
0.6711113099855424,0.2482544228240967,0.4361908171180726,0.9060318028530121
0.6788179725812136,0.2658696516142023,0.40351909193653934,0.9541168532258877
0.6872630638738608,0.2851727174259676,0.37452612774772165,1.0
0.6891190858209707,0.24500349413664313,1.0,0.42264973081037416
0.681488971364697,0.2264732161714068,0.954498424480671,0.45398109376805185
0.6746824113618788,0.20994299902170577,0.9070521175319654,0.4887866464258096
0.6689113611117186,0.19592759127131643,0.8581048690478794,0.5270162301595979
0.6643756889602311,0.18491238747484706,0.8082146794058463,0.5684830286631544
0.661246257052921,0.1773123385570936,0.7580330407520863,0.6128528652033381
0.6596483531715793,0.1734317148452641,0.7082700170042109,0.6596483531715793
0.6596483531715793,0.1734317148452642,0.6596483531715793,0.7082700170042109
0.661246257052921,0.1773123385570936,0.6128528652033381,0.7580330407520863
0.6643756889602311,0.18491238747484706,0.5684830286631544,0.8082146794058463
0.6689113611117186,0.19592759127131643,0.5270162301595979,0.8581048690478794
0.6746824113618788,0.20994299902170577,0.4887866464258096,0.9070521175319654
0.681488971364697,0.2264732161714068,0.45398109376805185,0.954498424480671
0.6891190858209707,0.24500349413664313,0.42264973081037416,1.0
0.6921403520065202,0.20836090515962358,1.0,0.47224060343974905
0.6853733975171536,0.1909601650441095,0.9550533425024506,0.5055867675269559
0.679492017453059,0.17583661630786585,0.908426290700874,0.54213145350437
0.6746824113618788,0.1634690577876885,0.8605781762979481,0.5817345288938442
0.6711113099855422,0.1542862256771087,0.8120636057060242,0.6241272114120483
0.6689113611117186,0.14862921428727616,0.7635081150797989,0.6689113611117186
0.6681681758020159,0.14671816634804113,0.7155727221160137,0.7155727221160137
0.6689113611117186,0.14862921428727616,0.6689113611117186,0.7635081150797989
0.6711113099855424,0.1542862256771088,0.6241272114120484,0.8120636057060242
0.6746824113618788,0.1634690577876885,0.5817345288938442,0.8605781762979481
0.679492017453059,0.17583661630786585,0.54213145350437,0.908426290700874
0.6853733975171536,0.1909601650441095,0.5055867675269559,0.9550533425024506
0.6921403520065202,0.20836090515962358,0.47224060343974905,1.0
0.6962258743780776,0.17547023045478227,1.0,0.5226406597369792
0.6903382313573339,0.15948948511276329,0.9557626044796191,0.5576260447961912
0.6853733975171536,0.14601350754656006,0.9101066850049011,0.5954800825220548
0.681488971364697,0.13547006513274895,0.8634952734420129,0.6359873958453679
0.6788179725812136,0.12822021129186534,0.8164674129035505,0.6788179725812136
0.677457025691136,0.12452621259022634,0.7696121612079543,0.7235345934495452
0.677457025691136,0.12452621259022634,0.7235345934495452,0.7696121612079543
0.6788179725812136,0.12822021129186534,0.6788179725812136,0.8164674129035505
0.681488971364697,0.13547006513274895,0.6359873958453679,0.8634952734420129
0.6853733975171536,0.14601350754656006,0.5954800825220548,0.9101066850049011
0.6903382313573339,0.15948948511276329,0.5576260447961912,0.9557626044796191
0.6962258743780776,0.17547023045478227,0.5226406597369792,1.0
0.7012472801565761,0.14642080044736017,1.0,0.5732104002236801
0.6962258743780776,0.13207392679450736,0.9566036963397254,0.6094332670575283
0.6921403520065202,0.12040100573291501,0.9120401005732915,0.648160402293166
0.6891190858209707,0.11176881663134497,0.8667653224947017,0.6891190858209707
0.6872630638738608,0.10646589678245943,0.8212931793564919,0.7319397690347378
0.6866369632749083,0.10467703792830951,0.7761692594820774,0.7761692594820774
0.6872630638738608,0.10646589678245943,0.7319397690347378,0.8212931793564919
0.6891190858209707,0.11176881663134497,0.6891190858209707,0.8667653224947017
0.6921403520065202,0.12040100573291501,0.648160402293166,0.9120401005732915
0.6962258743780776,0.13207392679450736,0.6094332670575283,0.9566036963397254
0.7012472801565761,0.14642080044736017,0.5732104002236801,1.0
0.707059117276919,0.12117735183075673,1.0,0.6233617222131814
0.7028665480153937,0.10859964404618139,0.9575523640021991,0.660418912017593
0.6996012472039879,0.09880374161196348,0.9141717849154251,0.6996012472039879
0.6973636091830181,0.0920908275490544,0.8702986896498649,0.7405973792997298
0.6962258743780776,0.08867762313423289,0.8264147853589014,0.7830184816986269
0.6962258743780776,0.08867762313423289,0.7830184816986269,0.8264147853589014
0.6973636091830181,0.0920908275490544,0.7405973792997298,0.8702986896498649
0.6996012472039879,0.09880374161196348,0.6996012472039879,0.9141717849154251
0.7028665480153937,0.10859964404618139,0.660418912017593,0.9575523640021991
0.707059117276919,0.12117735183075673,0.6233617222131814,1.0
0.7135090718254797,0.09959994002293615,1.0,0.6725817963719768
0.7100896217030962,0.08885309678115949,0.9585842316718709,0.7100896217030962
0.7075708047989502,0.08093681508241501,0.9164488013711286,0.7493464041133859
0.7060276321039345,0.07608684375522246,0.8740118423302576,0.7900197372170961
0.7055077866618301,0.07445304379432327,0.8317187352353315,0.8317187352353315
0.7060276321039345,0.07608684375522246,0.7900197372170961,0.8740118423302576
0.7075708047989502,0.08093681508241501,0.7493464041133859,0.9164488013711286
0.7100896217030962,0.08885309678115949,0.7100896217030962,0.9585842316718709
0.7135090718254797,0.09959994002293615,0.6725817963719768,1.0
0.7204469276591948,0.08146847659449741,1.0,0.7204469276591948
0.7177327565090708,0.07255048567266131,0.9596761080727244,0.7580566484363465
0.7158787645361303,0.06645879776157115,0.9188225041531801,0.7970562603829503
0.7149379631686211,0.06336759326832653,0.8778305556436947,0.8371074075249263
0.7149379631686211,0.06336759326832653,0.8371074075249263,0.8778305556436947
0.7158787645361303,0.06645879776157115,0.7970562603829503,0.9188225041531801
0.7177327565090708,0.07255048567266131,0.7580566484363465,0.9596761080727244
0.7204469276591948,0.08146847659449741,0.7204469276591948,1.0
0.7277315554454551,0.06650819009870335,1.0,0.7666270475246758
0.7256483694156328,0.05936583799645534,0.960806909916519,0.8040345495825949
0.7243752691646448,0.05500092285021063,0.9212500769041843,0.8425001538083684
0.7239469476462154,0.05353239192988113,0.8816915489912351,0.8816915489912351
0.7243752691646448,0.05500092285021063,0.8425001538083684,0.9212500769041843
0.7256483694156328,0.05936583799645534,0.8040345495825949,0.960806909916519
0.7277315554454551,0.06650819009870335,0.7666270475246758,1.0
0.7352356839347182,0.054413156909707716,1.0,0.8108826313819415
0.7337074500820133,0.04895517886433309,0.9619582071545734,0.8478328286182932
0.7329333421992195,0.04619050785435541,0.9236952406283484,0.8855428609425227
0.7329333421992195,0.04619050785435541,0.8855428609425227,0.9236952406283484
0.7337074500820133,0.04895517886433309,0.8478328286182932,0.9619582071545734
0.7352356839347182,0.054413156909707716,0.8108826313819415,1.0
0.7428485745702742,0.04486613411816154,1.0,0.853056328325871
0.7418011102528389,0.04097555236768724,0.9631144443218341,0.8893433329655024
0.7414491006964088,0.039668088300946924,0.9261283144846882,0.9261283144846882
0.7418011102528389,0.04097555236768724,0.8893433329655024,0.9631144443218341
0.7428485745702742,0.04486613411816154,0.853056328325871,1.0
0.7504769479701683,0.037553942170649224,1.0,0.8930615491300722
0.7498404085378478,0.03509871864598468,0.9642629155054069,0.9285258310108137
0.7498404085378478,0.03509871864598468,0.9285258310108137,0.9642629155054069
0.7504769479701683,0.037553942170649224,0.8930615491300722,1.0
0.7580446045629008,0.03217841825160306,1.0,0.9308698870179717
0.7577550109279061,0.031020043711624146,0.9653935729897009,0.9653935729897009
0.7580446045629008,0.03217841825160306,0.9308698870179717,1.0
0.7654911764395171,0.028463445249428343,1.0,0.9664987394913596
0.7654911764395171,0.028463445249428343,0.9664987394913596,1.0
0.7727703843935816,0.026158790258206777,1.0,1.0
0.7340710018741865,1.0,1.0,0.03600738179392626
0.725440710778168,1.0,0.965680088847271,0.03904248772358765
0.7166254612096742,1.0,0.9291563653024185,0.04361093158265039
0.7076863619032521,1.0,0.8903823857137195,0.04998067618556945
0.6987025691381161,1.0,0.8493512845690581,0.058445528556613224
0.6897733062682074,1.0,0.8061083164176297,0.0693199188046224
0.68101911086844,1.0,0.76076433315133,0.08292994374676499
0.6725817963719768,1.0,0.7135090718254797,0.09959994002293615
0.6646225534797452,1.0,0.6646225534797452,0.11963420288433113
0.6573176504975046,1.0,0.6144823568096927,0.14329412624376137
0.6508513756224121,1.0,0.5635642195280152,0.17077201710322887
0.645406234257651,1.0,0.5124335721042701,0.2021640270797147
0.6411509567869946,1.0,0.46172643518049206,0.23744578317236376
0.6382274946830924,1.0,0.4121196788600251,0.27645498936618473
0.6367387126508002,1.0,0.36429274713890036,0.31888508622025036
0.6367387126508002,1.0,0.31888508622025036,0.36429274713890036
0.6382274946830924,1.0,0.27645498936618473,0.4121196788600251
0.6411509567869946,1.0,0.23744578317236376,0.46172643518049206
0.645406234257651,1.0,0.2021640270797147,0.5124335721042701
0.6508513756224121,1.0,0.17077201710322887,0.5635642195280152
0.6573176504975046,1.0,0.14329412624376137,0.6144823568096927
0.6646225534797452,1.0,0.11963420288433113,0.6646225534797452
0.6725817963719767,1.0,0.09959994002293604,0.7135090718254797
0.68101911086844,1.0,0.08292994374676499,0.76076433315133
0.6897733062682074,1.0,0.0693199188046224,0.8061083164176297
0.6987025691381162,1.0,0.058445528556613335,0.8493512845690581
0.7076863619032521,1.0,0.04998067618556945,0.8903823857137195
0.7166254612096742,1.0,0.04361093158265039,0.9291563653024185
0.725440710778168,1.0,0.03904248772358765,0.965680088847271
0.7340710018741865,1.0,0.03600738179392626,1.0
0.725440710778168,0.965680088847271,1.0,0.03904248772358765
0.7162692391472365,0.9645336548934046,0.9645336548934046,0.04240868212192339
0.7069026778210753,0.9633628347276344,0.9267256694552688,0.04743370291849469
0.6974122102111064,0.9621765262763883,0.8865295788291649,0.054413156909707716
0.6878902741436518,0.9609862842679565,0.8439451370718258,0.06367082243095545
0.6784528515767436,0.9598066064470929,0.7990330322354648,0.07555194828313805
0.6692407077621108,0.9586550884702638,0.7519305308215831,0.09041194634580474
0.660418912017593,0.9575523640021991,0.7028665480153937,0.10859964404618139
0.6521739130434783,0.9565217391304348,0.6521739130434783,0.13043478260869568
0.6447075266525379,0.9555884408315672,0.6002959674841053,0.15618037579977773
0.6382274946830924,0.9547784368353865,0.5477843683538655,0.18601186303695783
0.6329348258071013,0.9541168532258877,0.4952853854847642,0.21998650484009008
0.6290088833918654,0.9536261104239832,0.44351332508779806,0.2580177667837308
0.6265919775925308,0.9533239971990664,0.3932119635878625,0.2998599579859952
0.6257757842200096,0.9532219730275012,0.3451076223850168,0.3451076223850168
0.6265919775925306,0.9533239971990664,0.2998599579859951,0.39321196358786237
0.6290088833918654,0.9536261104239832,0.2580177667837308,0.44351332508779806
0.6329348258071013,0.9541168532258877,0.21998650484009008,0.4952853854847642
0.6382274946830924,0.9547784368353865,0.18601186303695783,0.5477843683538655
0.6447075266525379,0.9555884408315672,0.15618037579977773,0.6002959674841053
0.6521739130434783,0.9565217391304348,0.13043478260869568,0.6521739130434783
0.660418912017593,0.9575523640021991,0.10859964404618139,0.7028665480153937
0.6692407077621108,0.9586550884702638,0.09041194634580474,0.7519305308215831
0.6784528515767436,0.9598066064470929,0.07555194828313805,0.7990330322354648
0.6878902741436518,0.9609862842679565,0.06367082243095545,0.8439451370718258
0.6974122102111064,0.9621765262763883,0.054413156909707716,0.8865295788291649
0.7069026778210753,0.9633628347276344,0.04743370291849469,0.9267256694552688
0.7162692391472365,0.9645336548934046,0.04240868212192339,0.9645336548934046
0.725440710778168,0.965680088847271,0.03904248772358765,1.0
0.7166254612096742,0.9291563653024185,1.0,0.04361093158265039
0.7069026778210753,0.9267256694552688,0.9633628347276344,0.04743370291849469
0.696978392368572,0.924244598092143,0.924244598092143,0.05305747615178724
0.6869358079220671,0.9217339519805168,0.8826009279707752,0.060807423766201185
0.6768830433111923,0.919220760827798,0.8384415216555962,0.07103874951967781
0.6669556423025493,0.9167389105756374,0.7918472764390934,0.08412801633201072
0.6573176504975045,0.9143294126243762,0.7429882378731284,0.10045883255594934
0.648160402293166,0.9120401005732915,0.6921403520065202,0.12040100573291501
0.639698120711164,0.909924530177791,0.639698120711164,0.14428303668901454
0.6321596081026377,0.9080399020256594,0.5861795591154675,0.17235911823093486
0.6257757842200096,0.9064439460550024,0.532219730275012,0.20477354146752047
0.6207636294880182,0.9051909073720046,0.478549990546025,0.24152725897603644
0.6173081014120481,0.904327025353012,0.4259621521180721,0.2824526901475902
0.6155445349342299,0.9038861337335574,0.3752598692681235,0.32720293613490214
0.6155445349342299,0.9038861337335574,0.32720293613490214,0.3752598692681235
0.6173081014120481,0.904327025353012,0.2824526901475902,0.4259621521180721
0.6207636294880182,0.9051909073720046,0.24152725897603644,0.478549990546025
0.6257757842200096,0.9064439460550024,0.20477354146752047,0.532219730275012
0.6321596081026377,0.9080399020256594,0.17235911823093486,0.5861795591154675
0.639698120711164,0.909924530177791,0.14428303668901454,0.639698120711164
0.648160402293166,0.9120401005732915,0.12040100573291501,0.6921403520065202
0.6573176504975045,0.9143294126243762,0.10045883255594934,0.7429882378731284
0.6669556423025493,0.9167389105756374,0.08412801633201072,0.7918472764390934
0.6768830433111922,0.919220760827798,0.07103874951967759,0.838441521655596
0.6869358079220671,0.9217339519805168,0.060807423766201185,0.8826009279707752
0.696978392368572,0.924244598092143,0.05305747615178724,0.924244598092143
0.7069026778210753,0.9267256694552688,0.04743370291849469,0.9633628347276344
0.7166254612096742,0.9291563653024185,0.04361093158265039,1.0
0.7076863619032521,0.8903823857137195,1.0,0.04998067618556945
0.6974122102111064,0.8865295788291649,0.9621765262763883,0.054413156909707716
0.6869358079220671,0.8826009279707752,0.9217339519805168,0.060807423766201185
0.6763546423749061,0.8786329908905898,0.8786329908905898,0.0695195968278548
0.6657952054845145,0.874673202056693,0.8328976027422572,0.08093681508241501
0.6554156061968415,0.8707808523238156,0.784634753873026,0.09546596626670911
0.645406234257651,0.8670273378466191,0.7340546756932382,0.11351558564412745
0.6359873958453679,0.8634952734420129,0.681488971364697,0.13547006513274895
0.6274028537339021,0.8602760701502132,0.6274028537339021,0.16165642090127974
0.6199085294835361,0.857465698556326,0.5723970956689781,0.19230562515251426
0.6137563603317859,0.8551586351244197,0.5171954504147325,0.22751272066357187
0.6091744250031748,0.8534404093761905,0.46261483437936535,0.2672020468809527
0.6063457349559017,0.8523796506084631,0.4095186024338525,0.3111050361728279
0.6053891010664079,0.852020912899903,0.35875728923291283,0.35875728923291283
0.6063457349559017,0.8523796506084631,0.3111050361728279,0.4095186024338525
0.6091744250031748,0.8534404093761905,0.2672020468809527,0.46261483437936535
0.6137563603317859,0.8551586351244197,0.22751272066357187,0.5171954504147325
0.6199085294835361,0.857465698556326,0.19230562515251426,0.5723970956689781
0.6274028537339021,0.8602760701502132,0.16165642090127974,0.6274028537339021
0.6359873958453679,0.8634952734420129,0.13547006513274895,0.681488971364697
0.645406234257651,0.8670273378466191,0.11351558564412745,0.7340546756932382
0.6554156061968415,0.8707808523238156,0.09546596626670911,0.784634753873026
0.6657952054845145,0.874673202056693,0.08093681508241501,0.8328976027422572
0.6763546423749061,0.8786329908905898,0.0695195968278548,0.8786329908905898
0.6869358079220671,0.8826009279707752,0.060807423766201296,0.9217339519805168
0.6974122102111064,0.8865295788291649,0.054413156909707716,0.9621765262763883
0.7076863619032521,0.8903823857137195,0.04998067618556945,1.0
0.6987025691381161,0.8493512845690581,1.0,0.058445528556613224
0.6878902741436518,0.8439451370718258,0.9609862842679565,0.06367082243095545
0.6768830433111923,0.8384415216555962,0.919220760827798,0.07103874951967781
0.6657952054845145,0.8328976027422572,0.874673202056693,0.08093681508241501
0.6547745183983176,0.8273872591991588,0.8273872591991588,0.09378311079558355
0.6440046724080122,0.8220023362040061,0.7775029202550076,0.11001168102003034
0.633705162803496,0.816852581401748,0.725278872102622,0.13004976165830295
0.6241272114120483,0.8120636057060242,0.6711113099855422,0.1542862256771087
0.6155445349342299,0.807772267467115,0.6155445349342299,0.18303213673523833
0.6082383145004866,0.8041191572502433,0.5592681038130474,0.2164766290009732
0.6024768040000374,0.8012384020000187,0.5030960050000468,0.2546440075000701
0.5984915094172034,0.7992457547086017,0.4479258254486548,0.29736014148010614
0.5964533821557454,0.7982266910778727,0.394680073233618,0.3442367460030862
0.5964533821557454,0.7982266910778727,0.3442367460030862,0.394680073233618
0.5984915094172034,0.7992457547086017,0.29736014148010614,0.4479258254486548
0.6024768040000374,0.8012384020000187,0.2546440075000701,0.5030960050000468
0.6082383145004866,0.8041191572502433,0.2164766290009732,0.5592681038130474
0.6155445349342299,0.807772267467115,0.18303213673523833,0.6155445349342299
0.6241272114120483,0.8120636057060242,0.1542862256771087,0.6711113099855422
0.633705162803496,0.816852581401748,0.13004976165830295,0.725278872102622
0.6440046724080122,0.8220023362040061,0.11001168102003034,0.7775029202550076
0.6547745183983176,0.8273872591991588,0.09378311079558355,0.8273872591991588
0.6657952054845145,0.8328976027422572,0.08093681508241501,0.874673202056693
0.6768830433111923,0.8384415216555962,0.07103874951967781,0.919220760827798
0.6878902741436518,0.8439451370718258,0.06367082243095545,0.9609862842679565
0.6987025691381161,0.8493512845690581,0.058445528556613224,1.0
0.6897733062682074,0.8061083164176297,1.0,0.0693199188046224
0.6784528515767436,0.7990330322354648,0.9598066064470929,0.07555194828313805
0.6669556423025493,0.7918472764390934,0.9167389105756374,0.08412801633201072
0.6554156061968415,0.784634753873026,0.8707808523238156,0.09546596626670911
0.6440046724080122,0.7775029202550076,0.8220023362040061,0.11001168102003034
0.6329348258071011,0.7705842661294382,0.7705842661294382,0.12822021129186534
0.622456657453593,0.7640354109084957,0.7168424930901948,0.1505274792705843
0.6128528652033381,0.7580330407520863,0.661246257052921,0.1773123385570936
0.604425458852681,0.7527659117829256,0.604425458852681,0.20885091770536202
0.597476315658698,0.7484226972866862,0.5471608551160352,0.2452680918600586
0.5922822468498996,0.7451764042811873,0.4903528085623745,0.2864939319873242
0.5890676024499887,0.743167251531243,0.4349679533687345,0.33223485398123165
0.5879790379003162,0.7424868986876976,0.38196855685047426,0.38196855685047426
0.5890676024499887,0.743167251531243,0.33223485398123165,0.4349679533687345
0.5922822468498996,0.7451764042811873,0.2864939319873242,0.4903528085623745
0.597476315658698,0.7484226972866862,0.2452680918600586,0.5471608551160352
0.604425458852681,0.7527659117829256,0.20885091770536202,0.604425458852681
0.6128528652033381,0.7580330407520863,0.1773123385570936,0.661246257052921
0.622456657453593,0.7640354109084957,0.1505274792705843,0.7168424930901948
0.6329348258071011,0.7705842661294382,0.12822021129186534,0.7705842661294382
0.6440046724080122,0.7775029202550076,0.11001168102003034,0.8220023362040061
0.6554156061968415,0.784634753873026,0.09546596626670911,0.8707808523238156
0.6669556423025493,0.7918472764390934,0.08412801633201072,0.9167389105756374
0.6784528515767436,0.7990330322354648,0.07555194828313805,0.9598066064470929
0.6897733062682074,0.8061083164176297,0.0693199188046224,1.0
0.68101911086844,0.76076433315133,1.0,0.08292994374676499
0.6692407077621108,0.7519305308215831,0.9586550884702638,0.09041194634580474
0.6573176504975045,0.7429882378731284,0.9143294126243762,0.10045883255594934
0.645406234257651,0.7340546756932382,0.8670273378466191,0.11351558564412745
0.633705162803496,0.725278872102622,0.816852581401748,0.13004976165830295
0.622456657453593,0.7168424930901948,0.7640354109084957,0.1505274792705843
0.6119429999418673,0.7089572499564004,0.7089572499564004,0.17537887487646786
0.6024768040000374,0.7018576030000281,0.6521672035000328,0.20495360800007478
0.5943838987492849,0.6957879240619637,0.5943838987492849,0.2394698101549092
0.5879790379003162,0.6909842784252371,0.5364764176378557,0.2789633163255534
0.5835366349637172,0.6876524762227879,0.4794207937046465,0.3232470318160404
0.581260861927829,0.6859456464458717,0.424233685150765,0.3718912928917436
0.581260861927829,0.6859456464458717,0.3718912928917436,0.424233685150765
0.5835366349637172,0.6876524762227879,0.3232470318160404,0.4794207937046465
0.5879790379003162,0.6909842784252371,0.2789633163255534,0.5364764176378557
0.5943838987492849,0.6957879240619637,0.2394698101549092,0.5943838987492849
0.6024768040000374,0.7018576030000281,0.20495360800007478,0.6521672035000328
0.6119429999418673,0.7089572499564004,0.17537887487646786,0.7089572499564004
0.622456657453593,0.7168424930901948,0.1505274792705843,0.7640354109084957
0.633705162803496,0.725278872102622,0.13004976165830295,0.816852581401748
0.645406234257651,0.7340546756932382,0.11351558564412745,0.8670273378466191
0.6573176504975045,0.7429882378731284,0.10045883255594934,0.9143294126243762
0.6692407077621108,0.7519305308215831,0.09041194634580474,0.9586550884702638
0.68101911086844,0.76076433315133,0.08292994374676499,1.0
0.6725817963719768,0.7135090718254797,1.0,0.09959994002293615
0.660418912017593,0.7028665480153937,0.9575523640021991,0.10859964404618139
0.648160402293166,0.6921403520065202,0.9120401005732915,0.12040100573291501
0.6359873958453679,0.681488971364697,0.8634952734420129,0.13547006513274895
0.6241272114120483,0.6711113099855422,0.8120636057060242,0.1542862256771087
0.6128528652033381,0.661246257052921,0.7580330407520863,0.1773123385570936
0.6024768040000374,0.6521672035000328,0.7018576030000281,0.20495360800007478
0.593337145779721,0.6441700025572559,0.6441700025572559,0.23750714833697673
0.5857757015372018,0.6375537388450516,0.5857757015372018,0.27510747769010324
0.5801088951348177,0.6325952832429654,0.5276225070266698,0.31767695459407863
0.5765951007800294,0.6295207131825258,0.47074387597503686,0.3648926511700442
0.5754040860525798,0.6284785752960074,0.41618061832229725,0.41618061832229725
0.5765951007800294,0.6295207131825258,0.3648926511700442,0.47074387597503686
0.5801088951348177,0.6325952832429654,0.31767695459407863,0.5276225070266698
0.5857757015372018,0.6375537388450516,0.27510747769010324,0.5857757015372018
0.593337145779721,0.6441700025572559,0.23750714833697673,0.6441700025572559
0.6024768040000374,0.6521672035000328,0.20495360800007478,0.7018576030000281
0.6128528652033381,0.661246257052921,0.1773123385570936,0.7580330407520863
0.6241272114120483,0.6711113099855422,0.1542862256771087,0.8120636057060242
0.6359873958453679,0.681488971364697,0.13547006513274895,0.8634952734420129
0.648160402293166,0.6921403520065202,0.12040100573291501,0.9120401005732915
0.660418912017593,0.7028665480153937,0.10859964404618139,0.9575523640021991
0.6725817963719768,0.7135090718254797,0.09959994002293615,1.0
0.6646225534797452,0.6646225534797452,1.0,0.11963420288433113
0.6521739130434783,0.6521739130434783,0.9565217391304348,0.13043478260869568
0.639698120711164,0.639698120711164,0.909924530177791,0.14428303668901454
0.6274028537339021,0.6274028537339021,0.8602760701502132,0.16165642090127974
0.6155445349342299,0.6155445349342299,0.807772267467115,0.18303213673523833
0.604425458852681,0.604425458852681,0.7527659117829256,0.20885091770536202
0.5943838987492849,0.5943838987492849,0.6957879240619637,0.2394698101549092
0.5857757015372018,0.5857757015372018,0.6375537388450516,0.27510747769010324
0.5789473684210527,0.5789473684210527,0.5789473684210527,0.3157894736842104
0.5742029636701204,0.5742029636701204,0.5209783341288854,0.3613044455051806
0.5717698179422486,0.5717698179422486,0.46471227242781077,0.41118349967059187
0.5717698179422486,0.5717698179422486,0.41118349967059187,0.46471227242781077
0.5742029636701204,0.5742029636701204,0.3613044455051806,0.5209783341288854
0.5789473684210527,0.5789473684210527,0.3157894736842104,0.5789473684210527
0.5857757015372018,0.5857757015372018,0.27510747769010324,0.6375537388450516
0.5943838987492849,0.5943838987492849,0.2394698101549092,0.6957879240619637
0.604425458852681,0.604425458852681,0.20885091770536202,0.7527659117829256
0.6155445349342299,0.6155445349342299,0.18303213673523833,0.807772267467115
0.6274028537339021,0.6274028537339021,0.16165642090127974,0.8602760701502132
0.639698120711164,0.639698120711164,0.14428303668901454,0.909924530177791
0.6521739130434783,0.6521739130434783,0.13043478260869557,0.9565217391304348
0.6646225534797452,0.6646225534797452,0.11963420288433113,1.0
0.6573176504975046,0.6144823568096927,1.0,0.14329412624376137
0.6447075266525379,0.6002959674841053,0.9555884408315672,0.15618037579977773
0.6321596081026377,0.5861795591154675,0.9080399020256594,0.17235911823093486
0.6199085294835361,0.5723970956689781,0.857465698556326,0.19230562515251426
0.6082383145004866,0.5592681038130474,0.8041191572502433,0.2164766290009732
0.597476315658698,0.5471608551160352,0.7484226972866862,0.2452680918600586
0.5879790379003162,0.5364764176378557,0.6909842784252371,0.2789633163255534
0.5801088951348177,0.5276225070266698,0.6325952832429654,0.31767695459407863
0.5742029636701204,0.5209783341288854,0.5742029636701204,0.3613044455051806
0.5705374983239848,0.516854685614483,0.516854685614483,0.40948906019547926
0.5692944783534676,0.515456288147651,0.4616180979418345,0.4616180979418345
0.5705374983239848,0.516854685614483,0.40948906019547926,0.516854685614483
0.5742029636701204,0.5209783341288854,0.3613044455051806,0.5742029636701204
0.5801088951348177,0.5276225070266698,0.31767695459407863,0.6325952832429654
0.5879790379003162,0.5364764176378557,0.2789633163255534,0.6909842784252371
0.597476315658698,0.5471608551160352,0.2452680918600586,0.7484226972866862
0.6082383145004866,0.5592681038130474,0.2164766290009732,0.8041191572502433
0.6199085294835361,0.5723970956689781,0.19230562515251426,0.857465698556326
0.6321596081026377,0.5861795591154675,0.17235911823093486,0.9080399020256594
0.6447075266525379,0.6002959674841053,0.15618037579977773,0.9555884408315672
0.6573176504975046,0.6144823568096927,0.14329412624376137,1.0
0.6508513756224121,0.5635642195280152,1.0,0.17077201710322887
0.6382274946830924,0.5477843683538655,0.9547784368353865,0.18601186303695783
0.6257757842200096,0.532219730275012,0.9064439460550024,0.20477354146752047
0.6137563603317859,0.5171954504147325,0.8551586351244197,0.22751272066357187
0.6024768040000374,0.5030960050000468,0.8012384020000187,0.2546440075000701
0.5922822468498996,0.4903528085623745,0.7451764042811873,0.2864939319873242
0.5835366349637172,0.4794207937046465,0.6876524762227879,0.3232470318160404
0.5765951007800294,0.47074387597503686,0.6295207131825258,0.3648926511700442
0.5717698179422486,0.46471227242781077,0.5717698179422486,0.41118349967059187
0.5692944783534676,0.4616180979418345,0.515456288147651,0.4616180979418345
0.5692944783534676,0.4616180979418345,0.4616180979418345,0.515456288147651
0.5717698179422486,0.46471227242781077,0.41118349967059187,0.5717698179422486
0.5765951007800294,0.47074387597503686,0.3648926511700442,0.6295207131825258
0.5835366349637172,0.4794207937046465,0.3232470318160404,0.6876524762227879
0.5922822468498996,0.4903528085623745,0.2864939319873242,0.7451764042811873
0.6024768040000374,0.5030960050000468,0.2546440075000701,0.8012384020000187
0.6137563603317859,0.5171954504147325,0.22751272066357187,0.8551586351244197
0.6257757842200096,0.532219730275012,0.20477354146752047,0.9064439460550024
0.6382274946830924,0.5477843683538653,0.1860118630369576,0.9547784368353865
0.6508513756224121,0.5635642195280152,0.17077201710322887,1.0
0.645406234257651,0.5124335721042701,1.0,0.2021640270797147
0.6329348258071011,0.4952853854847641,0.9541168532258877,0.21998650484008986
0.6207636294880182,0.478549990546025,0.9051909073720046,0.24152725897603644
0.6091744250031748,0.46261483437936535,0.8534404093761905,0.2672020468809527
0.5984915094172034,0.4479258254486548,0.7992457547086017,0.29736014148010614
0.5890676024499887,0.4349679533687345,0.743167251531243,0.33223485398123165
0.581260861927829,0.424233685150765,0.6859456464458717,0.3718912928917436
0.5754040860525798,0.41618061832229725,0.6284785752960074,0.41618061832229725
0.5717698179422486,0.41118349967059187,0.5717698179422486,0.46471227242781077
0.5705374983239848,0.40948906019547915,0.5168546856144829,0.5168546856144829
0.5717698179422486,0.41118349967059187,0.46471227242781077,0.5717698179422486
0.5754040860525798,0.41618061832229725,0.41618061832229725,0.6284785752960074
0.581260861927829,0.424233685150765,0.3718912928917436,0.6859456464458717
0.5890676024499887,0.4349679533687345,0.33223485398123165,0.743167251531243
0.5984915094172034,0.4479258254486548,0.29736014148010614,0.7992457547086017
0.6091744250031748,0.46261483437936535,0.2672020468809527,0.8534404093761905
0.6207636294880182,0.478549990546025,0.24152725897603644,0.9051909073720046
0.6329348258071011,0.4952853854847641,0.21998650484008986,0.9541168532258877
0.645406234257651,0.5124335721042701,0.2021640270797147,1.0
0.6411509567869946,0.46172643518049206,1.0,0.23744578317236376
0.6290088833918654,0.44351332508779806,0.9536261104239832,0.2580177667837308
0.6173081014120482,0.4259621521180722,0.904327025353012,0.28245269014759034
0.6063457349559017,0.4095186024338525,0.8523796506084631,0.3111050361728279
0.5964533821557454,0.394680073233618,0.7982266910778727,0.3442367460030862
0.5879790379003162,0.38196855685047426,0.7424868986876976,0.38196855685047426
0.581260861927829,0.3718912928917436,0.6859456464458717,0.424233685150765
0.5765951007800294,0.3648926511700442,0.6295207131825258,0.47074387597503686
0.5742029636701205,0.3613044455051807,0.5742029636701205,0.5209783341288856
0.5742029636701204,0.3613044455051806,0.5209783341288854,0.5742029636701204
0.5765951007800294,0.3648926511700442,0.47074387597503686,0.6295207131825258
0.581260861927829,0.3718912928917436,0.424233685150765,0.6859456464458717
0.5879790379003162,0.38196855685047426,0.38196855685047426,0.7424868986876976
0.5964533821557454,0.394680073233618,0.3442367460030862,0.7982266910778727
0.6063457349559017,0.4095186024338525,0.3111050361728279,0.8523796506084631
0.6173081014120482,0.4259621521180722,0.28245269014759034,0.904327025353012
0.6290088833918654,0.44351332508779806,0.2580177667837308,0.9536261104239832
0.6411509567869946,0.46172643518049206,0.23744578317236376,1.0
0.6382274946830924,0.4121196788600251,1.0,0.27645498936618473
0.6265919775925306,0.39321196358786237,0.9533239971990664,0.2998599579859951
0.6155445349342299,0.3752598692681235,0.9038861337335574,0.32720293613490214
0.6053891010664079,0.35875728923291283,0.852020912899903,0.35875728923291283
0.5964533821557454,0.3442367460030862,0.7982266910778727,0.394680073233618
0.5890676024499887,0.33223485398123165,0.743167251531243,0.4349679533687345
0.5835366349637172,0.3232470318160404,0.6876524762227879,0.4794207937046465
0.5801088951348177,0.31767695459407863,0.6325952832429654,0.5276225070266698
0.5789473684210527,0.3157894736842104,0.5789473684210527,0.5789473684210527
0.5801088951348177,0.31767695459407863,0.5276225070266698,0.6325952832429654
0.5835366349637172,0.3232470318160404,0.4794207937046465,0.6876524762227879
0.5890676024499887,0.33223485398123165,0.4349679533687345,0.743167251531243
0.5964533821557454,0.3442367460030862,0.394680073233618,0.7982266910778727
0.6053891010664079,0.35875728923291283,0.35875728923291283,0.852020912899903
0.6155445349342299,0.3752598692681235,0.32720293613490214,0.9038861337335574
0.6265919775925306,0.39321196358786237,0.2998599579859951,0.9533239971990664
0.6382274946830924,0.4121196788600251,0.27645498936618473,1.0
0.6367387126508002,0.36429274713890036,1.0,0.31888508622025036
0.6257757842200096,0.3451076223850168,0.9532219730275012,0.3451076223850168
0.6155445349342299,0.32720293613490214,0.9038861337335574,0.3752598692681235
0.6063457349559017,0.3111050361728279,0.8523796506084631,0.4095186024338525
0.5984915094172034,0.29736014148010614,0.7992457547086017,0.4479258254486548
0.5922822468498996,0.2864939319873242,0.7451764042811873,0.4903528085623745
0.5879790379003162,0.2789633163255534,0.6909842784252371,0.5364764176378557
0.5857757015372018,0.27510747769010324,0.6375537388450516,0.5857757015372018
0.5857757015372018,0.27510747769010324,0.5857757015372018,0.6375537388450516
0.5879790379003162,0.2789633163255534,0.5364764176378557,0.6909842784252371
0.5922822468498996,0.2864939319873242,0.4903528085623745,0.7451764042811873
0.5984915094172034,0.29736014148010614,0.4479258254486548,0.7992457547086017
0.6063457349559017,0.3111050361728279,0.4095186024338525,0.8523796506084631
0.6155445349342299,0.32720293613490214,0.3752598692681235,0.9038861337335574
0.6257757842200096,0.3451076223850168,0.3451076223850168,0.9532219730275012
0.6367387126508002,0.36429274713890036,0.31888508622025036,1.0
0.6367387126508002,0.31888508622025036,1.0,0.36429274713890036
0.6265919775925306,0.2998599579859951,0.9533239971990664,0.39321196358786237
0.6173081014120481,0.2824526901475902,0.904327025353012,0.4259621521180721
0.6091744250031748,0.2672020468809527,0.8534404093761905,0.46261483437936535
0.6024768040000374,0.2546440075000701,0.8012384020000187,0.5030960050000468
0.597476315658698,0.2452680918600586,0.7484226972866862,0.5471608551160352
0.5943838987492849,0.2394698101549092,0.6957879240619637,0.5943838987492849
0.593337145779721,0.23750714833697673,0.6441700025572559,0.6441700025572559
0.5943838987492849,0.2394698101549092,0.5943838987492849,0.6957879240619637
0.597476315658698,0.2452680918600586,0.5471608551160352,0.7484226972866862
0.6024768040000374,0.2546440075000701,0.5030960050000468,0.8012384020000187
0.6091744250031748,0.2672020468809527,0.46261483437936535,0.8534404093761905
0.6173081014120481,0.2824526901475902,0.4259621521180721,0.904327025353012
0.6265919775925306,0.2998599579859951,0.39321196358786237,0.9533239971990664
0.6367387126508002,0.31888508622025036,0.36429274713890036,1.0
0.6382274946830924,0.27645498936618473,1.0,0.4121196788600251
0.6290088833918654,0.2580177667837308,0.9536261104239832,0.44351332508779806
0.6207636294880182,0.24152725897603644,0.9051909073720046,0.478549990546025
0.6137563603317859,0.22751272066357187,0.8551586351244197,0.5171954504147325
0.6082383145004866,0.2164766290009732,0.8041191572502433,0.5592681038130474
0.604425458852681,0.20885091770536202,0.7527659117829256,0.604425458852681
0.6024768040000374,0.20495360800007478,0.7018576030000281,0.6521672035000328
0.6024768040000374,0.20495360800007478,0.6521672035000328,0.7018576030000281
0.604425458852681,0.20885091770536202,0.604425458852681,0.7527659117829256
0.6082383145004866,0.2164766290009732,0.5592681038130474,0.8041191572502433
0.6137563603317859,0.22751272066357187,0.5171954504147325,0.8551586351244197
0.6207636294880182,0.24152725897603644,0.478549990546025,0.9051909073720046
0.6290088833918654,0.2580177667837308,0.44351332508779806,0.9536261104239832
0.6382274946830924,0.27645498936618473,0.4121196788600251,1.0
0.6411509567869946,0.23744578317236376,1.0,0.46172643518049206
0.6329348258071011,0.21998650484008986,0.9541168532258877,0.4952853854847641
0.6257757842200096,0.20477354146752047,0.9064439460550024,0.532219730275012
0.619908529483536,0.19230562515251415,0.857465698556326,0.5723970956689781
0.6155445349342297,0.18303213673523822,0.8077722674671148,0.6155445349342297
0.6128528652033381,0.1773123385570936,0.7580330407520863,0.661246257052921
0.6119429999418673,0.17537887487646786,0.7089572499564004,0.7089572499564004
0.6128528652033381,0.1773123385570936,0.661246257052921,0.7580330407520863
0.6155445349342299,0.18303213673523833,0.6155445349342299,0.807772267467115
0.619908529483536,0.19230562515251415,0.5723970956689781,0.857465698556326
0.6257757842200096,0.20477354146752047,0.532219730275012,0.9064439460550024
0.6329348258071011,0.21998650484008986,0.4952853854847641,0.9541168532258877
0.6411509567869946,0.23744578317236376,0.46172643518049206,1.0
0.645406234257651,0.2021640270797147,1.0,0.5124335721042701
0.6382274946830924,0.1860118630369576,0.9547784368353865,0.5477843683538653
0.6321596081026377,0.17235911823093486,0.9080399020256594,0.5861795591154675
0.6274028537339021,0.16165642090127974,0.8602760701502132,0.6274028537339021
0.6241272114120483,0.1542862256771087,0.8120636057060242,0.6711113099855422
0.622456657453593,0.1505274792705843,0.7640354109084957,0.7168424930901948
0.622456657453593,0.1505274792705843,0.7168424930901948,0.7640354109084957
0.6241272114120483,0.1542862256771087,0.6711113099855422,0.8120636057060242
0.6274028537339021,0.16165642090127974,0.6274028537339021,0.8602760701502132
0.6321596081026377,0.17235911823093486,0.5861795591154675,0.9080399020256594
0.6382274946830924,0.1860118630369576,0.5477843683538653,0.9547784368353865
0.645406234257651,0.2021640270797147,0.5124335721042701,1.0
0.6508513756224121,0.17077201710322887,1.0,0.5635642195280152
0.6447075266525379,0.15618037579977762,0.9555884408315672,0.6002959674841051
0.639698120711164,0.14428303668901454,0.909924530177791,0.639698120711164
0.6359873958453679,0.13547006513274873,0.8634952734420129,0.6814889713646969
0.633705162803496,0.13004976165830295,0.816852581401748,0.725278872102622
0.6329348258071011,0.12822021129186534,0.7705842661294382,0.7705842661294382
0.633705162803496,0.13004976165830295,0.725278872102622,0.816852581401748
0.6359873958453679,0.13547006513274873,0.6814889713646969,0.8634952734420129
0.639698120711164,0.14428303668901454,0.639698120711164,0.909924530177791
0.6447075266525379,0.15618037579977762,0.6002959674841051,0.9555884408315672
0.6508513756224121,0.17077201710322887,0.5635642195280152,1.0
0.6573176504975046,0.14329412624376137,1.0,0.6144823568096927
0.6521739130434783,0.13043478260869568,0.9565217391304348,0.6521739130434783
0.648160402293166,0.12040100573291501,0.9120401005732915,0.6921403520065202
0.645406234257651,0.11351558564412745,0.8670273378466191,0.7340546756932382
0.6440046724080122,0.11001168102003034,0.8220023362040061,0.7775029202550076
0.6440046724080122,0.11001168102003045,0.7775029202550077,0.8220023362040061
0.645406234257651,0.11351558564412745,0.7340546756932382,0.8670273378466191
0.648160402293166,0.12040100573291501,0.6921403520065202,0.9120401005732915
0.6521739130434783,0.13043478260869568,0.6521739130434783,0.9565217391304348
0.6573176504975046,0.14329412624376137,0.6144823568096927,1.0
0.6646225534797452,0.11963420288433113,1.0,0.6646225534797452
0.660418912017593,0.10859964404618139,0.9575523640021991,0.7028665480153937
0.6573176504975046,0.10045883255594956,0.9143294126243762,0.7429882378731284
0.6554156061968415,0.09546596626670911,0.8707808523238156,0.784634753873026
0.6547745183983176,0.09378311079558355,0.8273872591991588,0.8273872591991588
0.6554156061968415,0.09546596626670911,0.784634753873026,0.8707808523238156
0.6573176504975046,0.10045883255594956,0.7429882378731284,0.9143294126243762
0.660418912017593,0.10859964404618139,0.7028665480153937,0.9575523640021991
0.6646225534797452,0.11963420288433113,0.6646225534797452,1.0
0.6725817963719767,0.09959994002293604,1.0,0.7135090718254797
0.6692407077621108,0.09041194634580474,0.9586550884702638,0.7519305308215831
0.6669556423025493,0.08412801633201072,0.9167389105756374,0.7918472764390934
0.6657952054845145,0.08093681508241501,0.874673202056693,0.8328976027422572
0.6657952054845145,0.08093681508241501,0.8328976027422572,0.874673202056693
0.6669556423025493,0.08412801633201072,0.7918472764390934,0.9167389105756374
0.6692407077621108,0.09041194634580474,0.7519305308215831,0.9586550884702638
0.6725817963719767,0.09959994002293604,0.7135090718254797,1.0
0.68101911086844,0.08292994374676499,1.0,0.76076433315133
0.6784528515767436,0.07555194828313805,0.9598066064470929,0.7990330322354648
0.6768830433111923,0.07103874951967781,0.919220760827798,0.8384415216555962
0.6763546423749061,0.0695195968278548,0.8786329908905898,0.8786329908905898
0.6768830433111923,0.07103874951967781,0.8384415216555962,0.919220760827798
0.6784528515767436,0.07555194828313805,0.7990330322354648,0.9598066064470929
0.68101911086844,0.08292994374676499,0.76076433315133,1.0
0.6897733062682074,0.0693199188046224,1.0,0.8061083164176297
0.6878902741436518,0.06367082243095545,0.9609862842679565,0.8439451370718258
0.6869358079220671,0.060807423766201185,0.9217339519805168,0.8826009279707752
0.6869358079220671,0.060807423766201185,0.8826009279707752,0.9217339519805168
0.6878902741436518,0.06367082243095545,0.8439451370718258,0.9609862842679565
0.6897733062682074,0.0693199188046224,0.8061083164176297,1.0
0.6987025691381162,0.058445528556613335,1.0,0.8493512845690581
0.6974122102111064,0.054413156909707716,0.9621765262763883,0.8865295788291649
0.696978392368572,0.05305747615178724,0.924244598092143,0.924244598092143
0.6974122102111064,0.054413156909707716,0.8865295788291649,0.9621765262763883
0.6987025691381162,0.058445528556613335,0.8493512845690581,1.0
0.7076863619032521,0.04998067618556945,1.0,0.8903823857137195
0.7069026778210753,0.04743370291849469,0.9633628347276344,0.9267256694552688
0.7069026778210753,0.04743370291849469,0.9267256694552688,0.9633628347276344
0.7076863619032521,0.04998067618556945,0.8903823857137195,1.0
0.7166254612096742,0.04361093158265039,1.0,0.9291563653024185
0.7162692391472365,0.04240868212192339,0.9645336548934046,0.9645336548934046
0.7166254612096742,0.04361093158265039,0.9291563653024185,1.0
0.725440710778168,0.03904248772358765,1.0,0.965680088847271
0.725440710778168,0.03904248772358765,0.965680088847271,1.0
0.7340710018741865,0.03600738179392626,1.0,1.0
0.6939908195868794,1.0,1.0,0.04797143871473575
0.6839672557507194,1.0,0.9648852506389688,0.051901767252158226
0.6737502548825138,1.0,0.9275000566405587,0.05750073632726216
0.6634190835969553,1.0,0.8878063611989852,0.06505300999154284
0.6530754949787352,1.0,0.8458113311016601,0.0748679866099603
0.6428458944403547,1.0,0.8015810524668637,0.08727284134757318
0.632882342598398,1.0,0.7552548950655987,0.10260128190719542
0.6233617222131815,1.0,0.707059117276919,0.12117735183075684
0.6144823568096927,1.0,0.6573176504975046,0.14329412624376137
0.6064574774980365,1.0,0.6064574774980365,0.16918800805141054
0.5995052564590136,1.0,0.5550058405100151,0.1990105129180273
0.5938356858341283,1.0,0.5035769493528235,0.23280073990890893
0.5896353226712021,1.0,0.4528470968949362,0.27046279585991495
0.5870516790329887,1.0,0.40351909193653934,0.3117527983883146
0.5861795591154675,1.0,0.356279314179616,0.356279314179616
0.5870516790329889,1.0,0.3117527983883147,0.40351909193653945
0.5896353226712021,1.0,0.27046279585991484,0.4528470968949361
0.5938356858341283,1.0,0.23280073990890893,0.5035769493528235
0.5995052564590136,1.0,0.1990105129180273,0.5550058405100151
0.6064574774980365,1.0,0.16918800805141054,0.6064574774980365
0.6144823568096925,1.0,0.14329412624376126,0.6573176504975045
0.6233617222131815,1.0,0.12117735183075684,0.707059117276919
0.632882342598398,1.0,0.10260128190719542,0.7552548950655987
0.6428458944403547,1.0,0.08727284134757318,0.8015810524668637
0.6530754949787352,1.0,0.0748679866099603,0.8458113311016601
0.6634190835969553,1.0,0.06505300999154284,0.8878063611989852
0.6737502548825138,1.0,0.05750073632726216,0.9275000566405587
0.6839672557507194,1.0,0.051901767252158226,0.9648852506389688
0.6939908195868794,1.0,0.04797143871473575,1.0
0.6839672557507194,0.9648852506389688,1.0,0.051901767252158226
0.6733206961117175,0.9637022995679686,0.9637022995679686,0.05625978876718407
0.6624736297221928,0.9624970699691325,0.9249941399382651,0.06242674922831348
0.6515186083019351,0.9612798453668817,0.883839536100645,0.07071628880516034
0.6405746212761076,0.9600638468084564,0.8402553872338256,0.08146847659449752
0.6297894685946228,0.9588654965105137,0.7943274825525682,0.09504092323130009
0.6193405590059677,0.9577045065562186,0.7462270393373118,0.1117946376805915
0.6094332670575284,0.9566036963397254,0.6962258743780776,0.13207392679450758
0.6002959674841053,0.9555884408315672,0.6447075266525379,0.15618037579977773
0.5921710710135006,0.9546856745570557,0.5921710710135006,0.18434214202700117
0.5853018901743177,0.9539224322415909,0.5392243224159086,0.21668134810704454
0.5799159747915972,0.9533239971990664,0.4865639691897298,0.25318395518506154
0.57620655158679,0.9529118390651989,0.4349420687823866,0.2936775859779833
0.574314607143638,0.9527016230159597,0.3851210992074773,0.337822722223437
0.574314607143638,0.9527016230159597,0.337822722223437,0.3851210992074773
0.57620655158679,0.9529118390651989,0.2936775859779833,0.4349420687823866
0.5799159747915972,0.9533239971990664,0.25318395518506154,0.4865639691897298
0.5853018901743177,0.9539224322415909,0.21668134810704454,0.5392243224159086
0.5921710710135006,0.9546856745570557,0.18434214202700117,0.5921710710135006
0.6002959674841053,0.9555884408315672,0.15618037579977773,0.6447075266525379
0.6094332670575284,0.9566036963397254,0.13207392679450758,0.6962258743780776
0.6193405590059677,0.9577045065562186,0.11179463768059161,0.7462270393373118
0.6297894685946228,0.9588654965105137,0.09504092323130009,0.7943274825525682
0.6405746212761076,0.9600638468084564,0.08146847659449752,0.8402553872338256
0.6515186083019351,0.9612798453668817,0.07071628880516034,0.883839536100645
0.6624736297221928,0.9624970699691325,0.06242674922831348,0.9249941399382651
0.6733206961117175,0.9637022995679686,0.05625978876718396,0.9637022995679686
0.6839672557507194,0.9648852506389688,0.051901767252158226,1.0
0.6737502548825138,0.9275000566405587,1.0,0.05750073632726216
0.6624736297221928,0.9249941399382651,0.9624970699691325,0.06242674922831348
0.6509949695517334,0.9224433265670519,0.9224433265670519,0.0693199188046224
0.6394226139032482,0.9198716919784996,0.8798075379677495,0.07852445775274552
0.6278957962323746,0.9173101769405277,0.8346203538810554,0.09041194634580474
0.6165871094419255,0.914797135431539,0.7869928385788475,0.10536992203115947
0.6057028410955089,0.9123784091323353,0.737135227397006,0.123784091323353
0.5954800825220546,0.910106685004901,0.6853733975171536,0.14601350754655995
0.5861795591154675,0.9080399020256594,0.6321596081026377,0.17235911823093486
0.5780734921553541,0.9062385538123009,0.5780734921553541,0.20302770740455778
0.5714285714285714,0.9047619047619048,0.5238095238095238,0.23809523809523814
0.5664852542268207,0.9036633898281824,0.4701486440550031,0.2774754237113679
0.5634358749346007,0.9029857499854668,0.41791449991280083,0.3209002498982676
0.5624050255063164,0.902756672334737,0.3679183701757903,0.3679183701757903
0.5634358749346007,0.9029857499854668,0.3209002498982676,0.41791449991280083
0.5664852542268207,0.9036633898281824,0.2774754237113679,0.4701486440550031
0.5714285714285714,0.9047619047619048,0.23809523809523814,0.5238095238095238
0.5780734921553541,0.9062385538123009,0.20302770740455778,0.5780734921553541
0.5861795591154675,0.9080399020256594,0.17235911823093486,0.6321596081026377
0.5954800825220546,0.910106685004901,0.14601350754655995,0.6853733975171536
0.6057028410955089,0.9123784091323353,0.123784091323353,0.737135227397006
0.6165871094419255,0.914797135431539,0.10536992203115947,0.7869928385788475
0.6278957962323746,0.9173101769405277,0.09041194634580474,0.8346203538810554
0.6394226139032482,0.9198716919784996,0.07852445775274552,0.8798075379677495
0.6509949695517334,0.9224433265670519,0.0693199188046224,0.9224433265670519
0.6624736297221928,0.9249941399382651,0.06242674922831348,0.9624970699691325
0.6737502548825138,0.9275000566405587,0.05750073632726216,1.0
0.6634190835969553,0.8878063611989852,1.0,0.06505300999154284
0.6515186083019351,0.883839536100645,0.9612798453668817,0.07071628880516034
0.6394226139032482,0.8798075379677495,0.9198716919784996,0.07852445775274552
0.6272580850468381,0.8757526950156127,0.8757526950156127,0.0888530967811596
0.6151877876718885,0.8717292625572961,0.8289723500763948,0.10210483790107316
0.6034126156846914,0.8678042052282304,0.7796736753803841,0.1186947015215365
0.5921710710135006,0.8640570236711669,0.7281140473423338,0.13902781658405694
0.5817345288938442,0.8605781762979481,0.6746824113618788,0.1634690577876885
0.5723970956689781,0.857465698556326,0.6199085294835361,0.19230562515251426
0.5644594733537556,0.8548198244512518,0.5644594733537556,0.22570573040667652
0.5582073756935656,0.8527357918978552,0.5091193063261841,0.263678959489276
0.5538865626130512,0.8512955208710171,0.45475024319372925,0.3060457640647464
0.5516780667519539,0.8505593555839847,0.4022374223359385,0.35242387419726673
0.5516780667519539,0.8505593555839847,0.35242387419726673,0.4022374223359385
0.5538865626130512,0.8512955208710171,0.3060457640647464,0.45475024319372925
0.5582073756935656,0.8527357918978552,0.263678959489276,0.5091193063261841
0.5644594733537556,0.8548198244512518,0.22570573040667652,0.5644594733537556
0.5723970956689781,0.857465698556326,0.19230562515251426,0.6199085294835361
0.5817345288938441,0.8605781762979481,0.16346905778768828,0.6746824113618788
0.5921710710135006,0.8640570236711669,0.13902781658405694,0.7281140473423338
0.6034126156846915,0.8678042052282304,0.1186947015215366,0.7796736753803841
0.6151877876718885,0.8717292625572961,0.10210483790107316,0.8289723500763948
0.627258085046838,0.8757526950156127,0.08885309678115949,0.8757526950156127
0.6394226139032483,0.8798075379677495,0.07852445775274564,0.9198716919784996
0.6515186083019351,0.883839536100645,0.07071628880516034,0.9612798453668817
0.6634190835969553,0.8878063611989852,0.06505300999154284,1.0
0.6530754949787352,0.8458113311016601,1.0,0.0748679866099603
0.6405746212761076,0.8402553872338256,0.9600638468084564,0.08146847659449752
0.6278957962323746,0.8346203538810554,0.9173101769405277,0.09041194634580474
0.6151877876718885,0.8289723500763948,0.8717292625572961,0.10210483790107316
0.6026402928804868,0.8233956857246608,0.8233956857246608,0.1169784286233041
0.5904858203260389,0.817993697922684,0.772492122403355,0.13547006513274895
0.5789977572475109,0.8128878921100048,0.7193318381650072,0.1579955144950217
0.5684830286631544,0.8082146794058463,0.6643756889602311,0.18491238747484706
0.5592681038130474,0.8041191572502433,0.6082383145004866,0.2164766290009732
0.5516780667519539,0.8007458074453129,0.5516780667519539,0.25279677791992317
0.5460100549252136,0.7982266910778727,0.4955667276946817,0.2937934187725544
0.5425042890021861,0.7966685728898605,0.44083857544711624,0.33917286189204654
0.5413175277061371,0.7961411234249498,0.3884233702748493,0.3884233702748493
0.5425042890021861,0.7966685728898605,0.33917286189204654,0.44083857544711624
0.5460100549252136,0.7982266910778727,0.2937934187725544,0.4955667276946817
0.5516780667519539,0.8007458074453129,0.25279677791992317,0.5516780667519539
0.5592681038130474,0.8041191572502433,0.2164766290009732,0.6082383145004866
0.5684830286631544,0.8082146794058463,0.18491238747484706,0.6643756889602311
0.5789977572475109,0.8128878921100048,0.1579955144950217,0.7193318381650072
0.5904858203260389,0.817993697922684,0.13547006513274895,0.772492122403355
0.6026402928804868,0.8233956857246608,0.1169784286233041,0.8233956857246608
0.6151877876718885,0.8289723500763948,0.10210483790107316,0.8717292625572961
0.6278957962323746,0.8346203538810554,0.09041194634580474,0.9173101769405277
0.6405746212761076,0.8402553872338256,0.08146847659449741,0.9600638468084564
0.6530754949787352,0.8458113311016601,0.0748679866099603,1.0
0.6428458944403547,0.8015810524668637,1.0,0.08727284134757318
0.6297894685946228,0.7943274825525682,0.9588654965105137,0.09504092323130009
0.6165871094419255,0.7869928385788475,0.914797135431539,0.10536992203115947
0.6034126156846914,0.7796736753803841,0.8678042052282304,0.1186947015215365
0.5904858203260389,0.772492122403355,0.817993697922684,0.13547006513274895
0.5780734921553541,0.7655963845307523,0.7655963845307523,0.15614698431070828
0.5664852542268207,0.7591584745704559,0.7109901694845471,0.1811388135395502
0.5560627386997089,0.753368188166505,0.6547154634331069,0.21077820213281573
0.5471608551160352,0.7484226972866862,0.597476315658698,0.2452680918600586
0.5401214827231636,0.7445119348462019,0.5401214827231636,0.28463341756936567
0.53524199845511,0.7418011102528389,0.4836022205056778,0.3286828866573811
0.5327432815139514,0.7404129341744174,0.42890845518371845,0.376991042018602
0.5327432815139514,0.7404129341744174,0.376991042018602,0.42890845518371845
0.53524199845511,0.7418011102528389,0.3286828866573811,0.4836022205056778
0.5401214827231636,0.7445119348462019,0.28463341756936567,0.5401214827231636
0.5471608551160352,0.7484226972866862,0.2452680918600586,0.597476315658698
0.556062738699709,0.753368188166505,0.21077820213281595,0.6547154634331069
0.5664852542268208,0.759158474570456,0.18113881353955041,0.7109901694845472
0.5780734921553541,0.7655963845307523,0.15614698431070828,0.7655963845307523
0.5904858203260389,0.772492122403355,0.13547006513274895,0.817993697922684
0.6034126156846914,0.7796736753803841,0.1186947015215365,0.8678042052282304
0.6165871094419255,0.7869928385788475,0.10536992203115969,0.914797135431539
0.6297894685946228,0.7943274825525682,0.09504092323130009,0.9588654965105137
0.6428458944403547,0.8015810524668637,0.08727284134757318,1.0
0.632882342598398,0.7552548950655987,1.0,0.10260128190719542
0.6193405590059677,0.7462270393373118,0.9577045065562186,0.1117946376805915
0.6057028410955089,0.737135227397006,0.9123784091323353,0.123784091323353
0.5921710710135006,0.7281140473423338,0.8640570236711669,0.13902781658405694
0.5789977572475109,0.7193318381650072,0.8128878921100048,0.1579955144950217
0.5664852542268207,0.7109901694845471,0.7591584745704559,0.1811388135395502
0.5549786412092661,0.7033190941395107,0.7033190941395107,0.20885091770536202
0.5448504363182437,0.6965669575454958,0.6459947838030784,0.2414173938637395
0.5364764176378557,0.6909842784252371,0.5879790379003162,0.2789633163255534
0.5302038241253075,0.6868025494168717,0.5302038241253075,0.3214055237365553
0.5263157894736842,0.6842105263157894,0.4736842105263157,0.36842105263157887
0.5249981674276664,0.6833321116184443,0.41944220463381443,0.41944220463381443
0.5263157894736842,0.6842105263157894,0.36842105263157887,0.4736842105263157
0.5302038241253075,0.6868025494168717,0.3214055237365553,0.5302038241253075
0.5364764176378557,0.6909842784252371,0.2789633163255534,0.5879790379003162
0.5448504363182437,0.6965669575454958,0.2414173938637395,0.6459947838030784
0.5549786412092661,0.7033190941395107,0.20885091770536202,0.7033190941395107
0.5664852542268207,0.7109901694845471,0.1811388135395502,0.7591584745704559
0.5789977572475109,0.7193318381650072,0.1579955144950217,0.8128878921100048
0.5921710710135006,0.7281140473423338,0.13902781658405694,0.8640570236711669
0.6057028410955089,0.737135227397006,0.123784091323353,0.9123784091323353
0.6193405590059677,0.7462270393373118,0.1117946376805915,0.9577045065562186
0.632882342598398,0.7552548950655987,0.10260128190719542,1.0
0.6233617222131815,0.707059117276919,1.0,0.12117735183075684
0.6094332670575284,0.6962258743780776,0.9566036963397254,0.13207392679450758
0.5954800825220546,0.6853733975171536,0.910106685004901,0.14601350754655995
0.5817345288938442,0.6746824113618788,0.8605781762979481,0.1634690577876885
0.5684830286631544,0.6643756889602311,0.8082146794058463,0.18491238747484706
0.5560627386997089,0.6547154634331069,0.753368188166505,0.21077820213281573
0.5448504363182437,0.6459947838030784,0.6965669575454958,0.2414173938637395
0.53524199845511,0.6385215543539744,0.6385215543539744,0.2770431087079489
0.5276225070266698,0.6325952832429654,0.5801088951348177,0.31767695459407863
0.5223295968091523,0.6284785752960074,0.5223295968091523,0.36310612907886974
0.5196155385847386,0.6263676411214634,0.4662394873163762,0.4128634360480139
0.5196155385847386,0.6263676411214634,0.4128634360480139,0.4662394873163762
0.5223295968091523,0.6284785752960074,0.36310612907886974,0.5223295968091523
0.5276225070266698,0.6325952832429654,0.31767695459407863,0.5801088951348177
0.53524199845511,0.6385215543539744,0.2770431087079489,0.6385215543539744
0.5448504363182437,0.6459947838030784,0.2414173938637395,0.6965669575454958
0.556062738699709,0.6547154634331069,0.21077820213281595,0.753368188166505
0.5684830286631544,0.6643756889602311,0.18491238747484706,0.8082146794058463
0.5817345288938442,0.6746824113618788,0.1634690577876885,0.8605781762979481
0.5954800825220548,0.6853733975171536,0.14601350754656006,0.9101066850049011
0.6094332670575284,0.6962258743780776,0.13207392679450758,0.9566036963397254
0.6233617222131815,0.707059117276919,0.12117735183075684,1.0
0.6144823568096927,0.6573176504975046,1.0,0.14329412624376137
0.6002959674841053,0.6447075266525379,0.9555884408315672,0.15618037579977773
0.5861795591154675,0.6321596081026377,0.9080399020256594,0.17235911823093486
0.5723970956689781,0.6199085294835361,0.857465698556326,0.19230562515251426
0.5592681038130474,0.6082383145004866,0.8041191572502433,0.2164766290009732
0.5471608551160352,0.597476315658698,0.7484226972866862,0.2452680918600586
0.5364764176378557,0.5879790379003162,0.6909842784252371,0.2789633163255534
0.5276225070266698,0.5801088951348177,0.6325952832429654,0.31767695459407863
0.5209783341288854,0.5742029636701204,0.5742029636701204,0.3613044455051806
0.516854685614483,0.5705374983239848,0.516854685614483,0.40948906019547926
0.515456288147651,0.5692944783534676,0.4616180979418345,0.4616180979418345
0.516854685614483,0.5705374983239848,0.40948906019547926,0.516854685614483
0.5209783341288854,0.5742029636701204,0.3613044455051806,0.5742029636701204
0.5276225070266698,0.5801088951348177,0.31767695459407863,0.6325952832429654
0.5364764176378557,0.5879790379003162,0.2789633163255534,0.6909842784252371
0.5471608551160352,0.597476315658698,0.2452680918600586,0.7484226972866862
0.5592681038130474,0.6082383145004866,0.2164766290009732,0.8041191572502433
0.5723970956689781,0.6199085294835361,0.19230562515251426,0.857465698556326
0.5861795591154675,0.6321596081026377,0.17235911823093486,0.9080399020256594
0.6002959674841053,0.6447075266525379,0.15618037579977773,0.9555884408315672
0.6144823568096927,0.6573176504975046,0.14329412624376137,1.0
0.6064574774980365,0.6064574774980365,1.0,0.16918800805141054
0.5921710710135006,0.5921710710135006,0.9546856745570557,0.18434214202700117
0.5780734921553541,0.5780734921553541,0.9062385538123009,0.20302770740455778
0.5644594733537556,0.5644594733537556,0.8548198244512518,0.22570573040667652
0.5516780667519539,0.5516780667519539,0.8007458074453129,0.25279677791992317
0.5401214827231636,0.5401214827231636,0.7445119348462019,0.28463341756936567
0.5302038241253075,0.5302038241253075,0.6868025494168717,0.3214055237365553
0.5223295968091523,0.5223295968091523,0.6284785752960074,0.36310612907886974
0.516854685614483,0.516854685614483,0.5705374983239848,0.40948906019547926
0.514045677559565,0.514045677559565,0.514045677559565,0.46005075284396113
0.514045677559565,0.514045677559565,0.46005075284396113,0.514045677559565
0.516854685614483,0.516854685614483,0.40948906019547926,0.5705374983239848
0.5223295968091523,0.5223295968091523,0.36310612907886974,0.6284785752960074
0.5302038241253075,0.5302038241253075,0.3214055237365553,0.6868025494168717
0.5401214827231636,0.5401214827231636,0.28463341756936567,0.7445119348462019
0.5516780667519539,0.5516780667519539,0.25279677791992317,0.8007458074453129
0.5644594733537553,0.5644594733537553,0.2257057304066763,0.8548198244512518
0.5780734921553541,0.5780734921553541,0.20302770740455778,0.9062385538123009
0.5921710710135006,0.5921710710135006,0.18434214202700117,0.9546856745570557
0.6064574774980365,0.6064574774980365,0.16918800805141054,1.0
0.5995052564590136,0.5550058405100151,1.0,0.1990105129180273
0.5853018901743177,0.5392243224159086,0.9539224322415909,0.21668134810704454
0.5714285714285714,0.5238095238095238,0.9047619047619048,0.23809523809523814
0.5582073756935656,0.5091193063261841,0.8527357918978552,0.263678959489276
0.5460100549252136,0.4955667276946817,0.7982266910778727,0.2937934187725544
0.53524199845511,0.4836022205056778,0.7418011102528389,0.3286828866573811
0.5263157894736842,0.4736842105263157,0.6842105263157894,0.36842105263157887
0.5196155385847386,0.4662394873163762,0.6263676411214634,0.4128634360480139
0.515456288147651,0.4616180979418345,0.5692944783534676,0.4616180979418345
0.514045677559565,0.460050752843961,0.514045677559565,0.514045677559565
0.515456288147651,0.4616180979418345,0.4616180979418345,0.5692944783534676
0.5196155385847386,0.4662394873163762,0.4128634360480139,0.6263676411214634
0.5263157894736842,0.4736842105263157,0.36842105263157887,0.6842105263157894
0.53524199845511,0.4836022205056778,0.3286828866573811,0.7418011102528389
0.5460100549252136,0.4955667276946817,0.2937934187725544,0.7982266910778727
0.5582073756935656,0.5091193063261841,0.263678959489276,0.8527357918978552
0.5714285714285714,0.5238095238095238,0.23809523809523814,0.9047619047619048
0.5853018901743177,0.5392243224159086,0.21668134810704454,0.9539224322415909
0.5995052564590136,0.5550058405100151,0.1990105129180273,1.0
0.5938356858341283,0.5035769493528235,1.0,0.23280073990890893
0.5799159747915972,0.4865639691897298,0.9533239971990664,0.25318395518506154
0.5664852542268207,0.4701486440550031,0.9036633898281824,0.2774754237113679
0.5538865626130512,0.45475024319372925,0.8512955208710171,0.3060457640647464
0.5425042890021861,0.44083857544711624,0.7966685728898605,0.33917286189204654
0.5327432815139514,0.42890845518371845,0.7404129341744174,0.376991042018602
0.5249981674276664,0.41944220463381443,0.6833321116184443,0.41944220463381443
0.5196155385847386,0.4128634360480139,0.6263676411214634,0.4662394873163762
0.516854685614483,0.40948906019547926,0.5705374983239848,0.516854685614483
0.516854685614483,0.40948906019547926,0.516854685614483,0.5705374983239848
0.5196155385847386,0.4128634360480139,0.4662394873163762,0.6263676411214634
0.5249981674276665,0.41944220463381454,0.41944220463381454,0.6833321116184443
0.5327432815139514,0.42890845518371834,0.3769910420186019,0.7404129341744174
0.5425042890021861,0.44083857544711624,0.33917286189204654,0.7966685728898605
0.5538865626130512,0.45475024319372925,0.3060457640647464,0.8512955208710171
0.5664852542268207,0.4701486440550031,0.2774754237113679,0.9036633898281824
0.579915974791597,0.48656396918972966,0.2531839551850613,0.9533239971990664
0.5938356858341283,0.5035769493528235,0.23280073990890893,1.0
0.5896353226712021,0.4528470968949362,1.0,0.27046279585991495
0.57620655158679,0.4349420687823866,0.9529118390651989,0.2936775859779833
0.5634358749346007,0.41791449991280083,0.9029857499854668,0.3209002498982676
0.5516780667519539,0.4022374223359385,0.8505593555839847,0.35242387419726673
0.5413175277061371,0.3884233702748493,0.7961411234249498,0.3884233702748493
0.5327432815139514,0.376991042018602,0.7404129341744174,0.42890845518371845
0.5263157894736842,0.36842105263157887,0.6842105263157894,0.4736842105263157
0.5223295968091523,0.36310612907886974,0.6284785752960074,0.5223295968091523
0.5209783341288854,0.3613044455051806,0.5742029636701204,0.5742029636701204
0.5223295968091523,0.36310612907886974,0.5223295968091523,0.6284785752960074
0.5263157894736842,0.36842105263157887,0.4736842105263157,0.6842105263157894
0.5327432815139514,0.3769910420186019,0.42890845518371834,0.7404129341744174
0.5413175277061371,0.3884233702748493,0.3884233702748493,0.7961411234249498
0.5516780667519539,0.4022374223359385,0.35242387419726673,0.8505593555839847
0.5634358749346007,0.41791449991280083,0.3209002498982676,0.9029857499854668
0.57620655158679,0.4349420687823866,0.2936775859779833,0.9529118390651989
0.5896353226712021,0.4528470968949362,0.27046279585991495,1.0
0.5870516790329887,0.40351909193653934,1.0,0.3117527983883146
0.574314607143638,0.3851210992074773,0.9527016230159597,0.337822722223437
0.5624050255063164,0.3679183701757903,0.902756672334737,0.3679183701757903
0.5516780667519539,0.35242387419726673,0.8505593555839847,0.4022374223359385
0.5425042890021861,0.33917286189204654,0.7966685728898605,0.44083857544711624
0.53524199845511,0.3286828866573811,0.7418011102528389,0.4836022205056778
0.5302038241253075,0.3214055237365553,0.6868025494168717,0.5302038241253075
0.5276225070266698,0.31767695459407863,0.6325952832429654,0.5801088951348177
0.5276225070266698,0.31767695459407863,0.5801088951348177,0.6325952832429654
0.5302038241253075,0.3214055237365553,0.5302038241253075,0.6868025494168717
0.53524199845511,0.3286828866573811,0.4836022205056778,0.7418011102528389
0.5425042890021861,0.33917286189204654,0.44083857544711624,0.7966685728898605
0.5516780667519539,0.35242387419726673,0.4022374223359385,0.8505593555839847
0.5624050255063164,0.3679183701757903,0.3679183701757903,0.902756672334737
0.574314607143638,0.3851210992074773,0.337822722223437,0.9527016230159597
0.5870516790329887,0.40351909193653934,0.3117527983883146,1.0
0.5861795591154675,0.356279314179616,1.0,0.356279314179616
0.574314607143638,0.337822722223437,0.9527016230159597,0.3851210992074773
0.5634358749346007,0.3209002498982676,0.9029857499854668,0.41791449991280083
0.5538865626130512,0.3060457640647464,0.8512955208710171,0.45475024319372925
0.5460100549252136,0.2937934187725544,0.7982266910778727,0.4955667276946817
0.5401214827231636,0.28463341756936567,0.7445119348462019,0.5401214827231636
0.5364764176378557,0.2789633163255534,0.6909842784252371,0.5879790379003162
0.53524199845511,0.2770431087079489,0.6385215543539744,0.6385215543539744
0.5364764176378557,0.2789633163255534,0.5879790379003162,0.6909842784252371
0.5401214827231636,0.28463341756936567,0.5401214827231636,0.7445119348462019
0.5460100549252136,0.2937934187725544,0.4955667276946817,0.7982266910778727
0.5538865626130512,0.3060457640647464,0.45475024319372925,0.8512955208710171
0.5634358749346007,0.3209002498982676,0.41791449991280083,0.9029857499854668
0.574314607143638,0.337822722223437,0.3851210992074773,0.9527016230159597
0.5861795591154675,0.356279314179616,0.356279314179616,1.0
0.5870516790329889,0.3117527983883147,1.0,0.40351909193653945
0.57620655158679,0.2936775859779833,0.9529118390651989,0.4349420687823866
0.5664852542268208,0.277475423711368,0.9036633898281824,0.47014864405500323
0.5582073756935656,0.263678959489276,0.8527357918978552,0.5091193063261841
0.5516780667519539,0.25279677791992317,0.8007458074453129,0.5516780667519539
0.5471608551160352,0.2452680918600586,0.7484226972866862,0.597476315658698
0.5448504363182437,0.2414173938637395,0.6965669575454958,0.6459947838030784
0.5448504363182438,0.24141739386373973,0.6459947838030785,0.6965669575454958
0.5471608551160352,0.2452680918600586,0.597476315658698,0.7484226972866862
0.5516780667519539,0.25279677791992317,0.5516780667519539,0.8007458074453129
0.5582073756935656,0.263678959489276,0.5091193063261841,0.8527357918978552
0.5664852542268208,0.277475423711368,0.47014864405500323,0.9036633898281824
0.57620655158679,0.2936775859779833,0.4349420687823866,0.9529118390651989
0.5870516790329889,0.3117527983883147,0.40351909193653945,1.0
0.5896353226712021,0.27046279585991484,1.0,0.4528470968949361
0.579915974791597,0.2531839551850613,0.9533239971990664,0.48656396918972966
0.5714285714285714,0.23809523809523814,0.9047619047619048,0.5238095238095238
0.5644594733537553,0.2257057304066763,0.8548198244512518,0.5644594733537553
0.5592681038130474,0.2164766290009732,0.8041191572502433,0.6082383145004866
0.5560627386997089,0.21077820213281573,0.753368188166505,0.6547154634331069
0.5549786412092661,0.20885091770536202,0.7033190941395107,0.7033190941395107
0.556062738699709,0.21077820213281595,0.6547154634331069,0.753368188166505
0.5592681038130474,0.2164766290009731,0.6082383145004866,0.8041191572502433
0.5644594733537553,0.2257057304066763,0.5644594733537553,0.8548198244512518
0.5714285714285714,0.23809523809523814,0.5238095238095238,0.9047619047619048
0.579915974791597,0.2531839551850613,0.48656396918972966,0.9533239971990664
0.5896353226712021,0.27046279585991484,0.4528470968949361,1.0
0.5938356858341283,0.23280073990890893,1.0,0.5035769493528235
0.5853018901743177,0.21668134810704454,0.9539224322415909,0.5392243224159086
0.5780734921553541,0.20302770740455778,0.9062385538123009,0.5780734921553541
0.5723970956689781,0.19230562515251426,0.857465698556326,0.6199085294835361
0.5684830286631544,0.18491238747484706,0.8082146794058463,0.6643756889602311
0.5664852542268208,0.18113881353955041,0.759158474570456,0.7109901694845472
0.5664852542268207,0.1811388135395502,0.7109901694845471,0.7591584745704559
0.5684830286631541,0.18491238747484684,0.664375688960231,0.8082146794058463
0.5723970956689781,0.19230562515251426,0.6199085294835361,0.857465698556326
0.5780734921553541,0.20302770740455778,0.5780734921553541,0.9062385538123009
0.5853018901743177,0.21668134810704454,0.5392243224159086,0.9539224322415909
0.5938356858341283,0.23280073990890893,0.5035769493528235,1.0
0.5995052564590136,0.1990105129180273,1.0,0.5550058405100151
0.5921710710135006,0.18434214202700117,0.9546856745570557,0.5921710710135006
0.5861795591154675,0.17235911823093486,0.9080399020256594,0.6321596081026377
0.5817345288938441,0.16346905778768828,0.8605781762979481,0.6746824113618788
0.5789977572475109,0.1579955144950217,0.8128878921100048,0.7193318381650072
0.5780734921553541,0.15614698431070828,0.7655963845307523,0.7655963845307523
0.5789977572475109,0.1579955144950217,0.7193318381650072,0.8128878921100048
0.5817345288938441,0.16346905778768828,0.6746824113618788,0.8605781762979481
0.5861795591154675,0.17235911823093486,0.6321596081026377,0.9080399020256594
0.5921710710135006,0.18434214202700117,0.5921710710135006,0.9546856745570557
0.5995052564590136,0.1990105129180273,0.5550058405100151,1.0
0.6064574774980365,0.16918800805141054,1.0,0.6064574774980365
0.6002959674841053,0.15618037579977773,0.9555884408315672,0.6447075266525379
0.5954800825220546,0.14601350754655995,0.910106685004901,0.6853733975171536
0.5921710710135006,0.13902781658405694,0.8640570236711669,0.7281140473423338
0.5904858203260388,0.13547006513274873,0.817993697922684,0.772492122403355
0.5904858203260389,0.13547006513274895,0.772492122403355,0.817993697922684
0.5921710710135006,0.13902781658405694,0.7281140473423338,0.8640570236711669
0.5954800825220546,0.14601350754655995,0.6853733975171536,0.910106685004901
0.6002959674841053,0.15618037579977773,0.6447075266525379,0.9555884408315672
0.6064574774980365,0.16918800805141054,0.6064574774980365,1.0
0.6144823568096925,0.14329412624376126,1.0,0.6573176504975045
0.6094332670575284,0.13207392679450758,0.9566036963397254,0.6962258743780776
0.6057028410955089,0.123784091323353,0.9123784091323353,0.737135227397006
0.6034126156846914,0.1186947015215365,0.8678042052282304,0.7796736753803841
0.6026402928804868,0.1169784286233041,0.8233956857246608,0.8233956857246608
0.6034126156846914,0.1186947015215365,0.7796736753803841,0.8678042052282304
0.6057028410955089,0.123784091323353,0.737135227397006,0.9123784091323353
0.6094332670575284,0.13207392679450758,0.6962258743780776,0.9566036963397254
0.6144823568096925,0.14329412624376126,0.6573176504975045,1.0
0.6233617222131815,0.12117735183075684,1.0,0.707059117276919
0.6193405590059677,0.1117946376805915,0.9577045065562186,0.7462270393373118
0.6165871094419255,0.10536992203115947,0.914797135431539,0.7869928385788475
0.6151877876718885,0.10210483790107316,0.8717292625572961,0.8289723500763948
0.6151877876718885,0.10210483790107316,0.8289723500763948,0.8717292625572961
0.6165871094419255,0.10536992203115947,0.7869928385788475,0.914797135431539
0.6193405590059677,0.1117946376805915,0.7462270393373118,0.9577045065562186
0.6233617222131815,0.12117735183075684,0.707059117276919,1.0
0.632882342598398,0.10260128190719542,1.0,0.7552548950655987
0.6297894685946228,0.09504092323130009,0.9588654965105137,0.7943274825525682
0.6278957962323746,0.09041194634580474,0.9173101769405277,0.8346203538810554
0.627258085046838,0.08885309678115949,0.8757526950156127,0.8757526950156127
0.6278957962323746,0.09041194634580474,0.8346203538810554,0.9173101769405277
0.6297894685946228,0.09504092323130009,0.7943274825525682,0.9588654965105137
0.632882342598398,0.10260128190719542,0.7552548950655987,1.0
0.6428458944403547,0.08727284134757318,1.0,0.8015810524668637
0.6405746212761076,0.08146847659449741,0.9600638468084564,0.8402553872338256
0.6394226139032482,0.07852445775274552,0.9198716919784996,0.8798075379677495
0.6394226139032482,0.07852445775274552,0.8798075379677495,0.9198716919784996
0.6405746212761076,0.08146847659449741,0.8402553872338256,0.9600638468084564
0.6428458944403547,0.08727284134757318,0.8015810524668637,1.0
0.6530754949787352,0.0748679866099603,1.0,0.8458113311016601
0.6515186083019351,0.07071628880516034,0.9612798453668817,0.883839536100645
0.6509949695517334,0.0693199188046224,0.9224433265670519,0.9224433265670519
0.6515186083019351,0.07071628880516034,0.883839536100645,0.9612798453668817
0.6530754949787352,0.0748679866099603,0.8458113311016601,1.0
0.6634190835969553,0.06505300999154284,1.0,0.8878063611989852
0.6624736297221928,0.06242674922831348,0.9624970699691325,0.9249941399382651
0.6624736297221928,0.06242674922831348,0.9249941399382651,0.9624970699691325
0.6634190835969553,0.06505300999154284,0.8878063611989852,1.0
0.6737502548825138,0.05750073632726216,1.0,0.9275000566405587
0.6733206961117175,0.05625978876718396,0.9637022995679686,0.9637022995679686
0.6737502548825138,0.05750073632726216,0.9275000566405587,1.0
0.6839672557507194,0.051901767252158226,1.0,0.9648852506389688
0.6839672557507194,0.051901767252158226,0.9648852506389688,1.0
0.6939908195868794,0.04797143871473575,1.0,1.0
0.652685644176406,1.0,1.0,0.06225123927629639
0.6412519983329124,1.0,0.9641251998332913,0.06725519566557214
0.6296296296296295,1.0,0.9259259259259259,0.07407407407407407
0.617919640049565,1.0,0.8853758920148695,0.08300713611895594
0.6062503845209211,1.0,0.8425001538083684,0.09437588439811861
0.5947795507634461,1.0,0.7973897753817231,0.10851501167958133
0.5836945528781867,1.0,0.750216731726912,0.12575856104419214
0.5732104002236801,1.0,0.7012472801565761,0.14642080044736017
0.5635642195280152,1.0,0.6508513756224121,0.17077201710322887
0.5550058405100151,1.0,0.5995052564590136,0.1990105129180273
0.5477843683538655,1.0,0.5477843683538655,0.23123342620157128
0.54213145350437,1.0,0.49634459885480686,0.26741032560699185
0.5382429034603898,1.0,0.4458914841524678,0.3073643551905848
0.5362611042398318,1.0,0.3971394355117813,0.3507655459357645
0.5362611042398318,1.0,0.3507655459357645,0.3971394355117813
0.5382429034603898,1.0,0.3073643551905848,0.4458914841524678
0.54213145350437,1.0,0.26741032560699185,0.49634459885480686
0.5477843683538655,1.0,0.23123342620157128,0.5477843683538655
0.5550058405100151,1.0,0.1990105129180273,0.5995052564590136
0.5635642195280152,1.0,0.17077201710322887,0.6508513756224121
0.5732104002236801,1.0,0.14642080044736017,0.7012472801565761
0.5836945528781867,1.0,0.12575856104419214,0.750216731726912
0.5947795507634461,1.0,0.10851501167958133,0.7973897753817231
0.6062503845209211,1.0,0.09437588439811861,0.8425001538083684
0.617919640049565,1.0,0.08300713611895594,0.8853758920148695
0.6296296296296295,1.0,0.07407407407407407,0.9259259259259259
0.6412519983329124,1.0,0.06725519566557214,0.9641251998332913
0.652685644176406,1.0,0.06225123927629639,1.0
0.6412519983329124,0.9641251998332913,1.0,0.06725519566557214
0.629120529223858,0.9629120529223858,0.9629120529223858,0.07280132305964482
0.6167991673803264,0.9616799167380327,0.9233598334760653,0.08031800171278325
0.6044061139353822,0.9604406113935382,0.8813218341806146,0.0901340620513792
0.5920914917759978,0.9592091491775998,0.8368365967103992,0.10260128190719542
0.5800394744341919,0.9580039474434192,0.790019737217096,0.11808289631180324
0.5684681479978969,0.9568468147997897,0.7410808887987381,0.13693629599579382
0.5576260447961912,0.9557626044796191,0.6903382313573339,0.15948948511276329
0.5477843683538655,0.9547784368353865,0.6382274946830924,0.18601186303695783
0.5392243224159086,0.9539224322415909,0.5853018901743177,0.21668134810704454
0.532219730275012,0.9532219730275012,0.532219730275012,0.25155156844001925
0.5270162301595979,0.9527016230159597,0.4797178531755577,0.29052434523939685
0.5238095238095238,0.9523809523809523,0.4285714285714286,0.33333333333333337
0.5227260400966522,0.9522726040096652,0.379543852125648,0.379543852125648
0.5238095238095238,0.9523809523809523,0.33333333333333337,0.4285714285714286
0.5270162301595979,0.9527016230159597,0.29052434523939685,0.4797178531755577
0.532219730275012,0.9532219730275012,0.25155156844001925,0.532219730275012
0.5392243224159086,0.9539224322415909,0.21668134810704454,0.5853018901743177
0.5477843683538655,0.9547784368353865,0.18601186303695783,0.6382274946830924
0.5576260447961912,0.9557626044796191,0.15948948511276329,0.6903382313573339
0.5684681479978969,0.9568468147997897,0.13693629599579382,0.7410808887987381
0.5800394744341919,0.9580039474434192,0.11808289631180324,0.790019737217096
0.5920914917759978,0.9592091491775998,0.10260128190719542,0.8368365967103992
0.6044061139353821,0.9604406113935382,0.09013406205137908,0.8813218341806146
0.6167991673803264,0.9616799167380327,0.08031800171278325,0.9233598334760653
0.629120529223858,0.9629120529223858,0.07280132305964482,0.9629120529223858
0.6412519983329124,0.9641251998332913,0.06725519566557214,1.0
0.6296296296296295,0.9259259259259259,1.0,0.07407407407407407
0.6167991673803264,0.9233598334760653,0.9616799167380327,0.08031800171278325
0.6037855741248364,0.9207571148249672,0.9207571148249672,0.08870682048712353
0.590727245464971,0.9181454490929942,0.8772181736394913,0.09959994002293615
0.5777996690792508,0.9155599338158502,0.8311198676317004,0.11337930506642702
0.5652173913043478,0.9130434782608695,0.7826086956521738,0.13043478260869557
0.5532329483912297,0.910646589678246,0.7319397690347378,0.1511426019433364
0.54213145350437,0.908426290700874,0.679492017453059,0.17583661630786585
0.532219730275012,0.9064439460550024,0.6257757842200096,0.20477354146752047
0.5238095238095238,0.9047619047619048,0.5714285714285714,0.23809523809523814
0.5171954504147325,0.9034390900829465,0.5171954504147325,0.2757931756220986
0.5126298211714206,0.9025259642342841,0.46389280328856275,0.31768174963998896
0.5102978931256082,0.9020595786251216,0.4123574717507299,0.3633872610632908
0.5102978931256082,0.9020595786251216,0.3633872610632908,0.4123574717507299
0.5126298211714206,0.9025259642342841,0.31768174963998896,0.46389280328856275
0.5171954504147325,0.9034390900829465,0.2757931756220986,0.5171954504147325
0.5238095238095238,0.9047619047619048,0.23809523809523814,0.5714285714285714
0.532219730275012,0.9064439460550024,0.20477354146752047,0.6257757842200096
0.54213145350437,0.908426290700874,0.17583661630786585,0.679492017453059
0.5532329483912297,0.910646589678246,0.15114260194333662,0.7319397690347378
0.5652173913043479,0.9130434782608696,0.13043478260869568,0.782608695652174
0.5777996690792508,0.9155599338158502,0.11337930506642702,0.8311198676317004
0.590727245464971,0.9181454490929942,0.09959994002293615,0.8772181736394913
0.6037855741248364,0.9207571148249672,0.08870682048712353,0.9207571148249672
0.6167991673803264,0.9233598334760653,0.08031800171278325,0.9616799167380327
0.6296296296296295,0.9259259259259259,0.07407407407407407,1.0
0.617919640049565,0.8853758920148695,1.0,0.08300713611895594
0.6044061139353822,0.8813218341806146,0.9604406113935382,0.0901340620513792
0.590727245464971,0.8772181736394913,0.9181454490929942,0.09959994002293615
0.5770450655621864,0.8731135196686559,0.8731135196686559,0.1117946376805915
0.5635642195280153,0.8690692658584046,0.8254256878112061,0.12712843905603055
0.5505334250245053,0.8651600275073515,0.7752667125122527,0.14601350754656006
0.5382429034603898,0.861472871038117,0.722945742076234,0.16883722622870168
0.5270162301595979,0.8581048690478794,0.6689113611117186,0.19592759127131643
0.5171954504147325,0.8551586351244197,0.6137563603317859,0.22751272066357187
0.5091193063261841,0.8527357918978552,0.5582073756935656,0.263678959489276
0.5030960050000468,0.850928801500014,0.5030960050000468,0.3043344070000654
0.4993738256782412,0.8498121477034724,0.4493112082460653,0.34918597338171353
0.4981143867715043,0.8494343160314513,0.39773726412580523,0.39773726412580523
0.4993738256782412,0.8498121477034724,0.34918597338171353,0.4493112082460653
0.5030960050000468,0.850928801500014,0.3043344070000654,0.5030960050000468
0.5091193063261841,0.8527357918978552,0.263678959489276,0.5582073756935656
0.5171954504147325,0.8551586351244197,0.22751272066357187,0.6137563603317859
0.5270162301595979,0.8581048690478794,0.19592759127131643,0.6689113611117186
0.5382429034603898,0.861472871038117,0.16883722622870168,0.722945742076234
0.5505334250245052,0.8651600275073515,0.14601350754655995,0.7752667125122525
0.5635642195280153,0.8690692658584046,0.12712843905603055,0.8254256878112061
0.5770450655621864,0.8731135196686559,0.1117946376805915,0.8731135196686559
0.590727245464971,0.8772181736394913,0.09959994002293615,0.9181454490929942
0.6044061139353821,0.8813218341806146,0.09013406205137908,0.9604406113935382
0.617919640049565,0.8853758920148695,0.08300713611895594,1.0
0.6062503845209211,0.8425001538083684,1.0,0.09437588439811861
0.5920914917759978,0.8368365967103992,0.9592091491775998,0.10260128190719542
0.5777996690792508,0.8311198676317004,0.9155599338158502,0.11337930506642702
0.5635642195280153,0.8254256878112061,0.8690692658584046,0.12712843905603055
0.549622650888955,0.819849060355582,0.819849060355582,0.14428303668901454
0.5362611042398318,0.8145044416959327,0.7681305521199159,0.1652699876316972
0.5238095238095238,0.8095238095238095,0.7142857142857143,0.19047619047619058
0.5126298211714206,0.8050519284685682,0.6588408748199945,0.22020771387427307
0.5030960050000468,0.8012384020000187,0.6024768040000374,0.2546440075000701
0.4955667276946817,0.7982266910778727,0.5460100549252136,0.2937934187725544
0.4903528085623745,0.7961411234249498,0.4903528085623745,0.33745865113108675
0.4876844804214401,0.795073792168576,0.4364529284635841,0.3852213765057281
0.4876844804214401,0.795073792168576,0.3852213765057281,0.4364529284635841
0.4903528085623745,0.7961411234249498,0.33745865113108675,0.4903528085623745
0.4955667276946817,0.7982266910778727,0.2937934187725544,0.5460100549252136
0.5030960050000468,0.8012384020000187,0.2546440075000701,0.6024768040000374
0.5126298211714206,0.8050519284685682,0.22020771387427307,0.6588408748199945
0.5238095238095238,0.8095238095238095,0.19047619047619058,0.7142857142857143
0.5362611042398318,0.8145044416959327,0.1652699876316972,0.7681305521199159
0.549622650888955,0.819849060355582,0.14428303668901454,0.819849060355582
0.5635642195280153,0.8254256878112061,0.12712843905603055,0.8690692658584046
0.5777996690792508,0.8311198676317004,0.11337930506642702,0.9155599338158502
0.5920914917759978,0.8368365967103992,0.10260128190719542,0.9592091491775998
0.6062503845209211,0.8425001538083684,0.09437588439811861,1.0
0.5947795507634461,0.7973897753817231,1.0,0.10851501167958133
0.5800394744341919,0.790019737217096,0.9580039474434192,0.11808289631180324
0.5652173913043478,0.7826086956521738,0.9130434782608695,0.13043478260869557
0.5505334250245053,0.7752667125122527,0.8651600275073515,0.14601350754656006
0.5362611042398318,0.7681305521199159,0.8145044416959327,0.1652699876316972
0.5227260400966522,0.7613630200483261,0.7613630200483261,0.18863426816430895
0.5102978931256082,0.7551489465628041,0.706178735875365,0.2164766290009732
0.4993738256782412,0.7496869128391206,0.6495616779747688,0.24906073851736166
0.4903528085623745,0.7451764042811873,0.5922822468498996,0.2864939319873242
0.4836022205056778,0.7418011102528389,0.53524199845511,0.3286828866573811
0.4794207937046465,0.7397103968523233,0.4794207937046465,0.3753049524455758
0.47800424902811944,0.7390021245140597,0.42580467393093135,0.42580467393093135
0.4794207937046465,0.7397103968523233,0.3753049524455758,0.4794207937046465
0.4836022205056778,0.7418011102528389,0.3286828866573811,0.53524199845511
0.4903528085623745,0.7451764042811873,0.2864939319873242,0.5922822468498996
0.4993738256782412,0.7496869128391206,0.24906073851736166,0.6495616779747688
0.5102978931256082,0.7551489465628041,0.2164766290009732,0.706178735875365
0.5227260400966522,0.7613630200483261,0.18863426816430895,0.7613630200483261
0.5362611042398316,0.7681305521199158,0.16526998763169698,0.8145044416959326
0.5505334250245052,0.7752667125122525,0.14601350754655995,0.8651600275073515
0.5652173913043479,0.782608695652174,0.13043478260869568,0.9130434782608696
0.5800394744341919,0.790019737217096,0.11808289631180324,0.9580039474434192
0.5947795507634461,0.7973897753817231,0.10851501167958133,1.0
0.5836945528781867,0.750216731726912,1.0,0.12575856104419214
0.5684681479978969,0.7410808887987381,0.9568468147997897,0.13693629599579382
0.5532329483912297,0.7319397690347378,0.910646589678246,0.1511426019433364
0.5382429034603898,0.722945742076234,0.861472871038117,0.16883722622870168
0.5238095238095238,0.7142857142857143,0.8095238095238095,0.19047619047619058
0.5102978931256082,0.706178735875365,0.7551489465628041,0.2164766290009732
0.4981143867715043,0.6988686320629026,0.6988686320629026,0.2471715801572566
0.4876844804214401,0.692610688252864,0.6413791362950081,0.28275827259001607
0.4794207937046465,0.6876524762227879,0.5835366349637172,0.3232470318160404
0.4736842105263157,0.6842105263157894,0.5263157894736842,0.36842105263157887
0.47074387597503686,0.6824463255850222,0.47074387597503686,0.4178182635725405
0.47074387597503686,0.6824463255850222,0.4178182635725405,0.47074387597503686
0.4736842105263157,0.6842105263157894,0.36842105263157887,0.5263157894736842
0.4794207937046465,0.6876524762227879,0.3232470318160404,0.5835366349637172
0.4876844804214401,0.692610688252864,0.28275827259001607,0.6413791362950081
0.4981143867715043,0.6988686320629026,0.2471715801572566,0.6988686320629026
0.5102978931256082,0.706178735875365,0.2164766290009732,0.7551489465628041
0.5238095238095238,0.7142857142857143,0.19047619047619058,0.8095238095238095
0.5382429034603898,0.722945742076234,0.16883722622870168,0.861472871038117
0.5532329483912297,0.7319397690347378,0.15114260194333662,0.910646589678246
0.5684681479978969,0.7410808887987381,0.13693629599579382,0.9568468147997897
0.5836945528781867,0.750216731726912,0.12575856104419214,1.0
0.5732104002236801,0.7012472801565761,1.0,0.14642080044736017
0.5576260447961912,0.6903382313573339,0.9557626044796191,0.15948948511276329
0.54213145350437,0.679492017453059,0.908426290700874,0.17583661630786585
0.5270162301595979,0.6689113611117186,0.8581048690478794,0.19592759127131643
0.5126298211714206,0.6588408748199945,0.8050519284685682,0.22020771387427307
0.4993738256782412,0.6495616779747688,0.7496869128391206,0.24906073851736166
0.4876844804214401,0.6413791362950081,0.692610688252864,0.28275827259001607
0.47800424902811944,0.6346029743196836,0.6346029743196836,0.3214055237365553
0.47074387597503686,0.6295207131825258,0.5765951007800294,0.3648926511700442
0.4662394873163762,0.6263676411214634,0.5196155385847386,0.4128634360480139
0.46471227242781077,0.6252985906994675,0.46471227242781077,0.46471227242781077
0.4662394873163762,0.6263676411214634,0.4128634360480139,0.5196155385847386
0.47074387597503686,0.6295207131825258,0.3648926511700442,0.5765951007800294
0.47800424902811944,0.6346029743196836,0.3214055237365553,0.6346029743196836
0.4876844804214401,0.6413791362950081,0.28275827259001607,0.692610688252864
0.4993738256782412,0.6495616779747688,0.24906073851736166,0.7496869128391206
0.5126298211714206,0.6588408748199943,0.22020771387427296,0.8050519284685682
0.5270162301595979,0.6689113611117186,0.19592759127131643,0.8581048690478794
0.54213145350437,0.679492017453059,0.17583661630786585,0.908426290700874
0.5576260447961912,0.6903382313573339,0.15948948511276329,0.9557626044796191
0.5732104002236801,0.7012472801565761,0.14642080044736017,1.0
0.5635642195280152,0.6508513756224121,1.0,0.17077201710322887
0.5477843683538655,0.6382274946830924,0.9547784368353865,0.18601186303695783
0.532219730275012,0.6257757842200096,0.9064439460550024,0.20477354146752047
0.5171954504147325,0.6137563603317859,0.8551586351244197,0.22751272066357187
0.5030960050000468,0.6024768040000374,0.8012384020000187,0.2546440075000701
0.4903528085623745,0.5922822468498996,0.7451764042811873,0.2864939319873242
0.4794207937046465,0.5835366349637172,0.6876524762227879,0.3232470318160404
0.47074387597503686,0.5765951007800294,0.6295207131825258,0.3648926511700442
0.46471227242781077,0.5717698179422486,0.5717698179422486,0.41118349967059187
0.4616180979418345,0.5692944783534676,0.515456288147651,0.4616180979418345
0.4616180979418345,0.5692944783534676,0.4616180979418345,0.515456288147651
0.46471227242781077,0.5717698179422486,0.41118349967059187,0.5717698179422486
0.47074387597503686,0.5765951007800294,0.3648926511700442,0.6295207131825258
0.4794207937046465,0.5835366349637172,0.3232470318160404,0.6876524762227879
0.4903528085623745,0.5922822468498996,0.2864939319873242,0.7451764042811873
0.5030960050000468,0.6024768040000374,0.2546440075000701,0.8012384020000187
0.5171954504147325,0.6137563603317859,0.22751272066357187,0.8551586351244197
0.532219730275012,0.6257757842200096,0.20477354146752047,0.9064439460550024
0.5477843683538653,0.6382274946830924,0.1860118630369576,0.9547784368353865
0.5635642195280152,0.6508513756224121,0.17077201710322887,1.0
0.5550058405100151,0.5995052564590136,1.0,0.1990105129180273
0.5392243224159086,0.5853018901743177,0.9539224322415909,0.21668134810704454
0.5238095238095238,0.5714285714285714,0.9047619047619048,0.23809523809523814
0.5091193063261841,0.5582073756935656,0.8527357918978552,0.263678959489276
0.4955667276946817,0.5460100549252136,0.7982266910778727,0.2937934187725544
0.4836022205056778,0.53524199845511,0.7418011102528389,0.3286828866573811
0.4736842105263157,0.5263157894736842,0.6842105263157894,0.36842105263157887
0.4662394873163762,0.5196155385847386,0.6263676411214634,0.4128634360480139
0.4616180979418345,0.515456288147651,0.5692944783534676,0.4616180979418345
0.460050752843961,0.514045677559565,0.514045677559565,0.514045677559565
0.4616180979418345,0.515456288147651,0.4616180979418345,0.5692944783534676
0.4662394873163762,0.5196155385847386,0.4128634360480139,0.6263676411214634
0.4736842105263157,0.5263157894736842,0.36842105263157887,0.6842105263157894
0.4836022205056778,0.53524199845511,0.3286828866573811,0.7418011102528389
0.4955667276946817,0.5460100549252136,0.2937934187725544,0.7982266910778727
0.5091193063261841,0.5582073756935656,0.263678959489276,0.8527357918978552
0.5238095238095238,0.5714285714285714,0.23809523809523814,0.9047619047619048
0.5392243224159086,0.5853018901743177,0.21668134810704454,0.9539224322415909
0.5550058405100151,0.5995052564590136,0.1990105129180273,1.0
0.5477843683538655,0.5477843683538655,1.0,0.23123342620157128
0.532219730275012,0.532219730275012,0.9532219730275012,0.25155156844001925
0.5171954504147325,0.5171954504147325,0.9034390900829465,0.2757931756220986
0.5030960050000468,0.5030960050000468,0.850928801500014,0.3043344070000654
0.4903528085623745,0.4903528085623745,0.7961411234249498,0.33745865113108675
0.4794207937046465,0.4794207937046465,0.7397103968523233,0.3753049524455758
0.47074387597503686,0.47074387597503686,0.6824463255850222,0.4178182635725405
0.46471227242781077,0.46471227242781077,0.6252985906994675,0.46471227242781077
0.4616180979418345,0.4616180979418345,0.5692944783534676,0.515456288147651
0.4616180979418345,0.4616180979418345,0.515456288147651,0.5692944783534676
0.46471227242781077,0.46471227242781077,0.46471227242781077,0.6252985906994675
0.470743875975037,0.470743875975037,0.4178182635725406,0.6824463255850222
0.4794207937046465,0.4794207937046465,0.3753049524455758,0.7397103968523233
0.4903528085623745,0.4903528085623745,0.33745865113108675,0.7961411234249498
0.5030960050000468,0.5030960050000468,0.3043344070000654,0.850928801500014
0.5171954504147325,0.5171954504147325,0.2757931756220986,0.9034390900829465
0.532219730275012,0.532219730275012,0.25155156844001925,0.9532219730275012
0.5477843683538655,0.5477843683538655,0.23123342620157128,1.0
0.54213145350437,0.49634459885480686,1.0,0.26741032560699185
0.5270162301595979,0.4797178531755577,0.9527016230159597,0.29052434523939685
0.5126298211714206,0.46389280328856275,0.9025259642342841,0.31768174963998896
0.4993738256782412,0.4493112082460653,0.8498121477034724,0.34918597338171353
0.4876844804214401,0.4364529284635841,0.795073792168576,0.3852213765057281
0.47800424902811944,0.42580467393093135,0.7390021245140597,0.42580467393093135
0.47074387597503686,0.4178182635725405,0.6824463255850222,0.47074387597503686
0.4662394873163762,0.4128634360480139,0.6263676411214634,0.5196155385847386
0.46471227242781077,0.41118349967059187,0.5717698179422486,0.5717698179422486
0.4662394873163762,0.4128634360480139,0.5196155385847386,0.6263676411214634
0.470743875975037,0.4178182635725406,0.470743875975037,0.6824463255850222
0.47800424902811955,0.42580467393093147,0.42580467393093147,0.7390021245140598
0.4876844804214401,0.4364529284635841,0.3852213765057281,0.795073792168576
0.4993738256782412,0.4493112082460653,0.34918597338171353,0.8498121477034724
0.5126298211714206,0.46389280328856275,0.31768174963998896,0.9025259642342841
0.5270162301595979,0.4797178531755577,0.29052434523939685,0.9527016230159597
0.54213145350437,0.49634459885480686,0.26741032560699185,1.0
0.5382429034603898,0.4458914841524678,1.0,0.3073643551905848
0.5238095238095237,0.4285714285714285,0.9523809523809523,0.33333333333333326
0.5102978931256082,0.4123574717507299,0.9020595786251216,0.3633872610632908
0.4981143867715043,0.39773726412580523,0.8494343160314513,0.39773726412580523
0.4876844804214401,0.3852213765057281,0.795073792168576,0.4364529284635841
0.4794207937046465,0.3753049524455758,0.7397103968523233,0.4794207937046465
0.4736842105263157,0.36842105263157887,0.6842105263157894,0.5263157894736842
0.47074387597503686,0.3648926511700442,0.6295207131825258,0.5765951007800294
0.47074387597503686,0.3648926511700442,0.5765951007800294,0.6295207131825258
0.4736842105263157,0.36842105263157887,0.5263157894736842,0.6842105263157894
0.4794207937046465,0.3753049524455758,0.4794207937046465,0.7397103968523233
0.4876844804214401,0.3852213765057281,0.4364529284635841,0.795073792168576
0.4981143867715043,0.39773726412580523,0.39773726412580523,0.8494343160314513
0.5102978931256082,0.4123574717507299,0.3633872610632908,0.9020595786251216
0.5238095238095237,0.4285714285714285,0.33333333333333326,0.9523809523809523
0.5382429034603898,0.4458914841524678,0.3073643551905848,1.0
0.5362611042398318,0.3971394355117813,1.0,0.3507655459357645
0.5227260400966522,0.379543852125648,0.9522726040096652,0.379543852125648
0.5102978931256082,0.3633872610632908,0.9020595786251216,0.4123574717507299
0.4993738256782412,0.34918597338171353,0.8498121477034724,0.4493112082460653
0.4903528085623745,0.33745865113108675,0.7961411234249498,0.4903528085623745
0.4836022205056778,0.3286828866573811,0.7418011102528389,0.53524199845511
0.4794207937046465,0.3232470318160404,0.6876524762227879,0.5835366349637172
0.47800424902811944,0.3214055237365553,0.6346029743196836,0.6346029743196836
0.4794207937046465,0.3232470318160404,0.5835366349637172,0.6876524762227879
0.4836022205056778,0.3286828866573811,0.53524199845511,0.7418011102528389
0.4903528085623745,0.33745865113108675,0.4903528085623745,0.7961411234249498
0.4993738256782412,0.34918597338171353,0.4493112082460653,0.8498121477034724
0.5102978931256082,0.3633872610632908,0.4123574717507299,0.9020595786251216
0.5227260400966522,0.379543852125648,0.379543852125648,0.9522726040096652
0.5362611042398318,0.3971394355117813,0.3507655459357645,1.0
0.5362611042398318,0.3507655459357645,1.0,0.3971394355117813
0.5238095238095238,0.33333333333333337,0.9523809523809523,0.4285714285714286
0.5126298211714206,0.31768174963998896,0.9025259642342841,0.46389280328856275
0.5030960050000468,0.3043344070000654,0.850928801500014,0.5030960050000468
0.4955667276946817,0.2937934187725544,0.7982266910778727,0.5460100549252136
0.4903528085623745,0.2864939319873242,0.7451764042811873,0.5922822468498996
0.4876844804214401,0.28275827259001607,0.692610688252864,0.6413791362950081
0.4876844804214401,0.28275827259001607,0.6413791362950081,0.692610688252864
0.4903528085623745,0.2864939319873242,0.5922822468498996,0.7451764042811873
0.4955667276946817,0.2937934187725544,0.5460100549252136,0.7982266910778727
0.5030960050000468,0.3043344070000654,0.5030960050000468,0.850928801500014
0.5126298211714206,0.31768174963998896,0.46389280328856275,0.9025259642342841
0.5238095238095237,0.33333333333333326,0.4285714285714285,0.9523809523809523
0.5362611042398318,0.3507655459357645,0.3971394355117813,1.0
0.5382429034603898,0.3073643551905848,1.0,0.4458914841524678
0.5270162301595979,0.29052434523939685,0.9527016230159597,0.4797178531755577
0.5171954504147325,0.2757931756220986,0.9034390900829465,0.5171954504147325
0.5091193063261841,0.263678959489276,0.8527357918978552,0.5582073756935656
0.5030960050000468,0.2546440075000701,0.8012384020000187,0.6024768040000374
0.4993738256782412,0.24906073851736166,0.7496869128391206,0.6495616779747688
0.4981143867715043,0.2471715801572566,0.6988686320629026,0.6988686320629026
0.4993738256782412,0.24906073851736166,0.6495616779747688,0.7496869128391206
0.5030960050000468,0.2546440075000701,0.6024768040000374,0.8012384020000187
0.5091193063261841,0.263678959489276,0.5582073756935656,0.8527357918978552
0.5171954504147325,0.2757931756220986,0.5171954504147325,0.9034390900829465
0.5270162301595979,0.29052434523939685,0.4797178531755577,0.9527016230159597
0.5382429034603898,0.3073643551905848,0.4458914841524678,1.0
0.54213145350437,0.26741032560699185,1.0,0.49634459885480686
0.532219730275012,0.25155156844001925,0.9532219730275012,0.532219730275012
0.5238095238095238,0.23809523809523814,0.9047619047619048,0.5714285714285714
0.5171954504147325,0.22751272066357187,0.8551586351244197,0.6137563603317859
0.5126298211714206,0.22020771387427307,0.8050519284685682,0.6588408748199945
0.5102978931256082,0.2164766290009732,0.7551489465628041,0.706178735875365
0.5102978931256082,0.2164766290009732,0.706178735875365,0.7551489465628041
0.5126298211714206,0.22020771387427296,0.6588408748199943,0.8050519284685682
0.5171954504147325,0.22751272066357187,0.6137563603317859,0.8551586351244197
0.5238095238095238,0.23809523809523814,0.5714285714285714,0.9047619047619048
0.532219730275012,0.25155156844001925,0.532219730275012,0.9532219730275012
0.54213145350437,0.26741032560699185,0.49634459885480686,1.0
0.5477843683538655,0.23123342620157128,1.0,0.5477843683538655
0.5392243224159086,0.21668134810704454,0.9539224322415909,0.5853018901743177
0.532219730275012,0.20477354146752047,0.9064439460550024,0.6257757842200096
0.5270162301595979,0.19592759127131643,0.8581048690478794,0.6689113611117186
0.5238095238095238,0.19047619047619058,0.8095238095238095,0.7142857142857143
0.5227260400966522,0.18863426816430895,0.7613630200483261,0.7613630200483261
0.5238095238095238,0.19047619047619058,0.7142857142857143,0.8095238095238095
0.5270162301595979,0.19592759127131643,0.6689113611117186,0.8581048690478794
0.532219730275012,0.20477354146752047,0.6257757842200096,0.9064439460550024
0.5392243224159086,0.21668134810704454,0.5853018901743177,0.9539224322415909
0.5477843683538655,0.23123342620157128,0.5477843683538655,1.0
0.5550058405100151,0.1990105129180273,1.0,0.5995052564590136
0.5477843683538653,0.1860118630369576,0.9547784368353865,0.6382274946830924
0.54213145350437,0.17583661630786585,0.908426290700874,0.679492017453059
0.5382429034603898,0.16883722622870168,0.861472871038117,0.722945742076234
0.5362611042398318,0.1652699876316972,0.8145044416959327,0.7681305521199159
0.5362611042398316,0.16526998763169698,0.7681305521199158,0.8145044416959326
0.5382429034603898,0.16883722622870168,0.722945742076234,0.861472871038117
0.54213145350437,0.17583661630786585,0.679492017453059,0.908426290700874
0.5477843683538653,0.1860118630369576,0.6382274946830924,0.9547784368353865
0.5550058405100151,0.1990105129180273,0.5995052564590136,1.0
0.5635642195280152,0.17077201710322887,1.0,0.6508513756224121
0.5576260447961912,0.15948948511276329,0.9557626044796191,0.6903382313573339
0.5532329483912297,0.15114260194333662,0.910646589678246,0.7319397690347378
0.5505334250245052,0.14601350754655995,0.8651600275073515,0.7752667125122525
0.549622650888955,0.14428303668901454,0.819849060355582,0.819849060355582
0.5505334250245052,0.14601350754655995,0.7752667125122525,0.8651600275073515
0.5532329483912297,0.15114260194333662,0.7319397690347378,0.910646589678246
0.5576260447961912,0.15948948511276329,0.6903382313573339,0.9557626044796191
0.5635642195280152,0.17077201710322887,0.6508513756224121,1.0
0.5732104002236801,0.14642080044736017,1.0,0.7012472801565761
0.5684681479978969,0.13693629599579382,0.9568468147997897,0.7410808887987381
0.5652173913043479,0.13043478260869568,0.9130434782608696,0.782608695652174
0.5635642195280153,0.12712843905603055,0.8690692658584046,0.8254256878112061
0.5635642195280153,0.12712843905603055,0.8254256878112061,0.8690692658584046
0.5652173913043479,0.13043478260869568,0.782608695652174,0.9130434782608696
0.5684681479978969,0.13693629599579382,0.7410808887987381,0.9568468147997897
0.5732104002236801,0.14642080044736017,0.7012472801565761,1.0
0.5836945528781867,0.12575856104419214,1.0,0.750216731726912
0.5800394744341919,0.11808289631180324,0.9580039474434192,0.790019737217096
0.5777996690792508,0.11337930506642702,0.9155599338158502,0.8311198676317004
0.5770450655621864,0.1117946376805915,0.8731135196686559,0.8731135196686559
0.5777996690792508,0.11337930506642702,0.8311198676317004,0.9155599338158502
0.5800394744341919,0.11808289631180324,0.790019737217096,0.9580039474434192
0.5836945528781867,0.12575856104419214,0.750216731726912,1.0
0.5947795507634461,0.10851501167958133,1.0,0.7973897753817231
0.5920914917759978,0.10260128190719542,0.9592091491775998,0.8368365967103992
0.590727245464971,0.09959994002293615,0.9181454490929942,0.8772181736394913
0.590727245464971,0.09959994002293615,0.8772181736394913,0.9181454490929942
0.5920914917759978,0.10260128190719542,0.8368365967103992,0.9592091491775998
0.5947795507634461,0.10851501167958133,0.7973897753817231,1.0
0.6062503845209211,0.09437588439811861,1.0,0.8425001538083684
0.6044061139353821,0.09013406205137908,0.9604406113935382,0.8813218341806146
0.6037855741248364,0.08870682048712353,0.9207571148249672,0.9207571148249672
0.6044061139353821,0.09013406205137908,0.8813218341806146,0.9604406113935382
0.6062503845209211,0.09437588439811861,0.8425001538083684,1.0
0.617919640049565,0.08300713611895594,1.0,0.8853758920148695
0.6167991673803264,0.08031800171278325,0.9616799167380327,0.9233598334760653
0.6167991673803264,0.08031800171278325,0.9233598334760653,0.9616799167380327
0.617919640049565,0.08300713611895594,0.8853758920148695,1.0
0.6296296296296295,0.07407407407407407,1.0,0.9259259259259259
0.629120529223858,0.07280132305964482,0.9629120529223858,0.9629120529223858
0.6296296296296295,0.07407407407407407,0.9259259259259259,1.0
0.6412519983329124,0.06725519566557214,1.0,0.9641251998332913
0.6412519983329124,0.06725519566557214,0.9641251998332913,1.0
0.652685644176406,0.06225123927629639,1.0,1.0
0.6103600091633019,1.0,1.0,0.07903274893144108
0.5975310467044687,1.0,0.9634119133367699,0.08529783341924702
0.5845357339697261,1.0,0.9244610425399502,0.09353251047940236
0.5715008370776091,1.0,0.8831365919302571,0.10404720479863727
0.5585852053521796,1.0,0.8394855292189745,0.11717041070435918
0.545981411122852,1.0,0.7936279141467509,0.13323723941635413
0.5339150415322607,1.0,0.7457718408357785,0.15257280278592844
0.522640659736979,1.0,0.6962258743780776,0.17547023045478216
0.5124335721042701,1.0,0.645406234257651,0.2021640270797147
0.5035769493528235,1.0,0.5938356858341283,0.23280073990890893
0.49634459885480686,1.0,0.54213145350437,0.26741032560699185
0.49098070527897775,1.0,0.49098070527897775,0.30588277992587876
0.4876789238841154,1.0,0.44110428060085316,0.3479549940343287
0.48656396918972966,1.0,0.39321196358786237,0.39321196358786237
0.4876789238841154,1.0,0.3479549940343287,0.44110428060085316
0.49098070527897775,1.0,0.30588277992587876,0.49098070527897775
0.49634459885480686,1.0,0.26741032560699185,0.54213145350437
0.5035769493528235,1.0,0.23280073990890893,0.5938356858341283
0.5124335721042701,1.0,0.2021640270797147,0.645406234257651
0.5226406597369792,1.0,0.17547023045478227,0.6962258743780776
0.5339150415322607,1.0,0.15257280278592844,0.7457718408357785
0.5459814111228523,1.0,0.13323723941635424,0.793627914146751
0.5585852053521796,1.0,0.11717041070435918,0.8394855292189745
0.5715008370776091,1.0,0.10404720479863727,0.8831365919302571
0.5845357339697261,1.0,0.09353251047940236,0.9244610425399502
0.5975310467044687,1.0,0.08529783341924702,0.9634119133367699
0.6103600091633019,1.0,0.07903274893144108,1.0
0.5975310467044687,0.9634119133367699,1.0,0.08529783341924702
0.5839417890402714,0.9621765262763883,0.9621765262763883,0.09223663063331955
0.57019443415949,0.9609267667417718,0.9218535334835436,0.10131563506075192
0.5564371887999685,0.9596761080727244,0.8790283242181732,0.11287437759993701
0.5428556007921395,0.9584414182538309,0.8337656730153234,0.12726978333044814
0.5296739627100859,0.9572430875190987,0.7862154375954936,0.14486175038197446
0.5171535905632381,0.9561048718693853,0.7366292312163116,0.16599256551832053
0.5055867675269559,0.9550533425024506,0.6853733975171536,0.1909601650441095
0.4952853854847642,0.9541168532258877,0.6329348258071013,0.21998650484009008
0.4865639691897298,0.9533239971990664,0.5799159747915972,0.25318395518506154
0.4797178531755577,0.9527016230159597,0.5270162301595979,0.29052434523939685
0.47499864410631754,0.9522726040096652,0.47499864410631754,0.3318164561353133
0.4725903683660775,0.9520536698514616,0.42464403821753904,0.3766977080690006
0.4725903683660775,0.9520536698514616,0.3766977080690006,0.42464403821753904
0.47499864410631754,0.9522726040096652,0.3318164561353133,0.47499864410631754
0.4797178531755577,0.9527016230159597,0.29052434523939685,0.5270162301595979
0.48656396918972966,0.9533239971990664,0.2531839551850613,0.579915974791597
0.4952853854847641,0.9541168532258877,0.21998650484008986,0.6329348258071011
0.5055867675269559,0.9550533425024506,0.1909601650441095,0.6853733975171536
0.5171535905632381,0.9561048718693853,0.16599256551832053,0.7366292312163116
0.5296739627100859,0.9572430875190987,0.14486175038197446,0.7862154375954936
0.5428556007921395,0.9584414182538309,0.12726978333044814,0.8337656730153234
0.5564371887999685,0.9596761080727244,0.11287437759993701,0.8790283242181732
0.57019443415949,0.9609267667417718,0.10131563506075192,0.9218535334835436
0.5839417890402714,0.9621765262763883,0.09223663063331955,0.9621765262763883
0.5975310467044687,0.9634119133367699,0.08529783341924702,1.0
0.5845357339697261,0.9244610425399502,1.0,0.09353251047940236
0.57019443415949,0.9218535334835436,0.9609267667417718,0.10131563506075192
0.5557141845528893,0.919220760827798,0.919220760827798,0.11142836910577869
0.5412682890744356,0.9165942343771701,0.8748913515657551,0.12423946096028604
0.5270730615684174,0.9140132839215305,0.828026567843061,0.1401328392153045
0.5133886492758102,0.9115252089592383,0.7788130223980956,0.15948948511276329
0.5005157298948503,0.9091846781627,0.7275540344881002,0.18266210346430045
0.4887866464258096,0.9070521175319654,0.6746824113618788,0.20994299902170577
0.478549990546025,0.9051909073720046,0.6207636294880182,0.24152725897603644
0.4701486440550031,0.9036633898281824,0.5664852542268207,0.2774754237113679
0.46389280328856275,0.9025259642342841,0.5126298211714206,0.31768174963998896
0.46003123695880244,0.9018238612652368,0.46003123695880244,0.36185509822403916
0.4587253855643648,0.9015864337389754,0.4095186024338525,0.4095186024338525
0.46003123695880244,0.9018238612652368,0.36185509822403916,0.46003123695880244
0.46389280328856275,0.9025259642342841,0.31768174963998896,0.5126298211714206
0.4701486440550031,0.9036633898281824,0.2774754237113679,0.5664852542268207
0.4785499905460251,0.9051909073720046,0.24152725897603655,0.6207636294880183
0.4887866464258095,0.9070521175319654,0.20994299902170566,0.6746824113618788
0.5005157298948503,0.9091846781627,0.18266210346430045,0.7275540344881002
0.5133886492758102,0.9115252089592383,0.15948948511276329,0.7788130223980956
0.5270730615684174,0.9140132839215305,0.1401328392153045,0.828026567843061
0.5412682890744356,0.9165942343771701,0.12423946096028604,0.8748913515657551
0.5557141845528893,0.919220760827798,0.11142836910577869,0.919220760827798
0.57019443415949,0.9218535334835436,0.10131563506075192,0.9609267667417718
0.5845357339697261,0.9244610425399502,0.09353251047940236,1.0
0.5715008370776091,0.8831365919302571,1.0,0.10404720479863727
0.5564371887999685,0.8790283242181732,0.9596761080727244,0.11287437759993701
0.5412682890744356,0.8748913515657551,0.9165942343771701,0.12423946096028604
0.5261964585206571,0.8707808523238156,0.8707808523238156,0.1385390154921039
0.5114728491472398,0.8667653224947017,0.822353763326269,0.15618037579977773
0.4973971713765508,0.8629265012845139,0.7715441688075231,0.1775590077070831
0.484312045967655,0.8593578307184514,0.7187156614369028,0.20302770740455778
0.4725903683660775,0.8561610095543848,0.6643756889602311,0.2328587176233854
0.46261483437936535,0.8534404093761905,0.6091744250031748,0.2672020468809527
0.45475024319372925,0.8512955208710171,0.5538865626130512,0.3060457640647464
0.4493112082460653,0.8498121477034724,0.4993738256782412,0.34918597338171353
0.44652993403070973,0.8490536183720118,0.44652993403070973,0.39621447348804695
0.44652993403070973,0.8490536183720118,0.39621447348804695,0.44652993403070973
0.4493112082460653,0.8498121477034724,0.34918597338171353,0.4993738256782412
0.45475024319372925,0.8512955208710171,0.3060457640647464,0.5538865626130512
0.46261483437936546,0.8534404093761906,0.26720204688095284,0.6091744250031749
0.4725903683660775,0.8561610095543848,0.2328587176233854,0.6643756889602311
0.484312045967655,0.8593578307184514,0.20302770740455778,0.7187156614369028
0.4973971713765508,0.8629265012845139,0.1775590077070831,0.7715441688075231
0.5114728491472398,0.8667653224947017,0.15618037579977773,0.822353763326269
0.5261964585206571,0.8707808523238156,0.1385390154921039,0.8707808523238156
0.5412682890744356,0.8748913515657551,0.12423946096028604,0.9165942343771701
0.5564371887999685,0.8790283242181732,0.11287437759993701,0.9596761080727244
0.5715008370776091,0.8831365919302571,0.10404720479863727,1.0
0.5585852053521796,0.8394855292189745,1.0,0.11717041070435918
0.5428556007921395,0.8337656730153234,0.9584414182538309,0.12726978333044814
0.5270730615684174,0.828026567843061,0.9140132839215305,0.1401328392153045
0.5114728491472398,0.822353763326269,0.8667653224947017,0.15618037579977773
0.49634459885480686,0.816852581401748,0.816852581401748,0.17583661630786585
0.4820302297171878,0.8116473562607955,0.7645591953259945,0.1995012641083811
0.46891499545620563,0.806878180165893,0.7103172702488394,0.22751272066357187
0.45741001396631087,0.8026945505332039,0.6547154634331069,0.2601045644995148
0.4479258254486548,0.7992457547086017,0.5984915094172034,0.29736014148010614
0.44083857544711624,0.7966685728898605,0.5425042890021861,0.33917286189204654
0.4364529284635841,0.795073792168576,0.4876844804214401,0.3852213765057281
0.4349679533687345,0.7945338012249943,0.4349679533687345,0.4349679533687345
0.4364529284635841,0.795073792168576,0.3852213765057281,0.4876844804214401
0.44083857544711624,0.7966685728898605,0.33917286189204654,0.5425042890021861
0.4479258254486548,0.7992457547086017,0.29736014148010614,0.5984915094172034
0.45741001396631087,0.8026945505332039,0.2601045644995148,0.6547154634331069
0.46891499545620563,0.806878180165893,0.22751272066357187,0.7103172702488394
0.4820302297171878,0.8116473562607955,0.1995012641083811,0.7645591953259945
0.49634459885480686,0.816852581401748,0.17583661630786585,0.816852581401748
0.5114728491472398,0.822353763326269,0.15618037579977773,0.8667653224947017
0.5270730615684174,0.828026567843061,0.1401328392153045,0.9140132839215305
0.5428556007921395,0.8337656730153234,0.12726978333044814,0.9584414182538309
0.5585852053521796,0.8394855292189745,0.11717041070435918,1.0
0.545981411122852,0.7936279141467509,1.0,0.13323723941635413
0.5296739627100859,0.7862154375954936,0.9572430875190987,0.14486175038197446
0.5133886492758102,0.7788130223980956,0.9115252089592383,0.15948948511276329
0.4973971713765508,0.7715441688075231,0.8629265012845139,0.1775590077070831
0.4820302297171878,0.7645591953259945,0.8116473562607955,0.1995012641083811
0.4676726896545901,0.7580330407520863,0.7580330407520863,0.22570573040667652
0.45475024319372936,0.7521592014516951,0.7025910417420342,0.2564776043550855
0.443706088833409,0.7471391312879132,0.6459947838030784,0.2919895676061569
0.4349679533687345,0.743167251531243,0.5890676024499887,0.33223485398123165
0.42890845518371845,0.7404129341744174,0.5327432815139514,0.376991042018602
0.42580467393093135,0.7390021245140597,0.47800424902811944,0.42580467393093135
0.42580467393093135,0.7390021245140597,0.42580467393093135,0.47800424902811944
0.42890845518371845,0.7404129341744174,0.376991042018602,0.5327432815139514
0.4349679533687345,0.743167251531243,0.33223485398123165,0.5890676024499887
0.443706088833409,0.7471391312879132,0.2919895676061569,0.6459947838030784
0.45475024319372936,0.7521592014516951,0.2564776043550855,0.7025910417420342
0.46767268965458997,0.7580330407520863,0.2257057304066763,0.7580330407520863
0.4820302297171878,0.7645591953259945,0.1995012641083811,0.8116473562607955
0.4973971713765508,0.7715441688075231,0.1775590077070831,0.8629265012845139
0.5133886492758102,0.7788130223980956,0.15948948511276329,0.9115252089592383
0.5296739627100859,0.7862154375954936,0.14486175038197435,0.9572430875190987
0.545981411122852,0.7936279141467509,0.13323723941635413,1.0
0.5339150415322607,0.7457718408357785,1.0,0.15257280278592844
0.5171535905632381,0.7366292312163116,0.9561048718693853,0.16599256551832053
0.5005157298948503,0.7275540344881002,0.9091846781627,0.18266210346430045
0.484312045967655,0.7187156614369028,0.8593578307184514,0.20302770740455778
0.46891499545620563,0.7103172702488394,0.806878180165893,0.22751272066357187
0.45475024319372936,0.7025910417420342,0.7521592014516951,0.2564776043550855
0.44227786078026676,0.6957879240619637,0.6957879240619637,0.29017182281124854
0.4319624425562455,0.6901613323034066,0.6385215543539744,0.3286828866573811
0.424233685150765,0.6859456464458717,0.581260861927829,0.3718912928917436
0.41944220463381443,0.6833321116184443,0.5249981674276664,0.41944220463381443
0.4178182635725405,0.6824463255850222,0.47074387597503686,0.47074387597503686
0.41944220463381443,0.6833321116184443,0.41944220463381443,0.5249981674276664
0.424233685150765,0.6859456464458717,0.3718912928917436,0.581260861927829
0.4319624425562455,0.6901613323034066,0.3286828866573811,0.6385215543539744
0.44227786078026676,0.6957879240619637,0.29017182281124854,0.6957879240619637
0.45475024319372936,0.7025910417420342,0.2564776043550855,0.7521592014516951
0.46891499545620563,0.7103172702488394,0.22751272066357187,0.806878180165893
0.484312045967655,0.7187156614369028,0.20302770740455778,0.8593578307184514
0.5005157298948503,0.7275540344881002,0.18266210346430045,0.9091846781627
0.5171535905632381,0.7366292312163116,0.16599256551832053,0.9561048718693853
0.5339150415322607,0.7457718408357785,0.15257280278592844,1.0
0.522640659736979,0.6962258743780776,1.0,0.17547023045478216
0.5055867675269559,0.6853733975171536,0.9550533425024506,0.1909601650441095
0.4887866464258096,0.6746824113618788,0.9070521175319654,0.20994299902170577
0.4725903683660775,0.6643756889602311,0.8561610095543848,0.2328587176233854
0.45741001396631087,0.6547154634331069,0.8026945505332039,0.2601045644995148
0.443706088833409,0.6459947838030784,0.7471391312879132,0.2919895676061569
0.4319624425562455,0.6385215543539744,0.6901613323034066,0.3286828866573811
0.42264973081037427,0.6325952832429654,0.6325952832429654,0.3701633427022264
0.41618061832229725,0.6284785752960074,0.5754040860525798,0.41618061832229725
0.4128634360480139,0.6263676411214634,0.5196155385847386,0.4662394873163762
0.4128634360480139,0.6263676411214634,0.4662394873163762,0.5196155385847386
0.41618061832229725,0.6284785752960074,0.41618061832229725,0.5754040860525798
0.42264973081037427,0.6325952832429654,0.3701633427022264,0.6325952832429654
0.4319624425562455,0.6385215543539744,0.3286828866573811,0.6901613323034066
0.443706088833409,0.6459947838030784,0.2919895676061569,0.7471391312879132
0.45741001396631087,0.6547154634331069,0.2601045644995148,0.8026945505332039
0.4725903683660775,0.6643756889602311,0.2328587176233854,0.8561610095543848
0.4887866464258096,0.6746824113618788,0.20994299902170577,0.9070521175319654
0.5055867675269559,0.6853733975171536,0.1909601650441095,0.9550533425024506
0.522640659736979,0.6962258743780776,0.17547023045478216,1.0
0.5124335721042701,0.645406234257651,1.0,0.2021640270797147
0.4952853854847641,0.6329348258071011,0.9541168532258877,0.21998650484008986
0.478549990546025,0.6207636294880182,0.9051909073720046,0.24152725897603644
0.46261483437936535,0.6091744250031748,0.8534404093761905,0.2672020468809527
0.4479258254486548,0.5984915094172034,0.7992457547086017,0.29736014148010614
0.4349679533687345,0.5890676024499887,0.743167251531243,0.33223485398123165
0.424233685150765,0.581260861927829,0.6859456464458717,0.3718912928917436
0.41618061832229725,0.5754040860525798,0.6284785752960074,0.41618061832229725
0.41118349967059187,0.5717698179422486,0.5717698179422486,0.46471227242781077
0.40948906019547915,0.5705374983239848,0.5168546856144829,0.5168546856144829
0.41118349967059187,0.5717698179422486,0.46471227242781077,0.5717698179422486
0.41618061832229725,0.5754040860525798,0.41618061832229725,0.6284785752960074
0.424233685150765,0.581260861927829,0.3718912928917436,0.6859456464458717
0.4349679533687345,0.5890676024499887,0.33223485398123165,0.743167251531243
0.4479258254486548,0.5984915094172034,0.29736014148010614,0.7992457547086017
0.46261483437936535,0.6091744250031748,0.2672020468809527,0.8534404093761905
0.478549990546025,0.6207636294880182,0.24152725897603644,0.9051909073720046
0.4952853854847641,0.6329348258071011,0.21998650484008986,0.9541168532258877
0.5124335721042701,0.645406234257651,0.2021640270797147,1.0
0.5035769493528235,0.5938356858341283,1.0,0.23280073990890893
0.4865639691897298,0.5799159747915972,0.9533239971990664,0.25318395518506154
0.4701486440550031,0.5664852542268207,0.9036633898281824,0.2774754237113679
0.45475024319372925,0.5538865626130512,0.8512955208710171,0.3060457640647464
0.44083857544711624,0.5425042890021861,0.7966685728898605,0.33917286189204654
0.42890845518371845,0.5327432815139514,0.7404129341744174,0.376991042018602
0.41944220463381443,0.5249981674276664,0.6833321116184443,0.41944220463381443
0.4128634360480139,0.5196155385847386,0.6263676411214634,0.4662394873163762
0.40948906019547926,0.516854685614483,0.5705374983239848,0.516854685614483
0.40948906019547926,0.516854685614483,0.516854685614483,0.5705374983239848
0.4128634360480139,0.5196155385847386,0.4662394873163762,0.6263676411214634
0.41944220463381454,0.5249981674276665,0.41944220463381454,0.6833321116184443
0.42890845518371834,0.5327432815139514,0.3769910420186019,0.7404129341744174
0.44083857544711624,0.5425042890021861,0.33917286189204654,0.7966685728898605
0.45475024319372925,0.5538865626130512,0.3060457640647464,0.8512955208710171
0.4701486440550031,0.5664852542268207,0.2774754237113679,0.9036633898281824
0.48656396918972966,0.579915974791597,0.2531839551850613,0.9533239971990664
0.5035769493528235,0.5938356858341283,0.23280073990890893,1.0
0.49634459885480686,0.54213145350437,1.0,0.26741032560699185
0.4797178531755577,0.5270162301595979,0.9527016230159597,0.29052434523939685
0.46389280328856275,0.5126298211714206,0.9025259642342841,0.31768174963998896
0.4493112082460653,0.4993738256782412,0.8498121477034724,0.34918597338171353
0.4364529284635841,0.4876844804214401,0.795073792168576,0.3852213765057281
0.42580467393093135,0.47800424902811944,0.7390021245140597,0.42580467393093135
0.4178182635725405,0.47074387597503686,0.6824463255850222,0.47074387597503686
0.4128634360480139,0.4662394873163762,0.6263676411214634,0.5196155385847386
0.41118349967059187,0.46471227242781077,0.5717698179422486,0.5717698179422486
0.4128634360480139,0.4662394873163762,0.5196155385847386,0.6263676411214634
0.4178182635725406,0.470743875975037,0.470743875975037,0.6824463255850222
0.42580467393093147,0.47800424902811955,0.42580467393093147,0.7390021245140598
0.4364529284635841,0.4876844804214401,0.3852213765057281,0.795073792168576
0.4493112082460653,0.4993738256782412,0.34918597338171353,0.8498121477034724
0.46389280328856275,0.5126298211714206,0.31768174963998896,0.9025259642342841
0.4797178531755577,0.5270162301595979,0.29052434523939685,0.9527016230159597
0.49634459885480686,0.54213145350437,0.26741032560699185,1.0
0.49098070527897775,0.49098070527897775,1.0,0.30588277992587876
0.47499864410631754,0.47499864410631754,0.9522726040096652,0.3318164561353133
0.46003123695880244,0.46003123695880244,0.9018238612652368,0.36185509822403916
0.44652993403070973,0.44652993403070973,0.8490536183720118,0.39621447348804695
0.4349679533687345,0.4349679533687345,0.7945338012249943,0.4349679533687345
0.42580467393093135,0.42580467393093135,0.7390021245140597,0.47800424902811944
0.41944220463381443,0.41944220463381443,0.6833321116184443,0.5249981674276664
0.41618061832229725,0.41618061832229725,0.6284785752960074,0.5754040860525798
0.41618061832229725,0.41618061832229725,0.5754040860525798,0.6284785752960074
0.41944220463381454,0.41944220463381454,0.5249981674276665,0.6833321116184443
0.42580467393093135,0.42580467393093135,0.47800424902811944,0.7390021245140597
0.4349679533687345,0.4349679533687345,0.4349679533687345,0.7945338012249943
0.44652993403070973,0.44652993403070973,0.39621447348804695,0.8490536183720118
0.46003123695880244,0.46003123695880244,0.36185509822403916,0.9018238612652368
0.47499864410631754,0.47499864410631754,0.3318164561353133,0.9522726040096652
0.49098070527897775,0.49098070527897775,0.30588277992587876,1.0
0.4876789238841154,0.44110428060085316,1.0,0.3479549940343287
0.4725903683660775,0.42464403821753904,0.9520536698514616,0.3766977080690006
0.4587253855643648,0.4095186024338525,0.9015864337389754,0.4095186024338525
0.44652993403070973,0.39621447348804695,0.8490536183720118,0.44652993403070973
0.4364529284635841,0.3852213765057281,0.795073792168576,0.4876844804214401
0.42890845518371845,0.376991042018602,0.7404129341744174,0.5327432815139514
0.424233685150765,0.3718912928917436,0.6859456464458717,0.581260861927829
0.42264973081037427,0.3701633427022264,0.6325952832429654,0.6325952832429654
0.424233685150765,0.3718912928917436,0.581260861927829,0.6859456464458717
0.42890845518371834,0.3769910420186019,0.5327432815139514,0.7404129341744174
0.4364529284635841,0.3852213765057281,0.4876844804214401,0.795073792168576
0.44652993403070973,0.39621447348804695,0.44652993403070973,0.8490536183720118
0.4587253855643648,0.4095186024338525,0.4095186024338525,0.9015864337389754
0.4725903683660775,0.42464403821753904,0.3766977080690006,0.9520536698514616
0.4876789238841154,0.44110428060085316,0.3479549940343287,1.0
0.48656396918972966,0.39321196358786237,1.0,0.39321196358786237
0.4725903683660775,0.3766977080690006,0.9520536698514616,0.42464403821753904
0.46003123695880244,0.36185509822403916,0.9018238612652368,0.46003123695880244
0.4493112082460653,0.34918597338171353,0.8498121477034724,0.4993738256782412
0.44083857544711624,0.33917286189204654,0.7966685728898605,0.5425042890021861
0.4349679533687345,0.33223485398123165,0.743167251531243,0.5890676024499887
0.4319624425562455,0.3286828866573811,0.6901613323034066,0.6385215543539744
0.4319624425562455,0.3286828866573811,0.6385215543539744,0.6901613323034066
0.4349679533687345,0.33223485398123165,0.5890676024499887,0.743167251531243
0.44083857544711624,0.33917286189204654,0.5425042890021861,0.7966685728898605
0.4493112082460653,0.34918597338171353,0.4993738256782412,0.8498121477034724
0.46003123695880244,0.36185509822403916,0.46003123695880244,0.9018238612652368
0.4725903683660775,0.3766977080690006,0.42464403821753904,0.9520536698514616
0.48656396918972966,0.39321196358786237,0.39321196358786237,1.0
0.4876789238841154,0.3479549940343287,1.0,0.44110428060085316
0.47499864410631754,0.3318164561353133,0.9522726040096652,0.47499864410631754
0.46389280328856275,0.31768174963998896,0.9025259642342841,0.5126298211714206
0.45475024319372925,0.3060457640647464,0.8512955208710171,0.5538865626130512
0.4479258254486548,0.29736014148010614,0.7992457547086017,0.5984915094172034
0.443706088833409,0.2919895676061569,0.7471391312879132,0.6459947838030784
0.4422778607802669,0.29017182281124876,0.6957879240619638,0.6957879240619638
0.443706088833409,0.2919895676061569,0.6459947838030784,0.7471391312879132
0.4479258254486548,0.29736014148010614,0.5984915094172034,0.7992457547086017
0.45475024319372925,0.3060457640647464,0.5538865626130512,0.8512955208710171
0.46389280328856275,0.31768174963998896,0.5126298211714206,0.9025259642342841
0.47499864410631754,0.3318164561353133,0.47499864410631754,0.9522726040096652
0.4876789238841154,0.3479549940343287,0.44110428060085316,1.0
0.49098070527897775,0.30588277992587876,1.0,0.49098070527897775
0.4797178531755577,0.29052434523939685,0.9527016230159597,0.5270162301595979
0.4701486440550031,0.2774754237113679,0.9036633898281824,0.5664852542268207
0.46261483437936535,0.2672020468809527,0.8534404093761905,0.6091744250031748
0.45741001396631087,0.2601045644995148,0.8026945505332039,0.6547154634331069
0.45475024319372925,0.2564776043550854,0.7521592014516951,0.7025910417420342
0.45475024319372936,0.2564776043550855,0.7025910417420342,0.7521592014516951
0.45741001396631087,0.2601045644995148,0.6547154634331069,0.8026945505332039
0.46261483437936535,0.2672020468809527,0.6091744250031748,0.8534404093761905
0.4701486440550031,0.2774754237113679,0.5664852542268207,0.9036633898281824
0.4797178531755577,0.29052434523939685,0.5270162301595979,0.9527016230159597
0.49098070527897775,0.30588277992587876,0.49098070527897775,1.0
0.49634459885480686,0.26741032560699185,1.0,0.54213145350437
0.48656396918972966,0.2531839551850613,0.9533239971990664,0.579915974791597
0.4785499905460251,0.24152725897603655,0.9051909073720046,0.6207636294880183
0.4725903683660775,0.2328587176233854,0.8561610095543848,0.6643756889602311
0.46891499545620563,0.22751272066357187,0.806878180165893,0.7103172702488394
0.4676726896545901,0.22570573040667652,0.7580330407520863,0.7580330407520863
0.46891499545620563,0.22751272066357187,0.7103172702488394,0.806878180165893
0.4725903683660775,0.2328587176233854,0.6643756889602311,0.8561610095543848
0.4785499905460251,0.24152725897603655,0.6207636294880183,0.9051909073720046
0.48656396918972966,0.2531839551850613,0.579915974791597,0.9533239971990664
0.49634459885480686,0.26741032560699185,0.54213145350437,1.0
0.5035769493528235,0.23280073990890893,1.0,0.5938356858341283
0.4952853854847641,0.21998650484008986,0.9541168532258877,0.6329348258071011
0.4887866464258096,0.20994299902170577,0.9070521175319654,0.6746824113618788
0.484312045967655,0.20302770740455778,0.8593578307184514,0.7187156614369028
0.4820302297171878,0.1995012641083811,0.8116473562607955,0.7645591953259945
0.4820302297171878,0.1995012641083811,0.7645591953259945,0.8116473562607955
0.484312045967655,0.20302770740455778,0.7187156614369028,0.8593578307184514
0.4887866464258096,0.20994299902170577,0.6746824113618788,0.9070521175319654
0.4952853854847641,0.21998650484008986,0.6329348258071011,0.9541168532258877
0.5035769493528235,0.23280073990890893,0.5938356858341283,1.0
0.5124335721042701,0.2021640270797147,1.0,0.645406234257651
0.5055867675269559,0.1909601650441095,0.9550533425024506,0.6853733975171536
0.5005157298948503,0.18266210346430045,0.9091846781627,0.7275540344881002
0.4973971713765508,0.1775590077070831,0.8629265012845139,0.7715441688075231
0.49634459885480686,0.17583661630786585,0.816852581401748,0.816852581401748
0.4973971713765508,0.1775590077070831,0.7715441688075231,0.8629265012845139
0.5005157298948503,0.18266210346430045,0.7275540344881002,0.9091846781627
0.5055867675269559,0.1909601650441095,0.6853733975171536,0.9550533425024506
0.5124335721042701,0.2021640270797147,0.645406234257651,1.0
0.5226406597369792,0.17547023045478227,1.0,0.6962258743780776
0.5171535905632381,0.16599256551832053,0.9561048718693853,0.7366292312163116
0.5133886492758102,0.15948948511276329,0.9115252089592383,0.7788130223980956
0.5114728491472398,0.15618037579977773,0.8667653224947017,0.822353763326269
0.5114728491472398,0.15618037579977773,0.822353763326269,0.8667653224947017
0.5133886492758102,0.15948948511276329,0.7788130223980956,0.9115252089592383
0.5171535905632381,0.16599256551832053,0.7366292312163116,0.9561048718693853
0.5226406597369792,0.17547023045478227,0.6962258743780776,1.0
0.5339150415322607,0.15257280278592844,1.0,0.7457718408357785
0.5296739627100859,0.14486175038197446,0.9572430875190987,0.7862154375954936
0.5270730615684174,0.1401328392153045,0.9140132839215305,0.828026567843061
0.5261964585206571,0.1385390154921039,0.8707808523238156,0.8707808523238156
0.5270730615684174,0.1401328392153045,0.828026567843061,0.9140132839215305
0.5296739627100859,0.14486175038197446,0.7862154375954936,0.9572430875190987
0.5339150415322607,0.15257280278592844,0.7457718408357785,1.0
0.5459814111228523,0.13323723941635424,1.0,0.793627914146751
0.5428556007921395,0.12726978333044814,0.9584414182538309,0.8337656730153234
0.5412682890744356,0.12423946096028604,0.9165942343771701,0.8748913515657551
0.5412682890744356,0.12423946096028604,0.8748913515657551,0.9165942343771701
0.5428556007921395,0.12726978333044814,0.8337656730153234,0.9584414182538309
0.5459814111228523,0.13323723941635424,0.793627914146751,1.0
0.5585852053521796,0.11717041070435918,1.0,0.8394855292189745
0.5564371887999685,0.11287437759993701,0.9596761080727244,0.8790283242181732
0.5557141845528893,0.11142836910577869,0.919220760827798,0.919220760827798
0.5564371887999685,0.11287437759993701,0.8790283242181732,0.9596761080727244
0.5585852053521796,0.11717041070435918,0.8394855292189745,1.0
0.5715008370776091,0.10404720479863727,1.0,0.8831365919302571
0.57019443415949,0.10131563506075192,0.9609267667417718,0.9218535334835436
0.57019443415949,0.10131563506075192,0.9218535334835436,0.9609267667417718
0.5715008370776091,0.10404720479863727,0.8831365919302571,1.0
0.5845357339697261,0.09353251047940236,1.0,0.9244610425399502
0.5839417890402714,0.09223663063331933,0.9621765262763883,0.9621765262763883
0.5845357339697261,0.09353251047940236,0.9244610425399502,1.0
0.5975310467044687,0.08529783341924702,1.0,0.9634119133367699
0.5975310467044687,0.08529783341924702,0.9634119133367699,1.0
0.6103600091633019,0.07903274893144108,1.0,1.0
0.5672689324152287,1.0,1.0,0.09847694253172634
0.5530966463656848,1.0,0.9627580538638071,0.10619329273136968
0.5388025347855472,1.0,0.9231337557975912,0.1160381916722989
0.5245426889498036,1.0,0.8811356722374509,0.12832826307463996
0.5105097901311975,1.0,0.8368365967103992,0.14339213272959572
0.4969338302196178,1.0,0.7903890959248407,0.16155638369936287
0.4840797035291827,1.0,0.7420398517645914,0.18312619725453938
0.47224060343974905,1.0,0.6921403520065202,0.20836090515962358
0.46172643518049206,1.0,0.6411509567869946,0.23744578317236376
0.4528470968949362,1.0,0.5896353226712021,0.27046279585991495
0.4458914841524678,1.0,0.5382429034603898,0.3073643551905848
0.44110428060085316,1.0,0.4876789238841154,0.3479549940343287
0.43866367633001446,1.0,0.43866367633001446,0.3918856493575156
0.43866367633001446,1.0,0.3918856493575156,0.43866367633001446
0.44110428060085316,1.0,0.3479549940343287,0.4876789238841154
0.4458914841524678,1.0,0.3073643551905848,0.5382429034603898
0.4528470968949361,1.0,0.27046279585991484,0.5896353226712021
0.46172643518049206,1.0,0.23744578317236376,0.6411509567869946
0.47224060343974905,1.0,0.20836090515962358,0.6921403520065202
0.4840797035291827,1.0,0.18312619725453938,0.7420398517645914
0.4969338302196178,1.0,0.16155638369936287,0.7903890959248407
0.5105097901311975,1.0,0.14339213272959572,0.8368365967103992
0.5245426889498036,1.0,0.12832826307463996,0.8811356722374509
0.5388025347855472,1.0,0.1160381916722989,0.9231337557975912
0.5530966463656848,1.0,0.10619329273136968,0.9627580538638071
0.5672689324152287,1.0,0.09847694253172634,1.0
0.5530966463656848,0.9627580538638071,1.0,0.10619329273136968
0.5381197846482993,0.9615099820540249,0.9615099820540249,0.11472958724257387
0.5230428198897015,0.9602535683241418,0.9205071366482835,0.1255785031311193
0.5080479629855272,0.9590039969154606,0.8770119907463818,0.13908393522467288
0.49335960289510106,0.9577799669079251,0.8311198676317004,0.1555993381585018
0.47924435607670446,0.9566036963397254,0.7830184816986269,0.17547023045478216
0.46600700861201816,0.9555005840510015,0.733003504306009,0.1990105129180273
0.45398109376805185,0.954498424480671,0.681488971364697,0.2264732161714068
0.44351332508779806,0.9536261104239832,0.6290088833918654,0.2580177667837308
0.4349420687823866,0.9529118390651989,0.57620655158679,0.2936775859779833
0.4285714285714286,0.9523809523809523,0.5238095238095238,0.33333333333333337
0.42464403821753904,0.9520536698514616,0.4725903683660775,0.3766977080690006
0.4233168024013447,0.9519430668667788,0.4233168024013447,0.4233168024013447
0.42464403821753904,0.9520536698514616,0.3766977080690006,0.4725903683660775
0.4285714285714286,0.9523809523809523,0.33333333333333337,0.5238095238095238
0.4349420687823866,0.9529118390651989,0.2936775859779833,0.57620655158679
0.44351332508779806,0.9536261104239832,0.2580177667837308,0.6290088833918654
0.45398109376805185,0.954498424480671,0.2264732161714068,0.681488971364697
0.46600700861201827,0.9555005840510016,0.1990105129180274,0.7330035043060091
0.47924435607670457,0.9566036963397254,0.17547023045478227,0.7830184816986269
0.49335960289510106,0.9577799669079251,0.1555993381585018,0.8311198676317004
0.5080479629855272,0.9590039969154606,0.13908393522467288,0.8770119907463818
0.5230428198897015,0.9602535683241418,0.1255785031311193,0.9205071366482835
0.5381197846482993,0.9615099820540249,0.11472958724257387,0.9615099820540249
0.5530966463656848,0.9627580538638071,0.10619329273136968,1.0
0.5388025347855472,0.9231337557975912,1.0,0.1160381916722989
0.5230428198897015,0.9205071366482835,0.9602535683241418,0.1255785031311193
0.5072190625880909,0.9178698437646818,0.9178698437646818,0.13763335952915912
0.49154368167155704,0.9152572802785929,0.8728859204178893,0.15257280278592844
0.4762770634336182,0.912712843905603,0.8254256878112061,0.17077201710322887
0.46172643518049206,0.9102877391967487,0.7757193479918717,0.19258965277073803
0.4482394121539566,0.9080399020256594,0.7241197060769783,0.2183391672181051
0.4361908171180725,0.9060318028530121,0.6711113099855422,0.2482544228240966
0.4259621521180721,0.904327025353012,0.6173081014120481,0.2824526901475902
0.41791449991280083,0.9029857499854668,0.5634358749346007,0.3209002498982676
0.4123574717507299,0.9020595786251216,0.5102978931256082,0.3633872610632908
0.4095186024338525,0.9015864337389754,0.4587253855643648,0.4095186024338525
0.4095186024338525,0.9015864337389754,0.4095186024338525,0.4587253855643648
0.4123574717507299,0.9020595786251216,0.3633872610632908,0.5102978931256082
0.41791449991280083,0.9029857499854668,0.3209002498982676,0.5634358749346007
0.4259621521180722,0.904327025353012,0.28245269014759034,0.6173081014120482
0.4361908171180725,0.9060318028530121,0.2482544228240966,0.6711113099855422
0.4482394121539566,0.9080399020256594,0.2183391672181051,0.7241197060769783
0.46172643518049206,0.9102877391967487,0.19258965277073803,0.7757193479918717
0.4762770634336182,0.912712843905603,0.17077201710322887,0.8254256878112061
0.49154368167155704,0.9152572802785929,0.15257280278592844,0.8728859204178893
0.5072190625880909,0.9178698437646818,0.13763335952915912,0.9178698437646818
0.5230428198897015,0.9205071366482835,0.1255785031311193,0.9602535683241418
0.5388025347855472,0.9231337557975912,0.1160381916722989,1.0
0.5245426889498036,0.8811356722374509,1.0,0.12832826307463996
0.5080479629855272,0.8770119907463818,0.9590039969154606,0.13908393522467288
0.49154368167155704,0.8728859204178893,0.9152572802785929,0.15257280278592844
0.47527663666404873,0.8688191591660122,0.8688191591660122,0.16918800805141054
0.4595471810667461,0.8648867952666865,0.819849060355582,0.18932077160011906
0.444706223940703,0.8611765559851757,0.7686275933086263,0.21333381724932932
0.4311454442320273,0.8577863610580068,0.7155727221160136,0.24152725897603644
0.4192792978050073,0.8548198244512518,0.661246257052921,0.2740991222562591
0.4095186024338525,0.8523796506084631,0.6063457349559017,0.3111050361728279
0.4022374223359385,0.8505593555839847,0.5516780667519539,0.35242387419726673
0.39773726412580523,0.8494343160314513,0.4981143867715043,0.39773726412580523
0.39621447348804695,0.8490536183720118,0.44652993403070973,0.44652993403070973
0.39773726412580523,0.8494343160314513,0.39773726412580523,0.4981143867715043
0.4022374223359385,0.8505593555839847,0.35242387419726673,0.5516780667519539
0.4095186024338525,0.8523796506084631,0.3111050361728279,0.6063457349559017
0.4192792978050073,0.8548198244512518,0.2740991222562591,0.661246257052921
0.4311454442320273,0.8577863610580068,0.24152725897603644,0.7155727221160136
0.444706223940703,0.8611765559851757,0.21333381724932932,0.7686275933086263
0.4595471810667461,0.8648867952666865,0.18932077160011906,0.819849060355582
0.47527663666404873,0.8688191591660122,0.16918800805141054,0.8688191591660122
0.49154368167155704,0.8728859204178893,0.15257280278592844,0.9152572802785929
0.5080479629855272,0.8770119907463818,0.13908393522467288,0.9590039969154606
0.5245426889498036,0.8811356722374509,0.12832826307463996,1.0
0.5105097901311975,0.8368365967103992,1.0,0.14339213272959572
0.49335960289510106,0.8311198676317004,0.9577799669079251,0.1555993381585018
0.4762770634336182,0.8254256878112061,0.912712843905603,0.17077201710322887
0.4595471810667461,0.819849060355582,0.8648867952666865,0.18932077160011906
0.44351332508779806,0.8145044416959327,0.8145044416959327,0.21164387720771394
0.4285714285714286,0.8095238095238095,0.7619047619047619,0.23809523809523814
0.41515578540570475,0.8050519284685682,0.7075778927028524,0.26894473175713096
0.40371520600005606,0.8012384020000187,0.6521672035000328,0.3043344070000654
0.394680073233618,0.7982266910778727,0.5964533821557454,0.3442367460030862
0.3884233702748493,0.7961411234249498,0.5413175277061371,0.3884233702748493
0.3852213765057281,0.795073792168576,0.4876844804214401,0.4364529284635841
0.3852213765057281,0.795073792168576,0.4364529284635841,0.4876844804214401
0.3884233702748493,0.7961411234249498,0.3884233702748493,0.5413175277061371
0.394680073233618,0.7982266910778727,0.3442367460030862,0.5964533821557454
0.40371520600005606,0.8012384020000187,0.3043344070000654,0.6521672035000328
0.41515578540570475,0.8050519284685682,0.26894473175713096,0.7075778927028524
0.4285714285714286,0.8095238095238095,0.23809523809523814,0.7619047619047619
0.44351332508779795,0.8145044416959326,0.21164387720771383,0.8145044416959326
0.45954718106674597,0.819849060355582,0.18932077160011895,0.8648867952666865
0.4762770634336182,0.8254256878112061,0.17077201710322887,0.912712843905603
0.49335960289510106,0.8311198676317004,0.1555993381585018,0.9577799669079251
0.5105097901311975,0.8368365967103992,0.14339213272959572,1.0
0.4969338302196178,0.7903890959248407,1.0,0.16155638369936287
0.47924435607670446,0.7830184816986269,0.9566036963397254,0.17547023045478216
0.46172643518049206,0.7757193479918717,0.9102877391967487,0.19258965277073803
0.444706223940703,0.7686275933086263,0.8611765559851757,0.21333381724932932
0.4285714285714286,0.7619047619047619,0.8095238095238095,0.23809523809523814
0.41376163750476214,0.7557340156269843,0.7557340156269843,0.2672020468809527
0.4007485966732932,0.7503119152805389,0.7003742983366466,0.3008733627855088
0.39000571866958134,0.7458357161123256,0.6441700025572559,0.33917286189204654
0.38196855685047426,0.7424868986876976,0.5879790379003162,0.38196855685047426
0.376991042018602,0.7404129341744174,0.5327432815139514,0.42890845518371845
0.3753049524455758,0.7397103968523233,0.4794207937046465,0.4794207937046465
0.376991042018602,0.7404129341744174,0.42890845518371845,0.5327432815139514
0.38196855685047426,0.7424868986876976,0.38196855685047426,0.5879790379003162
0.39000571866958134,0.7458357161123256,0.33917286189204654,0.6441700025572559
0.4007485966732932,0.7503119152805389,0.3008733627855088,0.7003742983366466
0.41376163750476214,0.7557340156269843,0.2672020468809527,0.7557340156269843
0.4285714285714286,0.7619047619047619,0.23809523809523814,0.8095238095238095
0.444706223940703,0.7686275933086263,0.21333381724932932,0.8611765559851757
0.46172643518049206,0.7757193479918717,0.19258965277073803,0.9102877391967487
0.47924435607670446,0.7830184816986269,0.17547023045478216,0.9566036963397254
0.4969338302196178,0.7903890959248407,0.16155638369936287,1.0
0.4840797035291827,0.7420398517645914,1.0,0.18312619725453938
0.46600700861201816,0.733003504306009,0.9555005840510015,0.1990105129180273
0.4482394121539566,0.7241197060769783,0.9080399020256594,0.2183391672181051
0.4311454442320273,0.7155727221160136,0.8577863610580068,0.24152725897603644
0.41515578540570475,0.7075778927028524,0.8050519284685682,0.26894473175713096
0.4007485966732932,0.7003742983366466,0.7503119152805389,0.3008733627855088
0.3884233702748493,0.6942116851374247,0.6942116851374247,0.33745865113108675
0.37866355230580273,0.6893317761529014,0.6375537388450516,0.37866355230580273
0.3718912928917436,0.6859456464458717,0.581260861927829,0.424233685150765
0.36842105263157887,0.6842105263157894,0.5263157894736842,0.4736842105263157
0.36842105263157887,0.6842105263157894,0.4736842105263157,0.5263157894736842
0.3718912928917436,0.6859456464458717,0.424233685150765,0.581260861927829
0.37866355230580273,0.6893317761529014,0.37866355230580273,0.6375537388450516
0.3884233702748493,0.6942116851374247,0.33745865113108675,0.6942116851374247
0.4007485966732932,0.7003742983366466,0.3008733627855088,0.7503119152805389
0.41515578540570464,0.7075778927028523,0.26894473175713085,0.8050519284685682
0.4311454442320273,0.7155727221160136,0.24152725897603644,0.8577863610580068
0.4482394121539566,0.7241197060769783,0.2183391672181051,0.9080399020256594
0.46600700861201816,0.733003504306009,0.1990105129180273,0.9555005840510015
0.4840797035291827,0.7420398517645914,0.18312619725453938,1.0
0.47224060343974905,0.6921403520065202,1.0,0.20836090515962358
0.45398109376805185,0.681488971364697,0.954498424480671,0.2264732161714068
0.4361908171180726,0.6711113099855424,0.9060318028530121,0.2482544228240967
0.4192792978050073,0.661246257052921,0.8548198244512518,0.2740991222562591
0.40371520600005606,0.6521672035000328,0.8012384020000187,0.3043344070000654
0.39000571866958134,0.6441700025572559,0.7458357161123256,0.33917286189204654
0.37866355230580273,0.6375537388450516,0.6893317761529014,0.37866355230580273
0.3701633427022264,0.6325952832429654,0.6325952832429654,0.42264973081037427
0.3648926511700442,0.6295207131825258,0.5765951007800294,0.47074387597503686
0.36310612907886974,0.6284785752960074,0.5223295968091523,0.5223295968091523
0.3648926511700442,0.6295207131825258,0.47074387597503686,0.5765951007800294
0.3701633427022266,0.6325952832429655,0.4226497308103744,0.6325952832429655
0.37866355230580273,0.6375537388450516,0.37866355230580273,0.6893317761529014
0.39000571866958134,0.6441700025572559,0.33917286189204654,0.7458357161123256
0.40371520600005606,0.6521672035000328,0.3043344070000654,0.8012384020000187
0.4192792978050073,0.661246257052921,0.2740991222562591,0.8548198244512518
0.4361908171180726,0.6711113099855424,0.2482544228240967,0.9060318028530121
0.45398109376805185,0.681488971364697,0.2264732161714068,0.954498424480671
0.47224060343974905,0.6921403520065202,0.20836090515962358,1.0
0.46172643518049206,0.6411509567869946,1.0,0.23744578317236376
0.44351332508779806,0.6290088833918654,0.9536261104239832,0.2580177667837308
0.4259621521180722,0.6173081014120482,0.904327025353012,0.28245269014759034
0.4095186024338525,0.6063457349559017,0.8523796506084631,0.3111050361728279
0.394680073233618,0.5964533821557454,0.7982266910778727,0.3442367460030862
0.38196855685047426,0.5879790379003162,0.7424868986876976,0.38196855685047426
0.3718912928917436,0.581260861927829,0.6859456464458717,0.424233685150765
0.3648926511700442,0.5765951007800294,0.6295207131825258,0.47074387597503686
0.3613044455051807,0.5742029636701205,0.5742029636701205,0.5209783341288856
0.3613044455051806,0.5742029636701204,0.5209783341288854,0.5742029636701204
0.3648926511700442,0.5765951007800294,0.47074387597503686,0.6295207131825258
0.3718912928917436,0.581260861927829,0.424233685150765,0.6859456464458717
0.38196855685047426,0.5879790379003162,0.38196855685047426,0.7424868986876976
0.394680073233618,0.5964533821557454,0.3442367460030862,0.7982266910778727
0.4095186024338525,0.6063457349559017,0.3111050361728279,0.8523796506084631
0.4259621521180722,0.6173081014120482,0.28245269014759034,0.904327025353012
0.44351332508779806,0.6290088833918654,0.2580177667837308,0.9536261104239832
0.46172643518049206,0.6411509567869946,0.23744578317236376,1.0
0.4528470968949362,0.5896353226712021,1.0,0.27046279585991495
0.4349420687823866,0.57620655158679,0.9529118390651989,0.2936775859779833
0.41791449991280083,0.5634358749346007,0.9029857499854668,0.3209002498982676
0.4022374223359385,0.5516780667519539,0.8505593555839847,0.35242387419726673
0.3884233702748493,0.5413175277061371,0.7961411234249498,0.3884233702748493
0.376991042018602,0.5327432815139514,0.7404129341744174,0.42890845518371845
0.36842105263157887,0.5263157894736842,0.6842105263157894,0.4736842105263157
0.36310612907886974,0.5223295968091523,0.6284785752960074,0.5223295968091523
0.3613044455051806,0.5209783341288854,0.5742029636701204,0.5742029636701204
0.36310612907886974,0.5223295968091523,0.5223295968091523,0.6284785752960074
0.36842105263157887,0.5263157894736842,0.4736842105263157,0.6842105263157894
0.3769910420186019,0.5327432815139514,0.42890845518371834,0.7404129341744174
0.3884233702748493,0.5413175277061371,0.3884233702748493,0.7961411234249498
0.4022374223359385,0.5516780667519539,0.35242387419726673,0.8505593555839847
0.41791449991280083,0.5634358749346007,0.3209002498982676,0.9029857499854668
0.4349420687823866,0.57620655158679,0.2936775859779833,0.9529118390651989
0.4528470968949362,0.5896353226712021,0.27046279585991495,1.0
0.4458914841524678,0.5382429034603898,1.0,0.3073643551905848
0.4285714285714285,0.5238095238095237,0.9523809523809523,0.33333333333333326
0.4123574717507299,0.5102978931256082,0.9020595786251216,0.3633872610632908
0.39773726412580523,0.4981143867715043,0.8494343160314513,0.39773726412580523
0.3852213765057281,0.4876844804214401,0.795073792168576,0.4364529284635841
0.3753049524455758,0.4794207937046465,0.7397103968523233,0.4794207937046465
0.36842105263157887,0.4736842105263157,0.6842105263157894,0.5263157894736842
0.3648926511700442,0.47074387597503686,0.6295207131825258,0.5765951007800294
0.3648926511700442,0.47074387597503686,0.5765951007800294,0.6295207131825258
0.36842105263157887,0.4736842105263157,0.5263157894736842,0.6842105263157894
0.3753049524455758,0.4794207937046465,0.4794207937046465,0.7397103968523233
0.3852213765057281,0.4876844804214401,0.4364529284635841,0.795073792168576
0.39773726412580523,0.4981143867715043,0.39773726412580523,0.8494343160314513
0.4123574717507299,0.5102978931256082,0.3633872610632908,0.9020595786251216
0.4285714285714285,0.5238095238095237,0.33333333333333326,0.9523809523809523
0.4458914841524678,0.5382429034603898,0.3073643551905848,1.0
0.44110428060085316,0.4876789238841154,1.0,0.3479549940343287
0.42464403821753904,0.4725903683660775,0.9520536698514616,0.3766977080690006
0.4095186024338525,0.4587253855643648,0.9015864337389754,0.4095186024338525
0.39621447348804695,0.44652993403070973,0.8490536183720118,0.44652993403070973
0.3852213765057281,0.4364529284635841,0.795073792168576,0.4876844804214401
0.376991042018602,0.42890845518371845,0.7404129341744174,0.5327432815139514
0.3718912928917436,0.424233685150765,0.6859456464458717,0.581260861927829
0.3701633427022264,0.42264973081037427,0.6325952832429654,0.6325952832429654
0.3718912928917436,0.424233685150765,0.581260861927829,0.6859456464458717
0.3769910420186019,0.42890845518371834,0.5327432815139514,0.7404129341744174
0.3852213765057281,0.4364529284635841,0.4876844804214401,0.795073792168576
0.39621447348804695,0.44652993403070973,0.44652993403070973,0.8490536183720118
0.4095186024338525,0.4587253855643648,0.4095186024338525,0.9015864337389754
0.42464403821753904,0.4725903683660775,0.3766977080690006,0.9520536698514616
0.44110428060085316,0.4876789238841154,0.3479549940343287,1.0
0.43866367633001446,0.43866367633001446,1.0,0.3918856493575156
0.4233168024013447,0.4233168024013447,0.9519430668667788,0.4233168024013447
0.4095186024338525,0.4095186024338525,0.9015864337389754,0.4587253855643648
0.39773726412580523,0.39773726412580523,0.8494343160314513,0.4981143867715043
0.3884233702748493,0.3884233702748493,0.7961411234249498,0.5413175277061371
0.38196855685047426,0.38196855685047426,0.7424868986876976,0.5879790379003162
0.37866355230580273,0.37866355230580273,0.6893317761529014,0.6375537388450516
0.37866355230580273,0.37866355230580273,0.6375537388450516,0.6893317761529014
0.38196855685047426,0.38196855685047426,0.5879790379003162,0.7424868986876976
0.3884233702748493,0.3884233702748493,0.5413175277061371,0.7961411234249498
0.39773726412580523,0.39773726412580523,0.4981143867715043,0.8494343160314513
0.4095186024338525,0.4095186024338525,0.4587253855643648,0.9015864337389754
0.4233168024013447,0.4233168024013447,0.4233168024013447,0.9519430668667788
0.43866367633001446,0.43866367633001446,0.3918856493575156,1.0
0.43866367633001446,0.3918856493575156,1.0,0.43866367633001446
0.42464403821753904,0.3766977080690006,0.9520536698514616,0.4725903683660775
0.4123574717507299,0.3633872610632908,0.9020595786251216,0.5102978931256082
0.4022374223359385,0.35242387419726673,0.8505593555839847,0.5516780667519539
0.394680073233618,0.3442367460030862,0.7982266910778727,0.5964533821557454
0.39000571866958134,0.33917286189204654,0.7458357161123256,0.6441700025572559
0.3884233702748493,0.33745865113108675,0.6942116851374247,0.6942116851374247
0.39000571866958134,0.33917286189204654,0.6441700025572559,0.7458357161123256
0.394680073233618,0.3442367460030862,0.5964533821557454,0.7982266910778727
0.4022374223359385,0.35242387419726673,0.5516780667519539,0.8505593555839847
0.4123574717507299,0.3633872610632908,0.5102978931256082,0.9020595786251216
0.42464403821753904,0.3766977080690006,0.4725903683660775,0.9520536698514616
0.43866367633001446,0.3918856493575156,0.43866367633001446,1.0
0.44110428060085316,0.3479549940343287,1.0,0.4876789238841154
0.4285714285714285,0.33333333333333326,0.9523809523809523,0.5238095238095237
0.41791449991280083,0.3209002498982676,0.9029857499854668,0.5634358749346007
0.4095186024338525,0.3111050361728279,0.8523796506084631,0.6063457349559017
0.40371520600005606,0.3043344070000654,0.8012384020000187,0.6521672035000328
0.4007485966732932,0.3008733627855088,0.7503119152805389,0.7003742983366466
0.4007485966732932,0.3008733627855088,0.7003742983366466,0.7503119152805389
0.40371520600005595,0.3043344070000653,0.6521672035000327,0.8012384020000186
0.4095186024338525,0.3111050361728279,0.6063457349559017,0.8523796506084631
0.41791449991280083,0.3209002498982676,0.5634358749346007,0.9029857499854668
0.4285714285714285,0.33333333333333326,0.5238095238095237,0.9523809523809523
0.44110428060085316,0.3479549940343287,0.4876789238841154,1.0
0.4458914841524678,0.3073643551905848,1.0,0.5382429034603898
0.4349420687823866,0.2936775859779833,0.9529118390651989,0.57620655158679
0.4259621521180722,0.28245269014759034,0.904327025353012,0.6173081014120482
0.4192792978050073,0.2740991222562591,0.8548198244512518,0.661246257052921
0.41515578540570475,0.26894473175713096,0.8050519284685682,0.7075778927028524
0.41376163750476225,0.26720204688095284,0.7557340156269843,0.7557340156269843
0.41515578540570475,0.26894473175713096,0.7075778927028524,0.8050519284685682
0.4192792978050073,0.2740991222562591,0.661246257052921,0.8548198244512518
0.4259621521180722,0.28245269014759034,0.6173081014120482,0.904327025353012
0.4349420687823866,0.2936775859779833,0.57620655158679,0.9529118390651989
0.4458914841524678,0.3073643551905848,0.5382429034603898,1.0
0.4528470968949361,0.27046279585991484,1.0,0.5896353226712021
0.44351332508779806,0.2580177667837308,0.9536261104239832,0.6290088833918654
0.4361908171180725,0.2482544228240966,0.9060318028530121,0.6711113099855422
0.4311454442320273,0.24152725897603644,0.8577863610580068,0.7155727221160136
0.4285714285714285,0.23809523809523803,0.8095238095238095,0.7619047619047619
0.4285714285714286,0.23809523809523814,0.7619047619047619,0.8095238095238095
0.4311454442320273,0.24152725897603644,0.7155727221160136,0.8577863610580068
0.4361908171180725,0.2482544228240966,0.6711113099855422,0.9060318028530121
0.44351332508779806,0.2580177667837308,0.6290088833918654,0.9536261104239832
0.4528470968949361,0.27046279585991484,0.5896353226712021,1.0
0.46172643518049206,0.23744578317236376,1.0,0.6411509567869946
0.45398109376805185,0.2264732161714068,0.954498424480671,0.681488971364697
0.4482394121539566,0.2183391672181051,0.9080399020256594,0.7241197060769783
0.4447062239407029,0.2133338172493291,0.8611765559851757,0.7686275933086262
0.44351332508779795,0.21164387720771383,0.8145044416959326,0.8145044416959326
0.4447062239407029,0.2133338172493291,0.7686275933086262,0.8611765559851757
0.4482394121539566,0.2183391672181051,0.7241197060769783,0.9080399020256594
0.45398109376805185,0.2264732161714068,0.681488971364697,0.954498424480671
0.46172643518049206,0.23744578317236376,0.6411509567869946,1.0
0.47224060343974905,0.20836090515962358,1.0,0.6921403520065202
0.46600700861201816,0.1990105129180273,0.9555005840510015,0.733003504306009
0.46172643518049206,0.19258965277073803,0.9102877391967487,0.7757193479918717
0.45954718106674597,0.18932077160011895,0.8648867952666865,0.819849060355582
0.45954718106674597,0.18932077160011895,0.819849060355582,0.8648867952666865
0.46172643518049206,0.19258965277073803,0.7757193479918717,0.9102877391967487
0.46600700861201816,0.1990105129180273,0.733003504306009,0.9555005840510015
0.47224060343974905,0.20836090515962358,0.6921403520065202,1.0
0.4840797035291827,0.18312619725453938,1.0,0.7420398517645914
0.47924435607670446,0.17547023045478216,0.9566036963397254,0.7830184816986269
0.4762770634336182,0.17077201710322887,0.912712843905603,0.8254256878112061
0.47527663666404873,0.16918800805141054,0.8688191591660122,0.8688191591660122
0.4762770634336182,0.17077201710322887,0.8254256878112061,0.912712843905603
0.47924435607670446,0.17547023045478216,0.7830184816986269,0.9566036963397254
0.4840797035291827,0.18312619725453938,0.7420398517645914,1.0
0.4969338302196178,0.16155638369936287,1.0,0.7903890959248407
0.49335960289510106,0.1555993381585018,0.9577799669079251,0.8311198676317004
0.49154368167155704,0.15257280278592844,0.9152572802785929,0.8728859204178893
0.49154368167155704,0.15257280278592844,0.8728859204178893,0.9152572802785929
0.49335960289510106,0.1555993381585018,0.8311198676317004,0.9577799669079251
0.4969338302196178,0.16155638369936287,0.7903890959248407,1.0
0.5105097901311975,0.14339213272959572,1.0,0.8368365967103992
0.5080479629855272,0.13908393522467288,0.9590039969154606,0.8770119907463818
0.5072190625880909,0.13763335952915912,0.9178698437646818,0.9178698437646818
0.5080479629855272,0.13908393522467288,0.8770119907463818,0.9590039969154606
0.5105097901311975,0.14339213272959572,0.8368365967103992,1.0
0.5245426889498036,0.12832826307463996,1.0,0.8811356722374509
0.5230428198897015,0.1255785031311193,0.9602535683241418,0.9205071366482835
0.5230428198897015,0.1255785031311193,0.9205071366482835,0.9602535683241418
0.5245426889498036,0.12832826307463996,0.8811356722374509,1.0
0.5388025347855472,0.1160381916722989,1.0,0.9231337557975912
0.5381197846482993,0.11472958724257387,0.9615099820540249,0.9615099820540249
0.5388025347855472,0.1160381916722989,0.9231337557975912,1.0
0.5530966463656848,0.10619329273136968,1.0,0.9627580538638071
0.5530966463656848,0.10619329273136968,0.9627580538638071,1.0
0.5672689324152287,0.09847694253172634,1.0,1.0
0.5237168514592474,1.0,1.0,0.1207080334632259
0.5082948415930479,1.0,0.9621765262763883,0.13006010435693116
0.49282169548343413,1.0,0.9219725685359129,0.14169825389504243
0.47748588381220847,1.0,0.8794198193412789,0.1559387353889522
0.46251615011343006,1.0,0.8346203538810554,0.173101769405277
0.44818073202858844,1.0,0.7877618200109955,0.19349491604178315
0.4347826086956522,1.0,0.7391304347826086,0.21739130434782616
0.42264973081037416,1.0,0.6891190858209707,0.24500349413664313
0.4121196788600251,1.0,0.6382274946830924,0.27645498936618473
0.40351909193653934,1.0,0.5870516790329887,0.3117527983883146
0.3971394355117813,1.0,0.5362611042398318,0.3507655459357645
0.39321196358786237,1.0,0.48656396918972966,0.39321196358786237
0.3918856493575156,1.0,0.43866367633001446,0.43866367633001446
0.39321196358786237,1.0,0.39321196358786237,0.48656396918972966
0.3971394355117813,1.0,0.3507655459357645,0.5362611042398318
0.40351909193653934,1.0,0.3117527983883146,0.5870516790329887
0.4121196788600251,1.0,0.27645498936618473,0.6382274946830924
0.42264973081037427,1.0,0.24500349413664335,0.6891190858209708
0.4347826086956522,1.0,0.21739130434782616,0.7391304347826086
0.44818073202858844,1.0,0.19349491604178315,0.7877618200109955
0.46251615011343006,1.0,0.173101769405277,0.8346203538810554
0.47748588381220847,1.0,0.1559387353889522,0.8794198193412789
0.49282169548343424,1.0,0.14169825389504254,0.9219725685359129
0.5082948415930479,1.0,0.13006010435693116,0.9621765262763883
0.5237168514592474,1.0,0.1207080334632259,1.0
0.5082948415930479,0.9621765262763883,1.0,0.13006010435693116
0.4920479676430337,0.9609267667417718,0.9609267667417718,0.14038886831898012
0.4757894049454173,0.9596761080727244,0.9193522161454488,0.1531982695272126
0.45973843729980113,0.9584414182538309,0.8753242547614926,0.16882836507661725
0.44416013774828333,0.9572430875190987,0.8289723500763948,0.18761866286287576
0.4293633343020088,0.9561048718693853,0.7805243593469264,0.20988769364893523
0.41569345253185686,0.9550533425024506,0.7303200550147031,0.23590682254165896
0.40351909193653945,0.9541168532258877,0.6788179725812136,0.2658696516142024
0.3932119635878625,0.9533239971990664,0.6265919775925308,0.2998599579859952
0.3851210992074773,0.9527016230159597,0.574314607143638,0.337822722223437
0.379543852125648,0.9522726040096652,0.5227260400966522,0.379543852125648
0.3766977080690006,0.9520536698514616,0.4725903683660775,0.42464403821753904
0.3766977080690006,0.9520536698514616,0.42464403821753904,0.4725903683660775
0.379543852125648,0.9522726040096652,0.379543852125648,0.5227260400966522
0.3851210992074773,0.9527016230159597,0.337822722223437,0.574314607143638
0.3932119635878625,0.9533239971990664,0.2998599579859952,0.6265919775925308
0.40351909193653934,0.9541168532258877,0.2658696516142023,0.6788179725812136
0.41569345253185686,0.9550533425024506,0.23590682254165896,0.7303200550147031
0.4293633343020087,0.9561048718693853,0.20988769364893511,0.7805243593469264
0.44416013774828333,0.9572430875190987,0.18761866286287576,0.8289723500763948
0.45973843729980113,0.9584414182538309,0.16882836507661725,0.8753242547614926
0.4757894049454173,0.9596761080727244,0.1531982695272126,0.9193522161454488
0.4920479676430337,0.9609267667417718,0.14038886831898012,0.9609267667417718
0.5082948415930479,0.9621765262763883,0.13006010435693116,1.0
0.49282169548343413,0.9219725685359129,1.0,0.14169825389504243
0.4757894049454173,0.9193522161454488,0.9596761080727244,0.1531982695272126
0.4588029187416427,0.9167389105756374,0.9167389105756374,0.16738910575637334
0.44211660195026303,0.9141717849154251,0.8712576773731376,0.18463195669653842
0.42603597860514764,0.9116978428623304,0.8233956857246608,0.20528058576097363
0.41091376924172307,0.9093713491141112,0.7734283727852781,0.2296564674699456
0.3971394355117813,0.9072522208479663,0.721756662543899,0.2580177667837308
0.3851210992074773,0.9054032460319196,0.6689113611117186,0.29052434523939685
0.3752598692681235,0.9038861337335574,0.6155445349342299,0.32720293613490214
0.3679183701757903,0.902756672334737,0.5624050255063164,0.3679183701757903
0.3633872610632908,0.9020595786251216,0.5102978931256082,0.4123574717507299
0.36185509822403916,0.9018238612652368,0.46003123695880244,0.46003123695880244
0.3633872610632908,0.9020595786251216,0.4123574717507299,0.5102978931256082
0.3679183701757902,0.902756672334737,0.3679183701757902,0.5624050255063162
0.3752598692681235,0.9038861337335574,0.32720293613490214,0.6155445349342299
0.3851210992074773,0.9054032460319196,0.29052434523939685,0.6689113611117186
0.3971394355117813,0.9072522208479663,0.2580177667837308,0.721756662543899
0.41091376924172307,0.9093713491141112,0.2296564674699456,0.7734283727852781
0.42603597860514764,0.9116978428623304,0.20528058576097363,0.8233956857246608
0.44211660195026303,0.9141717849154251,0.18463195669653842,0.8712576773731376
0.4588029187416427,0.9167389105756374,0.16738910575637334,0.9167389105756374
0.4757894049454173,0.9193522161454488,0.1531982695272126,0.9596761080727244
0.49282169548343413,0.9219725685359129,0.14169825389504243,1.0
0.47748588381220847,0.8794198193412789,1.0,0.1559387353889522
0.45973843729980113,0.8753242547614926,0.9584414182538309,0.16882836507661725
0.44211660195026303,0.8712576773731376,0.9141717849154251,0.18463195669653842
0.42491385823504857,0.8672878134388573,0.8672878134388573,0.20372688063314415
0.40847951824872286,0.8634952734420129,0.817993697922684,0.2264732161714068
0.3932119635878625,0.8599719915971991,0.7666199859953318,0.25318395518506154
0.379543852125648,0.8568178120289958,0.7136356240579914,0.2840890601449785
0.3679183701757902,0.8541350085021054,0.6596483531715793,0.31929670634315865
0.35875728923291283,0.852020912899903,0.6053891010664079,0.35875728923291283
0.35242387419726673,0.8505593555839847,0.5516780667519539,0.4022374223359385
0.34918597338171353,0.8498121477034724,0.4993738256782412,0.4493112082460653
0.34918597338171353,0.8498121477034724,0.4493112082460653,0.4993738256782412
0.35242387419726673,0.8505593555839847,0.4022374223359385,0.5516780667519539
0.35875728923291295,0.852020912899903,0.35875728923291295,0.605389101066408
0.3679183701757902,0.8541350085021054,0.31929670634315865,0.6596483531715793
0.379543852125648,0.8568178120289958,0.2840890601449785,0.7136356240579914
0.3932119635878625,0.8599719915971991,0.25318395518506154,0.7666199859953318
0.40847951824872286,0.8634952734420129,0.2264732161714068,0.817993697922684
0.42491385823504857,0.8672878134388573,0.20372688063314415,0.8672878134388573
0.44211660195026303,0.8712576773731376,0.18463195669653842,0.9141717849154251
0.45973843729980113,0.8753242547614926,0.16882836507661725,0.9584414182538309
0.47748588381220847,0.8794198193412789,0.1559387353889522,1.0
0.46251615011343006,0.8346203538810554,1.0,0.173101769405277
0.44416013774828333,0.8289723500763948,0.9572430875190987,0.18761866286287576
0.42603597860514764,0.8233956857246608,0.9116978428623304,0.20528058576097363
0.40847951824872286,0.817993697922684,0.8634952734420129,0.2264732161714068
0.3918856493575156,0.8128878921100048,0.8128878921100048,0.25155156844001925
0.3766977080690006,0.8082146794058463,0.7602683492573079,0.28080504777192383
0.3633872610632908,0.8041191572502433,0.706178735875365,0.31441705037585155
0.35242387419726673,0.8007458074453129,0.6513051630292974,0.35242387419726673
0.3442367460030862,0.7982266910778727,0.5964533821557454,0.394680073233618
0.33917286189204654,0.7966685728898605,0.5425042890021861,0.44083857544711624
0.33745865113108675,0.7961411234249498,0.4903528085623745,0.4903528085623745
0.33917286189204654,0.7966685728898605,0.44083857544711624,0.5425042890021861
0.3442367460030862,0.7982266910778727,0.394680073233618,0.5964533821557454
0.35242387419726673,0.8007458074453129,0.35242387419726673,0.6513051630292974
0.3633872610632908,0.8041191572502433,0.31441705037585155,0.706178735875365
0.3766977080690006,0.8082146794058463,0.28080504777192383,0.7602683492573079
0.3918856493575156,0.8128878921100048,0.25155156844001925,0.8128878921100048
0.40847951824872286,0.817993697922684,0.2264732161714068,0.8634952734420129
0.42603597860514764,0.8233956857246608,0.20528058576097363,0.9116978428623304
0.44416013774828333,0.8289723500763948,0.18761866286287576,0.9572430875190987
0.46251615011343006,0.8346203538810554,0.173101769405277,1.0
0.44818073202858844,0.7877618200109955,1.0,0.19349491604178315
0.4293633343020087,0.7805243593469264,0.9561048718693853,0.20988769364893511
0.41091376924172307,0.7734283727852781,0.9093713491141112,0.2296564674699456
0.39321196358786237,0.7666199859953317,0.8599719915971991,0.2531839551850613
0.3766977080690006,0.7602683492573079,0.8082146794058463,0.28080504777192383
0.36185509822403916,0.754559653163092,0.754559653163092,0.31276702885665764
0.34918597338171353,0.7496869128391206,0.6996242954069447,0.34918597338171353
0.33917286189204654,0.7458357161123256,0.6441700025572559,0.39000571866958134
0.33223485398123165,0.743167251531243,0.5890676024499887,0.4349679533687345
0.3286828866573811,0.7418011102528389,0.53524199845511,0.4836022205056778
0.3286828866573811,0.7418011102528389,0.4836022205056778,0.53524199845511
0.33223485398123165,0.743167251531243,0.4349679533687345,0.5890676024499887
0.33917286189204654,0.7458357161123256,0.39000571866958134,0.6441700025572559
0.34918597338171353,0.7496869128391206,0.34918597338171353,0.6996242954069447
0.36185509822403916,0.754559653163092,0.31276702885665764,0.754559653163092
0.3766977080690005,0.7602683492573079,0.2808050477719237,0.8082146794058463
0.39321196358786237,0.7666199859953317,0.2531839551850613,0.8599719915971991
0.41091376924172307,0.7734283727852781,0.2296564674699456,0.9093713491141112
0.4293633343020087,0.7805243593469264,0.20988769364893511,0.9561048718693853
0.44818073202858844,0.7877618200109955,0.19349491604178315,1.0
0.4347826086956522,0.7391304347826086,1.0,0.21739130434782616
0.41569345253185686,0.7303200550147031,0.9550533425024506,0.23590682254165896
0.3971394355117813,0.721756662543899,0.9072522208479663,0.2580177667837308
0.379543852125648,0.7136356240579914,0.8568178120289958,0.2840890601449785
0.3633872610632908,0.706178735875365,0.8041191572502433,0.31441705037585155
0.34918597338171353,0.6996242954069447,0.7496869128391206,0.34918597338171353
0.33745865113108675,0.6942116851374247,0.6942116851374247,0.3884233702748493
0.3286828866573811,0.6901613323034066,0.6385215543539744,0.4319624425562455
0.3232470318160404,0.6876524762227879,0.5835366349637172,0.4794207937046465
0.3214055237365553,0.6868025494168717,0.5302038241253075,0.5302038241253075
0.3232470318160404,0.6876524762227879,0.4794207937046465,0.5835366349637172
0.3286828866573811,0.6901613323034066,0.4319624425562455,0.6385215543539744
0.33745865113108675,0.6942116851374247,0.3884233702748493,0.6942116851374247
0.34918597338171353,0.6996242954069447,0.34918597338171353,0.7496869128391206
0.36338726106329056,0.7061787358753648,0.31441705037585144,0.8041191572502433
0.379543852125648,0.7136356240579914,0.2840890601449785,0.8568178120289958
0.3971394355117813,0.721756662543899,0.2580177667837308,0.9072522208479663
0.41569345253185686,0.7303200550147031,0.23590682254165896,0.9550533425024506
0.4347826086956522,0.7391304347826086,0.21739130434782616,1.0
0.42264973081037416,0.6891190858209707,1.0,0.24500349413664313
0.40351909193653934,0.6788179725812136,0.9541168532258877,0.2658696516142023
0.3851210992074773,0.6689113611117186,0.9054032460319196,0.29052434523939685
0.3679183701757902,0.6596483531715793,0.8541350085021054,0.31929670634315865
0.35242387419726673,0.6513051630292974,0.8007458074453129,0.35242387419726673
0.33917286189204654,0.6441700025572559,0.7458357161123256,0.39000571866958134
0.3286828866573811,0.6385215543539744,0.6901613323034066,0.4319624425562455
0.3214055237365553,0.6346029743196836,0.6346029743196836,0.47800424902811944
0.31767695459407863,0.6325952832429654,0.5801088951348177,0.5276225070266698
0.31767695459407863,0.6325952832429654,0.5276225070266698,0.5801088951348177
0.3214055237365553,0.6346029743196836,0.47800424902811944,0.6346029743196836
0.3286828866573811,0.6385215543539744,0.4319624425562455,0.6901613323034066
0.33917286189204654,0.6441700025572559,0.39000571866958134,0.7458357161123256
0.35242387419726673,0.6513051630292974,0.35242387419726673,0.8007458074453129
0.3679183701757902,0.6596483531715793,0.31929670634315865,0.8541350085021054
0.3851210992074773,0.6689113611117186,0.29052434523939685,0.9054032460319196
0.40351909193653934,0.6788179725812136,0.2658696516142023,0.9541168532258877
0.42264973081037416,0.6891190858209707,0.24500349413664313,1.0
0.4121196788600251,0.6382274946830924,1.0,0.27645498936618473
0.39321196358786237,0.6265919775925306,0.9533239971990664,0.2998599579859951
0.3752598692681235,0.6155445349342299,0.9038861337335574,0.32720293613490214
0.35875728923291283,0.6053891010664079,0.852020912899903,0.35875728923291283
0.3442367460030862,0.5964533821557454,0.7982266910778727,0.394680073233618
0.33223485398123165,0.5890676024499887,0.743167251531243,0.4349679533687345
0.3232470318160404,0.5835366349637172,0.6876524762227879,0.4794207937046465
0.31767695459407863,0.5801088951348177,0.6325952832429654,0.5276225070266698
0.3157894736842104,0.5789473684210527,0.5789473684210527,0.5789473684210527
0.31767695459407863,0.5801088951348177,0.5276225070266698,0.6325952832429654
0.3232470318160404,0.5835366349637172,0.4794207937046465,0.6876524762227879
0.33223485398123165,0.5890676024499887,0.4349679533687345,0.743167251531243
0.3442367460030862,0.5964533821557454,0.394680073233618,0.7982266910778727
0.35875728923291283,0.6053891010664079,0.35875728923291283,0.852020912899903
0.3752598692681235,0.6155445349342299,0.32720293613490214,0.9038861337335574
0.39321196358786237,0.6265919775925306,0.2998599579859951,0.9533239971990664
0.4121196788600251,0.6382274946830924,0.27645498936618473,1.0
0.40351909193653934,0.5870516790329887,1.0,0.3117527983883146
0.3851210992074773,0.574314607143638,0.9527016230159597,0.337822722223437
0.3679183701757903,0.5624050255063164,0.902756672334737,0.3679183701757903
0.35242387419726673,0.5516780667519539,0.8505593555839847,0.4022374223359385
0.33917286189204654,0.5425042890021861,0.7966685728898605,0.44083857544711624
0.3286828866573811,0.53524199845511,0.7418011102528389,0.4836022205056778
0.3214055237365553,0.5302038241253075,0.6868025494168717,0.5302038241253075
0.31767695459407863,0.5276225070266698,0.6325952832429654,0.5801088951348177
0.31767695459407863,0.5276225070266698,0.5801088951348177,0.6325952832429654
0.3214055237365553,0.5302038241253075,0.5302038241253075,0.6868025494168717
0.3286828866573811,0.53524199845511,0.4836022205056778,0.7418011102528389
0.33917286189204654,0.5425042890021861,0.44083857544711624,0.7966685728898605
0.35242387419726673,0.5516780667519539,0.4022374223359385,0.8505593555839847
0.3679183701757903,0.5624050255063164,0.3679183701757903,0.902756672334737
0.3851210992074773,0.574314607143638,0.337822722223437,0.9527016230159597
0.40351909193653934,0.5870516790329887,0.3117527983883146,1.0
0.3971394355117813,0.5362611042398318,1.0,0.3507655459357645
0.379543852125648,0.5227260400966522,0.9522726040096652,0.379543852125648
0.3633872610632908,0.5102978931256082,0.9020595786251216,0.4123574717507299
0.34918597338171353,0.4993738256782412,0.8498121477034724,0.4493112082460653
0.33745865113108675,0.4903528085623745,0.7961411234249498,0.4903528085623745
0.3286828866573811,0.4836022205056778,0.7418011102528389,0.53524199845511
0.3232470318160404,0.4794207937046465,0.6876524762227879,0.5835366349637172
0.3214055237365553,0.47800424902811944,0.6346029743196836,0.6346029743196836
0.3232470318160404,0.4794207937046465,0.5835366349637172,0.6876524762227879
0.3286828866573811,0.4836022205056778,0.53524199845511,0.7418011102528389
0.33745865113108675,0.4903528085623745,0.4903528085623745,0.7961411234249498
0.34918597338171353,0.4993738256782412,0.4493112082460653,0.8498121477034724
0.3633872610632908,0.5102978931256082,0.4123574717507299,0.9020595786251216
0.379543852125648,0.5227260400966522,0.379543852125648,0.9522726040096652
0.3971394355117813,0.5362611042398318,0.3507655459357645,1.0
0.39321196358786237,0.48656396918972966,1.0,0.39321196358786237
0.3766977080690006,0.4725903683660775,0.9520536698514616,0.42464403821753904
0.36185509822403916,0.46003123695880244,0.9018238612652368,0.46003123695880244
0.34918597338171353,0.4493112082460653,0.8498121477034724,0.4993738256782412
0.33917286189204654,0.44083857544711624,0.7966685728898605,0.5425042890021861
0.33223485398123165,0.4349679533687345,0.743167251531243,0.5890676024499887
0.3286828866573811,0.4319624425562455,0.6901613323034066,0.6385215543539744
0.3286828866573811,0.4319624425562455,0.6385215543539744,0.6901613323034066
0.33223485398123165,0.4349679533687345,0.5890676024499887,0.743167251531243
0.33917286189204654,0.44083857544711624,0.5425042890021861,0.7966685728898605
0.34918597338171353,0.4493112082460653,0.4993738256782412,0.8498121477034724
0.36185509822403916,0.46003123695880244,0.46003123695880244,0.9018238612652368
0.3766977080690006,0.4725903683660775,0.42464403821753904,0.9520536698514616
0.39321196358786237,0.48656396918972966,0.39321196358786237,1.0
0.3918856493575156,0.43866367633001446,1.0,0.43866367633001446
0.3766977080690006,0.42464403821753904,0.9520536698514616,0.4725903683660775
0.3633872610632908,0.4123574717507299,0.9020595786251216,0.5102978931256082
0.35242387419726673,0.4022374223359385,0.8505593555839847,0.5516780667519539
0.3442367460030862,0.394680073233618,0.7982266910778727,0.5964533821557454
0.33917286189204654,0.39000571866958134,0.7458357161123256,0.6441700025572559
0.33745865113108675,0.3884233702748493,0.6942116851374247,0.6942116851374247
0.33917286189204654,0.39000571866958134,0.6441700025572559,0.7458357161123256
0.3442367460030862,0.394680073233618,0.5964533821557454,0.7982266910778727
0.35242387419726673,0.4022374223359385,0.5516780667519539,0.8505593555839847
0.3633872610632908,0.4123574717507299,0.5102978931256082,0.9020595786251216
0.3766977080690006,0.42464403821753904,0.4725903683660775,0.9520536698514616
0.3918856493575156,0.43866367633001446,0.43866367633001446,1.0
0.39321196358786237,0.39321196358786237,1.0,0.48656396918972966
0.379543852125648,0.379543852125648,0.9522726040096652,0.5227260400966522
0.3679183701757903,0.3679183701757903,0.902756672334737,0.5624050255063164
0.35875728923291295,0.35875728923291295,0.852020912899903,0.605389101066408
0.35242387419726673,0.35242387419726673,0.8007458074453129,0.6513051630292974
0.34918597338171353,0.34918597338171353,0.7496869128391206,0.6996242954069447
0.34918597338171353,0.34918597338171353,0.6996242954069447,0.7496869128391206
0.35242387419726673,0.35242387419726673,0.6513051630292974,0.8007458074453129
0.35875728923291283,0.35875728923291283,0.6053891010664079,0.852020912899903
0.3679183701757903,0.3679183701757903,0.5624050255063164,0.902756672334737
0.379543852125648,0.379543852125648,0.5227260400966522,0.9522726040096652
0.39321196358786237,0.39321196358786237,0.48656396918972966,1.0
0.3971394355117813,0.3507655459357645,1.0,0.5362611042398318
0.3851210992074773,0.337822722223437,0.9527016230159597,0.574314607143638
0.3752598692681235,0.32720293613490214,0.9038861337335574,0.6155445349342299
0.3679183701757902,0.31929670634315865,0.8541350085021054,0.6596483531715793
0.3633872610632908,0.31441705037585155,0.8041191572502433,0.706178735875365
0.3618550982240393,0.31276702885665775,0.754559653163092,0.754559653163092
0.3633872610632908,0.31441705037585155,0.706178735875365,0.8041191572502433
0.3679183701757902,0.31929670634315865,0.6596483531715793,0.8541350085021054
0.3752598692681235,0.32720293613490214,0.6155445349342299,0.9038861337335574
0.3851210992074773,0.337822722223437,0.574314607143638,0.9527016230159597
0.3971394355117813,0.3507655459357645,0.5362611042398318,1.0
0.40351909193653934,0.3117527983883146,1.0,0.5870516790329887
0.39321196358786237,0.2998599579859951,0.9533239971990664,0.6265919775925306
0.3851210992074773,0.29052434523939685,0.9054032460319196,0.6689113611117186
0.379543852125648,0.2840890601449785,0.8568178120289958,0.7136356240579914
0.3766977080690006,0.28080504777192383,0.8082146794058463,0.7602683492573079
0.3766977080690005,0.2808050477719237,0.7602683492573079,0.8082146794058463
0.379543852125648,0.2840890601449785,0.7136356240579914,0.8568178120289958
0.3851210992074773,0.29052434523939685,0.6689113611117186,0.9054032460319196
0.39321196358786237,0.2998599579859951,0.6265919775925306,0.9533239971990664
0.40351909193653934,0.3117527983883146,0.5870516790329887,1.0
0.4121196788600251,0.27645498936618473,1.0,0.6382274946830924
0.40351909193653934,0.2658696516142023,0.9541168532258877,0.6788179725812136
0.3971394355117813,0.2580177667837308,0.9072522208479663,0.721756662543899
0.3932119635878625,0.25318395518506154,0.8599719915971991,0.7666199859953318
0.3918856493575156,0.25155156844001925,0.8128878921100048,0.8128878921100048
0.3932119635878625,0.25318395518506154,0.7666199859953318,0.8599719915971991
0.3971394355117813,0.2580177667837308,0.721756662543899,0.9072522208479663
0.40351909193653934,0.2658696516142023,0.6788179725812136,0.9541168532258877
0.4121196788600251,0.27645498936618473,0.6382274946830924,1.0
0.42264973081037427,0.24500349413664335,1.0,0.6891190858209708
0.41569345253185686,0.23590682254165896,0.9550533425024506,0.7303200550147031
0.41091376924172307,0.2296564674699456,0.9093713491141112,0.7734283727852781
0.40847951824872286,0.2264732161714068,0.8634952734420129,0.817993697922684
0.40847951824872286,0.2264732161714068,0.817993697922684,0.8634952734420129
0.41091376924172307,0.2296564674699456,0.7734283727852781,0.9093713491141112
0.41569345253185686,0.23590682254165896,0.7303200550147031,0.9550533425024506
0.42264973081037427,0.24500349413664335,0.6891190858209708,1.0
0.4347826086956522,0.21739130434782616,1.0,0.7391304347826086
0.4293633343020087,0.20988769364893511,0.9561048718693853,0.7805243593469264
0.42603597860514764,0.20528058576097363,0.9116978428623304,0.8233956857246608
0.42491385823504857,0.20372688063314415,0.8672878134388573,0.8672878134388573
0.42603597860514764,0.20528058576097363,0.8233956857246608,0.9116978428623304
0.4293633343020087,0.20988769364893511,0.7805243593469264,0.9561048718693853
0.4347826086956522,0.21739130434782616,0.7391304347826086,1.0
0.44818073202858844,0.19349491604178315,1.0,0.7877618200109955
0.44416013774828333,0.18761866286287576,0.9572430875190987,0.8289723500763948
0.44211660195026303,0.18463195669653842,0.9141717849154251,0.8712576773731376
0.44211660195026303,0.18463195669653842,0.8712576773731376,0.9141717849154251
0.44416013774828333,0.18761866286287576,0.8289723500763948,0.9572430875190987
0.44818073202858844,0.19349491604178315,0.7877618200109955,1.0
0.46251615011343006,0.173101769405277,1.0,0.8346203538810554
0.45973843729980113,0.16882836507661725,0.9584414182538309,0.8753242547614926
0.4588029187416427,0.16738910575637334,0.9167389105756374,0.9167389105756374
0.45973843729980113,0.16882836507661725,0.8753242547614926,0.9584414182538309
0.46251615011343006,0.173101769405277,0.8346203538810554,1.0
0.47748588381220847,0.1559387353889522,1.0,0.8794198193412789
0.4757894049454173,0.1531982695272126,0.9596761080727244,0.9193522161454488
0.4757894049454173,0.1531982695272126,0.9193522161454488,0.9596761080727244
0.47748588381220847,0.1559387353889522,0.8794198193412789,1.0
0.49282169548343424,0.14169825389504254,1.0,0.9219725685359129
0.4920479676430337,0.14038886831898012,0.9609267667417718,0.9609267667417718
0.49282169548343424,0.14169825389504254,0.9219725685359129,1.0
0.5082948415930479,0.13006010435693116,1.0,0.9621765262763883
0.5082948415930479,0.13006010435693116,0.9621765262763883,1.0
0.5237168514592474,0.1207080334632259,1.0,1.0
0.4800530531042547,1.0,1.0,0.14580144438556142
0.4635188343324569,1.0,0.9616799167380327,0.15695816823671793
0.44703324612664497,1.0,0.9210047494466636,0.1705498691899675
0.43081906027278083,1.0,0.8780326557727387,0.18688437181825823
0.41514160959790036,1.0,0.8328976027422572,0.20626361302572194
0.40030588837063286,1.0,0.7858235315609403,0.22896471361938509
0.3866488639263471,1.0,0.737135227397006,0.2552164776248501
0.37452612774772165,1.0,0.6872630638738608,0.2851727174259676
0.36429274713890036,1.0,0.6367387126508002,0.31888508622025036
0.356279314179616,1.0,0.5861795591154675,0.356279314179616
0.3507655459357645,1.0,0.5362611042398318,0.3971394355117813
0.3479549940343287,1.0,0.4876789238841154,0.44110428060085316
0.3479549940343287,1.0,0.44110428060085316,0.4876789238841154
0.3507655459357645,1.0,0.3971394355117813,0.5362611042398318
0.356279314179616,1.0,0.356279314179616,0.5861795591154675
0.36429274713890036,1.0,0.31888508622025036,0.6367387126508002
0.37452612774772165,1.0,0.2851727174259676,0.6872630638738608
0.3866488639263471,1.0,0.2552164776248501,0.737135227397006
0.40030588837063286,1.0,0.22896471361938509,0.7858235315609403
0.41514160959790036,1.0,0.20626361302572194,0.8328976027422572
0.43081906027278083,1.0,0.18688437181825823,0.8780326557727387
0.44703324612664497,1.0,0.1705498691899675,0.9210047494466636
0.4635188343324569,1.0,0.15695816823671793,0.9616799167380327
0.4800530531042547,1.0,0.14580144438556142,1.0
0.4635188343324569,0.9616799167380327,1.0,0.15695816823671793
0.44616855950953516,0.9604406113935382,0.9604406113935382,0.1692528392643028
0.4289280884863971,0.9592091491775998,0.9184182983551996,0.1841829835519958
0.41205526420786875,0.9580039474434192,0.8740118423302576,0.20207500142496482
0.3958554071970557,0.9568468147997897,0.8273872591991588,0.22324266639621437
0.3806764627146677,0.9557626044796191,0.7788130223980956,0.24796427615352512
0.36689811569541164,0.9547784368353865,0.7286706210123193,0.27645498936618473
0.35491405138227194,0.9539224322415909,0.677457025691136,0.30883648362386285
0.3451076223850168,0.9532219730275012,0.6257757842200096,0.3451076223850168
0.337822722223437,0.9527016230159597,0.574314607143638,0.3851210992074773
0.33333333333333337,0.9523809523809523,0.5238095238095238,0.4285714285714286
0.3318164561353133,0.9522726040096652,0.47499864410631754,0.47499864410631754
0.33333333333333337,0.9523809523809523,0.4285714285714286,0.5238095238095238
0.337822722223437,0.9527016230159597,0.3851210992074773,0.574314607143638
0.3451076223850168,0.9532219730275012,0.3451076223850168,0.6257757842200096
0.35491405138227194,0.9539224322415909,0.30883648362386285,0.677457025691136
0.36689811569541164,0.9547784368353865,0.27645498936618473,0.7286706210123193
0.3806764627146677,0.9557626044796191,0.24796427615352512,0.7788130223980956
0.3958554071970557,0.9568468147997897,0.22324266639621437,0.8273872591991588
0.41205526420786875,0.9580039474434192,0.20207500142496482,0.8740118423302576
0.4289280884863971,0.9592091491775998,0.1841829835519958,0.9184182983551996
0.44616855950953505,0.9604406113935382,0.16925283926430257,0.9604406113935382
0.4635188343324569,0.9616799167380327,0.15695816823671793,1.0
0.44703324612664497,0.9210047494466636,1.0,0.1705498691899675
0.4289280884863971,0.9184182983551996,0.9592091491775998,0.1841829835519958
0.41101557332366023,0.9158593676176657,0.9158593676176657,0.20066399236782462
0.39359268544610604,0.913370383635158,0.870055575452737,0.22033345271642202
0.3770081767140212,0.911001168102003,0.8220023362040061,0.24350992886702583
0.36165494637742557,0.9088078494824894,0.7720196237062235,0.27046279585991495
0.3479549940343287,0.9068507134334756,0.7205521403004266,0.3013803507510665
0.33633635160403186,0.9051909073720046,0.6681681758020159,0.33633635160403186
0.32720293613490214,0.9038861337335574,0.6155445349342299,0.3752598692681235
0.3209002498982676,0.9029857499854668,0.5634358749346007,0.41791449991280083
0.31768174963998896,0.9025259642342841,0.5126298211714206,0.46389280328856275
0.31768174963998896,0.9025259642342841,0.46389280328856275,0.5126298211714206
0.3209002498982676,0.9029857499854668,0.41791449991280083,0.5634358749346007
0.32720293613490214,0.9038861337335574,0.3752598692681235,0.6155445349342299
0.33633635160403186,0.9051909073720046,0.33633635160403186,0.6681681758020159
0.34795499403432884,0.9068507134334756,0.3013803507510666,0.7205521403004267
0.36165494637742557,0.9088078494824894,0.27046279585991495,0.7720196237062235
0.3770081767140212,0.911001168102003,0.24350992886702583,0.8220023362040061
0.39359268544610604,0.913370383635158,0.22033345271642202,0.870055575452737
0.41101557332366023,0.9158593676176657,0.20066399236782462,0.9158593676176657
0.4289280884863971,0.9184182983551996,0.1841829835519958,0.9592091491775998
0.44703324612664497,0.9210047494466636,0.1705498691899675,1.0
0.43081906027278083,0.8780326557727387,1.0,0.18688437181825823
0.41205526420786875,0.8740118423302576,0.9580039474434192,0.20207500142496482
0.39359268544610604,0.870055575452737,0.913370383635158,0.22033345271642202
0.3757708531052063,0.8662366113796871,0.8662366113796871,0.2420074644848933
0.35898403490611785,0.862639436051311,0.816852581401748,0.26741032560699185
0.3436698766861064,0.8593578307184514,0.7655963845307523,0.2967891535922569
0.3302891774710842,0.856490538029518,0.712981076059036,0.3302891774710842
0.31929670634315865,0.8541350085021054,0.6596483531715793,0.3679183701757902
0.3111050361728279,0.8523796506084631,0.6063457349559017,0.4095186024338525
0.3060457640647464,0.8512955208710171,0.5538865626130512,0.45475024319372925
0.3043344070000654,0.850928801500014,0.5030960050000468,0.5030960050000468
0.3060457640647464,0.8512955208710171,0.45475024319372925,0.5538865626130512
0.3111050361728279,0.8523796506084631,0.4095186024338525,0.6063457349559017
0.31929670634315865,0.8541350085021054,0.3679183701757902,0.6596483531715793
0.3302891774710842,0.856490538029518,0.3302891774710842,0.712981076059036
0.3436698766861064,0.8593578307184514,0.2967891535922569,0.7655963845307523
0.35898403490611785,0.862639436051311,0.26741032560699185,0.816852581401748
0.3757708531052063,0.8662366113796871,0.2420074644848933,0.8662366113796871
0.39359268544610604,0.870055575452737,0.22033345271642202,0.913370383635158
0.41205526420786864,0.8740118423302575,0.2020750014249647,0.9580039474434192
0.43081906027278083,0.8780326557727387,0.18688437181825823,1.0
0.41514160959790036,0.8328976027422572,1.0,0.20626361302572194
0.3958554071970557,0.8273872591991588,0.9568468147997897,0.22324266639621437
0.3770081767140212,0.8220023362040061,0.911001168102003,0.24350992886702583
0.35898403490611785,0.816852581401748,0.862639436051311,0.26741032560699185
0.3422226199710845,0.8120636057060242,0.8120636057060242,0.29523852139759055
0.32720293613490214,0.807772267467115,0.7597153343338936,0.32720293613490214
0.31441705037585155,0.8041191572502433,0.706178735875365,0.3633872610632908
0.3043344070000654,0.8012384020000187,0.6521672035000328,0.40371520600005606
0.29736014148010614,0.7992457547086017,0.5984915094172034,0.4479258254486548
0.2937934187725544,0.7982266910778727,0.5460100549252136,0.4955667276946817
0.2937934187725544,0.7982266910778727,0.4955667276946817,0.5460100549252136
0.29736014148010614,0.7992457547086017,0.4479258254486548,0.5984915094172034
0.3043344070000654,0.8012384020000187,0.40371520600005606,0.6521672035000328
0.31441705037585155,0.8041191572502433,0.3633872610632908,0.706178735875365
0.32720293613490214,0.807772267467115,0.32720293613490214,0.7597153343338936
0.3422226199710845,0.8120636057060242,0.29523852139759055,0.8120636057060242
0.35898403490611785,0.816852581401748,0.26741032560699185,0.862639436051311
0.3770081767140212,0.8220023362040061,0.24350992886702583,0.911001168102003
0.3958554071970557,0.8273872591991588,0.22324266639621437,0.9568468147997897
0.41514160959790036,0.8328976027422572,0.20626361302572194,1.0
0.40030588837063286,0.7858235315609403,1.0,0.22896471361938509
0.3806764627146677,0.7788130223980956,0.9557626044796191,0.24796427615352512
0.36165494637742557,0.7720196237062235,0.9088078494824894,0.27046279585991495
0.3436698766861064,0.7655963845307523,0.8593578307184514,0.2967891535922569
0.32720293613490214,0.7597153343338936,0.807772267467115,0.32720293613490214
0.31276702885665764,0.754559653163092,0.754559653163092,0.36185509822403916
0.3008733627855088,0.7503119152805389,0.7003742983366466,0.4007485966732932
0.2919895676061569,0.7471391312879132,0.6459947838030784,0.443706088833409
0.2864939319873242,0.7451764042811873,0.5922822468498996,0.4903528085623745
0.28463341756936567,0.7445119348462019,0.5401214827231636,0.5401214827231636
0.2864939319873242,0.7451764042811873,0.4903528085623745,0.5922822468498996
0.2919895676061569,0.7471391312879132,0.443706088833409,0.6459947838030784
0.3008733627855088,0.7503119152805389,0.4007485966732932,0.7003742983366466
0.31276702885665764,0.754559653163092,0.36185509822403916,0.754559653163092
0.32720293613490214,0.7597153343338936,0.32720293613490214,0.807772267467115
0.3436698766861064,0.7655963845307523,0.2967891535922569,0.8593578307184514
0.36165494637742557,0.7720196237062235,0.27046279585991495,0.9088078494824894
0.3806764627146676,0.7788130223980956,0.2479642761535249,0.9557626044796191
0.40030588837063286,0.7858235315609403,0.22896471361938509,1.0
0.3866488639263471,0.737135227397006,1.0,0.2552164776248501
0.36689811569541164,0.7286706210123193,0.9547784368353865,0.27645498936618473
0.3479549940343287,0.7205521403004266,0.9068507134334756,0.3013803507510665
0.3302891774710842,0.712981076059036,0.856490538029518,0.3302891774710842
0.31441705037585155,0.706178735875365,0.8041191572502433,0.3633872610632908
0.3008733627855088,0.7003742983366466,0.7503119152805389,0.4007485966732932
0.29017182281124854,0.6957879240619637,0.6957879240619637,0.44227786078026676
0.28275827259001607,0.692610688252864,0.6413791362950081,0.4876844804214401
0.2789633163255534,0.6909842784252371,0.5879790379003162,0.5364764176378557
0.2789633163255534,0.6909842784252371,0.5364764176378557,0.5879790379003162
0.28275827259001607,0.692610688252864,0.4876844804214401,0.6413791362950081
0.29017182281124854,0.6957879240619637,0.44227786078026676,0.6957879240619637
0.3008733627855088,0.7003742983366466,0.4007485966732932,0.7503119152805389
0.31441705037585144,0.7061787358753648,0.36338726106329056,0.8041191572502433
0.3302891774710842,0.712981076059036,0.3302891774710842,0.856490538029518
0.3479549940343287,0.7205521403004266,0.3013803507510665,0.9068507134334756
0.36689811569541153,0.7286706210123193,0.2764549893661846,0.9547784368353865
0.3866488639263471,0.737135227397006,0.2552164776248501,1.0
0.37452612774772165,0.6872630638738608,1.0,0.2851727174259676
0.35491405138227194,0.677457025691136,0.9539224322415909,0.30883648362386285
0.33633635160403186,0.6681681758020159,0.9051909073720046,0.33633635160403186
0.31929670634315865,0.6596483531715793,0.8541350085021054,0.3679183701757902
0.3043344070000654,0.6521672035000328,0.8012384020000187,0.40371520600005606
0.2919895676061569,0.6459947838030784,0.7471391312879132,0.443706088833409
0.28275827259001607,0.6413791362950081,0.692610688252864,0.4876844804214401
0.2770431087079489,0.6385215543539744,0.6385215543539744,0.53524199845511
0.27510747769010324,0.6375537388450516,0.5857757015372018,0.5857757015372018
0.2770431087079489,0.6385215543539744,0.53524199845511,0.6385215543539744
0.28275827259001607,0.6413791362950081,0.4876844804214401,0.692610688252864
0.2919895676061569,0.6459947838030784,0.443706088833409,0.7471391312879132
0.3043344070000654,0.6521672035000328,0.40371520600005606,0.8012384020000187
0.31929670634315865,0.6596483531715793,0.3679183701757902,0.8541350085021054
0.33633635160403186,0.6681681758020159,0.33633635160403186,0.9051909073720046
0.35491405138227194,0.677457025691136,0.30883648362386285,0.9539224322415909
0.37452612774772165,0.6872630638738608,0.2851727174259676,1.0
0.36429274713890036,0.6367387126508002,1.0,0.31888508622025036
0.3451076223850168,0.6257757842200096,0.9532219730275012,0.3451076223850168
0.32720293613490214,0.6155445349342299,0.9038861337335574,0.3752598692681235
0.3111050361728279,0.6063457349559017,0.8523796506084631,0.4095186024338525
0.29736014148010614,0.5984915094172034,0.7992457547086017,0.4479258254486548
0.2864939319873242,0.5922822468498996,0.7451764042811873,0.4903528085623745
0.2789633163255534,0.5879790379003162,0.6909842784252371,0.5364764176378557
0.27510747769010324,0.5857757015372018,0.6375537388450516,0.5857757015372018
0.27510747769010324,0.5857757015372018,0.5857757015372018,0.6375537388450516
0.2789633163255534,0.5879790379003162,0.5364764176378557,0.6909842784252371
0.2864939319873242,0.5922822468498996,0.4903528085623745,0.7451764042811873
0.29736014148010614,0.5984915094172034,0.4479258254486548,0.7992457547086017
0.3111050361728279,0.6063457349559017,0.4095186024338525,0.8523796506084631
0.32720293613490214,0.6155445349342299,0.3752598692681235,0.9038861337335574
0.3451076223850168,0.6257757842200096,0.3451076223850168,0.9532219730275012
0.36429274713890036,0.6367387126508002,0.31888508622025036,1.0
0.356279314179616,0.5861795591154675,1.0,0.356279314179616
0.337822722223437,0.574314607143638,0.9527016230159597,0.3851210992074773
0.3209002498982676,0.5634358749346007,0.9029857499854668,0.41791449991280083
0.3060457640647464,0.5538865626130512,0.8512955208710171,0.45475024319372925
0.2937934187725544,0.5460100549252136,0.7982266910778727,0.4955667276946817
0.28463341756936567,0.5401214827231636,0.7445119348462019,0.5401214827231636
0.2789633163255534,0.5364764176378557,0.6909842784252371,0.5879790379003162
0.2770431087079489,0.53524199845511,0.6385215543539744,0.6385215543539744
0.2789633163255534,0.5364764176378557,0.5879790379003162,0.6909842784252371
0.28463341756936567,0.5401214827231636,0.5401214827231636,0.7445119348462019
0.2937934187725544,0.5460100549252136,0.4955667276946817,0.7982266910778727
0.3060457640647464,0.5538865626130512,0.45475024319372925,0.8512955208710171
0.3209002498982676,0.5634358749346007,0.41791449991280083,0.9029857499854668
0.337822722223437,0.574314607143638,0.3851210992074773,0.9527016230159597
0.356279314179616,0.5861795591154675,0.356279314179616,1.0
0.3507655459357645,0.5362611042398318,1.0,0.3971394355117813
0.33333333333333337,0.5238095238095238,0.9523809523809523,0.4285714285714286
0.31768174963998896,0.5126298211714206,0.9025259642342841,0.46389280328856275
0.3043344070000654,0.5030960050000468,0.850928801500014,0.5030960050000468
0.2937934187725544,0.4955667276946817,0.7982266910778727,0.5460100549252136
0.2864939319873242,0.4903528085623745,0.7451764042811873,0.5922822468498996
0.28275827259001607,0.4876844804214401,0.692610688252864,0.6413791362950081
0.28275827259001607,0.4876844804214401,0.6413791362950081,0.692610688252864
0.2864939319873242,0.4903528085623745,0.5922822468498996,0.7451764042811873
0.2937934187725544,0.4955667276946817,0.5460100549252136,0.7982266910778727
0.3043344070000654,0.5030960050000468,0.5030960050000468,0.850928801500014
0.31768174963998896,0.5126298211714206,0.46389280328856275,0.9025259642342841
0.33333333333333326,0.5238095238095237,0.4285714285714285,0.9523809523809523
0.3507655459357645,0.5362611042398318,0.3971394355117813,1.0
0.3479549940343287,0.4876789238841154,1.0,0.44110428060085316
0.3318164561353133,0.47499864410631754,0.9522726040096652,0.47499864410631754
0.31768174963998896,0.46389280328856275,0.9025259642342841,0.5126298211714206
0.3060457640647464,0.45475024319372925,0.8512955208710171,0.5538865626130512
0.29736014148010614,0.4479258254486548,0.7992457547086017,0.5984915094172034
0.2919895676061569,0.443706088833409,0.7471391312879132,0.6459947838030784
0.29017182281124876,0.4422778607802669,0.6957879240619638,0.6957879240619638
0.2919895676061569,0.443706088833409,0.6459947838030784,0.7471391312879132
0.29736014148010614,0.4479258254486548,0.5984915094172034,0.7992457547086017
0.3060457640647464,0.45475024319372925,0.5538865626130512,0.8512955208710171
0.31768174963998896,0.46389280328856275,0.5126298211714206,0.9025259642342841
0.3318164561353133,0.47499864410631754,0.47499864410631754,0.9522726040096652
0.3479549940343287,0.4876789238841154,0.44110428060085316,1.0
0.3479549940343287,0.44110428060085316,1.0,0.4876789238841154
0.33333333333333326,0.4285714285714285,0.9523809523809523,0.5238095238095237
0.3209002498982676,0.41791449991280083,0.9029857499854668,0.5634358749346007
0.3111050361728279,0.4095186024338525,0.8523796506084631,0.6063457349559017
0.3043344070000654,0.40371520600005606,0.8012384020000187,0.6521672035000328
0.3008733627855088,0.4007485966732932,0.7503119152805389,0.7003742983366466
0.3008733627855088,0.4007485966732932,0.7003742983366466,0.7503119152805389
0.3043344070000653,0.40371520600005595,0.6521672035000327,0.8012384020000186
0.3111050361728279,0.4095186024338525,0.6063457349559017,0.8523796506084631
0.3209002498982676,0.41791449991280083,0.5634358749346007,0.9029857499854668
0.33333333333333326,0.4285714285714285,0.5238095238095237,0.9523809523809523
0.3479549940343287,0.44110428060085316,0.4876789238841154,1.0
0.3507655459357645,0.3971394355117813,1.0,0.5362611042398318
0.337822722223437,0.3851210992074773,0.9527016230159597,0.574314607143638
0.32720293613490214,0.3752598692681235,0.9038861337335574,0.6155445349342299
0.31929670634315865,0.3679183701757902,0.8541350085021054,0.6596483531715793
0.31441705037585155,0.3633872610632908,0.8041191572502433,0.706178735875365
0.31276702885665775,0.3618550982240393,0.754559653163092,0.754559653163092
0.31441705037585155,0.3633872610632908,0.706178735875365,0.8041191572502433
0.31929670634315865,0.3679183701757902,0.6596483531715793,0.8541350085021054
0.32720293613490214,0.3752598692681235,0.6155445349342299,0.9038861337335574
0.337822722223437,0.3851210992074773,0.574314607143638,0.9527016230159597
0.3507655459357645,0.3971394355117813,0.5362611042398318,1.0
0.356279314179616,0.356279314179616,1.0,0.5861795591154675
0.3451076223850168,0.3451076223850168,0.9532219730275012,0.6257757842200096
0.33633635160403186,0.33633635160403186,0.9051909073720046,0.6681681758020159
0.3302891774710842,0.3302891774710842,0.856490538029518,0.712981076059036
0.32720293613490203,0.32720293613490203,0.8077722674671148,0.7597153343338936
0.32720293613490214,0.32720293613490214,0.7597153343338936,0.807772267467115
0.3302891774710842,0.3302891774710842,0.712981076059036,0.856490538029518
0.33633635160403186,0.33633635160403186,0.6681681758020159,0.9051909073720046
0.3451076223850168,0.3451076223850168,0.6257757842200096,0.9532219730275012
0.356279314179616,0.356279314179616,0.5861795591154675,1.0
0.36429274713890036,0.31888508622025036,1.0,0.6367387126508002
0.35491405138227194,0.30883648362386285,0.9539224322415909,0.677457025691136
0.34795499403432884,0.3013803507510666,0.9068507134334756,0.7205521403004267
0.3436698766861064,0.2967891535922569,0.8593578307184514,0.7655963845307523
0.3422226199710845,0.29523852139759055,0.8120636057060242,0.8120636057060242
0.3436698766861064,0.2967891535922569,0.7655963845307523,0.8593578307184514
0.34795499403432884,0.3013803507510666,0.7205521403004267,0.9068507134334756
0.35491405138227194,0.30883648362386285,0.677457025691136,0.9539224322415909
0.36429274713890036,0.31888508622025036,0.6367387126508002,1.0
0.37452612774772165,0.2851727174259676,1.0,0.6872630638738608
0.36689811569541164,0.27645498936618473,0.9547784368353865,0.7286706210123193
0.36165494637742557,0.27046279585991495,0.9088078494824894,0.7720196237062235
0.35898403490611785,0.26741032560699185,0.862639436051311,0.816852581401748
0.35898403490611785,0.26741032560699185,0.816852581401748,0.862639436051311
0.36165494637742557,0.27046279585991495,0.7720196237062235,0.9088078494824894
0.36689811569541164,0.27645498936618473,0.7286706210123193,0.9547784368353865
0.37452612774772165,0.2851727174259676,0.6872630638738608,1.0
0.3866488639263471,0.2552164776248501,1.0,0.737135227397006
0.3806764627146676,0.2479642761535249,0.9557626044796191,0.7788130223980956
0.3770081767140212,0.24350992886702583,0.911001168102003,0.8220023362040061
0.3757708531052063,0.2420074644848933,0.8662366113796871,0.8662366113796871
0.3770081767140212,0.24350992886702583,0.8220023362040061,0.911001168102003
0.3806764627146676,0.2479642761535249,0.7788130223980956,0.9557626044796191
0.3866488639263471,0.2552164776248501,0.737135227397006,1.0
0.40030588837063286,0.22896471361938509,1.0,0.7858235315609403
0.3958554071970557,0.22324266639621437,0.9568468147997897,0.8273872591991588
0.39359268544610604,0.22033345271642202,0.913370383635158,0.870055575452737
0.39359268544610604,0.22033345271642202,0.870055575452737,0.913370383635158
0.3958554071970557,0.22324266639621437,0.8273872591991588,0.9568468147997897
0.40030588837063286,0.22896471361938509,0.7858235315609403,1.0
0.41514160959790036,0.20626361302572194,1.0,0.8328976027422572
0.41205526420786864,0.2020750014249647,0.9580039474434192,0.8740118423302575
0.41101557332366023,0.20066399236782462,0.9158593676176657,0.9158593676176657
0.41205526420786864,0.2020750014249647,0.8740118423302575,0.9580039474434192
0.41514160959790036,0.20626361302572194,0.8328976027422572,1.0
0.43081906027278083,0.18688437181825823,1.0,0.8780326557727387
0.4289280884863971,0.1841829835519958,0.9592091491775998,0.9184182983551996
0.4289280884863971,0.1841829835519958,0.9184182983551996,0.9592091491775998
0.43081906027278083,0.18688437181825823,0.8780326557727387,1.0
0.44703324612664497,0.1705498691899675,1.0,0.9210047494466636
0.44616855950953505,0.16925283926430257,0.9604406113935382,0.9604406113935382
0.44703324612664497,0.1705498691899675,0.9210047494466636,1.0
0.4635188343324569,0.15695816823671793,1.0,0.9616799167380327
0.4635188343324569,0.15695816823671793,0.9616799167380327,1.0
0.4800530531042547,0.14580144438556142,1.0,1.0
0.4366631753584902,1.0,1.0,0.17377265719245227
0.41919768050322526,1.0,0.9612798453668817,0.18687675270451543
0.4019108328783251,1.0,0.92025477771711,0.20254777717110006
0.38505995373190915,1.0,0.8770119907463818,0.22107594139375164
0.36894525713249315,1.0,0.8317187352353315,0.2427343085589918
0.35390426161907795,1.0,0.784634753873026,0.26775816316828827
0.3403007542996863,1.0,0.7361203017198745,0.29632080458633203
0.32850777844623213,1.0,0.6866369632749083,0.32850777844623213
0.31888508622025036,1.0,0.6367387126508002,0.36429274713890036
0.3117527983883147,1.0,0.5870516790329889,0.40351909193653945
0.3073643551905848,1.0,0.5382429034603898,0.4458914841524678
0.30588277992587876,1.0,0.49098070527897775,0.49098070527897775
0.3073643551905848,1.0,0.4458914841524678,0.5382429034603898
0.3117527983883146,1.0,0.40351909193653934,0.5870516790329887
0.31888508622025036,1.0,0.36429274713890036,0.6367387126508002
0.32850777844623213,1.0,0.32850777844623213,0.6866369632749083
0.3403007542996864,1.0,0.29632080458633214,0.7361203017198745
0.35390426161907795,1.0,0.26775816316828827,0.784634753873026
0.36894525713249304,1.0,0.2427343085589917,0.8317187352353315
0.38505995373190915,1.0,0.22107594139375164,0.8770119907463818
0.4019108328783251,1.0,0.20254777717110006,0.92025477771711
0.41919768050322526,1.0,0.18687675270451543,0.9612798453668817
0.4366631753584902,1.0,0.17377265719245227,1.0
0.41919768050322526,0.9612798453668817,1.0,0.18687675270451543
0.4009577021268462,0.9600638468084564,0.9600638468084564,0.20127693616912823
0.3829824476577046,0.9588654965105137,0.9177309930210273,0.2184444336997593
0.3655675983432797,0.9577045065562186,0.8731135196686559,0.2386811180119356
0.3490554450958807,0.9566036963397254,0.8264147853589014,0.26226283777533144
0.33382661247350887,0.9555884408315672,0.7779422041578363,0.2894150533050761
0.3202851183558343,0.9546856745570557,0.7281140473423338,0.3202851183558343
0.30883648362386285,0.9539224322415909,0.677457025691136,0.35491405138227194
0.2998599579859951,0.9533239971990664,0.6265919775925306,0.39321196358786237
0.2936775859779833,0.9529118390651989,0.57620655158679,0.4349420687823866
0.29052434523939685,0.9527016230159597,0.5270162301595979,0.4797178531755577
0.29052434523939685,0.9527016230159597,0.4797178531755577,0.5270162301595979
0.2936775859779833,0.9529118390651989,0.4349420687823866,0.57620655158679
0.2998599579859952,0.9533239971990664,0.3932119635878625,0.6265919775925308
0.30883648362386285,0.9539224322415909,0.35491405138227194,0.677457025691136
0.3202851183558345,0.9546856745570557,0.3202851183558345,0.7281140473423338
0.33382661247350887,0.9555884408315672,0.2894150533050761,0.7779422041578363
0.3490554450958807,0.9566036963397254,0.26226283777533144,0.8264147853589014
0.3655675983432797,0.9577045065562186,0.2386811180119356,0.8731135196686559
0.3829824476577046,0.9588654965105137,0.2184444336997593,0.9177309930210273
0.4009577021268462,0.9600638468084564,0.20127693616912823,0.9600638468084564
0.41919768050322526,0.9612798453668817,0.18687675270451543,1.0
0.4019108328783251,0.92025477771711,1.0,0.20254777717110006
0.3829824476577046,0.9177309930210273,0.9588654965105137,0.2184444336997593
0.3644296020894463,0.9152572802785929,0.9152572802785929,0.23731552250733556
0.3465897371964517,0.9128786316261935,0.8693179474392904,0.25946836882264535
0.3298494225868446,0.910646589678246,0.8212931793564919,0.2851727174259676
0.31463250642256924,0.9086176675230092,0.7715441688075231,0.31463250642256924
0.3013803507510665,0.9068507134334756,0.7205521403004266,0.3479549940343287
0.29052434523939685,0.9054032460319196,0.6689113611117186,0.3851210992074773
0.2824526901475902,0.904327025353012,0.6173081014120481,0.4259621521180721
0.277475423711368,0.9036633898281824,0.5664852542268208,0.47014864405500323
0.2757931756220986,0.9034390900829465,0.5171954504147325,0.5171954504147325
0.2774754237113679,0.9036633898281824,0.4701486440550031,0.5664852542268207
0.28245269014759034,0.904327025353012,0.4259621521180722,0.6173081014120482
0.29052434523939685,0.9054032460319196,0.3851210992074773,0.6689113611117186
0.3013803507510666,0.9068507134334756,0.34795499403432884,0.7205521403004267
0.31463250642256924,0.9086176675230092,0.31463250642256924,0.7715441688075231
0.3298494225868446,0.910646589678246,0.2851727174259676,0.8212931793564919
0.3465897371964517,0.9128786316261935,0.25946836882264535,0.8693179474392904
0.3644296020894463,0.9152572802785929,0.23731552250733556,0.9152572802785929
0.3829824476577046,0.9177309930210273,0.2184444336997593,0.9588654965105137
0.4019108328783251,0.92025477771711,0.20254777717110006,1.0
0.38505995373190915,0.8770119907463818,1.0,0.22107594139375164
0.3655675983432797,0.8731135196686559,0.9577045065562186,0.2386811180119356
0.3465897371964517,0.8693179474392904,0.9128786316261935,0.25946836882264535
0.32850777844623213,0.8657015556892464,0.8657015556892464,0.28374163034264754
0.3117527983883146,0.8623505596776629,0.8164674129035505,0.3117527983883146
0.2967891535922569,0.8593578307184514,0.7655963845307523,0.3436698766861064
0.2840890601449785,0.8568178120289958,0.7136356240579914,0.379543852125648
0.2740991222562591,0.8548198244512518,0.661246257052921,0.4192792978050073
0.2672020468809527,0.8534404093761905,0.6091744250031748,0.46261483437936535
0.263678959489276,0.8527357918978552,0.5582073756935656,0.5091193063261841
0.263678959489276,0.8527357918978552,0.5091193063261841,0.5582073756935656
0.2672020468809527,0.8534404093761905,0.46261483437936535,0.6091744250031748
0.2740991222562591,0.8548198244512518,0.4192792978050073,0.661246257052921
0.2840890601449785,0.8568178120289958,0.379543852125648,0.7136356240579914
0.2967891535922569,0.8593578307184514,0.3436698766861064,0.7655963845307523
0.3117527983883146,0.8623505596776629,0.3117527983883146,0.8164674129035505
0.32850777844623213,0.8657015556892464,0.28374163034264754,0.8657015556892464
0.3465897371964517,0.8693179474392904,0.25946836882264535,0.9128786316261935
0.36556759834327957,0.8731135196686559,0.23868111801193548,0.9577045065562186
0.38505995373190915,0.8770119907463818,0.22107594139375164,1.0
0.36894525713249315,0.8317187352353315,1.0,0.2427343085589918
0.3490554450958807,0.8264147853589014,0.9566036963397254,0.26226283777533144
0.3298494225868446,0.8212931793564919,0.910646589678246,0.2851727174259676
0.3117527983883146,0.8164674129035505,0.8623505596776629,0.3117527983883146
0.29523852139759055,0.8120636057060242,0.8120636057060242,0.3422226199710845
0.28080504777192383,0.8082146794058463,0.7602683492573079,0.3766977080690006
0.26894473175713096,0.8050519284685682,0.7075778927028524,0.41515578540570475
0.2601045644995148,0.8026945505332039,0.6547154634331069,0.45741001396631087
0.2546440075000701,0.8012384020000187,0.6024768040000374,0.5030960050000468
0.25279677791992317,0.8007458074453129,0.5516780667519539,0.5516780667519539
0.2546440075000701,0.8012384020000187,0.5030960050000468,0.6024768040000374
0.2601045644995149,0.8026945505332039,0.457410013966311,0.6547154634331069
0.26894473175713096,0.8050519284685682,0.41515578540570475,0.7075778927028524
0.28080504777192383,0.8082146794058463,0.3766977080690006,0.7602683492573079
0.29523852139759055,0.8120636057060242,0.3422226199710845,0.8120636057060242
0.3117527983883146,0.8164674129035505,0.3117527983883146,0.8623505596776629
0.3298494225868446,0.8212931793564919,0.2851727174259676,0.910646589678246
0.3490554450958807,0.8264147853589014,0.26226283777533144,0.9566036963397254
0.36894525713249315,0.8317187352353315,0.2427343085589918,1.0
0.35390426161907795,0.784634753873026,1.0,0.26775816316828827
0.33382661247350887,0.7779422041578363,0.9555884408315672,0.2894150533050761
0.31463250642256924,0.7715441688075231,0.9086176675230092,0.31463250642256924
0.2967891535922569,0.7655963845307523,0.8593578307184514,0.3436698766861064
0.28080504777192383,0.7602683492573079,0.8082146794058463,0.3766977080690006
0.2672020468809527,0.7557340156269843,0.7557340156269843,0.41376163750476214
0.2564776043550854,0.7521592014516951,0.7025910417420342,0.45475024319372925
0.24906073851736166,0.7496869128391206,0.6495616779747688,0.4993738256782412
0.2452680918600586,0.7484226972866862,0.597476315658698,0.5471608551160352
0.2452680918600586,0.7484226972866862,0.5471608551160352,0.597476315658698
0.24906073851736166,0.7496869128391206,0.4993738256782412,0.6495616779747688
0.2564776043550855,0.7521592014516951,0.45475024319372936,0.7025910417420342
0.2672020468809527,0.7557340156269843,0.41376163750476214,0.7557340156269843
0.28080504777192383,0.7602683492573079,0.3766977080690006,0.8082146794058463
0.2967891535922569,0.7655963845307523,0.3436698766861064,0.8593578307184514
0.31463250642256924,0.7715441688075231,0.31463250642256924,0.9086176675230092
0.33382661247350864,0.7779422041578362,0.2894150533050759,0.9555884408315672
0.35390426161907795,0.784634753873026,0.26775816316828827,1.0
0.3403007542996863,0.7361203017198745,1.0,0.29632080458633203
0.3202851183558343,0.7281140473423338,0.9546856745570557,0.3202851183558343
0.3013803507510665,0.7205521403004266,0.9068507134334756,0.3479549940343287
0.2840890601449785,0.7136356240579914,0.8568178120289958,0.379543852125648
0.26894473175713096,0.7075778927028524,0.8050519284685682,0.41515578540570475
0.2564776043550854,0.7025910417420342,0.7521592014516951,0.45475024319372925
0.2471715801572566,0.6988686320629026,0.6988686320629026,0.4981143867715043
0.2414173938637395,0.6965669575454958,0.6459947838030784,0.5448504363182437
0.2394698101549092,0.6957879240619637,0.5943838987492849,0.5943838987492849
0.2414173938637395,0.6965669575454958,0.5448504363182437,0.6459947838030784
0.2471715801572566,0.6988686320629026,0.4981143867715043,0.6988686320629026
0.2564776043550855,0.7025910417420342,0.45475024319372936,0.7521592014516951
0.26894473175713085,0.7075778927028523,0.41515578540570464,0.8050519284685682
0.2840890601449785,0.7136356240579914,0.379543852125648,0.8568178120289958
0.3013803507510665,0.7205521403004266,0.3479549940343287,0.9068507134334756
0.3202851183558343,0.7281140473423338,0.3202851183558343,0.9546856745570557
0.3403007542996863,0.7361203017198745,0.29632080458633203,1.0
0.32850777844623213,0.6866369632749083,1.0,0.32850777844623213
0.30883648362386285,0.677457025691136,0.9539224322415909,0.35491405138227194
0.29052434523939685,0.6689113611117186,0.9054032460319196,0.3851210992074773
0.2740991222562591,0.661246257052921,0.8548198244512518,0.4192792978050073
0.2601045644995148,0.6547154634331069,0.8026945505332039,0.45741001396631087
0.24906073851736166,0.6495616779747688,0.7496869128391206,0.4993738256782412
0.2414173938637395,0.6459947838030784,0.6965669575454958,0.5448504363182437
0.23750714833697673,0.6441700025572559,0.6441700025572559,0.593337145779721
0.23750714833697673,0.6441700025572559,0.593337145779721,0.6441700025572559
0.2414173938637395,0.6459947838030784,0.5448504363182437,0.6965669575454958
0.24906073851736166,0.6495616779747688,0.4993738256782412,0.7496869128391206
0.2601045644995148,0.6547154634331069,0.45741001396631087,0.8026945505332039
0.2740991222562591,0.661246257052921,0.4192792978050073,0.8548198244512518
0.29052434523939685,0.6689113611117186,0.3851210992074773,0.9054032460319196
0.30883648362386285,0.677457025691136,0.35491405138227194,0.9539224322415909
0.32850777844623213,0.6866369632749083,0.32850777844623213,1.0
0.31888508622025036,0.6367387126508002,1.0,0.36429274713890036
0.2998599579859951,0.6265919775925306,0.9533239971990664,0.39321196358786237
0.2824526901475902,0.6173081014120481,0.904327025353012,0.4259621521180721
0.2672020468809527,0.6091744250031748,0.8534404093761905,0.46261483437936535
0.2546440075000701,0.6024768040000374,0.8012384020000187,0.5030960050000468
0.2452680918600586,0.597476315658698,0.7484226972866862,0.5471608551160352
0.2394698101549092,0.5943838987492849,0.6957879240619637,0.5943838987492849
0.23750714833697673,0.593337145779721,0.6441700025572559,0.6441700025572559
0.2394698101549092,0.5943838987492849,0.5943838987492849,0.6957879240619637
0.2452680918600586,0.597476315658698,0.5471608551160352,0.7484226972866862
0.2546440075000701,0.6024768040000374,0.5030960050000468,0.8012384020000187
0.2672020468809527,0.6091744250031748,0.46261483437936535,0.8534404093761905
0.2824526901475902,0.6173081014120481,0.4259621521180721,0.904327025353012
0.2998599579859951,0.6265919775925306,0.39321196358786237,0.9533239971990664
0.31888508622025036,0.6367387126508002,0.36429274713890036,1.0
0.3117527983883147,0.5870516790329889,1.0,0.40351909193653945
0.2936775859779833,0.57620655158679,0.9529118390651989,0.4349420687823866
0.277475423711368,0.5664852542268208,0.9036633898281824,0.47014864405500323
0.263678959489276,0.5582073756935656,0.8527357918978552,0.5091193063261841
0.25279677791992317,0.5516780667519539,0.8007458074453129,0.5516780667519539
0.2452680918600586,0.5471608551160352,0.7484226972866862,0.597476315658698
0.2414173938637395,0.5448504363182437,0.6965669575454958,0.6459947838030784
0.24141739386373973,0.5448504363182438,0.6459947838030785,0.6965669575454958
0.2452680918600586,0.5471608551160352,0.597476315658698,0.7484226972866862
0.25279677791992317,0.5516780667519539,0.5516780667519539,0.8007458074453129
0.263678959489276,0.5582073756935656,0.5091193063261841,0.8527357918978552
0.277475423711368,0.5664852542268208,0.47014864405500323,0.9036633898281824
0.2936775859779833,0.57620655158679,0.4349420687823866,0.9529118390651989
0.3117527983883147,0.5870516790329889,0.40351909193653945,1.0
0.3073643551905848,0.5382429034603898,1.0,0.4458914841524678
0.29052434523939685,0.5270162301595979,0.9527016230159597,0.4797178531755577
0.2757931756220986,0.5171954504147325,0.9034390900829465,0.5171954504147325
0.263678959489276,0.5091193063261841,0.8527357918978552,0.5582073756935656
0.2546440075000701,0.5030960050000468,0.8012384020000187,0.6024768040000374
0.24906073851736166,0.4993738256782412,0.7496869128391206,0.6495616779747688
0.2471715801572566,0.4981143867715043,0.6988686320629026,0.6988686320629026
0.24906073851736166,0.4993738256782412,0.6495616779747688,0.7496869128391206
0.2546440075000701,0.5030960050000468,0.6024768040000374,0.8012384020000187
0.263678959489276,0.5091193063261841,0.5582073756935656,0.8527357918978552
0.2757931756220986,0.5171954504147325,0.5171954504147325,0.9034390900829465
0.29052434523939685,0.5270162301595979,0.4797178531755577,0.9527016230159597
0.3073643551905848,0.5382429034603898,0.4458914841524678,1.0
0.30588277992587876,0.49098070527897775,1.0,0.49098070527897775
0.29052434523939685,0.4797178531755577,0.9527016230159597,0.5270162301595979
0.2774754237113679,0.4701486440550031,0.9036633898281824,0.5664852542268207
0.2672020468809527,0.46261483437936535,0.8534404093761905,0.6091744250031748
0.2601045644995148,0.45741001396631087,0.8026945505332039,0.6547154634331069
0.2564776043550854,0.45475024319372925,0.7521592014516951,0.7025910417420342
0.2564776043550855,0.45475024319372936,0.7025910417420342,0.7521592014516951
0.2601045644995148,0.45741001396631087,0.6547154634331069,0.8026945505332039
0.2672020468809527,0.46261483437936535,0.6091744250031748,0.8534404093761905
0.2774754237113679,0.4701486440550031,0.5664852542268207,0.9036633898281824
0.29052434523939685,0.4797178531755577,0.5270162301595979,0.9527016230159597
0.30588277992587876,0.49098070527897775,0.49098070527897775,1.0
0.3073643551905848,0.4458914841524678,1.0,0.5382429034603898
0.2936775859779833,0.4349420687823866,0.9529118390651989,0.57620655158679
0.28245269014759034,0.4259621521180722,0.904327025353012,0.6173081014120482
0.2740991222562591,0.4192792978050073,0.8548198244512518,0.661246257052921
0.26894473175713096,0.41515578540570475,0.8050519284685682,0.7075778927028524
0.26720204688095284,0.41376163750476225,0.7557340156269843,0.7557340156269843
0.26894473175713096,0.41515578540570475,0.7075778927028524,0.8050519284685682
0.2740991222562591,0.4192792978050073,0.661246257052921,0.8548198244512518
0.28245269014759034,0.4259621521180722,0.6173081014120482,0.904327025353012
0.2936775859779833,0.4349420687823866,0.57620655158679,0.9529118390651989
0.3073643551905848,0.4458914841524678,0.5382429034603898,1.0
0.3117527983883146,0.40351909193653934,1.0,0.5870516790329887
0.2998599579859951,0.39321196358786237,0.9533239971990664,0.6265919775925306
0.29052434523939685,0.3851210992074773,0.9054032460319196,0.6689113611117186
0.2840890601449785,0.379543852125648,0.8568178120289958,0.7136356240579914
0.28080504777192383,0.3766977080690006,0.8082146794058463,0.7602683492573079
0.2808050477719237,0.3766977080690005,0.7602683492573079,0.8082146794058463
0.2840890601449785,0.379543852125648,0.7136356240579914,0.8568178120289958
0.29052434523939685,0.3851210992074773,0.6689113611117186,0.9054032460319196
0.2998599579859951,0.39321196358786237,0.6265919775925306,0.9533239971990664
0.3117527983883146,0.40351909193653934,0.5870516790329887,1.0
0.31888508622025036,0.36429274713890036,1.0,0.6367387126508002
0.30883648362386285,0.35491405138227194,0.9539224322415909,0.677457025691136
0.3013803507510666,0.34795499403432884,0.9068507134334756,0.7205521403004267
0.2967891535922569,0.3436698766861064,0.8593578307184514,0.7655963845307523
0.29523852139759055,0.3422226199710845,0.8120636057060242,0.8120636057060242
0.2967891535922569,0.3436698766861064,0.7655963845307523,0.8593578307184514
0.3013803507510666,0.34795499403432884,0.7205521403004267,0.9068507134334756
0.30883648362386285,0.35491405138227194,0.677457025691136,0.9539224322415909
0.31888508622025036,0.36429274713890036,0.6367387126508002,1.0
0.32850777844623213,0.32850777844623213,1.0,0.6866369632749083
0.3202851183558343,0.3202851183558343,0.9546856745570557,0.7281140473423338
0.31463250642256924,0.31463250642256924,0.9086176675230092,0.7715441688075231
0.3117527983883146,0.3117527983883146,0.8623505596776629,0.8164674129035505
0.3117527983883146,0.3117527983883146,0.8164674129035505,0.8623505596776629
0.31463250642256924,0.31463250642256924,0.7715441688075231,0.9086176675230092
0.3202851183558343,0.3202851183558343,0.7281140473423338,0.9546856745570557
0.32850777844623213,0.32850777844623213,0.6866369632749083,1.0
0.3403007542996864,0.29632080458633214,1.0,0.7361203017198745
0.33382661247350887,0.2894150533050761,0.9555884408315672,0.7779422041578363
0.3298494225868446,0.2851727174259676,0.910646589678246,0.8212931793564919
0.32850777844623213,0.28374163034264754,0.8657015556892464,0.8657015556892464
0.3298494225868446,0.2851727174259676,0.8212931793564919,0.910646589678246
0.33382661247350887,0.2894150533050761,0.7779422041578363,0.9555884408315672
0.3403007542996864,0.29632080458633214,0.7361203017198745,1.0
0.35390426161907795,0.26775816316828827,1.0,0.784634753873026
0.3490554450958805,0.2622628377753313,0.9566036963397254,0.8264147853589014
0.3465897371964517,0.25946836882264535,0.9128786316261935,0.8693179474392904
0.3465897371964517,0.25946836882264535,0.8693179474392904,0.9128786316261935
0.3490554450958805,0.2622628377753313,0.8264147853589014,0.9566036963397254
0.35390426161907795,0.26775816316828827,0.784634753873026,1.0
0.36894525713249304,0.2427343085589917,1.0,0.8317187352353315
0.36556759834327957,0.23868111801193548,0.9577045065562186,0.8731135196686559
0.3644296020894463,0.23731552250733556,0.9152572802785929,0.9152572802785929
0.36556759834327957,0.23868111801193548,0.8731135196686559,0.9577045065562186
0.36894525713249304,0.2427343085589917,0.8317187352353315,1.0
0.38505995373190915,0.22107594139375164,1.0,0.8770119907463818
0.3829824476577046,0.2184444336997593,0.9588654965105137,0.9177309930210273
0.3829824476577046,0.2184444336997593,0.9177309930210273,0.9588654965105137
0.38505995373190915,0.22107594139375164,0.8770119907463818,1.0
0.4019108328783251,0.20254777717110006,1.0,0.92025477771711
0.4009577021268462,0.20127693616912823,0.9600638468084564,0.9600638468084564
0.4019108328783251,0.20254777717110006,0.92025477771711,1.0
0.41919768050322526,0.18687675270451543,1.0,0.9612798453668817
0.41919768050322526,0.18687675270451543,0.9612798453668817,1.0
0.4366631753584902,0.17377265719245227,1.0,1.0
0.3939567847371438,1.0,1.0,0.20456827996750138
0.37578054828730356,1.0,0.9609862842679565,0.2197256853591295
0.3579421168758976,1.0,0.9197427646094872,0.2375562637901285
0.3407314852557367,1.0,0.8763871534854506,0.2583229209127037
0.3244794705268015,1.0,0.8311198676317004,0.2822594374347266
0.30954903679663515,1.0,0.7842340739989485,0.30954903679663515
0.29632080458633203,1.0,0.7361203017198745,0.3403007542996863
0.2851727174259676,1.0,0.6872630638738608,0.37452612774772165
0.27645498936618473,1.0,0.6382274946830924,0.4121196788600251
0.27046279585991484,1.0,0.5896353226712021,0.4528470968949361
0.26741032560699185,1.0,0.54213145350437,0.49634459885480686
0.26741032560699185,1.0,0.49634459885480686,0.54213145350437
0.27046279585991484,1.0,0.4528470968949361,0.5896353226712021
0.27645498936618473,1.0,0.4121196788600251,0.6382274946830924
0.2851727174259676,1.0,0.37452612774772165,0.6872630638738608
0.29632080458633214,1.0,0.3403007542996864,0.7361203017198745
0.30954903679663515,1.0,0.30954903679663515,0.7842340739989485
0.3244794705268015,1.0,0.2822594374347266,0.8311198676317004
0.3407314852557367,1.0,0.2583229209127037,0.8763871534854506
0.3579421168758976,1.0,0.2375562637901285,0.9197427646094872
0.37578054828730356,1.0,0.2197256853591295,0.9609862842679565
0.3939567847371438,1.0,0.20456827996750138,1.0
0.37578054828730356,0.9609862842679565,1.0,0.2197256853591295
0.35690570315348724,0.9598066064470929,0.9598066064470929,0.23632552249476624
0.3384814155242216,0.9586550884702638,0.9173101769405277,0.25579159246474925
0.3208378240351859,0.9575523640021991,0.8726570920065974,0.278390188037385
0.30434782608695654,0.9565217391304348,0.8260869565217391,0.30434782608695654
0.2894150533050761,0.9555884408315672,0.7779422041578363,0.33382661247350887
0.27645498936618473,0.9547784368353865,0.7286706210123193,0.36689811569541164
0.2658696516142024,0.9541168532258877,0.6788179725812136,0.40351909193653945
0.2580177667837308,0.9536261104239832,0.6290088833918654,0.44351332508779806
0.25318395518506154,0.9533239971990664,0.5799159747915972,0.4865639691897298
0.25155156844001925,0.9532219730275012,0.532219730275012,0.532219730275012
0.2531839551850613,0.9533239971990664,0.48656396918972966,0.579915974791597
0.2580177667837308,0.9536261104239832,0.44351332508779806,0.6290088833918654
0.2658696516142023,0.9541168532258877,0.40351909193653934,0.6788179725812136
0.27645498936618473,0.9547784368353865,0.36689811569541164,0.7286706210123193
0.2894150533050761,0.9555884408315672,0.33382661247350887,0.7779422041578363
0.30434782608695643,0.9565217391304348,0.30434782608695643,0.8260869565217391
0.3208378240351859,0.9575523640021991,0.278390188037385,0.8726570920065974
0.3384814155242216,0.9586550884702638,0.25579159246474925,0.9173101769405277
0.35690570315348724,0.9598066064470929,0.23632552249476624,0.9598066064470929
0.37578054828730356,0.9609862842679565,0.2197256853591295,1.0
0.3579421168758976,0.9197427646094872,1.0,0.2375562637901285
0.3384814155242216,0.9173101769405277,0.9586550884702638,0.25579159246474925
0.3196107910999004,0.9149513488874875,0.9149513488874875,0.27708646554364424
0.3017027512448244,0.912712843905603,0.8690692658584046,0.3017027512448244
0.2851727174259676,0.910646589678246,0.8212931793564919,0.3298494225868446
0.27046279585991495,0.9088078494824894,0.7720196237062235,0.36165494637742557
0.2580177667837308,0.9072522208479663,0.721756662543899,0.3971394355117813
0.2482544228240967,0.9060318028530121,0.6711113099855424,0.4361908171180726
0.24152725897603644,0.9051909073720046,0.6207636294880182,0.478549990546025
0.23809523809523814,0.9047619047619048,0.5714285714285714,0.5238095238095238
0.23809523809523814,0.9047619047619048,0.5238095238095238,0.5714285714285714
0.24152725897603655,0.9051909073720046,0.4785499905460251,0.6207636294880183
0.2482544228240966,0.9060318028530121,0.4361908171180725,0.6711113099855422
0.2580177667837308,0.9072522208479663,0.3971394355117813,0.721756662543899
0.27046279585991495,0.9088078494824894,0.36165494637742557,0.7720196237062235
0.2851727174259676,0.910646589678246,0.3298494225868446,0.8212931793564919
0.3017027512448244,0.912712843905603,0.3017027512448244,0.8690692658584046
0.3196107910999004,0.9149513488874875,0.27708646554364424,0.9149513488874875
0.3384814155242216,0.9173101769405277,0.25579159246474925,0.9586550884702638
0.3579421168758976,0.9197427646094872,0.2375562637901285,1.0
0.3407314852557367,0.8763871534854506,1.0,0.2583229209127037
0.3208378240351859,0.8726570920065974,0.9575523640021991,0.278390188037385
0.3017027512448244,0.8690692658584046,0.912712843905603,0.3017027512448244
0.28374163034264754,0.8657015556892464,0.8657015556892464,0.32850777844623213
0.26741032560699185,0.862639436051311,0.816852581401748,0.35898403490611785
0.2531839551850613,0.8599719915971991,0.7666199859953317,0.39321196358786237
0.24152725897603644,0.8577863610580068,0.7155727221160136,0.4311454442320273
0.2328587176233854,0.8561610095543848,0.6643756889602311,0.4725903683660775
0.22751272066357187,0.8551586351244197,0.6137563603317859,0.5171954504147325
0.2257057304066763,0.8548198244512518,0.5644594733537553,0.5644594733537553
0.22751272066357187,0.8551586351244197,0.5171954504147325,0.6137563603317859
0.2328587176233854,0.8561610095543848,0.4725903683660775,0.6643756889602311
0.24152725897603644,0.8577863610580068,0.4311454442320273,0.7155727221160136
0.25318395518506154,0.8599719915971991,0.3932119635878625,0.7666199859953318
0.26741032560699185,0.862639436051311,0.35898403490611785,0.816852581401748
0.28374163034264754,0.8657015556892464,0.32850777844623213,0.8657015556892464
0.3017027512448244,0.8690692658584046,0.3017027512448244,0.912712843905603
0.3208378240351858,0.8726570920065974,0.2783901880373849,0.9575523640021991
0.3407314852557367,0.8763871534854506,0.2583229209127037,1.0
0.3244794705268015,0.8311198676317004,1.0,0.2822594374347266
0.30434782608695654,0.8260869565217391,0.9565217391304348,0.30434782608695654
0.2851727174259676,0.8212931793564919,0.910646589678246,0.3298494225868446
0.26741032560699185,0.816852581401748,0.862639436051311,0.35898403490611785
0.25155156844001925,0.8128878921100048,0.8128878921100048,0.3918856493575156
0.23809523809523814,0.8095238095238095,0.7619047619047619,0.4285714285714286
0.22751272066357187,0.806878180165893,0.7103172702488394,0.46891499545620563
0.22020771387427307,0.8050519284685682,0.6588408748199945,0.5126298211714206
0.2164766290009732,0.8041191572502433,0.6082383145004866,0.5592681038130474
0.2164766290009732,0.8041191572502433,0.5592681038130474,0.6082383145004866
0.22020771387427307,0.8050519284685682,0.5126298211714206,0.6588408748199945
0.22751272066357187,0.806878180165893,0.46891499545620563,0.7103172702488394
0.23809523809523814,0.8095238095238095,0.4285714285714286,0.7619047619047619
0.25155156844001925,0.8128878921100048,0.3918856493575156,0.8128878921100048
0.26741032560699185,0.816852581401748,0.35898403490611785,0.862639436051311
0.2851727174259676,0.8212931793564919,0.3298494225868446,0.910646589678246
0.30434782608695654,0.8260869565217391,0.30434782608695654,0.9565217391304348
0.3244794705268015,0.8311198676317004,0.2822594374347266,1.0
0.30954903679663515,0.7842340739989485,1.0,0.30954903679663515
0.2894150533050761,0.7779422041578363,0.9555884408315672,0.33382661247350887
0.27046279585991495,0.7720196237062235,0.9088078494824894,0.36165494637742557
0.2531839551850613,0.7666199859953317,0.8599719915971991,0.39321196358786237
0.23809523809523814,0.7619047619047619,0.8095238095238095,0.4285714285714286
0.22570573040667652,0.7580330407520863,0.7580330407520863,0.4676726896545901
0.2164766290009732,0.7551489465628041,0.706178735875365,0.5102978931256082
0.21077820213281573,0.753368188166505,0.6547154634331069,0.5560627386997089
0.20885091770536202,0.7527659117829256,0.604425458852681,0.604425458852681
0.21077820213281595,0.753368188166505,0.556062738699709,0.6547154634331069
0.2164766290009732,0.7551489465628041,0.5102978931256082,0.706178735875365
0.2257057304066763,0.7580330407520863,0.46767268965458997,0.7580330407520863
0.23809523809523814,0.7619047619047619,0.4285714285714286,0.8095238095238095
0.2531839551850613,0.7666199859953317,0.39321196358786237,0.8599719915971991
0.27046279585991495,0.7720196237062235,0.36165494637742557,0.9088078494824894
0.2894150533050759,0.7779422041578362,0.33382661247350864,0.9555884408315672
0.30954903679663515,0.7842340739989485,0.30954903679663515,1.0
0.29632080458633203,0.7361203017198745,1.0,0.3403007542996863
0.27645498936618473,0.7286706210123193,0.9547784368353865,0.36689811569541164
0.2580177667837308,0.721756662543899,0.9072522208479663,0.3971394355117813
0.24152725897603644,0.7155727221160136,0.8577863610580068,0.4311454442320273
0.22751272066357187,0.7103172702488394,0.806878180165893,0.46891499545620563
0.2164766290009732,0.706178735875365,0.7551489465628041,0.5102978931256082
0.20885091770536202,0.7033190941395107,0.7033190941395107,0.5549786412092661
0.20495360800007478,0.7018576030000281,0.6521672035000328,0.6024768040000374
0.20495360800007478,0.7018576030000281,0.6024768040000374,0.6521672035000328
0.20885091770536202,0.7033190941395107,0.5549786412092661,0.7033190941395107
0.2164766290009732,0.706178735875365,0.5102978931256082,0.7551489465628041
0.22751272066357187,0.7103172702488394,0.46891499545620563,0.806878180165893
0.24152725897603644,0.7155727221160136,0.4311454442320273,0.8577863610580068
0.2580177667837308,0.721756662543899,0.3971394355117813,0.9072522208479663
0.2764549893661846,0.7286706210123193,0.36689811569541153,0.9547784368353865
0.29632080458633203,0.7361203017198745,0.3403007542996863,1.0
0.2851727174259676,0.6872630638738608,1.0,0.37452612774772165
0.2658696516142024,0.6788179725812136,0.9541168532258877,0.40351909193653945
0.2482544228240967,0.6711113099855424,0.9060318028530121,0.4361908171180726
0.2328587176233854,0.6643756889602311,0.8561610095543848,0.4725903683660775
0.22020771387427307,0.6588408748199945,0.8050519284685682,0.5126298211714206
0.21077820213281573,0.6547154634331069,0.753368188166505,0.5560627386997089
0.20495360800007478,0.6521672035000328,0.7018576030000281,0.6024768040000374
0.20298322978125138,0.6513051630292974,0.6513051630292974,0.6513051630292974
0.20495360800007478,0.6521672035000328,0.6024768040000374,0.7018576030000281
0.21077820213281595,0.6547154634331069,0.556062738699709,0.753368188166505
0.22020771387427296,0.6588408748199943,0.5126298211714206,0.8050519284685682
0.2328587176233854,0.6643756889602311,0.4725903683660775,0.8561610095543848
0.2482544228240967,0.6711113099855424,0.4361908171180726,0.9060318028530121
0.2658696516142023,0.6788179725812136,0.40351909193653934,0.9541168532258877
0.2851727174259676,0.6872630638738608,0.37452612774772165,1.0
0.27645498936618473,0.6382274946830924,1.0,0.4121196788600251
0.2580177667837308,0.6290088833918654,0.9536261104239832,0.44351332508779806
0.24152725897603644,0.6207636294880182,0.9051909073720046,0.478549990546025
0.22751272066357187,0.6137563603317859,0.8551586351244197,0.5171954504147325
0.2164766290009732,0.6082383145004866,0.8041191572502433,0.5592681038130474
0.20885091770536202,0.604425458852681,0.7527659117829256,0.604425458852681
0.20495360800007478,0.6024768040000374,0.7018576030000281,0.6521672035000328
0.20495360800007478,0.6024768040000374,0.6521672035000328,0.7018576030000281
0.20885091770536202,0.604425458852681,0.604425458852681,0.7527659117829256
0.2164766290009732,0.6082383145004866,0.5592681038130474,0.8041191572502433
0.22751272066357187,0.6137563603317859,0.5171954504147325,0.8551586351244197
0.24152725897603644,0.6207636294880182,0.478549990546025,0.9051909073720046
0.2580177667837308,0.6290088833918654,0.44351332508779806,0.9536261104239832
0.27645498936618473,0.6382274946830924,0.4121196788600251,1.0
0.27046279585991484,0.5896353226712021,1.0,0.4528470968949361
0.2531839551850613,0.579915974791597,0.9533239971990664,0.48656396918972966
0.23809523809523814,0.5714285714285714,0.9047619047619048,0.5238095238095238
0.2257057304066763,0.5644594733537553,0.8548198244512518,0.5644594733537553
0.2164766290009732,0.5592681038130474,0.8041191572502433,0.6082383145004866
0.21077820213281573,0.5560627386997089,0.753368188166505,0.6547154634331069
0.20885091770536202,0.5549786412092661,0.7033190941395107,0.7033190941395107
0.21077820213281595,0.556062738699709,0.6547154634331069,0.753368188166505
0.2164766290009731,0.5592681038130474,0.6082383145004866,0.8041191572502433
0.2257057304066763,0.5644594733537553,0.5644594733537553,0.8548198244512518
0.23809523809523814,0.5714285714285714,0.5238095238095238,0.9047619047619048
0.2531839551850613,0.579915974791597,0.48656396918972966,0.9533239971990664
0.27046279585991484,0.5896353226712021,0.4528470968949361,1.0
0.26741032560699185,0.54213145350437,1.0,0.49634459885480686
0.25155156844001925,0.532219730275012,0.9532219730275012,0.532219730275012
0.23809523809523814,0.5238095238095238,0.9047619047619048,0.5714285714285714
0.22751272066357187,0.5171954504147325,0.8551586351244197,0.6137563603317859
0.22020771387427307,0.5126298211714206,0.8050519284685682,0.6588408748199945
0.2164766290009732,0.5102978931256082,0.7551489465628041,0.706178735875365
0.2164766290009732,0.5102978931256082,0.706178735875365,0.7551489465628041
0.22020771387427296,0.5126298211714206,0.6588408748199943,0.8050519284685682
0.22751272066357187,0.5171954504147325,0.6137563603317859,0.8551586351244197
0.23809523809523814,0.5238095238095238,0.5714285714285714,0.9047619047619048
0.25155156844001925,0.532219730275012,0.532219730275012,0.9532219730275012
0.26741032560699185,0.54213145350437,0.49634459885480686,1.0
0.26741032560699185,0.49634459885480686,1.0,0.54213145350437
0.2531839551850613,0.48656396918972966,0.9533239971990664,0.579915974791597
0.24152725897603655,0.4785499905460251,0.9051909073720046,0.6207636294880183
0.2328587176233854,0.4725903683660775,0.8561610095543848,0.6643756889602311
0.22751272066357187,0.46891499545620563,0.806878180165893,0.7103172702488394
0.22570573040667652,0.4676726896545901,0.7580330407520863,0.7580330407520863
0.22751272066357187,0.46891499545620563,0.7103172702488394,0.806878180165893
0.2328587176233854,0.4725903683660775,0.6643756889602311,0.8561610095543848
0.24152725897603655,0.4785499905460251,0.6207636294880183,0.9051909073720046
0.2531839551850613,0.48656396918972966,0.579915974791597,0.9533239971990664
0.26741032560699185,0.49634459885480686,0.54213145350437,1.0
0.27046279585991484,0.4528470968949361,1.0,0.5896353226712021
0.2580177667837308,0.44351332508779806,0.9536261104239832,0.6290088833918654
0.2482544228240966,0.4361908171180725,0.9060318028530121,0.6711113099855422
0.24152725897603644,0.4311454442320273,0.8577863610580068,0.7155727221160136
0.23809523809523803,0.4285714285714285,0.8095238095238095,0.7619047619047619
0.23809523809523814,0.4285714285714286,0.7619047619047619,0.8095238095238095
0.24152725897603644,0.4311454442320273,0.7155727221160136,0.8577863610580068
0.2482544228240966,0.4361908171180725,0.6711113099855422,0.9060318028530121
0.2580177667837308,0.44351332508779806,0.6290088833918654,0.9536261104239832
0.27046279585991484,0.4528470968949361,0.5896353226712021,1.0
0.27645498936618473,0.4121196788600251,1.0,0.6382274946830924
0.2658696516142023,0.40351909193653934,0.9541168532258877,0.6788179725812136
0.2580177667837308,0.3971394355117813,0.9072522208479663,0.721756662543899
0.25318395518506154,0.3932119635878625,0.8599719915971991,0.7666199859953318
0.25155156844001925,0.3918856493575156,0.8128878921100048,0.8128878921100048
0.25318395518506154,0.3932119635878625,0.7666199859953318,0.8599719915971991
0.2580177667837308,0.3971394355117813,0.721756662543899,0.9072522208479663
0.2658696516142023,0.40351909193653934,0.6788179725812136,0.9541168532258877
0.27645498936618473,0.4121196788600251,0.6382274946830924,1.0
0.2851727174259676,0.37452612774772165,1.0,0.6872630638738608
0.27645498936618473,0.36689811569541164,0.9547784368353865,0.7286706210123193
0.27046279585991495,0.36165494637742557,0.9088078494824894,0.7720196237062235
0.26741032560699185,0.35898403490611785,0.862639436051311,0.816852581401748
0.26741032560699185,0.35898403490611785,0.816852581401748,0.862639436051311
0.27046279585991495,0.36165494637742557,0.7720196237062235,0.9088078494824894
0.27645498936618473,0.36689811569541164,0.7286706210123193,0.9547784368353865
0.2851727174259676,0.37452612774772165,0.6872630638738608,1.0
0.29632080458633214,0.3403007542996864,1.0,0.7361203017198745
0.2894150533050761,0.33382661247350887,0.9555884408315672,0.7779422041578363
0.2851727174259676,0.3298494225868446,0.910646589678246,0.8212931793564919
0.28374163034264754,0.32850777844623213,0.8657015556892464,0.8657015556892464
0.2851727174259676,0.3298494225868446,0.8212931793564919,0.910646589678246
0.2894150533050761,0.33382661247350887,0.7779422041578363,0.9555884408315672
0.29632080458633214,0.3403007542996864,0.7361203017198745,1.0
0.30954903679663515,0.30954903679663515,1.0,0.7842340739989485
0.30434782608695643,0.30434782608695643,0.9565217391304348,0.8260869565217391
0.3017027512448244,0.3017027512448244,0.912712843905603,0.8690692658584046
0.3017027512448244,0.3017027512448244,0.8690692658584046,0.912712843905603
0.30434782608695643,0.30434782608695643,0.8260869565217391,0.9565217391304348
0.30954903679663515,0.30954903679663515,0.7842340739989485,1.0
0.3244794705268015,0.2822594374347266,1.0,0.8311198676317004
0.3208378240351858,0.2783901880373849,0.9575523640021991,0.8726570920065974
0.3196107910999004,0.27708646554364424,0.9149513488874875,0.9149513488874875
0.3208378240351858,0.2783901880373849,0.8726570920065974,0.9575523640021991
0.3244794705268015,0.2822594374347266,0.8311198676317004,1.0
0.3407314852557367,0.2583229209127037,1.0,0.8763871534854506
0.3384814155242216,0.25579159246474925,0.9586550884702638,0.9173101769405277
0.3384814155242216,0.25579159246474925,0.9173101769405277,0.9586550884702638
0.3407314852557367,0.2583229209127037,0.8763871534854506,1.0
0.3579421168758976,0.2375562637901285,1.0,0.9197427646094872
0.35690570315348724,0.23632552249476624,0.9598066064470929,0.9598066064470929
0.3579421168758976,0.2375562637901285,0.9197427646094872,1.0
0.37578054828730356,0.2197256853591295,1.0,0.9609862842679565
0.37578054828730356,0.2197256853591295,0.9609862842679565,1.0
0.3939567847371438,0.20456827996750138,1.0,1.0
0.35235157990445953,1.0,1.0,0.23806068224054056
0.3337174685808225,1.0,0.960806909916519,0.25533128841386055
0.3156057701057966,1.0,0.9194830317771525,0.27534728599437286
0.29833490809895336,1.0,0.8761767484880506,0.29833490809895336
0.2822594374347266,1.0,0.8311198676317004,0.3244794705268015
0.26775816316828827,1.0,0.784634753873026,0.35390426161907795
0.2552164776248501,1.0,0.737135227397006,0.3866488639263471
0.24500349413664313,1.0,0.6891190858209707,0.42264973081037416
0.23744578317236376,1.0,0.6411509567869946,0.46172643518049206
0.23280073990890893,1.0,0.5938356858341283,0.5035769493528235
0.23123342620157128,1.0,0.5477843683538655,0.5477843683538655
0.23280073990890893,1.0,0.5035769493528235,0.5938356858341283
0.23744578317236376,1.0,0.46172643518049206,0.6411509567869946
0.24500349413664335,1.0,0.42264973081037427,0.6891190858209708
0.2552164776248501,1.0,0.3866488639263471,0.737135227397006
0.26775816316828827,1.0,0.35390426161907795,0.784634753873026
0.2822594374347266,1.0,0.3244794705268015,0.8311198676317004
0.29833490809895336,1.0,0.29833490809895336,0.8761767484880506
0.3156057701057966,1.0,0.27534728599437286,0.9194830317771525
0.3337174685808225,1.0,0.25533128841386055,0.960806909916519
0.35235157990445953,1.0,0.23806068224054056,1.0
0.3337174685808225,0.960806909916519,1.0,0.25533128841386055
0.31449383723631497,0.9596761080727244,0.9596761080727244,0.2741699453090394
0.2959319384218051,0.9585842316718709,0.9171684633437418,0.2959319384218051
0.278390188037385,0.9575523640021991,0.8726570920065974,0.3208378240351859
0.26226283777533144,0.9566036963397254,0.8264147853589014,0.3490554450958807
0.24796427615352512,0.9557626044796191,0.7788130223980956,0.3806764627146677
0.23590682254165896,0.9550533425024506,0.7303200550147031,0.41569345253185686
0.2264732161714068,0.954498424480671,0.681488971364697,0.45398109376805185
0.21998650484009008,0.9541168532258877,0.6329348258071013,0.4952853854847642
0.21668134810704454,0.9539224322415909,0.5853018901743177,0.5392243224159086
0.21668134810704454,0.9539224322415909,0.5392243224159086,0.5853018901743177
0.21998650484008986,0.9541168532258877,0.4952853854847641,0.6329348258071011
0.2264732161714068,0.954498424480671,0.45398109376805185,0.681488971364697
0.23590682254165896,0.9550533425024506,0.41569345253185686,0.7303200550147031
0.24796427615352512,0.9557626044796191,0.3806764627146677,0.7788130223980956
0.26226283777533144,0.9566036963397254,0.3490554450958807,0.8264147853589014
0.278390188037385,0.9575523640021991,0.3208378240351859,0.8726570920065974
0.2959319384218051,0.9585842316718709,0.2959319384218051,0.9171684633437418
0.31449383723631497,0.9596761080727244,0.2741699453090394,0.9596761080727244
0.3337174685808225,0.960806909916519,0.25533128841386055,1.0
0.3156057701057966,0.9194830317771525,1.0,0.27534728599437286
0.2959319384218051,0.9171684633437418,0.9585842316718709,0.2959319384218051
0.27708646554364424,0.9149513488874875,0.9149513488874875,0.3196107910999004
0.25946836882264535,0.9128786316261935,0.8693179474392904,0.3465897371964517
0.24350992886702583,0.911001168102003,0.8220023362040061,0.3770081767140212
0.2296564674699456,0.9093713491141112,0.7734283727852781,0.41091376924172307
0.2183391672181051,0.9080399020256594,0.7241197060769783,0.4482394121539566
0.20994299902170577,0.9070521175319654,0.6746824113618788,0.4887866464258096
0.20477354146752047,0.9064439460550024,0.6257757842200096,0.532219730275012
0.20302770740455778,0.9062385538123009,0.5780734921553541,0.5780734921553541
0.20477354146752047,0.9064439460550024,0.532219730275012,0.6257757842200096
0.20994299902170577,0.9070521175319654,0.4887866464258096,0.6746824113618788
0.2183391672181051,0.9080399020256594,0.4482394121539566,0.7241197060769783
0.2296564674699456,0.9093713491141112,0.41091376924172307,0.7734283727852781
0.24350992886702583,0.911001168102003,0.3770081767140212,0.8220023362040061
0.25946836882264535,0.9128786316261935,0.3465897371964517,0.8693179474392904
0.27708646554364424,0.9149513488874875,0.3196107910999004,0.9149513488874875
0.2959319384218051,0.9171684633437418,0.2959319384218051,0.9585842316718709
0.3156057701057966,0.9194830317771525,0.27534728599437286,1.0
0.29833490809895336,0.8761767484880506,1.0,0.29833490809895336
0.278390188037385,0.8726570920065974,0.9575523640021991,0.3208378240351859
0.25946836882264535,0.8693179474392904,0.9128786316261935,0.3465897371964517
0.2420074644848933,0.8662366113796871,0.8662366113796871,0.3757708531052063
0.2264732161714068,0.8634952734420129,0.817993697922684,0.40847951824872286
0.21333381724932932,0.8611765559851757,0.7686275933086263,0.444706223940703
0.20302770740455778,0.8593578307184514,0.7187156614369028,0.484312045967655
0.19592759127131643,0.8581048690478794,0.6689113611117186,0.5270162301595979
0.19230562515251415,0.857465698556326,0.619908529483536,0.5723970956689781
0.19230562515251426,0.857465698556326,0.5723970956689781,0.6199085294835361
0.19592759127131643,0.8581048690478794,0.5270162301595979,0.6689113611117186
0.20302770740455778,0.8593578307184514,0.484312045967655,0.7187156614369028
0.2133338172493291,0.8611765559851757,0.4447062239407029,0.7686275933086262
0.2264732161714068,0.8634952734420129,0.40847951824872286,0.817993697922684
0.2420074644848933,0.8662366113796871,0.3757708531052063,0.8662366113796871
0.25946836882264535,0.8693179474392904,0.3465897371964517,0.9128786316261935
0.2783901880373849,0.8726570920065974,0.3208378240351858,0.9575523640021991
0.29833490809895336,0.8761767484880506,0.29833490809895336,1.0
0.2822594374347266,0.8311198676317004,1.0,0.3244794705268015
0.26226283777533144,0.8264147853589014,0.9566036963397254,0.3490554450958807
0.24350992886702583,0.8220023362040061,0.911001168102003,0.3770081767140212
0.2264732161714068,0.817993697922684,0.8634952734420129,0.40847951824872286
0.21164387720771394,0.8145044416959327,0.8145044416959327,0.44351332508779806
0.1995012641083811,0.8116473562607955,0.7645591953259945,0.4820302297171878
0.19047619047619058,0.8095238095238095,0.7142857142857143,0.5238095238095238
0.18491238747484706,0.8082146794058463,0.6643756889602311,0.5684830286631544
0.18303213673523833,0.807772267467115,0.6155445349342299,0.6155445349342299
0.18491238747484706,0.8082146794058463,0.5684830286631544,0.6643756889602311
0.19047619047619058,0.8095238095238095,0.5238095238095238,0.7142857142857143
0.1995012641083811,0.8116473562607955,0.4820302297171878,0.7645591953259945
0.21164387720771394,0.8145044416959327,0.44351332508779806,0.8145044416959327
0.2264732161714068,0.817993697922684,0.40847951824872286,0.8634952734420129
0.24350992886702583,0.8220023362040061,0.3770081767140212,0.911001168102003
0.26226283777533144,0.8264147853589014,0.3490554450958807,0.9566036963397254
0.2822594374347266,0.8311198676317004,0.3244794705268015,1.0
0.26775816316828827,0.784634753873026,1.0,0.35390426161907795
0.24796427615352512,0.7788130223980956,0.9557626044796191,0.3806764627146677
0.2296564674699456,0.7734283727852781,0.9093713491141112,0.41091376924172307
0.21333381724932932,0.7686275933086263,0.8611765559851757,0.444706223940703
0.1995012641083811,0.7645591953259945,0.8116473562607955,0.4820302297171878
0.18863426816430895,0.7613630200483261,0.7613630200483261,0.5227260400966522
0.1811388135395502,0.7591584745704559,0.7109901694845471,0.5664852542268207
0.1773123385570936,0.7580330407520863,0.661246257052921,0.6128528652033381
0.1773123385570936,0.7580330407520863,0.6128528652033381,0.661246257052921
0.18113881353955041,0.759158474570456,0.5664852542268208,0.7109901694845472
0.18863426816430895,0.7613630200483261,0.5227260400966522,0.7613630200483261
0.1995012641083811,0.7645591953259945,0.4820302297171878,0.8116473562607955
0.21333381724932932,0.7686275933086263,0.444706223940703,0.8611765559851757
0.2296564674699456,0.7734283727852781,0.41091376924172307,0.9093713491141112
0.2479642761535249,0.7788130223980956,0.3806764627146676,0.9557626044796191
0.26775816316828827,0.784634753873026,0.35390426161907795,1.0
0.2552164776248501,0.737135227397006,1.0,0.3866488639263471
0.23590682254165896,0.7303200550147031,0.9550533425024506,0.41569345253185686
0.2183391672181051,0.7241197060769783,0.9080399020256594,0.4482394121539566
0.20302770740455778,0.7187156614369028,0.8593578307184514,0.484312045967655
0.19047619047619058,0.7142857142857143,0.8095238095238095,0.5238095238095238
0.1811388135395502,0.7109901694845471,0.7591584745704559,0.5664852542268207
0.17537887487646786,0.7089572499564004,0.7089572499564004,0.6119429999418673
0.1734317148452641,0.7082700170042109,0.6596483531715793,0.6596483531715793
0.17537887487646786,0.7089572499564004,0.6119429999418673,0.7089572499564004
0.1811388135395502,0.7109901694845471,0.5664852542268207,0.7591584745704559
0.19047619047619058,0.7142857142857143,0.5238095238095238,0.8095238095238095
0.20302770740455778,0.7187156614369028,0.484312045967655,0.8593578307184514
0.2183391672181051,0.7241197060769783,0.4482394121539566,0.9080399020256594
0.23590682254165896,0.7303200550147031,0.41569345253185686,0.9550533425024506
0.2552164776248501,0.737135227397006,0.3866488639263471,1.0
0.24500349413664313,0.6891190858209707,1.0,0.42264973081037416
0.2264732161714068,0.681488971364697,0.954498424480671,0.45398109376805185
0.20994299902170577,0.6746824113618788,0.9070521175319654,0.4887866464258096
0.19592759127131643,0.6689113611117186,0.8581048690478794,0.5270162301595979
0.18491238747484706,0.6643756889602311,0.8082146794058463,0.5684830286631544
0.1773123385570936,0.661246257052921,0.7580330407520863,0.6128528652033381
0.1734317148452641,0.6596483531715793,0.7082700170042109,0.6596483531715793
0.1734317148452642,0.6596483531715793,0.6596483531715793,0.7082700170042109
0.1773123385570936,0.661246257052921,0.6128528652033381,0.7580330407520863
0.18491238747484706,0.6643756889602311,0.5684830286631544,0.8082146794058463
0.19592759127131643,0.6689113611117186,0.5270162301595979,0.8581048690478794
0.20994299902170577,0.6746824113618788,0.4887866464258096,0.9070521175319654
0.2264732161714068,0.681488971364697,0.45398109376805185,0.954498424480671
0.24500349413664313,0.6891190858209707,0.42264973081037416,1.0
0.23744578317236376,0.6411509567869946,1.0,0.46172643518049206
0.21998650484008986,0.6329348258071011,0.9541168532258877,0.4952853854847641
0.20477354146752047,0.6257757842200096,0.9064439460550024,0.532219730275012
0.19230562515251415,0.619908529483536,0.857465698556326,0.5723970956689781
0.18303213673523822,0.6155445349342297,0.8077722674671148,0.6155445349342297
0.1773123385570936,0.6128528652033381,0.7580330407520863,0.661246257052921
0.17537887487646786,0.6119429999418673,0.7089572499564004,0.7089572499564004
0.1773123385570936,0.6128528652033381,0.661246257052921,0.7580330407520863
0.18303213673523833,0.6155445349342299,0.6155445349342299,0.807772267467115
0.19230562515251415,0.619908529483536,0.5723970956689781,0.857465698556326
0.20477354146752047,0.6257757842200096,0.532219730275012,0.9064439460550024
0.21998650484008986,0.6329348258071011,0.4952853854847641,0.9541168532258877
0.23744578317236376,0.6411509567869946,0.46172643518049206,1.0
0.23280073990890893,0.5938356858341283,1.0,0.5035769493528235
0.21668134810704454,0.5853018901743177,0.9539224322415909,0.5392243224159086
0.20302770740455778,0.5780734921553541,0.9062385538123009,0.5780734921553541
0.19230562515251426,0.5723970956689781,0.857465698556326,0.6199085294835361
0.18491238747484706,0.5684830286631544,0.8082146794058463,0.6643756889602311
0.18113881353955041,0.5664852542268208,0.759158474570456,0.7109901694845472
0.1811388135395502,0.5664852542268207,0.7109901694845471,0.7591584745704559
0.18491238747484684,0.5684830286631541,0.664375688960231,0.8082146794058463
0.19230562515251426,0.5723970956689781,0.6199085294835361,0.857465698556326
0.20302770740455778,0.5780734921553541,0.5780734921553541,0.9062385538123009
0.21668134810704454,0.5853018901743177,0.5392243224159086,0.9539224322415909
0.23280073990890893,0.5938356858341283,0.5035769493528235,1.0
0.23123342620157128,0.5477843683538655,1.0,0.5477843683538655
0.21668134810704454,0.5392243224159086,0.9539224322415909,0.5853018901743177
0.20477354146752047,0.532219730275012,0.9064439460550024,0.6257757842200096
0.19592759127131643,0.5270162301595979,0.8581048690478794,0.6689113611117186
0.19047619047619058,0.5238095238095238,0.8095238095238095,0.7142857142857143
0.18863426816430895,0.5227260400966522,0.7613630200483261,0.7613630200483261
0.19047619047619058,0.5238095238095238,0.7142857142857143,0.8095238095238095
0.19592759127131643,0.5270162301595979,0.6689113611117186,0.8581048690478794
0.20477354146752047,0.532219730275012,0.6257757842200096,0.9064439460550024
0.21668134810704454,0.5392243224159086,0.5853018901743177,0.9539224322415909
0.23123342620157128,0.5477843683538655,0.5477843683538655,1.0
0.23280073990890893,0.5035769493528235,1.0,0.5938356858341283
0.21998650484008986,0.4952853854847641,0.9541168532258877,0.6329348258071011
0.20994299902170577,0.4887866464258096,0.9070521175319654,0.6746824113618788
0.20302770740455778,0.484312045967655,0.8593578307184514,0.7187156614369028
0.1995012641083811,0.4820302297171878,0.8116473562607955,0.7645591953259945
0.1995012641083811,0.4820302297171878,0.7645591953259945,0.8116473562607955
0.20302770740455778,0.484312045967655,0.7187156614369028,0.8593578307184514
0.20994299902170577,0.4887866464258096,0.6746824113618788,0.9070521175319654
0.21998650484008986,0.4952853854847641,0.6329348258071011,0.9541168532258877
0.23280073990890893,0.5035769493528235,0.5938356858341283,1.0
0.23744578317236376,0.46172643518049206,1.0,0.6411509567869946
0.2264732161714068,0.45398109376805185,0.954498424480671,0.681488971364697
0.2183391672181051,0.4482394121539566,0.9080399020256594,0.7241197060769783
0.2133338172493291,0.4447062239407029,0.8611765559851757,0.7686275933086262
0.21164387720771383,0.44351332508779795,0.8145044416959326,0.8145044416959326
0.2133338172493291,0.4447062239407029,0.7686275933086262,0.8611765559851757
0.2183391672181051,0.4482394121539566,0.7241197060769783,0.9080399020256594
0.2264732161714068,0.45398109376805185,0.681488971364697,0.954498424480671
0.23744578317236376,0.46172643518049206,0.6411509567869946,1.0
0.24500349413664335,0.42264973081037427,1.0,0.6891190858209708
0.23590682254165896,0.41569345253185686,0.9550533425024506,0.7303200550147031
0.2296564674699456,0.41091376924172307,0.9093713491141112,0.7734283727852781
0.2264732161714068,0.40847951824872286,0.8634952734420129,0.817993697922684
0.2264732161714068,0.40847951824872286,0.817993697922684,0.8634952734420129
0.2296564674699456,0.41091376924172307,0.7734283727852781,0.9093713491141112
0.23590682254165896,0.41569345253185686,0.7303200550147031,0.9550533425024506
0.24500349413664335,0.42264973081037427,0.6891190858209708,1.0
0.2552164776248501,0.3866488639263471,1.0,0.737135227397006
0.2479642761535249,0.3806764627146676,0.9557626044796191,0.7788130223980956
0.24350992886702583,0.3770081767140212,0.911001168102003,0.8220023362040061
0.2420074644848933,0.3757708531052063,0.8662366113796871,0.8662366113796871
0.24350992886702583,0.3770081767140212,0.8220023362040061,0.911001168102003
0.2479642761535249,0.3806764627146676,0.7788130223980956,0.9557626044796191
0.2552164776248501,0.3866488639263471,0.737135227397006,1.0
0.26775816316828827,0.35390426161907795,1.0,0.784634753873026
0.2622628377753313,0.3490554450958805,0.9566036963397254,0.8264147853589014
0.25946836882264535,0.3465897371964517,0.9128786316261935,0.8693179474392904
0.25946836882264535,0.3465897371964517,0.8693179474392904,0.9128786316261935
0.2622628377753313,0.3490554450958805,0.8264147853589014,0.9566036963397254
0.26775816316828827,0.35390426161907795,0.784634753873026,1.0
0.2822594374347266,0.3244794705268015,1.0,0.8311198676317004
0.2783901880373849,0.3208378240351858,0.9575523640021991,0.8726570920065974
0.27708646554364424,0.3196107910999004,0.9149513488874875,0.9149513488874875
0.2783901880373849,0.3208378240351858,0.8726570920065974,0.9575523640021991
0.2822594374347266,0.3244794705268015,0.8311198676317004,1.0
0.29833490809895336,0.29833490809895336,1.0,0.8761767484880506
0.2959319384218051,0.2959319384218051,0.9585842316718709,0.9171684633437418
0.2959319384218051,0.2959319384218051,0.9171684633437418,0.9585842316718709
0.29833490809895336,0.29833490809895336,0.8761767484880506,1.0
0.3156057701057966,0.27534728599437286,1.0,0.9194830317771525
0.31449383723631497,0.2741699453090394,0.9596761080727244,0.9596761080727244
0.3156057701057966,0.27534728599437286,0.9194830317771525,1.0
0.3337174685808225,0.25533128841386055,1.0,0.960806909916519
0.3337174685808225,0.25533128841386055,0.960806909916519,1.0
0.35235157990445953,0.23806068224054056,1.0,1.0
0.31225535208921684,1.0,1.0,0.27404731609417343
0.29343819521902637,1.0,0.960746566401057,0.29343819521902637
0.27534728599437286,1.0,0.9194830317771525,0.3156057701057966
0.2583229209127037,1.0,0.8763871534854506,0.3407314852557367
0.2427343085589918,1.0,0.8317187352353315,0.36894525713249315
0.22896471361938509,1.0,0.7858235315609403,0.40030588837063286
0.21739130434782616,1.0,0.7391304347826086,0.4347826086956522
0.20836090515962358,1.0,0.6921403520065202,0.47224060343974905
0.2021640270797147,1.0,0.645406234257651,0.5124335721042701
0.1990105129180273,1.0,0.5995052564590136,0.5550058405100151
0.1990105129180273,1.0,0.5550058405100151,0.5995052564590136
0.2021640270797147,1.0,0.5124335721042701,0.645406234257651
0.20836090515962358,1.0,0.47224060343974905,0.6921403520065202
0.21739130434782616,1.0,0.4347826086956522,0.7391304347826086
0.22896471361938509,1.0,0.40030588837063286,0.7858235315609403
0.2427343085589917,1.0,0.36894525713249304,0.8317187352353315
0.2583229209127037,1.0,0.3407314852557367,0.8763871534854506
0.27534728599437286,1.0,0.3156057701057966,0.9194830317771525
0.29343819521902637,1.0,0.29343819521902637,0.960746566401057
0.31225535208921684,1.0,0.27404731609417343,1.0
0.29343819521902637,0.960746566401057,1.0,0.29343819521902637
0.2741699453090394,0.9596761080727244,0.9596761080727244,0.31449383723631497
0.25579159246474925,0.9586550884702638,0.9173101769405277,0.3384814155242216
0.2386811180119356,0.9577045065562186,0.8731135196686559,0.3655675983432797
0.22324266639621437,0.9568468147997897,0.8273872591991588,0.3958554071970557
0.20988769364893523,0.9561048718693853,0.7805243593469264,0.4293633343020088
0.1990105129180273,0.9555005840510015,0.733003504306009,0.46600700861201816
0.1909601650441095,0.9550533425024506,0.6853733975171536,0.5055867675269559
0.18601186303695783,0.9547784368353865,0.6382274946830924,0.5477843683538655
0.18434214202700117,0.9546856745570557,0.5921710710135006,0.5921710710135006
0.18601186303695783,0.9547784368353865,0.5477843683538655,0.6382274946830924
0.1909601650441095,0.9550533425024506,0.5055867675269559,0.6853733975171536
0.1990105129180274,0.9555005840510016,0.46600700861201827,0.7330035043060091
0.20988769364893511,0.9561048718693853,0.4293633343020087,0.7805243593469264
0.22324266639621437,0.9568468147997897,0.3958554071970557,0.8273872591991588
0.2386811180119356,0.9577045065562186,0.3655675983432797,0.8731135196686559
0.25579159246474925,0.9586550884702638,0.3384814155242216,0.9173101769405277
0.2741699453090394,0.9596761080727244,0.31449383723631497,0.9596761080727244
0.29343819521902637,0.960746566401057,0.29343819521902637,1.0
0.27534728599437286,0.9194830317771525,1.0,0.3156057701057966
0.25579159246474925,0.9173101769405277,0.9586550884702638,0.3384814155242216
0.23731552250733556,0.9152572802785929,0.9152572802785929,0.3644296020894463
0.22033345271642202,0.913370383635158,0.870055575452737,0.39359268544610604
0.20528058576097363,0.9116978428623304,0.8233956857246608,0.42603597860514764
0.19258965277073803,0.9102877391967487,0.7757193479918717,0.46172643518049206
0.18266210346430045,0.9091846781627,0.7275540344881002,0.5005157298948503
0.17583661630786585,0.908426290700874,0.679492017453059,0.54213145350437
0.17235911823093486,0.9080399020256594,0.6321596081026377,0.5861795591154675
0.17235911823093486,0.9080399020256594,0.5861795591154675,0.6321596081026377
0.17583661630786585,0.908426290700874,0.54213145350437,0.679492017453059
0.18266210346430045,0.9091846781627,0.5005157298948503,0.7275540344881002
0.19258965277073803,0.9102877391967487,0.46172643518049206,0.7757193479918717
0.20528058576097363,0.9116978428623304,0.42603597860514764,0.8233956857246608
0.22033345271642202,0.913370383635158,0.39359268544610604,0.870055575452737
0.23731552250733556,0.9152572802785929,0.3644296020894463,0.9152572802785929
0.25579159246474925,0.9173101769405277,0.3384814155242216,0.9586550884702638
0.27534728599437286,0.9194830317771525,0.3156057701057966,1.0
0.2583229209127037,0.8763871534854506,1.0,0.3407314852557367
0.2386811180119356,0.8731135196686559,0.9577045065562186,0.3655675983432797
0.22033345271642202,0.870055575452737,0.913370383635158,0.39359268544610604
0.20372688063314415,0.8672878134388573,0.8672878134388573,0.42491385823504857
0.18932077160011895,0.8648867952666865,0.819849060355582,0.45954718106674597
0.1775590077070831,0.8629265012845139,0.7715441688075231,0.4973971713765508
0.16883722622870168,0.861472871038117,0.722945742076234,0.5382429034603898
0.1634690577876885,0.8605781762979481,0.6746824113618788,0.5817345288938442
0.16165642090127974,0.8602760701502132,0.6274028537339021,0.6274028537339021
0.16346905778768828,0.8605781762979481,0.5817345288938441,0.6746824113618788
0.16883722622870168,0.861472871038117,0.5382429034603898,0.722945742076234
0.1775590077070831,0.8629265012845139,0.4973971713765508,0.7715441688075231
0.18932077160011895,0.8648867952666865,0.45954718106674597,0.819849060355582
0.20372688063314415,0.8672878134388573,0.42491385823504857,0.8672878134388573
0.22033345271642202,0.870055575452737,0.39359268544610604,0.913370383635158
0.23868111801193548,0.8731135196686559,0.36556759834327957,0.9577045065562186
0.2583229209127037,0.8763871534854506,0.3407314852557367,1.0
0.2427343085589918,0.8317187352353315,1.0,0.36894525713249315
0.22324266639621437,0.8273872591991588,0.9568468147997897,0.3958554071970557
0.20528058576097363,0.8233956857246608,0.9116978428623304,0.42603597860514764
0.18932077160011906,0.819849060355582,0.8648867952666865,0.4595471810667461
0.17583661630786585,0.816852581401748,0.816852581401748,0.49634459885480686
0.1652699876316972,0.8145044416959327,0.7681305521199159,0.5362611042398318
0.1579955144950217,0.8128878921100048,0.7193318381650072,0.5789977572475109
0.1542862256771087,0.8120636057060242,0.6711113099855422,0.6241272114120483
0.1542862256771087,0.8120636057060242,0.6241272114120483,0.6711113099855422
0.1579955144950217,0.8128878921100048,0.5789977572475109,0.7193318381650072
0.1652699876316972,0.8145044416959327,0.5362611042398318,0.7681305521199159
0.17583661630786585,0.816852581401748,0.49634459885480686,0.816852581401748
0.18932077160011906,0.819849060355582,0.4595471810667461,0.8648867952666865
0.20528058576097363,0.8233956857246608,0.42603597860514764,0.9116978428623304
0.22324266639621437,0.8273872591991588,0.3958554071970557,0.9568468147997897
0.2427343085589918,0.8317187352353315,0.36894525713249315,1.0
0.22896471361938509,0.7858235315609403,1.0,0.40030588837063286
0.20988769364893511,0.7805243593469264,0.9561048718693853,0.4293633343020087
0.19258965277073803,0.7757193479918717,0.9102877391967487,0.46172643518049206
0.1775590077070831,0.7715441688075231,0.8629265012845139,0.4973971713765508
0.16526998763169698,0.7681305521199158,0.8145044416959326,0.5362611042398316
0.15614698431070828,0.7655963845307523,0.7655963845307523,0.5780734921553541
0.1505274792705843,0.7640354109084957,0.7168424930901948,0.622456657453593
0.14862921428727605,0.7635081150797989,0.6689113611117184,0.6689113611117184
0.1505274792705843,0.7640354109084957,0.622456657453593,0.7168424930901948
0.15614698431070806,0.7655963845307523,0.5780734921553541,0.7655963845307523
0.16526998763169698,0.7681305521199158,0.5362611042398316,0.8145044416959326
0.1775590077070831,0.7715441688075231,0.4973971713765508,0.8629265012845139
0.19258965277073803,0.7757193479918717,0.46172643518049206,0.9102877391967487
0.20988769364893511,0.7805243593469264,0.4293633343020087,0.9561048718693853
0.22896471361938509,0.7858235315609403,0.40030588837063286,1.0
0.21739130434782616,0.7391304347826086,1.0,0.4347826086956522
0.1990105129180273,0.733003504306009,0.9555005840510015,0.46600700861201816
0.18266210346430045,0.7275540344881002,0.9091846781627,0.5005157298948503
0.16883722622870168,0.722945742076234,0.861472871038117,0.5382429034603898
0.1579955144950217,0.7193318381650072,0.8128878921100048,0.5789977572475109
0.15052747927058452,0.7168424930901949,0.7640354109084957,0.6224566574535931
0.14671816634804113,0.7155727221160137,0.7155727221160137,0.6681681758020159
0.1467181663480409,0.7155727221160136,0.6681681758020159,0.7155727221160136
0.15052747927058452,0.7168424930901949,0.6224566574535931,0.7640354109084957
0.1579955144950217,0.7193318381650072,0.5789977572475109,0.8128878921100048
0.16883722622870168,0.722945742076234,0.5382429034603898,0.861472871038117
0.18266210346430045,0.7275540344881002,0.5005157298948503,0.9091846781627
0.1990105129180273,0.733003504306009,0.46600700861201816,0.9555005840510015
0.21739130434782616,0.7391304347826086,0.4347826086956522,1.0
0.20836090515962358,0.6921403520065202,1.0,0.47224060343974905
0.1909601650441095,0.6853733975171536,0.9550533425024506,0.5055867675269559
0.17583661630786585,0.679492017453059,0.908426290700874,0.54213145350437
0.1634690577876885,0.6746824113618788,0.8605781762979481,0.5817345288938442
0.1542862256771087,0.6711113099855422,0.8120636057060242,0.6241272114120483
0.14862921428727616,0.6689113611117186,0.7635081150797989,0.6689113611117186
0.14671816634804113,0.6681681758020159,0.7155727221160137,0.7155727221160137
0.14862921428727616,0.6689113611117186,0.6689113611117186,0.7635081150797989
0.1542862256771088,0.6711113099855424,0.6241272114120484,0.8120636057060242
0.1634690577876885,0.6746824113618788,0.5817345288938442,0.8605781762979481
0.17583661630786585,0.679492017453059,0.54213145350437,0.908426290700874
0.1909601650441095,0.6853733975171536,0.5055867675269559,0.9550533425024506
0.20836090515962358,0.6921403520065202,0.47224060343974905,1.0
0.2021640270797147,0.645406234257651,1.0,0.5124335721042701
0.1860118630369576,0.6382274946830924,0.9547784368353865,0.5477843683538653
0.17235911823093486,0.6321596081026377,0.9080399020256594,0.5861795591154675
0.16165642090127974,0.6274028537339021,0.8602760701502132,0.6274028537339021
0.1542862256771087,0.6241272114120483,0.8120636057060242,0.6711113099855422
0.1505274792705843,0.622456657453593,0.7640354109084957,0.7168424930901948
0.1505274792705843,0.622456657453593,0.7168424930901948,0.7640354109084957
0.1542862256771087,0.6241272114120483,0.6711113099855422,0.8120636057060242
0.16165642090127974,0.6274028537339021,0.6274028537339021,0.8602760701502132
0.17235911823093486,0.6321596081026377,0.5861795591154675,0.9080399020256594
0.1860118630369576,0.6382274946830924,0.5477843683538653,0.9547784368353865
0.2021640270797147,0.645406234257651,0.5124335721042701,1.0
0.1990105129180273,0.5995052564590136,1.0,0.5550058405100151
0.18434214202700117,0.5921710710135006,0.9546856745570557,0.5921710710135006
0.17235911823093486,0.5861795591154675,0.9080399020256594,0.6321596081026377
0.16346905778768828,0.5817345288938441,0.8605781762979481,0.6746824113618788
0.1579955144950217,0.5789977572475109,0.8128878921100048,0.7193318381650072
0.15614698431070828,0.5780734921553541,0.7655963845307523,0.7655963845307523
0.1579955144950217,0.5789977572475109,0.7193318381650072,0.8128878921100048
0.16346905778768828,0.5817345288938441,0.6746824113618788,0.8605781762979481
0.17235911823093486,0.5861795591154675,0.6321596081026377,0.9080399020256594
0.18434214202700117,0.5921710710135006,0.5921710710135006,0.9546856745570557
0.1990105129180273,0.5995052564590136,0.5550058405100151,1.0
0.1990105129180273,0.5550058405100151,1.0,0.5995052564590136
0.1860118630369576,0.5477843683538653,0.9547784368353865,0.6382274946830924
0.17583661630786585,0.54213145350437,0.908426290700874,0.679492017453059
0.16883722622870168,0.5382429034603898,0.861472871038117,0.722945742076234
0.1652699876316972,0.5362611042398318,0.8145044416959327,0.7681305521199159
0.16526998763169698,0.5362611042398316,0.7681305521199158,0.8145044416959326
0.16883722622870168,0.5382429034603898,0.722945742076234,0.861472871038117
0.17583661630786585,0.54213145350437,0.679492017453059,0.908426290700874
0.1860118630369576,0.5477843683538653,0.6382274946830924,0.9547784368353865
0.1990105129180273,0.5550058405100151,0.5995052564590136,1.0
0.2021640270797147,0.5124335721042701,1.0,0.645406234257651
0.1909601650441095,0.5055867675269559,0.9550533425024506,0.6853733975171536
0.18266210346430045,0.5005157298948503,0.9091846781627,0.7275540344881002
0.1775590077070831,0.4973971713765508,0.8629265012845139,0.7715441688075231
0.17583661630786585,0.49634459885480686,0.816852581401748,0.816852581401748
0.1775590077070831,0.4973971713765508,0.7715441688075231,0.8629265012845139
0.18266210346430045,0.5005157298948503,0.7275540344881002,0.9091846781627
0.1909601650441095,0.5055867675269559,0.6853733975171536,0.9550533425024506
0.2021640270797147,0.5124335721042701,0.645406234257651,1.0
0.20836090515962358,0.47224060343974905,1.0,0.6921403520065202
0.1990105129180273,0.46600700861201816,0.9555005840510015,0.733003504306009
0.19258965277073803,0.46172643518049206,0.9102877391967487,0.7757193479918717
0.18932077160011895,0.45954718106674597,0.8648867952666865,0.819849060355582
0.18932077160011895,0.45954718106674597,0.819849060355582,0.8648867952666865
0.19258965277073803,0.46172643518049206,0.7757193479918717,0.9102877391967487
0.1990105129180273,0.46600700861201816,0.733003504306009,0.9555005840510015
0.20836090515962358,0.47224060343974905,0.6921403520065202,1.0
0.21739130434782616,0.4347826086956522,1.0,0.7391304347826086
0.20988769364893511,0.4293633343020087,0.9561048718693853,0.7805243593469264
0.20528058576097363,0.42603597860514764,0.9116978428623304,0.8233956857246608
0.20372688063314415,0.42491385823504857,0.8672878134388573,0.8672878134388573
0.20528058576097363,0.42603597860514764,0.8233956857246608,0.9116978428623304
0.20988769364893511,0.4293633343020087,0.7805243593469264,0.9561048718693853
0.21739130434782616,0.4347826086956522,0.7391304347826086,1.0
0.22896471361938509,0.40030588837063286,1.0,0.7858235315609403
0.22324266639621437,0.3958554071970557,0.9568468147997897,0.8273872591991588
0.22033345271642202,0.39359268544610604,0.913370383635158,0.870055575452737
0.22033345271642202,0.39359268544610604,0.870055575452737,0.913370383635158
0.22324266639621437,0.3958554071970557,0.8273872591991588,0.9568468147997897
0.22896471361938509,0.40030588837063286,0.7858235315609403,1.0
0.2427343085589917,0.36894525713249304,1.0,0.8317187352353315
0.23868111801193548,0.36556759834327957,0.9577045065562186,0.8731135196686559
0.23731552250733556,0.3644296020894463,0.9152572802785929,0.9152572802785929
0.23868111801193548,0.36556759834327957,0.8731135196686559,0.9577045065562186
0.2427343085589917,0.36894525713249304,0.8317187352353315,1.0
0.2583229209127037,0.3407314852557367,1.0,0.8763871534854506
0.25579159246474925,0.3384814155242216,0.9586550884702638,0.9173101769405277
0.25579159246474925,0.3384814155242216,0.9173101769405277,0.9586550884702638
0.2583229209127037,0.3407314852557367,0.8763871534854506,1.0
0.27534728599437286,0.3156057701057966,1.0,0.9194830317771525
0.2741699453090394,0.31449383723631497,0.9596761080727244,0.9596761080727244
0.27534728599437286,0.3156057701057966,0.9194830317771525,1.0
0.29343819521902637,0.29343819521902637,1.0,0.960746566401057
0.29343819521902637,0.29343819521902637,0.960746566401057,1.0
0.31225535208921684,0.27404731609417343,1.0,1.0
0.27404731609417343,1.0,1.0,0.31225535208921684
0.25533128841386055,1.0,0.960806909916519,0.3337174685808225
0.2375562637901285,1.0,0.9197427646094872,0.3579421168758976
0.22107594139375164,1.0,0.8770119907463818,0.38505995373190915
0.20626361302572194,1.0,0.8328976027422572,0.41514160959790036
0.19349491604178315,1.0,0.7877618200109955,0.44818073202858844
0.18312619725453938,1.0,0.7420398517645914,0.4840797035291827
0.17547023045478227,1.0,0.6962258743780776,0.5226406597369792
0.17077201710322887,1.0,0.6508513756224121,0.5635642195280152
0.16918800805141054,1.0,0.6064574774980365,0.6064574774980365
0.17077201710322887,1.0,0.5635642195280152,0.6508513756224121
0.17547023045478227,1.0,0.5226406597369792,0.6962258743780776
0.18312619725453938,1.0,0.4840797035291827,0.7420398517645914
0.19349491604178315,1.0,0.44818073202858844,0.7877618200109955
0.20626361302572194,1.0,0.41514160959790036,0.8328976027422572
0.22107594139375164,1.0,0.38505995373190915,0.8770119907463818
0.2375562637901285,1.0,0.3579421168758976,0.9197427646094872
0.25533128841386055,1.0,0.3337174685808225,0.960806909916519
0.27404731609417343,1.0,0.31225535208921684,1.0
0.25533128841386055,0.960806909916519,1.0,0.3337174685808225
0.23632552249476624,0.9598066064470929,0.9598066064470929,0.35690570315348724
0.2184444336997593,0.9588654965105137,0.9177309930210273,0.3829824476577046
0.2020750014249647,0.9580039474434192,0.8740118423302575,0.41205526420786864
0.18761866286287576,0.9572430875190987,0.8289723500763948,0.44416013774828333
0.17547023045478216,0.9566036963397254,0.7830184816986269,0.47924435607670446
0.16599256551832053,0.9561048718693853,0.7366292312163116,0.5171535905632381
0.15948948511276329,0.9557626044796191,0.6903382313573339,0.5576260447961912
0.15618037579977762,0.9555884408315672,0.6447075266525379,0.6002959674841051
0.15618037579977773,0.9555884408315672,0.6002959674841053,0.6447075266525379
0.15948948511276329,0.9557626044796191,0.5576260447961912,0.6903382313573339
0.16599256551832053,0.9561048718693853,0.5171535905632381,0.7366292312163116
0.17547023045478216,0.9566036963397254,0.47924435607670446,0.7830184816986269
0.18761866286287576,0.9572430875190987,0.44416013774828333,0.8289723500763948
0.2020750014249647,0.9580039474434192,0.41205526420786864,0.8740118423302575
0.2184444336997593,0.9588654965105137,0.3829824476577046,0.9177309930210273
0.23632552249476624,0.9598066064470929,0.35690570315348724,0.9598066064470929
0.25533128841386055,0.960806909916519,0.3337174685808225,1.0
0.2375562637901285,0.9197427646094872,1.0,0.3579421168758976
0.2184444336997593,0.9177309930210273,0.9588654965105137,0.3829824476577046
0.20066399236782462,0.9158593676176657,0.9158593676176657,0.41101557332366023
0.18463195669653842,0.9141717849154251,0.8712576773731376,0.44211660195026303
0.17077201710322887,0.912712843905603,0.8254256878112061,0.4762770634336182
0.15948948511276329,0.9115252089592383,0.7788130223980956,0.5133886492758102
0.15114260194333662,0.910646589678246,0.7319397690347378,0.5532329483912297
0.14601350754656006,0.9101066850049011,0.6853733975171536,0.5954800825220548
0.14428303668901454,0.909924530177791,0.639698120711164,0.639698120711164
0.14601350754655995,0.910106685004901,0.5954800825220546,0.6853733975171536
0.15114260194333662,0.910646589678246,0.5532329483912297,0.7319397690347378
0.15948948511276329,0.9115252089592383,0.5133886492758102,0.7788130223980956
0.17077201710322887,0.912712843905603,0.4762770634336182,0.8254256878112061
0.18463195669653842,0.9141717849154251,0.44211660195026303,0.8712576773731376
0.20066399236782462,0.9158593676176657,0.41101557332366023,0.9158593676176657
0.2184444336997593,0.9177309930210273,0.3829824476577046,0.9588654965105137
0.2375562637901285,0.9197427646094872,0.3579421168758976,1.0
0.22107594139375164,0.8770119907463818,1.0,0.38505995373190915
0.2020750014249647,0.8740118423302575,0.9580039474434192,0.41205526420786864
0.18463195669653842,0.8712576773731376,0.9141717849154251,0.44211660195026303
0.16918800805141054,0.8688191591660122,0.8688191591660122,0.47527663666404873
0.15618037579977773,0.8667653224947017,0.822353763326269,0.5114728491472398
0.14601350754655995,0.8651600275073515,0.7752667125122525,0.5505334250245052
0.13902781658405694,0.8640570236711669,0.7281140473423338,0.5921710710135006
0.13547006513274895,0.8634952734420129,0.681488971364697,0.6359873958453679
0.13547006513274873,0.8634952734420129,0.6359873958453679,0.6814889713646969
0.13902781658405694,0.8640570236711669,0.5921710710135006,0.7281140473423338
0.14601350754655995,0.8651600275073515,0.5505334250245052,0.7752667125122525
0.15618037579977773,0.8667653224947017,0.5114728491472398,0.822353763326269
0.16918800805141054,0.8688191591660122,0.47527663666404873,0.8688191591660122
0.18463195669653842,0.8712576773731376,0.44211660195026303,0.9141717849154251
0.2020750014249647,0.8740118423302575,0.41205526420786864,0.9580039474434192
0.22107594139375164,0.8770119907463818,0.38505995373190915,1.0
0.20626361302572194,0.8328976027422572,1.0,0.41514160959790036
0.18761866286287576,0.8289723500763948,0.9572430875190987,0.44416013774828333
0.17077201710322887,0.8254256878112061,0.912712843905603,0.4762770634336182
0.15618037579977773,0.822353763326269,0.8667653224947017,0.5114728491472398
0.14428303668901454,0.819849060355582,0.819849060355582,0.549622650888955
0.13547006513274895,0.817993697922684,0.772492122403355,0.5904858203260389
0.13004976165830295,0.816852581401748,0.725278872102622,0.633705162803496
0.12822021129186512,0.8164674129035505,0.6788179725812135,0.6788179725812135
0.13004976165830295,0.816852581401748,0.633705162803496,0.725278872102622
0.13547006513274873,0.817993697922684,0.5904858203260388,0.772492122403355
0.14428303668901454,0.819849060355582,0.549622650888955,0.819849060355582
0.15618037579977773,0.822353763326269,0.5114728491472398,0.8667653224947017
0.17077201710322887,0.8254256878112061,0.4762770634336182,0.912712843905603
0.18761866286287576,0.8289723500763948,0.44416013774828333,0.9572430875190987
0.20626361302572194,0.8328976027422572,0.41514160959790036,1.0
0.19349491604178315,0.7877618200109955,1.0,0.44818073202858844
0.17547023045478216,0.7830184816986269,0.9566036963397254,0.47924435607670446
0.15948948511276329,0.7788130223980956,0.9115252089592383,0.5133886492758102
0.14601350754655995,0.7752667125122525,0.8651600275073515,0.5505334250245052
0.13547006513274873,0.772492122403355,0.817993697922684,0.5904858203260388
0.12822021129186534,0.7705842661294382,0.7705842661294382,0.6329348258071011
0.12452621259022634,0.7696121612079543,0.7235345934495452,0.677457025691136
0.12452621259022634,0.7696121612079543,0.677457025691136,0.7235345934495452
0.12822021129186534,0.7705842661294382,0.6329348258071011,0.7705842661294382
0.13547006513274873,0.772492122403355,0.5904858203260388,0.817993697922684
0.14601350754655995,0.7752667125122525,0.5505334250245052,0.8651600275073515
0.15948948511276329,0.7788130223980956,0.5133886492758102,0.9115252089592383
0.17547023045478216,0.7830184816986269,0.47924435607670446,0.9566036963397254
0.19349491604178315,0.7877618200109955,0.44818073202858844,1.0
0.18312619725453938,0.7420398517645914,1.0,0.4840797035291827
0.16599256551832053,0.7366292312163116,0.9561048718693853,0.5171535905632381
0.15114260194333662,0.7319397690347378,0.910646589678246,0.5532329483912297
0.13902781658405694,0.7281140473423338,0.8640570236711669,0.5921710710135006
0.13004976165830295,0.725278872102622,0.816852581401748,0.633705162803496
0.12452621259022634,0.7235345934495452,0.7696121612079543,0.677457025691136
0.12266151657474078,0.722945742076234,0.722945742076234,0.722945742076234
0.12452621259022634,0.7235345934495452,0.677457025691136,0.7696121612079543
0.13004976165830295,0.725278872102622,0.633705162803496,0.816852581401748
0.13902781658405694,0.7281140473423338,0.5921710710135006,0.8640570236711669
0.15114260194333662,0.7319397690347378,0.5532329483912297,0.910646589678246
0.16599256551832053,0.7366292312163116,0.5171535905632381,0.9561048718693853
0.18312619725453938,0.7420398517645914,0.4840797035291827,1.0
0.17547023045478227,0.6962258743780776,1.0,0.5226406597369792
0.15948948511276329,0.6903382313573339,0.9557626044796191,0.5576260447961912
0.14601350754656006,0.6853733975171536,0.9101066850049011,0.5954800825220548
0.13547006513274895,0.681488971364697,0.8634952734420129,0.6359873958453679
0.12822021129186534,0.6788179725812136,0.8164674129035505,0.6788179725812136
0.12452621259022634,0.677457025691136,0.7696121612079543,0.7235345934495452
0.12452621259022634,0.677457025691136,0.7235345934495452,0.7696121612079543
0.12822021129186534,0.6788179725812136,0.6788179725812136,0.8164674129035505
0.13547006513274895,0.681488971364697,0.6359873958453679,0.8634952734420129
0.14601350754656006,0.6853733975171536,0.5954800825220548,0.9101066850049011
0.15948948511276329,0.6903382313573339,0.5576260447961912,0.9557626044796191
0.17547023045478227,0.6962258743780776,0.5226406597369792,1.0
0.17077201710322887,0.6508513756224121,1.0,0.5635642195280152
0.15618037579977762,0.6447075266525379,0.9555884408315672,0.6002959674841051
0.14428303668901454,0.639698120711164,0.909924530177791,0.639698120711164
0.13547006513274873,0.6359873958453679,0.8634952734420129,0.6814889713646969
0.13004976165830295,0.633705162803496,0.816852581401748,0.725278872102622
0.12822021129186534,0.6329348258071011,0.7705842661294382,0.7705842661294382
0.13004976165830295,0.633705162803496,0.725278872102622,0.816852581401748
0.13547006513274873,0.6359873958453679,0.6814889713646969,0.8634952734420129
0.14428303668901454,0.639698120711164,0.639698120711164,0.909924530177791
0.15618037579977762,0.6447075266525379,0.6002959674841051,0.9555884408315672
0.17077201710322887,0.6508513756224121,0.5635642195280152,1.0
0.16918800805141054,0.6064574774980365,1.0,0.6064574774980365
0.15618037579977773,0.6002959674841053,0.9555884408315672,0.6447075266525379
0.14601350754655995,0.5954800825220546,0.910106685004901,0.6853733975171536
0.13902781658405694,0.5921710710135006,0.8640570236711669,0.7281140473423338
0.13547006513274873,0.5904858203260388,0.817993697922684,0.772492122403355
0.13547006513274895,0.5904858203260389,0.772492122403355,0.817993697922684
0.13902781658405694,0.5921710710135006,0.7281140473423338,0.8640570236711669
0.14601350754655995,0.5954800825220546,0.6853733975171536,0.910106685004901
0.15618037579977773,0.6002959674841053,0.6447075266525379,0.9555884408315672
0.16918800805141054,0.6064574774980365,0.6064574774980365,1.0
0.17077201710322887,0.5635642195280152,1.0,0.6508513756224121
0.15948948511276329,0.5576260447961912,0.9557626044796191,0.6903382313573339
0.15114260194333662,0.5532329483912297,0.910646589678246,0.7319397690347378
0.14601350754655995,0.5505334250245052,0.8651600275073515,0.7752667125122525
0.14428303668901454,0.549622650888955,0.819849060355582,0.819849060355582
0.14601350754655995,0.5505334250245052,0.7752667125122525,0.8651600275073515
0.15114260194333662,0.5532329483912297,0.7319397690347378,0.910646589678246
0.15948948511276329,0.5576260447961912,0.6903382313573339,0.9557626044796191
0.17077201710322887,0.5635642195280152,0.6508513756224121,1.0
0.17547023045478227,0.5226406597369792,1.0,0.6962258743780776
0.16599256551832053,0.5171535905632381,0.9561048718693853,0.7366292312163116
0.15948948511276329,0.5133886492758102,0.9115252089592383,0.7788130223980956
0.15618037579977773,0.5114728491472398,0.8667653224947017,0.822353763326269
0.15618037579977773,0.5114728491472398,0.822353763326269,0.8667653224947017
0.15948948511276329,0.5133886492758102,0.7788130223980956,0.9115252089592383
0.16599256551832053,0.5171535905632381,0.7366292312163116,0.9561048718693853
0.17547023045478227,0.5226406597369792,0.6962258743780776,1.0
0.18312619725453938,0.4840797035291827,1.0,0.7420398517645914
0.17547023045478216,0.47924435607670446,0.9566036963397254,0.7830184816986269
0.17077201710322887,0.4762770634336182,0.912712843905603,0.8254256878112061
0.16918800805141054,0.47527663666404873,0.8688191591660122,0.8688191591660122
0.17077201710322887,0.4762770634336182,0.8254256878112061,0.912712843905603
0.17547023045478216,0.47924435607670446,0.7830184816986269,0.9566036963397254
0.18312619725453938,0.4840797035291827,0.7420398517645914,1.0
0.19349491604178315,0.44818073202858844,1.0,0.7877618200109955
0.18761866286287576,0.44416013774828333,0.9572430875190987,0.8289723500763948
0.18463195669653842,0.44211660195026303,0.9141717849154251,0.8712576773731376
0.18463195669653842,0.44211660195026303,0.8712576773731376,0.9141717849154251
0.18761866286287576,0.44416013774828333,0.8289723500763948,0.9572430875190987
0.19349491604178315,0.44818073202858844,0.7877618200109955,1.0
0.20626361302572194,0.41514160959790036,1.0,0.8328976027422572
0.2020750014249647,0.41205526420786864,0.9580039474434192,0.8740118423302575
0.20066399236782462,0.41101557332366023,0.9158593676176657,0.9158593676176657
0.2020750014249647,0.41205526420786864,0.8740118423302575,0.9580039474434192
0.20626361302572194,0.41514160959790036,0.8328976027422572,1.0
0.22107594139375164,0.38505995373190915,1.0,0.8770119907463818
0.2184444336997593,0.3829824476577046,0.9588654965105137,0.9177309930210273
0.2184444336997593,0.3829824476577046,0.9177309930210273,0.9588654965105137
0.22107594139375164,0.38505995373190915,0.8770119907463818,1.0
0.2375562637901285,0.3579421168758976,1.0,0.9197427646094872
0.23632552249476624,0.35690570315348724,0.9598066064470929,0.9598066064470929
0.2375562637901285,0.3579421168758976,0.9197427646094872,1.0
0.25533128841386055,0.3337174685808225,1.0,0.960806909916519
0.25533128841386055,0.3337174685808225,0.960806909916519,1.0
0.27404731609417343,0.31225535208921684,1.0,1.0
0.23806068224054056,1.0,1.0,0.35235157990445953
0.2197256853591295,1.0,0.9609862842679565,0.37578054828730356
0.20254777717110006,1.0,0.92025477771711,0.4019108328783251
0.18688437181825823,1.0,0.8780326557727387,0.43081906027278083
0.173101769405277,1.0,0.8346203538810554,0.46251615011343006
0.16155638369936287,1.0,0.7903890959248407,0.4969338302196178
0.15257280278592844,1.0,0.7457718408357785,0.5339150415322607
0.14642080044736017,1.0,0.7012472801565761,0.5732104002236801
0.14329412624376137,1.0,0.6573176504975046,0.6144823568096927
0.14329412624376126,1.0,0.6144823568096925,0.6573176504975045
0.14642080044736017,1.0,0.5732104002236801,0.7012472801565761
0.15257280278592844,1.0,0.5339150415322607,0.7457718408357785
0.16155638369936287,1.0,0.4969338302196178,0.7903890959248407
0.173101769405277,1.0,0.46251615011343006,0.8346203538810554
0.18688437181825823,1.0,0.43081906027278083,0.8780326557727387
0.20254777717110006,1.0,0.4019108328783251,0.92025477771711
0.2197256853591295,1.0,0.37578054828730356,0.9609862842679565
0.23806068224054056,1.0,0.35235157990445953,1.0
0.2197256853591295,0.9609862842679565,1.0,0.37578054828730356
0.20127693616912823,0.9600638468084564,0.9600638468084564,0.4009577021268462
0.1841829835519958,0.9592091491775998,0.9184182983551996,0.4289280884863971
0.16882836507661725,0.9584414182538309,0.8753242547614926,0.45973843729980113
0.1555993381585018,0.9577799669079251,0.8311198676317004,0.49335960289510106
0.14486175038197446,0.9572430875190987,0.7862154375954936,0.5296739627100859
0.13693629599579382,0.9568468147997897,0.7410808887987381,0.5684681479978969
0.13207392679450736,0.9566036963397254,0.6962258743780776,0.6094332670575283
0.13043478260869568,0.9565217391304348,0.6521739130434783,0.6521739130434783
0.13207392679450758,0.9566036963397254,0.6094332670575284,0.6962258743780776
0.13693629599579382,0.9568468147997897,0.5684681479978969,0.7410808887987381
0.14486175038197446,0.9572430875190987,0.5296739627100859,0.7862154375954936
0.1555993381585018,0.9577799669079251,0.49335960289510106,0.8311198676317004
0.16882836507661725,0.9584414182538309,0.45973843729980113,0.8753242547614926
0.1841829835519958,0.9592091491775998,0.4289280884863971,0.9184182983551996
0.20127693616912823,0.9600638468084564,0.4009577021268462,0.9600638468084564
0.2197256853591295,0.9609862842679565,0.37578054828730356,1.0
0.20254777717110006,0.92025477771711,1.0,0.4019108328783251
0.1841829835519958,0.9184182983551996,0.9592091491775998,0.4289280884863971
0.16738910575637334,0.9167389105756374,0.9167389105756374,0.4588029187416427
0.15257280278592844,0.9152572802785929,0.8728859204178893,0.49154368167155704
0.1401328392153045,0.9140132839215305,0.828026567843061,0.5270730615684174
0.13043478260869568,0.9130434782608696,0.782608695652174,0.5652173913043479
0.123784091323353,0.9123784091323353,0.737135227397006,0.6057028410955089
0.12040100573291501,0.9120401005732915,0.6921403520065202,0.648160402293166
0.12040100573291501,0.9120401005732915,0.648160402293166,0.6921403520065202
0.123784091323353,0.9123784091323353,0.6057028410955089,0.737135227397006
0.13043478260869568,0.9130434782608696,0.5652173913043479,0.782608695652174
0.1401328392153045,0.9140132839215305,0.5270730615684174,0.828026567843061
0.15257280278592844,0.9152572802785929,0.49154368167155704,0.8728859204178893
0.16738910575637334,0.9167389105756374,0.4588029187416427,0.9167389105756374
0.1841829835519958,0.9184182983551996,0.4289280884863971,0.9592091491775998
0.20254777717110006,0.92025477771711,0.4019108328783251,1.0
0.18688437181825823,0.8780326557727387,1.0,0.43081906027278083
0.16882836507661725,0.8753242547614926,0.9584414182538309,0.45973843729980113
0.15257280278592844,0.8728859204178893,0.9152572802785929,0.49154368167155704
0.1385390154921039,0.8707808523238156,0.8707808523238156,0.5261964585206571
0.12712843905603055,0.8690692658584046,0.8254256878112061,0.5635642195280153
0.1186947015215365,0.8678042052282304,0.7796736753803841,0.6034126156846914
0.11351558564412745,0.8670273378466191,0.7340546756932382,0.645406234257651
0.11176881663134497,0.8667653224947017,0.6891190858209707,0.6891190858209707
0.11351558564412745,0.8670273378466191,0.645406234257651,0.7340546756932382
0.1186947015215365,0.8678042052282304,0.6034126156846914,0.7796736753803841
0.12712843905603055,0.8690692658584046,0.5635642195280153,0.8254256878112061
0.1385390154921039,0.8707808523238156,0.5261964585206571,0.8707808523238156
0.15257280278592844,0.8728859204178893,0.49154368167155704,0.9152572802785929
0.16882836507661725,0.8753242547614926,0.45973843729980113,0.9584414182538309
0.18688437181825823,0.8780326557727387,0.43081906027278083,1.0
0.173101769405277,0.8346203538810554,1.0,0.46251615011343006
0.1555993381585018,0.8311198676317004,0.9577799669079251,0.49335960289510106
0.1401328392153045,0.828026567843061,0.9140132839215305,0.5270730615684174
0.12712843905603055,0.8254256878112061,0.8690692658584046,0.5635642195280153
0.1169784286233041,0.8233956857246608,0.8233956857246608,0.6026402928804868
0.11001168102003034,0.8220023362040061,0.7775029202550076,0.6440046724080122
0.10646589678245943,0.8212931793564919,0.7319397690347378,0.6872630638738608
0.10646589678245943,0.8212931793564919,0.6872630638738608,0.7319397690347378
0.11001168102003034,0.8220023362040061,0.6440046724080122,0.7775029202550076
0.1169784286233041,0.8233956857246608,0.6026402928804868,0.8233956857246608
0.12712843905603055,0.8254256878112061,0.5635642195280153,0.8690692658584046
0.1401328392153045,0.828026567843061,0.5270730615684174,0.9140132839215305
0.1555993381585018,0.8311198676317004,0.49335960289510106,0.9577799669079251
0.173101769405277,0.8346203538810554,0.46251615011343006,1.0
0.16155638369936287,0.7903890959248407,1.0,0.4969338302196178
0.14486175038197446,0.7862154375954936,0.9572430875190987,0.5296739627100859
0.13043478260869568,0.782608695652174,0.9130434782608696,0.5652173913043479
0.1186947015215365,0.7796736753803841,0.8678042052282304,0.6034126156846914
0.11001168102003034,0.7775029202550076,0.8220023362040061,0.6440046724080122
0.10467703792830951,0.7761692594820774,0.7761692594820774,0.6866369632749083
0.10287739196748691,0.7757193479918717,0.7308632175902461,0.7308632175902461
0.10467703792830951,0.7761692594820774,0.6866369632749083,0.7761692594820774
0.11001168102003045,0.7775029202550077,0.6440046724080122,0.8220023362040061
0.1186947015215365,0.7796736753803841,0.6034126156846914,0.8678042052282304
0.13043478260869568,0.782608695652174,0.5652173913043479,0.9130434782608696
0.14486175038197446,0.7862154375954936,0.5296739627100859,0.9572430875190987
0.16155638369936287,0.7903890959248407,0.4969338302196178,1.0
0.15257280278592844,0.7457718408357785,1.0,0.5339150415322607
0.13693629599579382,0.7410808887987381,0.9568468147997897,0.5684681479978969
0.123784091323353,0.737135227397006,0.9123784091323353,0.6057028410955089
0.11351558564412745,0.7340546756932382,0.8670273378466191,0.645406234257651
0.10646589678245943,0.7319397690347378,0.8212931793564919,0.6872630638738608
0.10287739196748669,0.7308632175902461,0.7757193479918717,0.7308632175902461
0.10287739196748691,0.7308632175902461,0.7308632175902461,0.7757193479918717
0.10646589678245943,0.7319397690347378,0.6872630638738608,0.8212931793564919
0.11351558564412745,0.7340546756932382,0.645406234257651,0.8670273378466191
0.123784091323353,0.737135227397006,0.6057028410955089,0.9123784091323353
0.13693629599579382,0.7410808887987381,0.5684681479978969,0.9568468147997897
0.15257280278592844,0.7457718408357785,0.5339150415322607,1.0
0.14642080044736017,0.7012472801565761,1.0,0.5732104002236801
0.13207392679450736,0.6962258743780776,0.9566036963397254,0.6094332670575283
0.12040100573291501,0.6921403520065202,0.9120401005732915,0.648160402293166
0.11176881663134497,0.6891190858209707,0.8667653224947017,0.6891190858209707
0.10646589678245943,0.6872630638738608,0.8212931793564919,0.7319397690347378
0.10467703792830951,0.6866369632749083,0.7761692594820774,0.7761692594820774
0.10646589678245943,0.6872630638738608,0.7319397690347378,0.8212931793564919
0.11176881663134497,0.6891190858209707,0.6891190858209707,0.8667653224947017
0.12040100573291501,0.6921403520065202,0.648160402293166,0.9120401005732915
0.13207392679450736,0.6962258743780776,0.6094332670575283,0.9566036963397254
0.14642080044736017,0.7012472801565761,0.5732104002236801,1.0
0.14329412624376137,0.6573176504975046,1.0,0.6144823568096927
0.13043478260869568,0.6521739130434783,0.9565217391304348,0.6521739130434783
0.12040100573291501,0.648160402293166,0.9120401005732915,0.6921403520065202
0.11351558564412745,0.645406234257651,0.8670273378466191,0.7340546756932382
0.11001168102003034,0.6440046724080122,0.8220023362040061,0.7775029202550076
0.11001168102003045,0.6440046724080122,0.7775029202550077,0.8220023362040061
0.11351558564412745,0.645406234257651,0.7340546756932382,0.8670273378466191
0.12040100573291501,0.648160402293166,0.6921403520065202,0.9120401005732915
0.13043478260869568,0.6521739130434783,0.6521739130434783,0.9565217391304348
0.14329412624376137,0.6573176504975046,0.6144823568096927,1.0
0.14329412624376126,0.6144823568096925,1.0,0.6573176504975045
0.13207392679450758,0.6094332670575284,0.9566036963397254,0.6962258743780776
0.123784091323353,0.6057028410955089,0.9123784091323353,0.737135227397006
0.1186947015215365,0.6034126156846914,0.8678042052282304,0.7796736753803841
0.1169784286233041,0.6026402928804868,0.8233956857246608,0.8233956857246608
0.1186947015215365,0.6034126156846914,0.7796736753803841,0.8678042052282304
0.123784091323353,0.6057028410955089,0.737135227397006,0.9123784091323353
0.13207392679450758,0.6094332670575284,0.6962258743780776,0.9566036963397254
0.14329412624376126,0.6144823568096925,0.6573176504975045,1.0
0.14642080044736017,0.5732104002236801,1.0,0.7012472801565761
0.13693629599579382,0.5684681479978969,0.9568468147997897,0.7410808887987381
0.13043478260869568,0.5652173913043479,0.9130434782608696,0.782608695652174
0.12712843905603055,0.5635642195280153,0.8690692658584046,0.8254256878112061
0.12712843905603055,0.5635642195280153,0.8254256878112061,0.8690692658584046
0.13043478260869568,0.5652173913043479,0.782608695652174,0.9130434782608696
0.13693629599579382,0.5684681479978969,0.7410808887987381,0.9568468147997897
0.14642080044736017,0.5732104002236801,0.7012472801565761,1.0
0.15257280278592844,0.5339150415322607,1.0,0.7457718408357785
0.14486175038197446,0.5296739627100859,0.9572430875190987,0.7862154375954936
0.1401328392153045,0.5270730615684174,0.9140132839215305,0.828026567843061
0.1385390154921039,0.5261964585206571,0.8707808523238156,0.8707808523238156
0.1401328392153045,0.5270730615684174,0.828026567843061,0.9140132839215305
0.14486175038197446,0.5296739627100859,0.7862154375954936,0.9572430875190987
0.15257280278592844,0.5339150415322607,0.7457718408357785,1.0
0.16155638369936287,0.4969338302196178,1.0,0.7903890959248407
0.1555993381585018,0.49335960289510106,0.9577799669079251,0.8311198676317004
0.15257280278592844,0.49154368167155704,0.9152572802785929,0.8728859204178893
0.15257280278592844,0.49154368167155704,0.8728859204178893,0.9152572802785929
0.1555993381585018,0.49335960289510106,0.8311198676317004,0.9577799669079251
0.16155638369936287,0.4969338302196178,0.7903890959248407,1.0
0.173101769405277,0.46251615011343006,1.0,0.8346203538810554
0.16882836507661725,0.45973843729980113,0.9584414182538309,0.8753242547614926
0.16738910575637334,0.4588029187416427,0.9167389105756374,0.9167389105756374
0.16882836507661725,0.45973843729980113,0.8753242547614926,0.9584414182538309
0.173101769405277,0.46251615011343006,0.8346203538810554,1.0
0.18688437181825823,0.43081906027278083,1.0,0.8780326557727387
0.1841829835519958,0.4289280884863971,0.9592091491775998,0.9184182983551996
0.1841829835519958,0.4289280884863971,0.9184182983551996,0.9592091491775998
0.18688437181825823,0.43081906027278083,0.8780326557727387,1.0
0.20254777717110006,0.4019108328783251,1.0,0.92025477771711
0.20127693616912823,0.4009577021268462,0.9600638468084564,0.9600638468084564
0.20254777717110006,0.4019108328783251,0.92025477771711,1.0
0.2197256853591295,0.37578054828730356,1.0,0.9609862842679565
0.2197256853591295,0.37578054828730356,0.9609862842679565,1.0
0.23806068224054056,0.35235157990445953,1.0,1.0
0.20456827996750138,1.0,1.0,0.3939567847371438
0.18687675270451543,1.0,0.9612798453668817,0.41919768050322526
0.1705498691899675,1.0,0.9210047494466636,0.44703324612664497
0.1559387353889522,1.0,0.8794198193412789,0.47748588381220847
0.14339213272959572,1.0,0.8368365967103992,0.5105097901311975
0.13323723941635424,1.0,0.793627914146751,0.5459814111228523
0.12575856104419214,1.0,0.750216731726912,0.5836945528781867
0.12117735183075673,1.0,0.707059117276919,0.6233617222131814
0.11963420288433113,1.0,0.6646225534797452,0.6646225534797452
0.12117735183075684,1.0,0.6233617222131815,0.707059117276919
0.12575856104419214,1.0,0.5836945528781867,0.750216731726912
0.13323723941635424,1.0,0.5459814111228523,0.793627914146751
0.14339213272959572,1.0,0.5105097901311975,0.8368365967103992
0.1559387353889522,1.0,0.47748588381220847,0.8794198193412789
0.1705498691899675,1.0,0.44703324612664497,0.9210047494466636
0.18687675270451543,1.0,0.41919768050322526,0.9612798453668817
0.20456827996750138,1.0,0.3939567847371438,1.0
0.18687675270451543,0.9612798453668817,1.0,0.41919768050322526
0.16925283926430257,0.9604406113935382,0.9604406113935382,0.44616855950953505
0.1531982695272126,0.9596761080727244,0.9193522161454488,0.4757894049454173
0.13908393522467288,0.9590039969154606,0.8770119907463818,0.5080479629855272
0.12726978333044814,0.9584414182538309,0.8337656730153234,0.5428556007921395
0.11808289631180324,0.9580039474434192,0.790019737217096,0.5800394744341919
0.1117946376805915,0.9577045065562186,0.7462270393373118,0.6193405590059677
0.10859964404618139,0.9575523640021991,0.7028665480153937,0.660418912017593
0.10859964404618139,0.9575523640021991,0.660418912017593,0.7028665480153937
0.1117946376805915,0.9577045065562186,0.6193405590059677,0.7462270393373118
0.11808289631180324,0.9580039474434192,0.5800394744341919,0.790019737217096
0.12726978333044814,0.9584414182538309,0.5428556007921395,0.8337656730153234
0.13908393522467288,0.9590039969154606,0.5080479629855272,0.8770119907463818
0.1531982695272126,0.9596761080727244,0.4757894049454173,0.9193522161454488
0.16925283926430257,0.9604406113935382,0.44616855950953505,0.9604406113935382
0.18687675270451543,0.9612798453668817,0.41919768050322526,1.0
0.1705498691899675,0.9210047494466636,1.0,0.44703324612664497
0.1531982695272126,0.9193522161454488,0.9596761080727244,0.4757894049454173
0.13763335952915912,0.9178698437646818,0.9178698437646818,0.5072190625880909
0.12423946096028604,0.9165942343771701,0.8748913515657551,0.5412682890744356
0.11337930506642702,0.9155599338158502,0.8311198676317004,0.5777996690792508
0.10536992203115969,0.914797135431539,0.7869928385788475,0.6165871094419255
0.10045883255594934,0.9143294126243762,0.7429882378731284,0.6573176504975045
0.09880374161196348,0.9141717849154251,0.6996012472039879,0.6996012472039879
0.10045883255594956,0.9143294126243762,0.6573176504975046,0.7429882378731284
0.10536992203115947,0.914797135431539,0.6165871094419255,0.7869928385788475
0.11337930506642702,0.9155599338158502,0.5777996690792508,0.8311198676317004
0.12423946096028604,0.9165942343771701,0.5412682890744356,0.8748913515657551
0.13763335952915912,0.9178698437646818,0.5072190625880909,0.9178698437646818
0.1531982695272126,0.9193522161454488,0.4757894049454173,0.9596761080727244
0.1705498691899675,0.9210047494466636,0.44703324612664497,1.0
0.1559387353889522,0.8794198193412789,1.0,0.47748588381220847
0.13908393522467288,0.8770119907463818,0.9590039969154606,0.5080479629855272
0.12423946096028604,0.8748913515657551,0.9165942343771701,0.5412682890744356
0.1117946376805915,0.8731135196686559,0.8731135196686559,0.5770450655621864
0.10210483790107316,0.8717292625572961,0.8289723500763948,0.6151877876718885
0.09546596626670911,0.8707808523238156,0.784634753873026,0.6554156061968415
0.09209082754905462,0.8702986896498649,0.7405973792997298,0.6973636091830182
0.0920908275490544,0.8702986896498649,0.6973636091830181,0.7405973792997298
0.09546596626670911,0.8707808523238156,0.6554156061968415,0.784634753873026
0.10210483790107316,0.8717292625572961,0.6151877876718885,0.8289723500763948
0.1117946376805915,0.8731135196686559,0.5770450655621864,0.8731135196686559
0.12423946096028604,0.8748913515657551,0.5412682890744356,0.9165942343771701
0.13908393522467288,0.8770119907463818,0.5080479629855272,0.9590039969154606
0.1559387353889522,0.8794198193412789,0.47748588381220847,1.0
0.14339213272959572,0.8368365967103992,1.0,0.5105097901311975
0.12726978333044814,0.8337656730153234,0.9584414182538309,0.5428556007921395
0.11337930506642702,0.8311198676317004,0.9155599338158502,0.5777996690792508
0.10210483790107316,0.8289723500763948,0.8717292625572961,0.6151877876718885
0.09378311079558355,0.8273872591991588,0.8273872591991588,0.6547745183983176
0.08867762313423289,0.8264147853589014,0.7830184816986269,0.6962258743780776
0.08695652173913049,0.8260869565217391,0.7391304347826086,0.7391304347826086
0.088677623134233,0.8264147853589014,0.6962258743780776,0.7830184816986269
0.09378311079558344,0.8273872591991587,0.6547745183983175,0.8273872591991587
0.10210483790107316,0.8289723500763948,0.6151877876718885,0.8717292625572961
0.11337930506642702,0.8311198676317004,0.5777996690792508,0.9155599338158502
0.12726978333044814,0.8337656730153234,0.5428556007921395,0.9584414182538309
0.14339213272959572,0.8368365967103992,0.5105097901311975,1.0
0.13323723941635424,0.793627914146751,1.0,0.5459814111228523
0.11808289631180324,0.790019737217096,0.9580039474434192,0.5800394744341919
0.10536992203115969,0.7869928385788475,0.914797135431539,0.6165871094419255
0.09546596626670911,0.784634753873026,0.8707808523238156,0.6554156061968415
0.088677623134233,0.7830184816986269,0.8264147853589014,0.6962258743780776
0.08522563207503275,0.7821965790654839,0.7821965790654839,0.7386358948785807
0.08522563207503253,0.7821965790654839,0.7386358948785807,0.7821965790654839
0.08867762313423289,0.7830184816986269,0.6962258743780776,0.8264147853589014
0.09546596626670911,0.784634753873026,0.6554156061968415,0.8707808523238156
0.10536992203115969,0.7869928385788475,0.6165871094419255,0.914797135431539
0.11808289631180324,0.790019737217096,0.5800394744341919,0.9580039474434192
0.13323723941635424,0.793627914146751,0.5459814111228523,1.0
0.12575856104419214,0.750216731726912,1.0,0.5836945528781867
0.1117946376805915,0.7462270393373118,0.9577045065562186,0.6193405590059677
0.10045883255594934,0.7429882378731284,0.9143294126243762,0.6573176504975045
0.09209082754905462,0.7405973792997298,0.8702986896498649,0.6973636091830182
0.08695652173913049,0.7391304347826086,0.8260869565217391,0.7391304347826086
0.08522563207503253,0.7386358948785807,0.7821965790654839,0.7821965790654839
0.08695652173913049,0.7391304347826086,0.7391304347826086,0.8260869565217391
0.09209082754905462,0.7405973792997298,0.6973636091830182,0.8702986896498649
0.10045883255594934,0.7429882378731284,0.6573176504975045,0.9143294126243762
0.1117946376805915,0.7462270393373118,0.6193405590059677,0.9577045065562186
0.12575856104419214,0.750216731726912,0.5836945528781867,1.0
0.12117735183075673,0.707059117276919,1.0,0.6233617222131814
0.10859964404618139,0.7028665480153937,0.9575523640021991,0.660418912017593
0.09880374161196348,0.6996012472039879,0.9141717849154251,0.6996012472039879
0.0920908275490544,0.6973636091830181,0.8702986896498649,0.7405973792997298
0.08867762313423289,0.6962258743780776,0.8264147853589014,0.7830184816986269
0.08867762313423289,0.6962258743780776,0.7830184816986269,0.8264147853589014
0.0920908275490544,0.6973636091830181,0.7405973792997298,0.8702986896498649
0.09880374161196348,0.6996012472039879,0.6996012472039879,0.9141717849154251
0.10859964404618139,0.7028665480153937,0.660418912017593,0.9575523640021991
0.12117735183075673,0.707059117276919,0.6233617222131814,1.0
0.11963420288433113,0.6646225534797452,1.0,0.6646225534797452
0.10859964404618139,0.660418912017593,0.9575523640021991,0.7028665480153937
0.10045883255594956,0.6573176504975046,0.9143294126243762,0.7429882378731284
0.09546596626670911,0.6554156061968415,0.8707808523238156,0.784634753873026
0.09378311079558355,0.6547745183983176,0.8273872591991588,0.8273872591991588
0.09546596626670911,0.6554156061968415,0.784634753873026,0.8707808523238156
0.10045883255594956,0.6573176504975046,0.7429882378731284,0.9143294126243762
0.10859964404618139,0.660418912017593,0.7028665480153937,0.9575523640021991
0.11963420288433113,0.6646225534797452,0.6646225534797452,1.0
0.12117735183075684,0.6233617222131815,1.0,0.707059117276919
0.1117946376805915,0.6193405590059677,0.9577045065562186,0.7462270393373118
0.10536992203115947,0.6165871094419255,0.914797135431539,0.7869928385788475
0.10210483790107316,0.6151877876718885,0.8717292625572961,0.8289723500763948
0.10210483790107316,0.6151877876718885,0.8289723500763948,0.8717292625572961
0.10536992203115947,0.6165871094419255,0.7869928385788475,0.914797135431539
0.1117946376805915,0.6193405590059677,0.7462270393373118,0.9577045065562186
0.12117735183075684,0.6233617222131815,0.707059117276919,1.0
0.12575856104419214,0.5836945528781867,1.0,0.750216731726912
0.11808289631180324,0.5800394744341919,0.9580039474434192,0.790019737217096
0.11337930506642702,0.5777996690792508,0.9155599338158502,0.8311198676317004
0.1117946376805915,0.5770450655621864,0.8731135196686559,0.8731135196686559
0.11337930506642702,0.5777996690792508,0.8311198676317004,0.9155599338158502
0.11808289631180324,0.5800394744341919,0.790019737217096,0.9580039474434192
0.12575856104419214,0.5836945528781867,0.750216731726912,1.0
0.13323723941635424,0.5459814111228523,1.0,0.793627914146751
0.12726978333044814,0.5428556007921395,0.9584414182538309,0.8337656730153234
0.12423946096028604,0.5412682890744356,0.9165942343771701,0.8748913515657551
0.12423946096028604,0.5412682890744356,0.8748913515657551,0.9165942343771701
0.12726978333044814,0.5428556007921395,0.8337656730153234,0.9584414182538309
0.13323723941635424,0.5459814111228523,0.793627914146751,1.0
0.14339213272959572,0.5105097901311975,1.0,0.8368365967103992
0.13908393522467288,0.5080479629855272,0.9590039969154606,0.8770119907463818
0.13763335952915912,0.5072190625880909,0.9178698437646818,0.9178698437646818
0.13908393522467288,0.5080479629855272,0.8770119907463818,0.9590039969154606
0.14339213272959572,0.5105097901311975,0.8368365967103992,1.0
0.1559387353889522,0.47748588381220847,1.0,0.8794198193412789
0.1531982695272126,0.4757894049454173,0.9596761080727244,0.9193522161454488
0.1531982695272126,0.4757894049454173,0.9193522161454488,0.9596761080727244
0.1559387353889522,0.47748588381220847,0.8794198193412789,1.0
0.1705498691899675,0.44703324612664497,1.0,0.9210047494466636
0.16925283926430257,0.44616855950953505,0.9604406113935382,0.9604406113935382
0.1705498691899675,0.44703324612664497,0.9210047494466636,1.0
0.18687675270451543,0.41919768050322526,1.0,0.9612798453668817
0.18687675270451543,0.41919768050322526,0.9612798453668817,1.0
0.20456827996750138,0.3939567847371438,1.0,1.0
0.17377265719245227,1.0,1.0,0.4366631753584902
0.15695816823671793,1.0,0.9616799167380327,0.4635188343324569
0.14169825389504254,1.0,0.9219725685359129,0.49282169548343424
0.12832826307463996,1.0,0.8811356722374509,0.5245426889498036
0.11717041070435918,1.0,0.8394855292189745,0.5585852053521796
0.10851501167958133,1.0,0.7973897753817231,0.5947795507634461
0.10260128190719542,1.0,0.7552548950655987,0.632882342598398
0.09959994002293615,1.0,0.7135090718254797,0.6725817963719768
0.09959994002293604,1.0,0.6725817963719767,0.7135090718254797
0.10260128190719542,1.0,0.632882342598398,0.7552548950655987
0.10851501167958133,1.0,0.5947795507634461,0.7973897753817231
0.11717041070435918,1.0,0.5585852053521796,0.8394855292189745
0.12832826307463996,1.0,0.5245426889498036,0.8811356722374509
0.14169825389504254,1.0,0.49282169548343424,0.9219725685359129
0.15695816823671793,1.0,0.4635188343324569,0.9616799167380327
0.17377265719245227,1.0,0.4366631753584902,1.0
0.15695816823671793,0.9616799167380327,1.0,0.4635188343324569
0.14038886831898012,0.9609267667417718,0.9609267667417718,0.4920479676430337
0.1255785031311193,0.9602535683241418,0.9205071366482835,0.5230428198897015
0.11287437759993701,0.9596761080727244,0.8790283242181732,0.5564371887999685
0.10260128190719542,0.9592091491775998,0.8368365967103992,0.5920914917759978
0.09504092323130009,0.9588654965105137,0.7943274825525682,0.6297894685946228
0.09041194634580474,0.9586550884702638,0.7519305308215831,0.6692407077621108
0.08885309678115949,0.9585842316718709,0.7100896217030962,0.7100896217030962
0.09041194634580474,0.9586550884702638,0.6692407077621108,0.7519305308215831
0.09504092323130009,0.9588654965105137,0.6297894685946228,0.7943274825525682
0.10260128190719542,0.9592091491775998,0.5920914917759978,0.8368365967103992
0.11287437759993701,0.9596761080727244,0.5564371887999685,0.8790283242181732
0.1255785031311193,0.9602535683241418,0.5230428198897015,0.9205071366482835
0.14038886831898012,0.9609267667417718,0.4920479676430337,0.9609267667417718
0.15695816823671793,0.9616799167380327,0.4635188343324569,1.0
0.14169825389504254,0.9219725685359129,1.0,0.49282169548343424
0.1255785031311193,0.9205071366482835,0.9602535683241418,0.5230428198897015
0.11142836910577869,0.919220760827798,0.919220760827798,0.5557141845528893
0.09959994002293615,0.9181454490929942,0.8772181736394913,0.590727245464971
0.09041194634580474,0.9173101769405277,0.8346203538810554,0.6278957962323746
0.08412801633201072,0.9167389105756374,0.7918472764390934,0.6669556423025493
0.08093681508241501,0.9164488013711286,0.7493464041133859,0.7075708047989502
0.08093681508241501,0.9164488013711286,0.7075708047989502,0.7493464041133859
0.08412801633201072,0.9167389105756374,0.6669556423025493,0.7918472764390934
0.09041194634580474,0.9173101769405277,0.6278957962323746,0.8346203538810554
0.09959994002293615,0.9181454490929942,0.590727245464971,0.8772181736394913
0.11142836910577869,0.919220760827798,0.5557141845528893,0.919220760827798
0.1255785031311193,0.9205071366482835,0.5230428198897015,0.9602535683241418
0.14169825389504254,0.9219725685359129,0.49282169548343424,1.0
0.12832826307463996,0.8811356722374509,1.0,0.5245426889498036
0.11287437759993701,0.8790283242181732,0.9596761080727244,0.5564371887999685
0.09959994002293615,0.8772181736394913,0.9181454490929942,0.590727245464971
0.08885309678115949,0.8757526950156127,0.8757526950156127,0.627258085046838
0.08093681508241501,0.874673202056693,0.8328976027422572,0.6657952054845145
0.07608684375522234,0.8740118423302576,0.790019737217096,0.7060276321039344
0.07445304379432327,0.8737890514264987,0.7475781028529973,0.7475781028529973
0.07608684375522246,0.8740118423302576,0.7060276321039345,0.7900197372170961
0.08093681508241501,0.874673202056693,0.6657952054845145,0.8328976027422572
0.08885309678115949,0.8757526950156127,0.627258085046838,0.8757526950156127
0.09959994002293615,0.8772181736394913,0.590727245464971,0.9181454490929942
0.11287437759993701,0.8790283242181732,0.5564371887999685,0.9596761080727244
0.12832826307463996,0.8811356722374509,0.5245426889498036,1.0
0.11717041070435918,0.8394855292189745,1.0,0.5585852053521796
0.10260128190719542,0.8368365967103992,0.9592091491775998,0.5920914917759978
0.09041194634580474,0.8346203538810554,0.9173101769405277,0.6278957962323746
0.08093681508241501,0.8328976027422572,0.874673202056693,0.6657952054845145
0.07445304379432327,0.8317187352353315,0.8317187352353315,0.7055077866618301
0.07115927197435212,0.8311198676317004,0.7888998345396254,0.7466798014475506
0.07115927197435201,0.8311198676317004,0.7466798014475505,0.7888998345396254
0.07445304379432316,0.8317187352353315,0.7055077866618301,0.8317187352353315
0.08093681508241501,0.8328976027422572,0.6657952054845145,0.874673202056693
0.09041194634580474,0.8346203538810554,0.6278957962323746,0.9173101769405277
0.10260128190719542,0.8368365967103992,0.5920914917759978,0.9592091491775998
0.11717041070435918,0.8394855292189745,0.5585852053521796,1.0
0.10851501167958133,0.7973897753817231,1.0,0.5947795507634461
0.09504092323130009,0.7943274825525682,0.9588654965105137,0.6297894685946228
0.08412801633201072,0.7918472764390934,0.9167389105756374,0.6669556423025493
0.07608684375522234,0.790019737217096,0.8740118423302576,0.7060276321039344
0.07115927197435201,0.7888998345396254,0.8311198676317004,0.7466798014475505
0.06949914423681025,0.7885225327810932,0.7885225327810932,0.7885225327810932
0.07115927197435201,0.7888998345396254,0.7466798014475505,0.8311198676317004
0.07608684375522234,0.790019737217096,0.7060276321039344,0.8740118423302576
0.08412801633201072,0.7918472764390934,0.6669556423025493,0.9167389105756374
0.09504092323130009,0.7943274825525682,0.6297894685946228,0.9588654965105137
0.10851501167958133,0.7973897753817231,0.5947795507634461,1.0
0.10260128190719542,0.7552548950655987,1.0,0.632882342598398
0.09041194634580474,0.7519305308215831,0.9586550884702638,0.6692407077621108
0.08093681508241501,0.7493464041133859,0.9164488013711286,0.7075708047989502
0.07445304379432327,0.7475781028529973,0.8737890514264987,0.7475781028529973
0.07115927197435201,0.7466798014475505,0.8311198676317004,0.7888998345396254
0.07115927197435212,0.7466798014475506,0.7888998345396254,0.8311198676317004
0.07445304379432327,0.7475781028529973,0.7475781028529973,0.8737890514264987
0.08093681508241501,0.7493464041133859,0.7075708047989502,0.9164488013711286
0.09041194634580474,0.7519305308215831,0.6692407077621108,0.9586550884702638
0.10260128190719542,0.7552548950655987,0.632882342598398,1.0
0.09959994002293615,0.7135090718254797,1.0,0.6725817963719768
0.08885309678115949,0.7100896217030962,0.9585842316718709,0.7100896217030962
0.08093681508241501,0.7075708047989502,0.9164488013711286,0.7493464041133859
0.07608684375522246,0.7060276321039345,0.8740118423302576,0.7900197372170961
0.07445304379432327,0.7055077866618301,0.8317187352353315,0.8317187352353315
0.07608684375522246,0.7060276321039345,0.7900197372170961,0.8740118423302576
0.08093681508241501,0.7075708047989502,0.7493464041133859,0.9164488013711286
0.08885309678115949,0.7100896217030962,0.7100896217030962,0.9585842316718709
0.09959994002293615,0.7135090718254797,0.6725817963719768,1.0
0.09959994002293604,0.6725817963719767,1.0,0.7135090718254797
0.09041194634580474,0.6692407077621108,0.9586550884702638,0.7519305308215831
0.08412801633201072,0.6669556423025493,0.9167389105756374,0.7918472764390934
0.08093681508241501,0.6657952054845145,0.874673202056693,0.8328976027422572
0.08093681508241501,0.6657952054845145,0.8328976027422572,0.874673202056693
0.08412801633201072,0.6669556423025493,0.7918472764390934,0.9167389105756374
0.09041194634580474,0.6692407077621108,0.7519305308215831,0.9586550884702638
0.09959994002293604,0.6725817963719767,0.7135090718254797,1.0
0.10260128190719542,0.632882342598398,1.0,0.7552548950655987
0.09504092323130009,0.6297894685946228,0.9588654965105137,0.7943274825525682
0.09041194634580474,0.6278957962323746,0.9173101769405277,0.8346203538810554
0.08885309678115949,0.627258085046838,0.8757526950156127,0.8757526950156127
0.09041194634580474,0.6278957962323746,0.8346203538810554,0.9173101769405277
0.09504092323130009,0.6297894685946228,0.7943274825525682,0.9588654965105137
0.10260128190719542,0.632882342598398,0.7552548950655987,1.0
0.10851501167958133,0.5947795507634461,1.0,0.7973897753817231
0.10260128190719542,0.5920914917759978,0.9592091491775998,0.8368365967103992
0.09959994002293615,0.590727245464971,0.9181454490929942,0.8772181736394913
0.09959994002293615,0.590727245464971,0.8772181736394913,0.9181454490929942
0.10260128190719542,0.5920914917759978,0.8368365967103992,0.9592091491775998
0.10851501167958133,0.5947795507634461,0.7973897753817231,1.0
0.11717041070435918,0.5585852053521796,1.0,0.8394855292189745
0.11287437759993701,0.5564371887999685,0.9596761080727244,0.8790283242181732
0.11142836910577869,0.5557141845528893,0.919220760827798,0.919220760827798
0.11287437759993701,0.5564371887999685,0.8790283242181732,0.9596761080727244
0.11717041070435918,0.5585852053521796,0.8394855292189745,1.0
0.12832826307463996,0.5245426889498036,1.0,0.8811356722374509
0.1255785031311193,0.5230428198897015,0.9602535683241418,0.9205071366482835
0.1255785031311193,0.5230428198897015,0.9205071366482835,0.9602535683241418
0.12832826307463996,0.5245426889498036,0.8811356722374509,1.0
0.14169825389504254,0.49282169548343424,1.0,0.9219725685359129
0.14038886831898012,0.4920479676430337,0.9609267667417718,0.9609267667417718
0.14169825389504254,0.49282169548343424,0.9219725685359129,1.0
0.15695816823671793,0.4635188343324569,1.0,0.9616799167380327
0.15695816823671793,0.4635188343324569,0.9616799167380327,1.0
0.17377265719245227,0.4366631753584902,1.0,1.0
0.14580144438556142,1.0,1.0,0.4800530531042547
0.13006010435693116,1.0,0.9621765262763883,0.5082948415930479
0.1160381916722989,1.0,0.9231337557975912,0.5388025347855472
0.10404720479863727,1.0,0.8831365919302571,0.5715008370776091
0.09437588439811861,1.0,0.8425001538083684,0.6062503845209211
0.08727284134757318,1.0,0.8015810524668637,0.6428458944403547
0.08292994374676499,1.0,0.76076433315133,0.68101911086844
0.08146847659449741,1.0,0.7204469276591948,0.7204469276591948
0.08292994374676499,1.0,0.68101911086844,0.76076433315133
0.08727284134757318,1.0,0.6428458944403547,0.8015810524668637
0.09437588439811861,1.0,0.6062503845209211,0.8425001538083684
0.10404720479863727,1.0,0.5715008370776091,0.8831365919302571
0.1160381916722989,1.0,0.5388025347855472,0.9231337557975912
0.13006010435693116,1.0,0.5082948415930479,0.9621765262763883
0.14580144438556142,1.0,0.4800530531042547,1.0
0.13006010435693116,0.9621765262763883,1.0,0.5082948415930479
0.11472958724257387,0.9615099820540249,0.9615099820540249,0.5381197846482993
0.10131563506075192,0.9609267667417718,0.9218535334835436,0.57019443415949
0.09013406205137908,0.9604406113935382,0.8813218341806146,0.6044061139353821
0.08146847659449741,0.9600638468084564,0.8402553872338256,0.6405746212761076
0.07555194828313805,0.9598066064470929,0.7990330322354648,0.6784528515767436
0.07255048567266142,0.9596761080727244,0.7580566484363465,0.7177327565090709
0.07255048567266131,0.9596761080727244,0.7177327565090708,0.7580566484363465
0.07555194828313805,0.9598066064470929,0.6784528515767436,0.7990330322354648
0.08146847659449741,0.9600638468084564,0.6405746212761076,0.8402553872338256
0.09013406205137908,0.9604406113935382,0.6044061139353821,0.8813218341806146
0.10131563506075192,0.9609267667417718,0.57019443415949,0.9218535334835436
0.11472958724257387,0.9615099820540249,0.5381197846482993,0.9615099820540249
0.13006010435693116,0.9621765262763883,0.5082948415930479,1.0
0.1160381916722989,0.9231337557975912,1.0,0.5388025347855472
0.10131563506075192,0.9218535334835436,0.9609267667417718,0.57019443415949
0.08870682048712353,0.9207571148249672,0.9207571148249672,0.6037855741248364
0.07852445775274552,0.9198716919784996,0.8798075379677495,0.6394226139032482
0.07103874951967759,0.919220760827798,0.838441521655596,0.6768830433111922
0.06645879776157115,0.9188225041531801,0.7970562603829503,0.7158787645361303
0.06491702759099716,0.9186884371818258,0.7560653115454775,0.7560653115454775
0.06645879776157115,0.9188225041531801,0.7158787645361303,0.7970562603829503
0.07103874951967781,0.919220760827798,0.6768830433111923,0.8384415216555962
0.07852445775274552,0.9198716919784996,0.6394226139032482,0.8798075379677495
0.08870682048712353,0.9207571148249672,0.6037855741248364,0.9207571148249672
0.10131563506075192,0.9218535334835436,0.57019443415949,0.9609267667417718
0.1160381916722989,0.9231337557975912,0.5388025347855472,1.0
0.10404720479863727,0.8831365919302571,1.0,0.5715008370776091
0.09013406205137908,0.8813218341806146,0.9604406113935382,0.6044061139353821
0.07852445775274552,0.8798075379677495,0.9198716919784996,0.6394226139032482
0.0695195968278548,0.8786329908905898,0.8786329908905898,0.6763546423749061
0.06336759326832653,0.8778305556436947,0.8371074075249263,0.7149379631686211
0.06024547658774759,0.8774233230331845,0.7957055383886408,0.754846646066369
0.06024547658774759,0.8774233230331845,0.754846646066369,0.7957055383886408
0.06336759326832653,0.8778305556436947,0.7149379631686211,0.8371074075249263
0.0695195968278548,0.8786329908905898,0.6763546423749061,0.8786329908905898
0.07852445775274552,0.8798075379677495,0.6394226139032482,0.9198716919784996
0.09013406205137908,0.8813218341806146,0.6044061139353821,0.9604406113935382
0.10404720479863727,0.8831365919302571,0.5715008370776091,1.0
0.09437588439811861,0.8425001538083684,1.0,0.6062503845209211
0.08146847659449741,0.8402553872338256,0.9600638468084564,0.6405746212761076
0.07103874951967759,0.838441521655596,0.919220760827798,0.6768830433111922
0.06336759326832653,0.8371074075249263,0.8778305556436947,0.7149379631686211
0.05867266456943321,0.8362908981859883,0.8362908981859883,0.7544363472789826
0.057091929055594126,0.8360159876618425,0.795019984577303,0.795019984577303
0.05867266456943321,0.8362908981859883,0.7544363472789826,0.8362908981859883
0.06336759326832653,0.8371074075249263,0.7149379631686211,0.8778305556436947
0.07103874951967759,0.838441521655596,0.6768830433111922,0.919220760827798
0.08146847659449741,0.8402553872338256,0.6405746212761076,0.9600638468084564
0.09437588439811861,0.8425001538083684,0.6062503845209211,1.0
0.08727284134757318,0.8015810524668637,1.0,0.6428458944403547
0.07555194828313805,0.7990330322354648,0.9598066064470929,0.6784528515767436
0.06645879776157115,0.7970562603829503,0.9188225041531801,0.7158787645361303
0.06024547658774759,0.7957055383886408,0.8774233230331845,0.754846646066369
0.057091929055594126,0.795019984577303,0.8360159876618425,0.795019984577303
0.057091929055594126,0.795019984577303,0.795019984577303,0.8360159876618425
0.06024547658774759,0.7957055383886408,0.754846646066369,0.8774233230331845
0.06645879776157115,0.7970562603829503,0.7158787645361303,0.9188225041531801
0.07555194828313805,0.7990330322354648,0.6784528515767436,0.9598066064470929
0.08727284134757318,0.8015810524668637,0.6428458944403547,1.0
0.08292994374676499,0.76076433315133,1.0,0.68101911086844
0.07255048567266142,0.7580566484363465,0.9596761080727244,0.7177327565090709
0.06491702759099716,0.7560653115454775,0.9186884371818258,0.7560653115454775
0.06024547658774759,0.754846646066369,0.8774233230331845,0.7957055383886408
0.05867266456943321,0.7544363472789826,0.8362908981859883,0.8362908981859883
0.06024547658774759,0.754846646066369,0.7957055383886408,0.8774233230331845
0.06491702759099716,0.7560653115454775,0.7560653115454775,0.9186884371818258
0.07255048567266142,0.7580566484363465,0.7177327565090709,0.9596761080727244
0.08292994374676499,0.76076433315133,0.68101911086844,1.0
0.08146847659449741,0.7204469276591948,1.0,0.7204469276591948
0.07255048567266131,0.7177327565090708,0.9596761080727244,0.7580566484363465
0.06645879776157115,0.7158787645361303,0.9188225041531801,0.7970562603829503
0.06336759326832653,0.7149379631686211,0.8778305556436947,0.8371074075249263
0.06336759326832653,0.7149379631686211,0.8371074075249263,0.8778305556436947
0.06645879776157115,0.7158787645361303,0.7970562603829503,0.9188225041531801
0.07255048567266131,0.7177327565090708,0.7580566484363465,0.9596761080727244
0.08146847659449741,0.7204469276591948,0.7204469276591948,1.0
0.08292994374676499,0.68101911086844,1.0,0.76076433315133
0.07555194828313805,0.6784528515767436,0.9598066064470929,0.7990330322354648
0.07103874951967781,0.6768830433111923,0.919220760827798,0.8384415216555962
0.0695195968278548,0.6763546423749061,0.8786329908905898,0.8786329908905898
0.07103874951967781,0.6768830433111923,0.8384415216555962,0.919220760827798
0.07555194828313805,0.6784528515767436,0.7990330322354648,0.9598066064470929
0.08292994374676499,0.68101911086844,0.76076433315133,1.0
0.08727284134757318,0.6428458944403547,1.0,0.8015810524668637
0.08146847659449741,0.6405746212761076,0.9600638468084564,0.8402553872338256
0.07852445775274552,0.6394226139032482,0.9198716919784996,0.8798075379677495
0.07852445775274552,0.6394226139032482,0.8798075379677495,0.9198716919784996
0.08146847659449741,0.6405746212761076,0.8402553872338256,0.9600638468084564
0.08727284134757318,0.6428458944403547,0.8015810524668637,1.0
0.09437588439811861,0.6062503845209211,1.0,0.8425001538083684
0.09013406205137908,0.6044061139353821,0.9604406113935382,0.8813218341806146
0.08870682048712353,0.6037855741248364,0.9207571148249672,0.9207571148249672
0.09013406205137908,0.6044061139353821,0.8813218341806146,0.9604406113935382
0.09437588439811861,0.6062503845209211,0.8425001538083684,1.0
0.10404720479863727,0.5715008370776091,1.0,0.8831365919302571
0.10131563506075192,0.57019443415949,0.9609267667417718,0.9218535334835436
0.10131563506075192,0.57019443415949,0.9218535334835436,0.9609267667417718
0.10404720479863727,0.5715008370776091,0.8831365919302571,1.0
0.1160381916722989,0.5388025347855472,1.0,0.9231337557975912
0.11472958724257387,0.5381197846482993,0.9615099820540249,0.9615099820540249
0.1160381916722989,0.5388025347855472,0.9231337557975912,1.0
0.13006010435693116,0.5082948415930479,1.0,0.9621765262763883
0.13006010435693116,0.5082948415930479,0.9621765262763883,1.0
0.14580144438556142,0.4800530531042547,1.0,1.0
0.1207080334632259,1.0,1.0,0.5237168514592474
0.10619329273136968,1.0,0.9627580538638071,0.5530966463656848
0.09353251047940236,1.0,0.9244610425399502,0.5845357339697261
0.08300713611895594,1.0,0.8853758920148695,0.617919640049565
0.0748679866099603,1.0,0.8458113311016601,0.6530754949787352
0.0693199188046224,1.0,0.8061083164176297,0.6897733062682074
0.06650819009870312,1.0,0.7666270475246758,0.7277315554454551
0.06650819009870335,1.0,0.7277315554454551,0.7666270475246758
0.0693199188046224,1.0,0.6897733062682074,0.8061083164176297
0.0748679866099603,1.0,0.6530754949787352,0.8458113311016601
0.08300713611895594,1.0,0.617919640049565,0.8853758920148695
0.09353251047940236,1.0,0.5845357339697261,0.9244610425399502
0.10619329273136968,1.0,0.5530966463656848,0.9627580538638071
0.1207080334632259,1.0,0.5237168514592474,1.0
0.10619329273136968,0.9627580538638071,1.0,0.5530966463656848
0.09223663063331933,0.9621765262763883,0.9621765262763883,0.5839417890402714
0.08031800171278325,0.9616799167380327,0.9233598334760653,0.6167991673803264
0.07071628880516034,0.9612798453668817,0.883839536100645,0.6515186083019351
0.06367082243095545,0.9609862842679565,0.8439451370718258,0.6878902741436518
0.05936583799645534,0.960806909916519,0.8040345495825949,0.7256483694156328
0.057917593625368524,0.960746566401057,0.7644793984063422,0.7644793984063422
0.05936583799645534,0.960806909916519,0.7256483694156328,0.8040345495825949
0.06367082243095545,0.9609862842679565,0.6878902741436518,0.8439451370718258
0.07071628880516034,0.9612798453668817,0.6515186083019351,0.883839536100645
0.08031800171278325,0.9616799167380327,0.6167991673803264,0.9233598334760653
0.09223663063331933,0.9621765262763883,0.5839417890402714,0.9621765262763883
0.10619329273136968,0.9627580538638071,0.5530966463656848,1.0
0.09353251047940236,0.9244610425399502,1.0,0.5845357339697261
0.08031800171278325,0.9233598334760653,0.9616799167380327,0.6167991673803264
0.0693199188046224,0.9224433265670519,0.9224433265670519,0.6509949695517334
0.060807423766201185,0.9217339519805168,0.8826009279707752,0.6869358079220671
0.05500092285021063,0.9212500769041843,0.8425001538083684,0.7243752691646448
0.052056993359962944,0.9210047494466636,0.802511873616659,0.7630142483399908
0.052056993359962944,0.9210047494466636,0.7630142483399908,0.802511873616659
0.05500092285021063,0.9212500769041843,0.7243752691646448,0.8425001538083684
0.060807423766201185,0.9217339519805168,0.6869358079220671,0.8826009279707752
0.0693199188046224,0.9224433265670519,0.6509949695517334,0.9224433265670519
0.08031800171278325,0.9233598334760653,0.6167991673803264,0.9616799167380327
0.09353251047940236,0.9244610425399502,0.5845357339697261,1.0
0.08300713611895594,0.8853758920148695,1.0,0.617919640049565
0.07071628880516034,0.883839536100645,0.9612798453668817,0.6515186083019351
0.060807423766201185,0.8826009279707752,0.9217339519805168,0.6869358079220671
0.05353239192988113,0.8816915489912351,0.8816915489912351,0.7239469476462154
0.04908537789960721,0.8811356722374509,0.8415142296499345,0.7622713444749019
0.04758905184094597,0.8809486314801183,0.8015810524668637,0.8015810524668637
0.04908537789960721,0.8811356722374509,0.7622713444749019,0.8415142296499345
0.05353239192988113,0.8816915489912351,0.7239469476462154,0.8816915489912351
0.060807423766201185,0.8826009279707752,0.6869358079220671,0.9217339519805168
0.07071628880516034,0.883839536100645,0.6515186083019351,0.9612798453668817
0.08300713611895594,0.8853758920148695,0.617919640049565,1.0
0.0748679866099603,0.8458113311016601,1.0,0.6530754949787352
0.06367082243095545,0.8439451370718258,0.9609862842679565,0.6878902741436518
0.05500092285021063,0.8425001538083684,0.9212500769041843,0.7243752691646448
0.04908537789960721,0.8415142296499345,0.8811356722374509,0.7622713444749019
0.04608563977940272,0.8410142732965671,0.8410142732965671,0.8012678416207089
0.04608563977940294,0.8410142732965672,0.801267841620709,0.8410142732965672
0.04908537789960721,0.8415142296499345,0.7622713444749019,0.8811356722374509
0.05500092285021063,0.8425001538083684,0.7243752691646448,0.9212500769041843
0.06367082243095545,0.8439451370718258,0.6878902741436518,0.9609862842679565
0.0748679866099603,0.8458113311016601,0.6530754949787352,1.0
0.0693199188046224,0.8061083164176297,1.0,0.6897733062682074
0.05936583799645534,0.8040345495825949,0.960806909916519,0.7256483694156328
0.052056993359962944,0.802511873616659,0.9210047494466636,0.7630142483399908
0.04758905184094597,0.8015810524668637,0.8809486314801183,0.8015810524668637
0.04608563977940272,0.8012678416207089,0.8410142732965671,0.8410142732965671
0.04758905184094597,0.8015810524668637,0.8015810524668637,0.8809486314801183
0.052056993359962944,0.802511873616659,0.7630142483399908,0.9210047494466636
0.05936583799645534,0.8040345495825949,0.7256483694156328,0.960806909916519
0.0693199188046224,0.8061083164176297,0.6897733062682074,1.0
0.06650819009870312,0.7666270475246758,1.0,0.7277315554454551
0.057917593625368524,0.7644793984063422,0.960746566401057,0.7644793984063422
0.052056993359962944,0.7630142483399908,0.9210047494466636,0.802511873616659
0.04908537789960721,0.7622713444749019,0.8811356722374509,0.8415142296499345
0.04908537789960721,0.7622713444749019,0.8415142296499345,0.8811356722374509
0.052056993359962944,0.7630142483399908,0.802511873616659,0.9210047494466636
0.057917593625368524,0.7644793984063422,0.7644793984063422,0.960746566401057
0.06650819009870312,0.7666270475246758,0.7277315554454551,1.0
0.06650819009870335,0.7277315554454551,1.0,0.7666270475246758
0.05936583799645534,0.7256483694156328,0.960806909916519,0.8040345495825949
0.05500092285021063,0.7243752691646448,0.9212500769041843,0.8425001538083684
0.05353239192988113,0.7239469476462154,0.8816915489912351,0.8816915489912351
0.05500092285021063,0.7243752691646448,0.8425001538083684,0.9212500769041843
0.05936583799645534,0.7256483694156328,0.8040345495825949,0.960806909916519
0.06650819009870335,0.7277315554454551,0.7666270475246758,1.0
0.0693199188046224,0.6897733062682074,1.0,0.8061083164176297
0.06367082243095545,0.6878902741436518,0.9609862842679565,0.8439451370718258
0.060807423766201185,0.6869358079220671,0.9217339519805168,0.8826009279707752
0.060807423766201185,0.6869358079220671,0.8826009279707752,0.9217339519805168
0.06367082243095545,0.6878902741436518,0.8439451370718258,0.9609862842679565
0.0693199188046224,0.6897733062682074,0.8061083164176297,1.0
0.0748679866099603,0.6530754949787352,1.0,0.8458113311016601
0.07071628880516034,0.6515186083019351,0.9612798453668817,0.883839536100645
0.0693199188046224,0.6509949695517334,0.9224433265670519,0.9224433265670519
0.07071628880516034,0.6515186083019351,0.883839536100645,0.9612798453668817
0.0748679866099603,0.6530754949787352,0.8458113311016601,1.0
0.08300713611895594,0.617919640049565,1.0,0.8853758920148695
0.08031800171278325,0.6167991673803264,0.9616799167380327,0.9233598334760653
0.08031800171278325,0.6167991673803264,0.9233598334760653,0.9616799167380327
0.08300713611895594,0.617919640049565,0.8853758920148695,1.0
0.09353251047940236,0.5845357339697261,1.0,0.9244610425399502
0.09223663063331933,0.5839417890402714,0.9621765262763883,0.9621765262763883
0.09353251047940236,0.5845357339697261,0.9244610425399502,1.0
0.10619329273136968,0.5530966463656848,1.0,0.9627580538638071
0.10619329273136968,0.5530966463656848,0.9627580538638071,1.0
0.1207080334632259,0.5237168514592474,1.0,1.0
0.09847694253172634,1.0,1.0,0.5672689324152287
0.08529783341924702,1.0,0.9634119133367699,0.5975310467044687
0.07407407407407407,1.0,0.9259259259259259,0.6296296296296295
0.06505300999154284,1.0,0.8878063611989852,0.6634190835969553
0.058445528556613224,1.0,0.8493512845690581,0.6987025691381161
0.054413156909707716,1.0,0.8108826313819415,0.7352356839347182
0.05305747615178724,1.0,0.772733794276429,0.772733794276429
0.054413156909707716,1.0,0.7352356839347182,0.8108826313819415
0.058445528556613335,1.0,0.6987025691381162,0.8493512845690581
0.06505300999154284,1.0,0.6634190835969553,0.8878063611989852
0.07407407407407407,1.0,0.6296296296296295,0.9259259259259259
0.08529783341924702,1.0,0.5975310467044687,0.9634119133367699
0.09847694253172634,1.0,0.5672689324152287,1.0
0.08529783341924702,0.9634119133367699,1.0,0.5975310467044687
0.07280132305964482,0.9629120529223858,0.9629120529223858,0.629120529223858
0.06242674922831348,0.9624970699691325,0.9249941399382651,0.6624736297221928
0.054413156909707716,0.9621765262763883,0.8865295788291649,0.6974122102111064
0.04895517886433309,0.9619582071545734,0.8478328286182932,0.7337074500820133
0.04619050785435541,0.9618476203141743,0.8092381015708711,0.7710857218850453
0.04619050785435541,0.9618476203141743,0.7710857218850453,0.8092381015708711
0.04895517886433309,0.9619582071545734,0.7337074500820133,0.8478328286182932
0.054413156909707716,0.9621765262763883,0.6974122102111064,0.8865295788291649
0.06242674922831348,0.9624970699691325,0.6624736297221928,0.9249941399382651
0.07280132305964482,0.9629120529223858,0.629120529223858,0.9629120529223858
0.08529783341924702,0.9634119133367699,0.5975310467044687,1.0
0.07407407407407407,0.9259259259259259,1.0,0.6296296296296295
0.06242674922831348,0.9249941399382651,0.9624970699691325,0.6624736297221928
0.05305747615178724,0.924244598092143,0.924244598092143,0.696978392368572
0.04619050785435541,0.9236952406283484,0.8855428609425227,0.7329333421992195
0.0419979184508158,0.9233598334760653,0.8467196669521305,0.7700795004281957
0.04058805443332969,0.9232470443546663,0.8081176108866659,0.8081176108866659
0.0419979184508158,0.9233598334760653,0.7700795004281957,0.8467196669521305
0.04619050785435541,0.9236952406283484,0.7329333421992195,0.8855428609425227
0.05305747615178724,0.924244598092143,0.696978392368572,0.924244598092143
0.06242674922831348,0.9249941399382651,0.6624736297221928,0.9624970699691325
0.07407407407407407,0.9259259259259259,0.6296296296296295,1.0
0.06505300999154284,0.8878063611989852,1.0,0.6634190835969553
0.054413156909707716,0.8865295788291649,0.9621765262763883,0.6974122102111064
0.04619050785435541,0.8855428609425227,0.9236952406283484,0.7329333421992195
0.04058805443332969,0.8848705665319996,0.8848705665319996,0.7697411330639992
0.037749551350623745,0.8845299461620748,0.8460399282160997,0.8075499102701247
0.037749551350623745,0.8845299461620748,0.8075499102701247,0.8460399282160997
0.04058805443332969,0.8848705665319996,0.7697411330639992,0.8848705665319996
0.04619050785435541,0.8855428609425227,0.7329333421992195,0.9236952406283484
0.054413156909707716,0.8865295788291649,0.6974122102111064,0.9621765262763883
0.06505300999154284,0.8878063611989852,0.6634190835969553,1.0
0.058445528556613224,0.8493512845690581,1.0,0.6987025691381161
0.04895517886433309,0.8478328286182932,0.9619582071545734,0.7337074500820133
0.0419979184508158,0.8467196669521305,0.9233598334760653,0.7700795004281957
0.037749551350623745,0.8460399282160997,0.8845299461620748,0.8075499102701247
0.03632081938537535,0.8458113311016601,0.8458113311016601,0.8458113311016601
0.037749551350623745,0.8460399282160997,0.8075499102701247,0.8845299461620748
0.0419979184508158,0.8467196669521305,0.7700795004281957,0.9233598334760653
0.04895517886433309,0.8478328286182932,0.7337074500820133,0.9619582071545734
0.058445528556613224,0.8493512845690581,0.6987025691381161,1.0
0.054413156909707716,0.8108826313819415,1.0,0.7352356839347182
0.04619050785435541,0.8092381015708711,0.9618476203141743,0.7710857218850453
0.04058805443332969,0.8081176108866659,0.9232470443546663,0.8081176108866659
0.037749551350623745,0.8075499102701247,0.8845299461620748,0.8460399282160997
0.037749551350623745,0.8075499102701247,0.8460399282160997,0.8845299461620748
0.04058805443332969,0.8081176108866659,0.8081176108866659,0.9232470443546663
0.04619050785435541,0.8092381015708711,0.7710857218850453,0.9618476203141743
0.054413156909707716,0.8108826313819415,0.7352356839347182,1.0
0.05305747615178724,0.772733794276429,1.0,0.772733794276429
0.04619050785435541,0.7710857218850453,0.9618476203141743,0.8092381015708711
0.0419979184508158,0.7700795004281957,0.9233598334760653,0.8467196669521305
0.04058805443332969,0.7697411330639992,0.8848705665319996,0.8848705665319996
0.0419979184508158,0.7700795004281957,0.8467196669521305,0.9233598334760653
0.04619050785435541,0.7710857218850453,0.8092381015708711,0.9618476203141743
0.05305747615178724,0.772733794276429,0.772733794276429,1.0
0.054413156909707716,0.7352356839347182,1.0,0.8108826313819415
0.04895517886433309,0.7337074500820133,0.9619582071545734,0.8478328286182932
0.04619050785435541,0.7329333421992195,0.9236952406283484,0.8855428609425227
0.04619050785435541,0.7329333421992195,0.8855428609425227,0.9236952406283484
0.04895517886433309,0.7337074500820133,0.8478328286182932,0.9619582071545734
0.054413156909707716,0.7352356839347182,0.8108826313819415,1.0
0.058445528556613335,0.6987025691381162,1.0,0.8493512845690581
0.054413156909707716,0.6974122102111064,0.9621765262763883,0.8865295788291649
0.05305747615178724,0.696978392368572,0.924244598092143,0.924244598092143
0.054413156909707716,0.6974122102111064,0.8865295788291649,0.9621765262763883
0.058445528556613335,0.6987025691381162,0.8493512845690581,1.0
0.06505300999154284,0.6634190835969553,1.0,0.8878063611989852
0.06242674922831348,0.6624736297221928,0.9624970699691325,0.9249941399382651
0.06242674922831348,0.6624736297221928,0.9249941399382651,0.9624970699691325
0.06505300999154284,0.6634190835969553,0.8878063611989852,1.0
0.07407407407407407,0.6296296296296295,1.0,0.9259259259259259
0.07280132305964482,0.629120529223858,0.9629120529223858,0.9629120529223858
0.07407407407407407,0.6296296296296295,0.9259259259259259,1.0
0.08529783341924702,0.5975310467044687,1.0,0.9634119133367699
0.08529783341924702,0.5975310467044687,0.9634119133367699,1.0
0.09847694253172634,0.5672689324152287,1.0,1.0
0.07903274893144108,1.0,1.0,0.6103600091633019
0.06725519566557214,1.0,0.9641251998332913,0.6412519983329124
0.05750073632726216,1.0,0.9275000566405587,0.6737502548825138
0.04998067618556956,1.0,0.8903823857137195,0.7076863619032522
0.04486613411816143,1.0,0.853056328325871,0.7428485745702742
0.04227769071111542,1.0,0.8158226328290606,0.7789871593948727
0.042277690711115534,1.0,0.7789871593948728,0.8158226328290606
0.04486613411816154,1.0,0.7428485745702742,0.853056328325871
0.04998067618556945,1.0,0.7076863619032521,0.8903823857137195
0.05750073632726216,1.0,0.6737502548825138,0.9275000566405587
0.06725519566557214,1.0,0.6412519983329124,0.9641251998332913
0.07903274893144108,1.0,0.6103600091633019,1.0
0.06725519566557214,0.9641251998332913,1.0,0.6412519983329124
0.05625978876718396,0.9637022995679686,0.9637022995679686,0.6733206961117175
0.04743370291849469,0.9633628347276344,0.9267256694552688,0.7069026778210753
0.04097555236768724,0.9631144443218341,0.8893433329655024,0.7418011102528389
0.03703703703703698,0.9629629629629629,0.8518518518518519,0.7777777777777778
0.035713375982030726,0.9629120529223858,0.814560264611929,0.814560264611929
0.03703703703703709,0.962962962962963,0.7777777777777778,0.8518518518518519
0.04097555236768724,0.9631144443218341,0.7418011102528389,0.8893433329655024
0.04743370291849469,0.9633628347276344,0.7069026778210753,0.9267256694552688
0.05625978876718396,0.9637022995679686,0.6733206961117175,0.9637022995679686
0.06725519566557214,0.9641251998332913,0.6412519983329124,1.0
0.05750073632726216,0.9275000566405587,1.0,0.6737502548825138
0.04743370291849469,0.9267256694552688,0.9633628347276344,0.7069026778210753
0.039668088300946924,0.9261283144846882,0.9261283144846882,0.7414491006964088
0.03438424147933039,0.9257218647291793,0.8885827970937689,0.7771655941875377
0.03170940045898374,0.9255161077276142,0.8510322154552283,0.8137902693190353
0.03170940045898374,0.9255161077276142,0.8137902693190353,0.8510322154552283
0.03438424147933039,0.9257218647291793,0.7771655941875377,0.8885827970937689
0.039668088300946924,0.9261283144846882,0.7414491006964088,0.9261283144846882
0.04743370291849469,0.9267256694552688,0.7069026778210753,0.9633628347276344
0.05750073632726216,0.9275000566405587,0.6737502548825138,1.0
0.04998067618556956,0.8903823857137195,1.0,0.7076863619032522
0.04097555236768724,0.8893433329655024,0.9631144443218341,0.7418011102528389
0.03438424147933039,0.8885827970937689,0.9257218647291793,0.7771655941875377
0.03036361718333802,0.8881188789057698,0.8881188789057698,0.8135314648429497
0.02901220693474771,0.8879629469540093,0.8506172626053458,0.8506172626053458
0.03036361718333802,0.8881188789057698,0.8135314648429497,0.8881188789057698
0.03438424147933039,0.8885827970937689,0.7771655941875377,0.9257218647291793
0.04097555236768724,0.8893433329655024,0.7418011102528389,0.9631144443218341
0.04998067618556956,0.8903823857137195,0.7076863619032522,1.0
0.04486613411816143,0.853056328325871,1.0,0.7428485745702742
0.03703703703703698,0.8518518518518519,0.9629629629629629,0.7777777777777778
0.03170940045898374,0.8510322154552283,0.9255161077276142,0.8137902693190353
0.029012206934747486,0.8506172626053458,0.8879629469540093,0.8506172626053458
0.029012206934747486,0.8506172626053458,0.8506172626053458,0.8879629469540093
0.03170940045898374,0.8510322154552283,0.8137902693190353,0.9255161077276142
0.03703703703703698,0.8518518518518519,0.7777777777777778,0.9629629629629629
0.04486613411816143,0.853056328325871,0.7428485745702742,1.0
0.04227769071111542,0.8158226328290606,1.0,0.7789871593948727
0.035713375982030726,0.814560264611929,0.9629120529223858,0.814560264611929
0.03170940045898374,0.8137902693190353,0.9255161077276142,0.8510322154552283
0.03036361718333791,0.8135314648429496,0.8881188789057698,0.8881188789057698
0.03170940045898374,0.8137902693190353,0.8510322154552283,0.9255161077276142
0.035713375982030726,0.814560264611929,0.814560264611929,0.9629120529223858
0.04227769071111542,0.8158226328290606,0.7789871593948727,1.0
0.042277690711115534,0.7789871593948728,1.0,0.8158226328290606
0.03703703703703709,0.7777777777777778,0.962962962962963,0.8518518518518519
0.03438424147933039,0.7771655941875377,0.9257218647291793,0.8885827970937689
0.03438424147933039,0.7771655941875377,0.8885827970937689,0.9257218647291793
0.03703703703703709,0.7777777777777778,0.8518518518518519,0.962962962962963
0.042277690711115534,0.7789871593948728,0.8158226328290606,1.0
0.04486613411816154,0.7428485745702742,1.0,0.853056328325871
0.04097555236768724,0.7418011102528389,0.9631144443218341,0.8893433329655024
0.039668088300946924,0.7414491006964088,0.9261283144846882,0.9261283144846882
0.04097555236768724,0.7418011102528389,0.8893433329655024,0.9631144443218341
0.04486613411816154,0.7428485745702742,0.853056328325871,1.0
0.04998067618556945,0.7076863619032521,1.0,0.8903823857137195
0.04743370291849469,0.7069026778210753,0.9633628347276344,0.9267256694552688
0.04743370291849469,0.7069026778210753,0.9267256694552688,0.9633628347276344
0.04998067618556945,0.7076863619032521,0.8903823857137195,1.0
0.05750073632726216,0.6737502548825138,1.0,0.9275000566405587
0.05625978876718396,0.6733206961117175,0.9637022995679686,0.9637022995679686
0.05750073632726216,0.6737502548825138,0.9275000566405587,1.0
0.06725519566557214,0.6412519983329124,1.0,0.9641251998332913
0.06725519566557214,0.6412519983329124,0.9641251998332913,1.0
0.07903274893144108,0.6103600091633019,1.0,1.0
0.06225123927629639,1.0,1.0,0.652685644176406
0.051901767252158226,1.0,0.9648852506389688,0.6839672557507194
0.04361093158265039,1.0,0.9291563653024185,0.7166254612096742
0.037553942170649224,1.0,0.8930615491300722,0.7504769479701683
0.03386403959790729,1.0,0.8568687466070973,0.785303119910646
0.03262460873497486,1.0,0.8208564090249953,0.8208564090249953
0.03386403959790729,1.0,0.785303119910646,0.8568687466070973
0.037553942170649224,1.0,0.7504769479701683,0.8930615491300722
0.04361093158265039,1.0,0.7166254612096742,0.9291563653024185
0.051901767252158226,1.0,0.6839672557507194,0.9648852506389688
0.06225123927629639,1.0,0.652685644176406,1.0
0.051901767252158226,0.9648852506389688,1.0,0.6839672557507194
0.04240868212192339,0.9645336548934046,0.9645336548934046,0.7162692391472365
0.03509871864598468,0.9642629155054069,0.9285258310108137,0.7498404085378478
0.03013136905541547,0.964078939594645,0.892236818783935,0.78447363756787
0.02761875181141349,0.963985879696719,0.855943518786876,0.819929398483595
0.02761875181141349,0.963985879696719,0.819929398483595,0.855943518786876
0.03013136905541547,0.964078939594645,0.78447363756787,0.892236818783935
0.03509871864598468,0.9642629155054069,0.7498404085378478,0.9285258310108137
0.04240868212192339,0.9645336548934046,0.7162692391472365,0.9645336548934046
0.051901767252158226,0.9648852506389688,0.6839672557507194,1.0
0.04361093158265039,0.9291563653024185,1.0,0.7166254612096742
0.03509871864598468,0.9285258310108137,0.9642629155054069,0.7498404085378478
0.02887749829143138,0.9280649998734394,0.9280649998734394,0.7841949996203181
0.02508650468993945,0.9277841855325881,0.8916762782988822,0.8194604638314702
0.023812939816047263,0.9276898473937812,0.8553796947875625,0.8553796947875625
0.02508650468993945,0.9277841855325881,0.8194604638314702,0.8916762782988822
0.02887749829143138,0.9280649998734394,0.7841949996203181,0.9280649998734394
0.03509871864598468,0.9285258310108137,0.7498404085378478,0.9642629155054069
0.04361093158265039,0.9291563653024185,0.7166254612096742,1.0
0.037553942170649224,0.8930615491300722,1.0,0.7504769479701683
0.03013136905541547,0.892236818783935,0.964078939594645,0.78447363756787
0.02508650468993945,0.8916762782988822,0.9277841855325881,0.8194604638314702
0.022534370754404787,0.8913927078616005,0.8913927078616005,0.8551902771488007
0.022534370754404787,0.8913927078616005,0.8551902771488007,0.8913927078616005
0.02508650468993945,0.8916762782988822,0.8194604638314702,0.9277841855325881
0.03013136905541547,0.892236818783935,0.78447363756787,0.964078939594645
0.037553942170649224,0.8930615491300722,0.7504769479701683,1.0
0.03386403959790729,0.8568687466070973,1.0,0.785303119910646
0.02761875181141349,0.855943518786876,0.963985879696719,0.819929398483595
0.023812939816047263,0.8553796947875625,0.9276898473937812,0.8553796947875625
0.022534370754404787,0.8551902771488007,0.8913927078616005,0.8913927078616005
0.023812939816047263,0.8553796947875625,0.8553796947875625,0.9276898473937812
0.02761875181141349,0.855943518786876,0.819929398483595,0.963985879696719
0.03386403959790729,0.8568687466070973,0.785303119910646,1.0
0.03262460873497486,0.8208564090249953,1.0,0.8208564090249953
0.02761875181141349,0.819929398483595,0.963985879696719,0.855943518786876
0.02508650468993945,0.8194604638314702,0.9277841855325881,0.8916762782988822
0.02508650468993945,0.8194604638314702,0.8916762782988822,0.9277841855325881
0.02761875181141349,0.819929398483595,0.855943518786876,0.963985879696719
0.03262460873497486,0.8208564090249953,0.8208564090249953,1.0
0.03386403959790729,0.785303119910646,1.0,0.8568687466070973
0.03013136905541547,0.78447363756787,0.964078939594645,0.892236818783935
0.02887749829143138,0.7841949996203181,0.9280649998734394,0.9280649998734394
0.03013136905541547,0.78447363756787,0.892236818783935,0.964078939594645
0.03386403959790729,0.785303119910646,0.8568687466070973,1.0
0.037553942170649224,0.7504769479701683,1.0,0.8930615491300722
0.03509871864598468,0.7498404085378478,0.9642629155054069,0.9285258310108137
0.03509871864598468,0.7498404085378478,0.9285258310108137,0.9642629155054069
0.037553942170649224,0.7504769479701683,0.8930615491300722,1.0
0.04361093158265039,0.7166254612096742,1.0,0.9291563653024185
0.04240868212192339,0.7162692391472365,0.9645336548934046,0.9645336548934046
0.04361093158265039,0.7166254612096742,0.9291563653024185,1.0
0.051901767252158226,0.6839672557507194,1.0,0.9648852506389688
0.051901767252158226,0.6839672557507194,0.9648852506389688,1.0
0.06225123927629639,0.652685644176406,1.0,1.0
0.04797143871473575,1.0,1.0,0.6939908195868794
0.03904248772358765,1.0,0.965680088847271,0.725440710778168
0.03217841825160306,1.0,0.9308698870179717,0.7580446045629008
0.027519803693936917,1.0,0.8958056932529218,0.7916113865058436
0.02516512664809223,1.0,0.8607378752354418,0.8259223440443022
0.02516512664809223,1.0,0.8259223440443022,0.8607378752354418
0.027519803693936917,1.0,0.7916113865058436,0.8958056932529218
0.03217841825160306,1.0,0.7580446045629008,0.9308698870179717
0.03904248772358765,1.0,0.725440710778168,0.965680088847271
0.04797143871473575,1.0,0.6939908195868794,1.0
0.03904248772358765,0.965680088847271,1.0,0.725440710778168
0.031020043711624146,0.9653935729897009,0.9653935729897009,0.7577550109279061
0.025165126648092007,0.9651844688088604,0.9303689376177209,0.7911068128531626
0.02160081905954292,0.9650571721092693,0.8951715163278082,0.8252858605463469
0.020404000042152592,0.9650144285729341,0.860057714291736,0.860057714291736
0.02160081905954292,0.9650571721092693,0.8252858605463469,0.8951715163278082
0.025165126648092007,0.9651844688088604,0.7911068128531626,0.9303689376177209
0.031020043711624146,0.9653935729897009,0.7577550109279061,0.9653935729897009
0.03904248772358765,0.965680088847271,0.725440710778168,1.0
0.03217841825160306,0.9308698870179717,1.0,0.7580446045629008
0.025165126648092007,0.9303689376177209,0.9651844688088604,0.7911068128531626
0.020404000042152592,0.930028857145868,0.930028857145868,0.8250721428646701
0.017997126635347915,0.9298569376168105,0.8947854064252159,0.8597138752336211
0.017997126635347915,0.9298569376168105,0.8597138752336211,0.8947854064252159
0.020404000042152592,0.930028857145868,0.8250721428646701,0.930028857145868
0.025165126648092007,0.9303689376177209,0.7911068128531626,0.9651844688088604
0.03217841825160306,0.9308698870179717,0.7580446045629008,1.0
0.027519803693936917,0.8958056932529218,1.0,0.7916113865058436
0.02160081905954292,0.8951715163278082,0.9650571721092693,0.8252858605463469
0.017997126635347915,0.8947854064252159,0.9298569376168105,0.8597138752336211
0.01678701789112691,0.8946557519169065,0.8946557519169065,0.8946557519169065
0.017997126635347915,0.8947854064252159,0.8597138752336211,0.9298569376168105
0.02160081905954292,0.8951715163278082,0.8252858605463469,0.9650571721092693
0.027519803693936917,0.8958056932529218,0.7916113865058436,1.0
0.02516512664809223,0.8607378752354418,1.0,0.8259223440443022
0.020404000042152592,0.860057714291736,0.9650144285729341,0.860057714291736
0.017997126635347915,0.8597138752336211,0.9298569376168105,0.8947854064252159
0.017997126635347915,0.8597138752336211,0.8947854064252159,0.9298569376168105
0.020404000042152592,0.860057714291736,0.860057714291736,0.9650144285729341
0.02516512664809223,0.8607378752354418,0.8259223440443022,1.0
0.02516512664809223,0.8259223440443022,1.0,0.8607378752354418
0.02160081905954292,0.8252858605463469,0.9650571721092693,0.8951715163278082
0.020404000042152592,0.8250721428646701,0.930028857145868,0.930028857145868
0.02160081905954292,0.8252858605463469,0.8951715163278082,0.9650571721092693
0.02516512664809223,0.8259223440443022,0.8607378752354418,1.0
0.027519803693936917,0.7916113865058436,1.0,0.8958056932529218
0.025165126648092007,0.7911068128531626,0.9651844688088604,0.9303689376177209
0.025165126648092007,0.7911068128531626,0.9303689376177209,0.9651844688088604
0.027519803693936917,0.7916113865058436,0.8958056932529218,1.0
0.03217841825160306,0.7580446045629008,1.0,0.9308698870179717
0.031020043711624146,0.7577550109279061,0.9653935729897009,0.9653935729897009
0.03217841825160306,0.7580446045629008,0.9308698870179717,1.0
0.03904248772358765,0.725440710778168,1.0,0.965680088847271
0.03904248772358765,0.725440710778168,0.965680088847271,1.0
0.04797143871473575,0.6939908195868794,1.0,1.0
0.03600738179392626,1.0,1.0,0.7340710018741865
0.028463445249428343,1.0,0.9664987394913596,0.7654911764395171
0.02296517523264674,1.0,0.9326182879470791,0.7978548638412373
0.01962106451492074,1.0,0.898581489432578,0.8309691490542966
0.01849870703750167,1.0,0.8646205113155174,0.8646205113155174
0.01962106451492074,1.0,0.8309691490542966,0.898581489432578
0.02296517523264674,1.0,0.7978548638412373,0.9326182879470791
0.028463445249428343,1.0,0.7654911764395171,0.9664987394913596
0.03600738179392626,1.0,0.7340710018741865,1.0
0.028463445249428343,0.9664987394913596,1.0,0.7654911764395171
0.021854276835416964,0.9662708371322557,0.9662708371322557,0.7976250227935345
0.017372486021039135,0.9661162926214152,0.9322325852428303,0.8305814631070757
0.015108364323579648,0.9660382194594338,0.8981146583783013,0.8641528778377351
0.015108364323579648,0.9660382194594338,0.8641528778377351,0.8981146583783013
0.017372486021039135,0.9661162926214152,0.8305814631070757,0.9322325852428303
0.021854276835416964,0.9662708371322557,0.7976250227935345,0.9662708371322557
0.028463445249428343,0.9664987394913596,0.7654911764395171,1.0
0.02296517523264674,0.9326182879470791,1.0,0.7978548638412373
0.017372486021039135,0.9322325852428303,0.9661162926214152,0.8305814631070757
0.013970418668833529,0.9319979599081955,0.9319979599081955,0.8639959198163908
0.012828519523793602,0.9319192082430202,0.8978788123645304,0.8978788123645304
0.013970418668833529,0.9319979599081955,0.8639959198163908,0.9319979599081955
0.017372486021039135,0.9322325852428303,0.8305814631070757,0.9661162926214152
0.02296517523264674,0.9326182879470791,0.7978548638412373,1.0
0.01962106451492074,0.898581489432578,1.0,0.8309691490542966
0.015108364323579648,0.8981146583783013,0.9660382194594338,0.8641528778377351
0.012828519523793602,0.8978788123645304,0.9319192082430202,0.8978788123645304
0.012828519523793602,0.8978788123645304,0.8978788123645304,0.9319192082430202
0.015108364323579648,0.8981146583783013,0.8641528778377351,0.9660382194594338
0.01962106451492074,0.898581489432578,0.8309691490542966,1.0
0.01849870703750167,0.8646205113155174,1.0,0.8646205113155174
0.015108364323579648,0.8641528778377351,0.9660382194594338,0.8981146583783013
0.013970418668833529,0.8639959198163908,0.9319979599081955,0.9319979599081955
0.015108364323579648,0.8641528778377351,0.8981146583783013,0.9660382194594338
0.01849870703750167,0.8646205113155174,0.8646205113155174,1.0
0.01962106451492074,0.8309691490542966,1.0,0.898581489432578
0.017372486021039135,0.8305814631070757,0.9661162926214152,0.9322325852428303
0.017372486021039135,0.8305814631070757,0.9322325852428303,0.9661162926214152
0.01962106451492074,0.8309691490542966,0.898581489432578,1.0
0.02296517523264674,0.7978548638412373,1.0,0.9326182879470791
0.021854276835416964,0.7976250227935345,0.9662708371322557,0.9662708371322557
0.02296517523264674,0.7978548638412373,0.9326182879470791,1.0
0.028463445249428343,0.7654911764395171,1.0,0.9664987394913596
0.028463445249428343,0.7654911764395171,0.9664987394913596,1.0
0.03600738179392626,0.7340710018741865,1.0,1.0
0.026158790258206777,1.0,1.0,0.7727703843935816
0.01994271942279824,1.0,0.96733142398076,0.8039885438845596
0.01573192761281994,1.0,0.9343821285075213,0.8359553212688033
0.013606076167856251,1.0,0.9013606076167856,0.8684808101557142
0.013606076167856251,1.0,0.8684808101557142,0.9013606076167856
0.01573192761281994,1.0,0.8359553212688033,0.9343821285075213
0.01994271942279824,1.0,0.8039885438845596,0.96733142398076
0.026158790258206777,1.0,0.7727703843935816,1.0
0.01994271942279824,0.96733142398076,1.0,0.8039885438845596
0.014670721835706724,0.9671556907278569,0.9671556907278569,0.8357784536392845
0.011466390521594927,0.9670488796840532,0.9340977593681064,0.8681955187362127
0.010391312868936797,0.9670130437622979,0.9010391312868937,0.9010391312868937
0.011466390521594927,0.9670488796840532,0.8681955187362127,0.9340977593681064
0.014670721835706724,0.9671556907278569,0.8357784536392845,0.9671556907278569
0.01994271942279824,0.96733142398076,0.8039885438845596,1.0
0.01573192761281994,0.9343821285075213,1.0,0.8359553212688033
0.011466390521594927,0.9340977593681064,0.9670488796840532,0.8681955187362127
0.009312719974260308,0.9339541813316173,0.9339541813316173,0.9009312719974261
0.009312719974260308,0.9339541813316173,0.9009312719974261,0.9339541813316173
0.011466390521594927,0.9340977593681064,0.8681955187362127,0.9670488796840532
0.01573192761281994,0.9343821285075213,0.8359553212688033,1.0
0.013606076167856251,0.9013606076167856,1.0,0.8684808101557142
0.010391312868936797,0.9010391312868937,0.9670130437622979,0.9010391312868937
0.009312719974260308,0.9009312719974261,0.9339541813316173,0.9339541813316173
0.010391312868936797,0.9010391312868937,0.9010391312868937,0.9670130437622979
0.013606076167856251,0.9013606076167856,0.8684808101557142,1.0
0.013606076167856251,0.8684808101557142,1.0,0.9013606076167856
0.011466390521594927,0.8681955187362127,0.9670488796840532,0.9340977593681064
0.011466390521594927,0.8681955187362127,0.9340977593681064,0.9670488796840532
0.013606076167856251,0.8684808101557142,0.9013606076167856,1.0
0.01573192761281994,0.8359553212688033,1.0,0.9343821285075213
0.014670721835706724,0.8357784536392845,0.9671556907278569,0.9671556907278569
0.01573192761281994,0.8359553212688033,0.9343821285075213,1.0
0.01994271942279824,0.8039885438845596,1.0,0.96733142398076
0.01994271942279824,0.8039885438845596,0.96733142398076,1.0
0.026158790258206777,0.7727703843935816,1.0,1.0
0.01822014940971861,1.0,1.0,0.8099780934341391
0.013259128177192991,1.0,0.9681696492960384,0.8408482464801924
0.010246171938143589,1.0,0.9361449143185899,0.8722898286371799
0.009235703244080629,1.0,0.904119584184911,0.904119584184911
0.010246171938143589,1.0,0.8722898286371799,0.9361449143185899
0.013259128177192991,1.0,0.8408482464801924,0.9681696492960384
0.01822014940971861,1.0,0.8099780934341391,1.0
0.013259128177192991,0.9681696492960384,1.0,0.8408482464801924
0.009235703244080629,0.9680398613949703,0.9680398613949703,0.8721594455798813
0.00720544640845977,0.9679743692389826,0.9359487384779651,0.9039231077169477
0.00720544640845977,0.9679743692389826,0.9039231077169477,0.9359487384779651
0.009235703244080629,0.9680398613949703,0.8721594455798813,0.9680398613949703
0.013259128177192991,0.9681696492960384,0.8408482464801924,1.0
0.010246171938143589,0.9361449143185899,1.0,0.8722898286371799
0.00720544640845977,0.9359487384779651,0.9679743692389826,0.9039231077169477
0.006185626361872809,0.9358829436362499,0.9358829436362499,0.9358829436362499
0.00720544640845977,0.9359487384779651,0.9039231077169477,0.9679743692389826
0.010246171938143589,0.9361449143185899,0.8722898286371799,1.0
0.009235703244080629,0.904119584184911,1.0,0.904119584184911
0.00720544640845977,0.9039231077169477,0.9679743692389826,0.9359487384779651
0.00720544640845977,0.9039231077169477,0.9359487384779651,0.9679743692389826
0.009235703244080629,0.904119584184911,0.904119584184911,1.0
0.010246171938143589,0.8722898286371799,1.0,0.9361449143185899
0.009235703244080629,0.8721594455798813,0.9680398613949703,0.9680398613949703
0.010246171938143589,0.8722898286371799,0.9361449143185899,1.0
0.013259128177192991,0.8408482464801924,1.0,0.9681696492960384
0.013259128177192991,0.8408482464801924,0.9681696492960384,1.0
0.01822014940971861,0.8099780934341391,1.0,1.0
0.01198796624889853,1.0,1.0,0.8456231197263904
0.008198836202010229,1.0,0.9690062136313128,0.8760248545252513
0.006287849528740952,1.0,0.9378929905955463,0.9068394858933194
0.006287849528740952,1.0,0.9068394858933194,0.9378929905955463
0.008198836202010229,1.0,0.8760248545252513,0.9690062136313128
0.01198796624889853,1.0,0.8456231197263904,1.0
0.008198836202010229,0.9690062136313128,1.0,0.8760248545252513
0.005328204543665227,0.9689165063919896,0.9689165063919896,0.9067495191759686
0.0043657739407119145,0.9688864304356473,0.9377728608712945,0.9377728608712945
0.005328204543665227,0.9689165063919896,0.9067495191759686,0.9689165063919896
0.008198836202010229,0.9690062136313128,0.8760248545252513,1.0
0.006287849528740952,0.9378929905955463,1.0,0.9068394858933194
0.0043657739407119145,0.9377728608712945,0.9688864304356473,0.9377728608712945
0.0043657739407119145,0.9377728608712945,0.9377728608712945,0.9688864304356473
0.006287849528740952,0.9378929905955463,0.9068394858933194,1.0
0.006287849528740952,0.9068394858933194,1.0,0.9378929905955463
0.005328204543665227,0.9067495191759686,0.9689165063919896,0.9689165063919896
0.006287849528740952,0.9068394858933194,0.9378929905955463,1.0
0.008198836202010229,0.8760248545252513,1.0,0.9690062136313128
0.008198836202010229,0.8760248545252513,0.9690062136313128,1.0
0.01198796624889853,0.8456231197263904,1.0,1.0
0.007266217966291788,1.0,1.0,0.8796686324807627
0.004559987278843214,1.0,0.9698351511296619,0.9095054533889857
0.003652980245372195,1.0,0.9396153321360832,0.9396153321360832
0.004559987278843214,1.0,0.9095054533889857,0.9698351511296619
0.007266217966291788,1.0,0.8796686324807627,1.0
0.004559987278843214,0.9698351511296619,1.0,0.9095054533889857
0.002743489394425924,0.969780105739225,0.969780105739225,0.93956021147845
0.002743489394425924,0.969780105739225,0.93956021147845,0.969780105739225
0.004559987278843214,0.9698351511296619,0.9095054533889857,1.0
0.003652980245372195,0.9396153321360832,1.0,0.9396153321360832
0.002743489394425924,0.93956021147845,0.969780105739225,0.969780105739225
0.003652980245372195,0.9396153321360832,0.9396153321360832,1.0
0.004559987278843214,0.9095054533889857,1.0,0.9698351511296619
0.004559987278843214,0.9095054533889857,0.9698351511296619,1.0
0.007266217966291788,0.8796686324807627,1.0,1.0
0.003870149974618986,1.0,1.0,0.9121061897036429
0.002155639497626427,1.0,0.9706516364558125,0.9413032729116251
0.002155639497626427,1.0,0.9413032729116251,0.9706516364558125
0.003870149974618986,1.0,0.9121061897036429,1.0
0.002155639497626427,0.9706516364558125,1.0,0.9413032729116251
0.0012950577417206732,0.9706263252276977,0.9706263252276977,0.9706263252276977
0.002155639497626427,0.9706516364558125,0.9413032729116251,1.0
0.002155639497626427,0.9413032729116251,1.0,0.9706516364558125
0.002155639497626427,0.9413032729116251,0.9706516364558125,1.0
0.003870149974618986,0.9121061897036429,1.0,1.0
0.0016286655760233693,1.0,1.0,0.942950209461487
8.153283051429705E-4,1.0,0.9714518665230041,0.9714518665230041
0.0016286655760233693,1.0,0.942950209461487,1.0
8.153283051429705E-4,0.9714518665230041,1.0,0.9714518665230041
8.153283051429705E-4,0.9714518665230041,0.9714518665230041,1.0
0.0016286655760233693,0.942950209461487,1.0,1.0
3.8557934728167265E-4,1.0,1.0,0.9722329327596467
3.8557934728167265E-4,1.0,0.9722329327596467,1.0
3.8557934728167265E-4,0.9722329327596467,1.0,1.0
0.0,1.0,1.0,1.0
