0.0,0.0,0.0,1.0
0.0,0.0,0.02776706724035329,0.9996144206527183
0.0,0.0,0.05704979053851295,0.9983713344239766
0.0,0.0,0.08789381029635715,0.996129850025381
0.0,0.0,0.12033136751923737,0.9927337820337082
0.0,0.0,0.1543768802736096,0.9880120337511015
0.0,0.0,0.19002190656586093,0.9817798505902814
0.0,0.0,0.22722961560641844,0.9738412097417932
0.0,0.0,0.26592899812581344,0.9639926182060737
0.0,0.0,0.30600918041312064,0.9520285612852643
0.0,0.0,0.347314355823594,0.9377487607237036
0.0,0.0,0.38963999083669804,0.9209672510685589
0.0,0.0,0.43273106758477137,0.9015230574682737
0.0,0.0,0.47628314854075265,0.8792919665367741
0.0,0.0,0.5199469468957453,0.8541985556144386
0.0,0.0,0.5633368246415098,0.8262273428075477
0.0,0.0,0.6060432152628562,0.7954317200324986
0.0,0.0,0.6476484200955405,0.7619393177594594
0.0,0.0,0.6877446479107832,0.7259526839058266
0.0,0.0,0.7259526839058266,0.6877446479107832
0.0,0.0,0.7619393177594594,0.6476484200955405
0.0,0.0,0.7954317200324986,0.6060432152628562
0.0,0.0,0.8262273428075477,0.5633368246415098
0.0,0.0,0.8541985556144386,0.5199469468957453
0.0,0.0,0.8792919665367741,0.47628314854075265
0.0,0.0,0.9015230574682737,0.43273106758477137
0.0,0.0,0.9209672510685589,0.38963999083669804
0.0,0.0,0.9377487607237036,0.347314355823594
0.0,0.0,0.9520285612852643,0.30600918041312064
0.0,0.0,0.9639926182060737,0.26592899812581344
0.0,0.0,0.9738412097417932,0.22722961560641844
0.0,0.0,0.9817798505902814,0.19002190656586093
0.0,0.0,0.9880120337511015,0.1543768802736096
0.0,0.0,0.9927337820337082,0.12033136751923737
0.0,0.0,0.996129850025381,0.08789381029635715
0.0,0.0,0.9983713344239766,0.05704979053851295
0.0,0.0,0.9996144206527183,0.02776706724035329
0.0,0.0,1.0,0.0
0.0,0.02776706724035329,0.0,0.9996144206527183
0.0,0.02854813347699592,0.02854813347699592,0.999184671694857
0.0,0.02934836354418746,0.05869672708837492,0.9978443605023736
0.0,0.030164848870338084,0.09049454661101425,0.9954400127211568
0.0,0.03099378636868718,0.12397514547474872,0.9918011637979898
0.0,0.03183035070396152,0.1591517535198076,0.986740871822807
0.0,0.03266857601924005,0.19601145611544032,0.9800572805772017
0.0,0.033501260508640406,0.23450882356048283,0.9715365547505717
0.0,0.03431991115272901,0.2745592892218321,0.9609575122764124
0.0,0.03511474936103118,0.31603274424928063,0.9480982327478418
0.0,0.03587480016670876,0.35874800166708765,0.9327448043344279
0.0,0.03658808666323012,0.40246895329553134,0.914702166580753
0.0,0.03724194613619293,0.44690335363431516,0.8938067072686303
0.0,0.037823473723611695,0.491705158406952,0.8699398956430688
0.0,0.03832008326196737,0.5364811656675431,0.8430418317632821
0.0,0.038720154633118314,0.5808023194967747,0.8131232472954846
0.0,0.03901371573204353,0.6242194517126964,0.7802743146408705
0.0,0.03919309008348103,0.6662825314191775,0.7446687115861395
0.0,0.039253433598942976,0.7065618047809736,0.7065618047809736
0.0,0.03919309008348103,0.7446687115861395,0.6662825314191775
0.0,0.03901371573204353,0.7802743146408705,0.6242194517126964
0.0,0.038720154633118314,0.8131232472954846,0.5808023194967747
0.0,0.03832008326196737,0.8430418317632821,0.5364811656675431
0.0,0.037823473723611695,0.8699398956430688,0.491705158406952
0.0,0.03724194613619293,0.8938067072686303,0.44690335363431516
0.0,0.03658808666323012,0.914702166580753,0.40246895329553134
0.0,0.03587480016670876,0.9327448043344279,0.35874800166708765
0.0,0.03511474936103118,0.9480982327478418,0.31603274424928063
0.0,0.03431991115272901,0.9609575122764124,0.2745592892218321
0.0,0.033501260508640406,0.9715365547505717,0.23450882356048283
0.0,0.03266857601924006,0.9800572805772018,0.19601145611544035
0.0,0.03183035070396152,0.986740871822807,0.1591517535198076
0.0,0.03099378636868718,0.9918011637979898,0.12397514547474872
0.0,0.030164848870338084,0.9954400127211568,0.09049454661101425
0.0,0.02934836354418746,0.9978443605023736,0.05869672708837492
0.0,0.02854813347699592,0.999184671694857,0.02854813347699592
0.0,0.02776706724035329,0.9996144206527183,0.0
0.0,0.05704979053851295,0.0,0.9983713344239766
0.0,0.05869672708837492,0.02934836354418746,0.9978443605023736
0.0,0.060384667863916844,0.060384667863916844,0.9963470197546278
0.0,0.06210700940445369,0.09316051410668054,0.993712150471259
0.0,0.0638550856814101,0.1277101713628202,0.9897538280618564
0.0,0.06561787149247866,0.16404467873119666,0.9842680723871801
0.0,0.06738171205292091,0.20214513615876276,0.9770348247673533
0.0,0.06913011298202835,0.24195539543709924,0.9678215817483969
0.0,0.07084363469758145,0.2833745387903258,0.9563890684173496
0.0,0.07249994335944138,0.32624974511748617,0.9424992636727378
0.0,0.07407407407407408,0.3703703703703704,0.9259259259259259
0.0,0.0755389574600498,0.4154642660302739,0.9064674895205976
0.0,0.0768662442024088,0.46119746521445276,0.8839618083277011
0.0,0.07802743146408705,0.5071783045165659,0.8583017461049576
0.0,0.07899525055333644,0.552966753873355,0.8294501308100325
0.0,0.07974522228289,0.5980891671216749,0.7974522228288999
0.0,0.0802572353905128,0.6420578831241024,0.7624437362098715
0.0,0.08051696822284746,0.6843942298942034,0.7246527140056271
0.0,0.08051696822284746,0.7246527140056271,0.6843942298942034
0.0,0.0802572353905128,0.7624437362098715,0.6420578831241024
0.0,0.07974522228289,0.7974522228288999,0.5980891671216749
0.0,0.07899525055333644,0.8294501308100325,0.552966753873355
0.0,0.07802743146408704,0.8583017461049575,0.5071783045165658
0.0,0.0768662442024088,0.8839618083277011,0.46119746521445276
0.0,0.0755389574600498,0.9064674895205976,0.4154642660302739
0.0,0.07407407407407408,0.9259259259259259,0.3703703703703704
0.0,0.07249994335944138,0.9424992636727378,0.32624974511748617
0.0,0.07084363469758145,0.9563890684173496,0.2833745387903258
0.0,0.06913011298202835,0.9678215817483969,0.24195539543709924
0.0,0.06738171205292091,0.9770348247673533,0.20214513615876276
0.0,0.06561787149247866,0.9842680723871801,0.16404467873119666
0.0,0.0638550856814101,0.9897538280618564,0.1277101713628202
0.0,0.06210700940445369,0.993712150471259,0.09316051410668054
0.0,0.060384667863916844,0.9963470197546278,0.060384667863916844
0.0,0.05869672708837492,0.9978443605023736,0.02934836354418746
0.0,0.05704979053851295,0.9983713344239766,0.0
0.0,0.08789381029635715,0.0,0.996129850025381
0.0,0.09049454661101425,0.030164848870338084,0.9954400127211568
0.0,0.09316051410668054,0.06210700940445369,0.993712150471259
0.0,0.09588041581508898,0.09588041581508898,0.9907642967559194
0.0,0.09863939238321438,0.13151918984428584,0.9863939238321437
0.0,0.101418510567422,0.16903085094570333,0.9803789354850793
0.0,0.10419430674707819,0.20838861349415638,0.9724801963060631
0.0,0.10693845086992787,0.24952305202983172,0.9624460578293508
0.0,0.10961761428628046,0.2923136380967479,0.9500193238144305
0.0,0.11219363880101486,0.3365809164030446,0.9349469900084572
0.0,0.11462410798513051,0.382080359950435,0.9169928638810441
0.0,0.11686340806974298,0.42849916292239093,0.8959527952013627
0.0,0.1188643277625491,0.4754573110501964,0.87167173692536
0.0,0.12058018065872113,0.5225141161877915,0.8440612646110478
0.0,0.12196734422726126,0.5691809397272192,0.8131156281817418
0.0,0.12298800925361818,0.6149400462680908,0.7789240586062484
0.0,0.12361284651454937,0.6592685147442633,0.7416770790872963
0.0,0.12382325151194941,0.7016650919010466,0.7016650919010466
0.0,0.12361284651454937,0.7416770790872963,0.6592685147442633
0.0,0.12298800925361818,0.7789240586062484,0.6149400462680908
0.0,0.12196734422726126,0.8131156281817418,0.5691809397272192
0.0,0.12058018065872113,0.8440612646110478,0.5225141161877915
0.0,0.1188643277625491,0.87167173692536,0.4754573110501964
0.0,0.11686340806974298,0.8959527952013627,0.42849916292239093
0.0,0.11462410798513051,0.9169928638810441,0.382080359950435
0.0,0.11219363880101486,0.9349469900084572,0.3365809164030446
0.0,0.10961761428628043,0.9500193238144304,0.2923136380967478
0.0,0.10693845086992787,0.9624460578293508,0.24952305202983172
0.0,0.10419430674707819,0.9724801963060631,0.20838861349415638
0.0,0.101418510567422,0.9803789354850793,0.16903085094570333
0.0,0.09863939238321438,0.9863939238321437,0.13151918984428584
0.0,0.09588041581508898,0.9907642967559194,0.09588041581508898
0.0,0.09316051410668054,0.993712150471259,0.06210700940445369
0.0,0.09049454661101425,0.9954400127211568,0.030164848870338084
0.0,0.08789381029635715,0.996129850025381,0.0
0.0,0.12033136751923737,0.0,0.9927337820337082
0.0,0.12397514547474872,0.03099378636868718,0.9918011637979898
0.0,0.1277101713628202,0.0638550856814101,0.9897538280618564
0.0,0.13151918984428584,0.09863939238321438,0.9863939238321437
0.0,0.13537948868448255,0.13537948868448255,0.9815012929624983
0.0,0.1392621247645583,0.17407765595569785,0.974834873351908
0.0,0.14313125339290264,0.21469688008935398,0.9661359604020927
0.0,0.14694367167412903,0.2571514254297258,0.9551338658818386
0.0,0.1506487154309419,0.3012974308618838,0.9415544714433868
0.0,0.15418866889833993,0.3469245050212649,0.9251320133900397
0.0,0.15749984619163157,0.3937496154790789,0.9056241156018814
0.0,0.1605144707810256,0.4414147946478204,0.8828295892956408
0.0,0.16316340328960083,0.48949020986880254,0.8566078672704043
0.0,0.1653796461189446,0.5374838498865699,0.826898230594723
0.0,0.16710239725774276,0.5848583904020996,0.7937363869742781
0.0,0.16828126476466848,0.6310547428675068,0.7572656914410082
0.0,0.16888013236829963,0.6755205294731985,0.7177405625652734
0.0,0.16888013236829963,0.7177405625652734,0.6755205294731985
0.0,0.16828126476466848,0.7572656914410082,0.6310547428675068
0.0,0.16710239725774276,0.7937363869742781,0.5848583904020996
0.0,0.1653796461189446,0.826898230594723,0.5374838498865699
0.0,0.16316340328960083,0.8566078672704043,0.48949020986880254
0.0,0.1605144707810256,0.8828295892956408,0.4414147946478204
0.0,0.15749984619163157,0.9056241156018814,0.3937496154790789
0.0,0.15418866889833993,0.9251320133900397,0.3469245050212649
0.0,0.1506487154309419,0.9415544714433868,0.3012974308618838
0.0,0.14694367167412903,0.9551338658818386,0.2571514254297258
0.0,0.14313125339290264,0.9661359604020927,0.21469688008935398
0.0,0.13926212476455826,0.9748348733519078,0.17407765595569782
0.0,0.13537948868448255,0.9815012929624983,0.13537948868448255
0.0,0.13151918984428584,0.9863939238321437,0.09863939238321438
0.0,0.1277101713628202,0.9897538280618564,0.0638550856814101
0.0,0.12397514547474872,0.9918011637979898,0.03099378636868718
0.0,0.12033136751923737,0.9927337820337082,0.0
0.0,0.1543768802736096,0.0,0.9880120337511015
0.0,0.1591517535198076,0.03183035070396152,0.986740871822807
0.0,0.16404467873119666,0.06561787149247866,0.9842680723871801
0.0,0.16903085094570333,0.101418510567422,0.9803789354850793
0.0,0.17407765595569785,0.1392621247645583,0.974834873351908
0.0,0.17914359097500468,0.17914359097500468,0.9673753912650251
0.0,0.18417736717093933,0.2210128406051272,0.9577223092888845
0.0,0.18911736861805847,0.26476431606528184,0.9455868430902923
0.0,0.19389168358237033,0.3102266937317925,0.9306800811953776
0.0,0.19841894753313627,0.35715410555964533,0.9127271586524268
0.0,0.20261022461827696,0.4052204492365539,0.8914849883204187
0.0,0.20637208585324904,0.4540185888771479,0.8667627605836459
0.0,0.20961090407515928,0.5030661697803822,0.8384436163006371
0.0,0.21223817998900446,0.5518192679714116,0.8065050839582169
0.0,0.2141764684390597,0.5996941116293671,0.7710352863806149
0.0,0.21536524612697402,0.646095738380922,0.7322418368317117
0.0,0.21576592600105152,0.6904509632033649,0.6904509632033649
0.0,0.21536524612697402,0.7322418368317117,0.646095738380922
0.0,0.2141764684390597,0.7710352863806149,0.5996941116293671
0.0,0.21223817998900446,0.8065050839582169,0.5518192679714116
0.0,0.20961090407515928,0.8384436163006371,0.5030661697803822
0.0,0.206372085853249,0.8667627605836458,0.4540185888771478
0.0,0.20261022461827696,0.8914849883204187,0.4052204492365539
0.0,0.19841894753313627,0.9127271586524268,0.35715410555964533
0.0,0.19389168358237033,0.9306800811953776,0.3102266937317925
0.0,0.18911736861805847,0.9455868430902923,0.26476431606528184
0.0,0.18417736717093935,0.9577223092888846,0.22101284060512721
0.0,0.17914359097500468,0.9673753912650251,0.17914359097500468
0.0,0.17407765595569782,0.9748348733519078,0.13926212476455826
0.0,0.16903085094570333,0.9803789354850793,0.101418510567422
0.0,0.16404467873119666,0.9842680723871801,0.06561787149247866
0.0,0.1591517535198076,0.986740871822807,0.03183035070396152
0.0,0.1543768802736096,0.9880120337511015,0.0
0.0,0.19002190656586093,0.0,0.9817798505902814
0.0,0.19601145611544032,0.03266857601924005,0.9800572805772017
0.0,0.20214513615876276,0.06738171205292091,0.9770348247673533
0.0,0.20838861349415638,0.10419430674707819,0.9724801963060631
0.0,0.21469688008935398,0.14313125339290264,0.9661359604020927
0.0,0.2210128406051272,0.18417736717093933,0.9577223092888845
0.0,0.22726620572357106,0.22726620572357106,0.9469425238482128
0.0,0.23337295247532422,0.2722684445545449,0.9334918099012969
0.0,0.23923566684867,0.31898088913156003,0.917070056253235
0.0,0.24474510493440127,0.3671176574016019,0.8973987180928046
0.0,0.249783268273088,0.41630544712181333,0.8742414389558079
0.0,0.2542281591642215,0.46608495846773934,0.8474271972140716
0.0,0.25796014823540864,0.5159202964708173,0.8168738027454606
0.0,0.2608695652173913,0.5652173913043478,0.7826086956521738
0.0,0.26286477260299407,0.6133511360736529,0.7447835223751499
0.0,0.2638796982801255,0.6596992457003137,0.703679195413668
0.0,0.2638796982801255,0.703679195413668,0.6596992457003137
0.0,0.26286477260299407,0.7447835223751499,0.6133511360736529
0.0,0.2608695652173913,0.7826086956521738,0.5652173913043478
0.0,0.25796014823540864,0.8168738027454606,0.5159202964708173
0.0,0.2542281591642215,0.8474271972140716,0.46608495846773934
0.0,0.249783268273088,0.8742414389558079,0.41630544712181333
0.0,0.24474510493440127,0.8973987180928046,0.3671176574016019
0.0,0.23923566684867,0.917070056253235,0.31898088913156003
0.0,0.23337295247532422,0.9334918099012969,0.2722684445545449
0.0,0.22726620572357106,0.9469425238482128,0.22726620572357106
0.0,0.2210128406051272,0.9577223092888845,0.18417736717093933
0.0,0.21469688008935398,0.9661359604020927,0.14313125339290264
0.0,0.20838861349415638,0.9724801963060631,0.10419430674707819
0.0,0.20214513615876276,0.9770348247673533,0.06738171205292091
0.0,0.19601145611544035,0.9800572805772018,0.03266857601924006
0.0,0.19002190656586093,0.9817798505902814,0.0
0.0,0.22722961560641844,0.0,0.9738412097417932
0.0,0.23450882356048283,0.033501260508640406,0.9715365547505717
0.0,0.24195539543709924,0.06913011298202835,0.9678215817483969
0.0,0.24952305202983172,0.10693845086992787,0.9624460578293508
0.0,0.2571514254297258,0.14694367167412903,0.9551338658818386
0.0,0.26476431606528184,0.18911736861805847,0.9455868430902923
0.0,0.2722684445545449,0.23337295247532422,0.9334918099012969
0.0,0.2795530723408051,0.2795530723408051,0.9185315234055025
0.0,0.2864909281745203,0.3274182036280232,0.9004000599770638
0.0,0.29294088272308105,0.3766382777868185,0.8788226481692432
0.0,0.29875271984342394,0.4267895997763199,0.8535791995526398
0.0,0.3037741256219224,0.47735934026302096,0.8245297695452178
0.0,0.30785964799347976,0.527759396560251,0.7916390948403764
0.0,0.3108809141790293,0.5773502691896258,0.7549965058633569
0.0,0.3127369361261392,0.6254738722522784,0.7148272825740324
0.0,0.3133630367250917,0.6714922215537679,0.6714922215537679
0.0,0.3127369361261392,0.7148272825740324,0.6254738722522784
0.0,0.3108809141790293,0.7549965058633569,0.5773502691896258
0.0,0.30785964799347976,0.7916390948403764,0.527759396560251
0.0,0.30377412562192235,0.8245297695452177,0.47735934026302085
0.0,0.29875271984342394,0.8535791995526398,0.4267895997763199
0.0,0.2929408827230811,0.8788226481692433,0.3766382777868186
0.0,0.2864909281745203,0.9004000599770638,0.3274182036280232
0.0,0.2795530723408052,0.9185315234055026,0.2795530723408052
0.0,0.27226844455454485,0.9334918099012967,0.23337295247532416
0.0,0.26476431606528184,0.9455868430902923,0.18911736861805847
0.0,0.25715142542972574,0.9551338658818385,0.146943671674129
0.0,0.24952305202983172,0.9624460578293508,0.10693845086992787
0.0,0.24195539543709924,0.9678215817483969,0.06913011298202835
0.0,0.23450882356048283,0.9715365547505717,0.033501260508640406
0.0,0.22722961560641844,0.9738412097417932,0.0
0.0,0.26592899812581344,0.0,0.9639926182060737
0.0,0.2745592892218321,0.03431991115272901,0.9609575122764124
0.0,0.2833745387903258,0.07084363469758145,0.9563890684173496
0.0,0.2923136380967479,0.10961761428628046,0.9500193238144305
0.0,0.3012974308618838,0.1506487154309419,0.9415544714433868
0.0,0.3102266937317925,0.19389168358237033,0.9306800811953776
0.0,0.31898088913156003,0.23923566684867,0.917070056253235
0.0,0.3274182036280232,0.2864909281745203,0.9004000599770638
0.0,0.33537744652025486,0.33537744652025486,0.8803657971156689
0.0,0.34268234950249543,0.38551764319030735,0.8567058737562386
0.0,0.34914862437758787,0.43643578047198484,0.8292279828967711
0.0,0.354593765742349,0.4875664278957299,0.7978359729202853
0.0,0.3588490432130053,0.5382735648195079,0.7625542168276362
0.0,0.36177250531690763,0.5878803211399749,0.7235450106338153
0.0,0.3632612873491998,0.6357072528610996,0.6811149137797496
0.0,0.3632612873491998,0.6811149137797496,0.6357072528610996
0.0,0.36177250531690763,0.7235450106338153,0.5878803211399749
0.0,0.3588490432130053,0.7625542168276362,0.5382735648195079
0.0,0.354593765742349,0.7978359729202853,0.4875664278957299
0.0,0.34914862437758787,0.8292279828967711,0.43643578047198484
0.0,0.34268234950249543,0.8567058737562386,0.38551764319030735
0.0,0.33537744652025486,0.8803657971156689,0.33537744652025486
0.0,0.32741820362802326,0.900400059977064,0.2864909281745203
0.0,0.31898088913156003,0.917070056253235,0.23923566684867
0.0,0.3102266937317925,0.9306800811953776,0.19389168358237033
0.0,0.30129743086188376,0.9415544714433867,0.15064871543094188
0.0,0.2923136380967479,0.9500193238144305,0.10961761428628046
0.0,0.2833745387903258,0.9563890684173496,0.07084363469758145
0.0,0.2745592892218321,0.9609575122764124,0.03431991115272901
0.0,0.26592899812581344,0.9639926182060737,0.0
0.0,0.30600918041312064,0.0,0.9520285612852643
0.0,0.31603274424928063,0.03511474936103118,0.9480982327478418
0.0,0.32624974511748617,0.07249994335944138,0.9424992636727378
0.0,0.3365809164030446,0.11219363880101486,0.9349469900084572
0.0,0.3469245050212649,0.15418866889833993,0.9251320133900397
0.0,0.35715410555964533,0.19841894753313627,0.9127271586524268
0.0,0.3671176574016019,0.24474510493440127,0.8973987180928046
0.0,0.3766382777868185,0.29294088272308105,0.8788226481692432
0.0,0.38551764319030735,0.34268234950249543,0.8567058737562386
0.0,0.3935425225019635,0.3935425225019635,0.8308119919485895
0.0,0.40049474354098635,0.44499415948998483,0.8009894870819727
0.0,0.40616431416587173,0.49642305064717657,0.7671992600910911
0.0,0.41036467732879783,0.5471529031050638,0.729537204140085
0.0,0.41294832096701123,0.5964809080634607,0.6882472016116854
0.0,0.41382044088453257,0.643720685820384,0.643720685820384
0.0,0.4129483209670111,0.6882472016116853,0.5964809080634605
0.0,0.41036467732879794,0.7295372041400852,0.5471529031050639
0.0,0.40616431416587173,0.7671992600910911,0.49642305064717657
0.0,0.40049474354098635,0.8009894870819727,0.44499415948998483
0.0,0.3935425225019635,0.8308119919485895,0.3935425225019635
0.0,0.38551764319030746,0.8567058737562387,0.3426823495024955
0.0,0.3766382777868185,0.8788226481692432,0.29294088272308105
0.0,0.3671176574016019,0.8973987180928046,0.24474510493440127
0.0,0.35715410555964533,0.9127271586524268,0.19841894753313627
0.0,0.3469245050212649,0.9251320133900397,0.15418866889833993
0.0,0.3365809164030446,0.9349469900084572,0.11219363880101486
0.0,0.32624974511748617,0.9424992636727378,0.07249994335944138
0.0,0.31603274424928063,0.9480982327478418,0.03511474936103118
0.0,0.30600918041312064,0.9520285612852643,0.0
0.0,0.347314355823594,0.0,0.9377487607237036
0.0,0.35874800166708765,0.03587480016670876,0.9327448043344279
0.0,0.3703703703703704,0.07407407407407408,0.9259259259259259
0.0,0.382080359950435,0.11462410798513051,0.9169928638810441
0.0,0.3937496154790789,0.15749984619163157,0.9056241156018814
0.0,0.4052204492365539,0.20261022461827696,0.8914849883204187
0.0,0.41630544712181333,0.249783268273088,0.8742414389558079
0.0,0.4267895997763199,0.29875271984342394,0.8535791995526398
0.0,0.43643578047198484,0.34914862437758787,0.8292279828967711
0.0,0.44499415948998483,0.40049474354098635,0.8009894870819727
0.0,0.45221563164613454,0.45221563164613454,0.7687665737984287
0.0,0.4578685464956301,0.5036554011451931,0.7325896743930082
0.0,0.46175709653961017,0.5541085158475322,0.6926356448094152
0.0,0.46373889576016825,0.6028605644882187,0.6492344540642355
0.0,0.46373889576016825,0.6492344540642355,0.6028605644882187
0.0,0.46175709653961017,0.6926356448094152,0.5541085158475322
0.0,0.4578685464956301,0.7325896743930082,0.5036554011451931
0.0,0.45221563164613454,0.7687665737984287,0.45221563164613454
0.0,0.44499415948998483,0.8009894870819727,0.40049474354098635
0.0,0.43643578047198484,0.8292279828967711,0.34914862437758787
0.0,0.4267895997763199,0.8535791995526398,0.29875271984342394
0.0,0.41630544712181333,0.8742414389558079,0.249783268273088
0.0,0.4052204492365539,0.8914849883204187,0.20261022461827696
0.0,0.3937496154790789,0.9056241156018814,0.15749984619163157
0.0,0.382080359950435,0.9169928638810441,0.11462410798513051
0.0,0.3703703703703704,0.9259259259259259,0.07407407407407408
0.0,0.35874800166708765,0.9327448043344279,0.03587480016670876
0.0,0.347314355823594,0.9377487607237036,0.0
0.0,0.38963999083669804,0.0,0.9209672510685589
0.0,0.40246895329553134,0.03658808666323012,0.914702166580753
0.0,0.4154642660302739,0.0755389574600498,0.9064674895205976
0.0,0.42849916292239093,0.11686340806974298,0.8959527952013627
0.0,0.4414147946478204,0.1605144707810256,0.8828295892956408
0.0,0.4540185888771479,0.20637208585324904,0.8667627605836459
0.0,0.46608495846773934,0.2542281591642215,0.8474271972140716
0.0,0.47735934026302096,0.3037741256219224,0.8245297695452178
0.0,0.4875664278957299,0.354593765742349,0.7978359729202853
0.0,0.49642305064717657,0.40616431416587173,0.7671992600910911
0.0,0.5036554011451931,0.4578685464956301,0.7325896743930082
0.0,0.5090192947210223,0.5090192947210223,0.6941172200741212
0.0,0.5123210761158846,0.5588957193991468,0.6520450059656713
0.0,0.5134360308102703,0.6067880364121376,0.6067880364121376
0.0,0.5123210761158846,0.6520450059656713,0.5588957193991468
0.0,0.5090192947210223,0.6941172200741212,0.5090192947210223
0.0,0.5036554011451931,0.7325896743930082,0.4578685464956301
0.0,0.49642305064717657,0.7671992600910911,0.40616431416587173
0.0,0.4875664278957299,0.7978359729202853,0.354593765742349
0.0,0.47735934026302085,0.8245297695452177,0.30377412562192235
0.0,0.46608495846773934,0.8474271972140716,0.2542281591642215
0.0,0.4540185888771478,0.8667627605836458,0.206372085853249
0.0,0.4414147946478204,0.8828295892956408,0.1605144707810256
0.0,0.42849916292239093,0.8959527952013627,0.11686340806974298
0.0,0.4154642660302739,0.9064674895205976,0.0755389574600498
0.0,0.40246895329553134,0.914702166580753,0.03658808666323012
0.0,0.38963999083669804,0.9209672510685589,0.0
0.0,0.43273106758477137,0.0,0.9015230574682737
0.0,0.44690335363431516,0.03724194613619293,0.8938067072686303
0.0,0.46119746521445276,0.0768662442024088,0.8839618083277011
0.0,0.4754573110501964,0.1188643277625491,0.87167173692536
0.0,0.48949020986880254,0.16316340328960083,0.8566078672704043
0.0,0.5030661697803822,0.20961090407515928,0.8384436163006371
0.0,0.5159202964708173,0.25796014823540864,0.8168738027454606
0.0,0.527759396560251,0.30785964799347976,0.7916390948403764
0.0,0.5382735648195079,0.3588490432130053,0.7625542168276362
0.0,0.5471529031050638,0.41036467732879783,0.729537204140085
0.0,0.5541085158475322,0.46175709653961017,0.6926356448094152
0.0,0.5588957193991468,0.5123210761158846,0.6520450059656713
0.0,0.5613363236699855,0.5613363236699855,0.6081143506424844
0.0,0.5613363236699855,0.6081143506424844,0.5613363236699855
0.0,0.5588957193991468,0.6520450059656713,0.5123210761158846
0.0,0.5541085158475322,0.6926356448094152,0.46175709653961017
0.0,0.5471529031050639,0.7295372041400852,0.41036467732879794
0.0,0.5382735648195079,0.7625542168276362,0.3588490432130053
0.0,0.527759396560251,0.7916390948403764,0.30785964799347976
0.0,0.5159202964708173,0.8168738027454606,0.25796014823540864
0.0,0.5030661697803822,0.8384436163006371,0.20961090407515928
0.0,0.48949020986880254,0.8566078672704043,0.16316340328960083
0.0,0.4754573110501964,0.87167173692536,0.1188643277625491
0.0,0.46119746521445276,0.8839618083277011,0.0768662442024088
0.0,0.44690335363431516,0.8938067072686303,0.03724194613619293
0.0,0.43273106758477137,0.9015230574682737,0.0
0.0,0.47628314854075265,0.0,0.8792919665367741
0.0,0.491705158406952,0.037823473723611695,0.8699398956430688
0.0,0.5071783045165659,0.07802743146408705,0.8583017461049576
0.0,0.5225141161877915,0.12058018065872113,0.8440612646110478
0.0,0.5374838498865699,0.1653796461189446,0.826898230594723
0.0,0.5518192679714116,0.21223817998900446,0.8065050839582169
0.0,0.5652173913043478,0.2608695652173913,0.7826086956521738
0.0,0.5773502691896258,0.3108809141790293,0.7549965058633569
0.0,0.5878803211399749,0.36177250531690763,0.7235450106338153
0.0,0.5964809080634607,0.41294832096701123,0.6882472016116854
0.0,0.6028605644882187,0.46373889576016825,0.6492344540642355
0.0,0.6067880364121376,0.5134360308102703,0.6067880364121376
0.0,0.6081143506424844,0.5613363236699855,0.5613363236699855
0.0,0.6067880364121376,0.6067880364121376,0.5134360308102703
0.0,0.6028605644882187,0.6492344540642355,0.46373889576016825
0.0,0.5964809080634607,0.6882472016116854,0.41294832096701123
0.0,0.5878803211399749,0.7235450106338153,0.36177250531690763
0.0,0.5773502691896257,0.7549965058633566,0.31088091417902924
0.0,0.5652173913043478,0.7826086956521738,0.2608695652173913
0.0,0.5518192679714116,0.8065050839582169,0.21223817998900446
0.0,0.5374838498865699,0.826898230594723,0.1653796461189446
0.0,0.5225141161877915,0.8440612646110478,0.12058018065872113
0.0,0.5071783045165658,0.8583017461049575,0.07802743146408704
0.0,0.491705158406952,0.8699398956430688,0.037823473723611695
0.0,0.47628314854075265,0.8792919665367741,0.0
0.0,0.5199469468957453,0.0,0.8541985556144386
0.0,0.5364811656675431,0.03832008326196737,0.8430418317632821
0.0,0.552966753873355,0.07899525055333644,0.8294501308100325
0.0,0.5691809397272192,0.12196734422726126,0.8131156281817418
0.0,0.5848583904020996,0.16710239725774276,0.7937363869742781
0.0,0.5996941116293671,0.2141764684390597,0.7710352863806149
0.0,0.6133511360736529,0.26286477260299407,0.7447835223751499
0.0,0.6254738722522784,0.3127369361261392,0.7148272825740324
0.0,0.6357072528610996,0.3632612873491998,0.6811149137797496
0.0,0.643720685820384,0.41382044088453257,0.643720685820384
0.0,0.6492344540642355,0.46373889576016825,0.6028605644882187
0.0,0.6520450059656713,0.5123210761158846,0.5588957193991468
0.0,0.6520450059656713,0.5588957193991468,0.5123210761158846
0.0,0.6492344540642355,0.6028605644882187,0.46373889576016825
0.0,0.643720685820384,0.643720685820384,0.41382044088453257
0.0,0.6357072528610996,0.6811149137797496,0.3632612873491998
0.0,0.6254738722522784,0.7148272825740324,0.3127369361261392
0.0,0.6133511360736529,0.7447835223751499,0.26286477260299407
0.0,0.5996941116293671,0.7710352863806149,0.2141764684390597
0.0,0.5848583904020996,0.7937363869742781,0.16710239725774276
0.0,0.5691809397272192,0.8131156281817418,0.12196734422726126
0.0,0.552966753873355,0.8294501308100325,0.07899525055333644
0.0,0.5364811656675431,0.8430418317632821,0.03832008326196737
0.0,0.5199469468957453,0.8541985556144386,0.0
0.0,0.5633368246415098,0.0,0.8262273428075477
0.0,0.5808023194967747,0.038720154633118314,0.8131232472954846
0.0,0.5980891671216749,0.07974522228289,0.7974522228288999
0.0,0.6149400462680908,0.12298800925361818,0.7789240586062484
0.0,0.6310547428675068,0.16828126476466848,0.7572656914410082
0.0,0.646095738380922,0.21536524612697402,0.7322418368317117
0.0,0.6596992457003137,0.2638796982801255,0.703679195413668
0.0,0.6714922215537679,0.3133630367250917,0.6714922215537679
0.0,0.6811149137797496,0.3632612873491998,0.6357072528610996
0.0,0.6882472016116853,0.4129483209670111,0.5964809080634605
0.0,0.6926356448094152,0.46175709653961017,0.5541085158475322
0.0,0.6941172200741212,0.5090192947210223,0.5090192947210223
0.0,0.6926356448094152,0.5541085158475322,0.46175709653961017
0.0,0.6882472016116854,0.5964809080634607,0.41294832096701123
0.0,0.6811149137797496,0.6357072528610996,0.3632612873491998
0.0,0.6714922215537679,0.6714922215537679,0.3133630367250917
0.0,0.6596992457003136,0.7036791954136679,0.2638796982801254
0.0,0.646095738380922,0.7322418368317117,0.21536524612697402
0.0,0.631054742867507,0.7572656914410083,0.1682812647646685
0.0,0.6149400462680908,0.7789240586062484,0.12298800925361818
0.0,0.5980891671216749,0.7974522228288999,0.07974522228289
0.0,0.5808023194967747,0.8131232472954846,0.038720154633118314
0.0,0.5633368246415098,0.8262273428075477,0.0
0.0,0.6060432152628562,0.0,0.7954317200324986
0.0,0.6242194517126964,0.03901371573204353,0.7802743146408705
0.0,0.6420578831241024,0.0802572353905128,0.7624437362098715
0.0,0.6592685147442633,0.12361284651454937,0.7416770790872963
0.0,0.6755205294731985,0.16888013236829963,0.7177405625652734
0.0,0.6904509632033649,0.21576592600105152,0.6904509632033649
0.0,0.703679195413668,0.2638796982801255,0.6596992457003137
0.0,0.7148272825740324,0.3127369361261392,0.6254738722522784
0.0,0.7235450106338153,0.36177250531690763,0.5878803211399749
0.0,0.7295372041400852,0.41036467732879794,0.5471529031050639
0.0,0.7325896743930082,0.4578685464956301,0.5036554011451931
0.0,0.7325896743930082,0.5036554011451931,0.4578685464956301
0.0,0.7295372041400852,0.5471529031050639,0.41036467732879794
0.0,0.7235450106338153,0.5878803211399749,0.36177250531690763
0.0,0.7148272825740324,0.6254738722522784,0.3127369361261392
0.0,0.7036791954136679,0.6596992457003136,0.2638796982801254
0.0,0.6904509632033649,0.6904509632033649,0.21576592600105152
0.0,0.6755205294731985,0.7177405625652734,0.16888013236829963
0.0,0.6592685147442633,0.7416770790872963,0.12361284651454937
0.0,0.6420578831241024,0.7624437362098715,0.0802572353905128
0.0,0.6242194517126964,0.7802743146408705,0.03901371573204353
0.0,0.6060432152628562,0.7954317200324986,0.0
0.0,0.6476484200955405,0.0,0.7619393177594594
0.0,0.6662825314191775,0.03919309008348103,0.7446687115861395
0.0,0.6843942298942034,0.08051696822284746,0.7246527140056271
0.0,0.7016650919010466,0.12382325151194941,0.7016650919010466
0.0,0.7177405625652734,0.16888013236829963,0.6755205294731985
0.0,0.7322418368317117,0.21536524612697402,0.646095738380922
0.0,0.7447835223751499,0.26286477260299407,0.6133511360736529
0.0,0.7549965058633569,0.3108809141790293,0.5773502691896258
0.0,0.7625542168276362,0.3588490432130053,0.5382735648195079
0.0,0.7671992600910911,0.40616431416587173,0.49642305064717657
0.0,0.7687665737984287,0.45221563164613454,0.45221563164613454
0.0,0.7671992600910911,0.49642305064717657,0.40616431416587173
0.0,0.7625542168276362,0.5382735648195079,0.3588490432130053
0.0,0.7549965058633566,0.5773502691896257,0.31088091417902924
0.0,0.7447835223751499,0.6133511360736529,0.26286477260299407
0.0,0.7322418368317117,0.646095738380922,0.21536524612697402
0.0,0.7177405625652734,0.6755205294731985,0.16888013236829963
0.0,0.7016650919010466,0.7016650919010466,0.12382325151194941
0.0,0.6843942298942034,0.7246527140056271,0.08051696822284746
0.0,0.6662825314191775,0.7446687115861395,0.03919309008348103
0.0,0.6476484200955405,0.7619393177594594,0.0
0.0,0.6877446479107832,0.0,0.7259526839058266
0.0,0.7065618047809736,0.039253433598942976,0.7065618047809736
0.0,0.7246527140056271,0.08051696822284746,0.6843942298942034
0.0,0.7416770790872963,0.12361284651454937,0.6592685147442633
0.0,0.7572656914410082,0.16828126476466848,0.6310547428675068
0.0,0.7710352863806149,0.2141764684390597,0.5996941116293671
0.0,0.7826086956521738,0.2608695652173913,0.5652173913043478
0.0,0.7916390948403764,0.30785964799347976,0.527759396560251
0.0,0.7978359729202853,0.354593765742349,0.4875664278957299
0.0,0.8009894870819727,0.40049474354098635,0.44499415948998483
0.0,0.8009894870819727,0.44499415948998483,0.40049474354098635
0.0,0.7978359729202853,0.4875664278957299,0.354593765742349
0.0,0.7916390948403764,0.527759396560251,0.30785964799347976
0.0,0.7826086956521738,0.5652173913043478,0.2608695652173913
0.0,0.7710352863806149,0.5996941116293671,0.2141764684390597
0.0,0.7572656914410083,0.631054742867507,0.1682812647646685
0.0,0.7416770790872963,0.6592685147442633,0.12361284651454937
0.0,0.7246527140056271,0.6843942298942034,0.08051696822284746
0.0,0.7065618047809736,0.7065618047809736,0.039253433598942976
0.0,0.6877446479107832,0.7259526839058266,0.0
0.0,0.7259526839058266,0.0,0.6877446479107832
0.0,0.7446687115861395,0.03919309008348103,0.6662825314191775
0.0,0.7624437362098715,0.0802572353905128,0.6420578831241024
0.0,0.7789240586062484,0.12298800925361818,0.6149400462680908
0.0,0.7937363869742781,0.16710239725774276,0.5848583904020996
0.0,0.8065050839582169,0.21223817998900446,0.5518192679714116
0.0,0.8168738027454606,0.25796014823540864,0.5159202964708173
0.0,0.8245297695452177,0.30377412562192235,0.47735934026302085
0.0,0.8292279828967711,0.34914862437758787,0.43643578047198484
0.0,0.8308119919485895,0.3935425225019635,0.3935425225019635
0.0,0.8292279828967711,0.43643578047198484,0.34914862437758787
0.0,0.8245297695452177,0.47735934026302085,0.30377412562192235
0.0,0.8168738027454606,0.5159202964708173,0.25796014823540864
0.0,0.8065050839582169,0.5518192679714116,0.21223817998900446
0.0,0.7937363869742781,0.5848583904020996,0.16710239725774276
0.0,0.7789240586062484,0.6149400462680908,0.12298800925361818
0.0,0.7624437362098715,0.6420578831241024,0.0802572353905128
0.0,0.7446687115861395,0.6662825314191775,0.03919309008348103
0.0,0.7259526839058266,0.6877446479107832,0.0
0.0,0.7619393177594594,0.0,0.6476484200955405
0.0,0.7802743146408705,0.03901371573204353,0.6242194517126964
0.0,0.7974522228288999,0.07974522228289,0.5980891671216749
0.0,0.8131156281817418,0.12196734422726126,0.5691809397272192
0.0,0.826898230594723,0.1653796461189446,0.5374838498865699
0.0,0.8384436163006371,0.20961090407515928,0.5030661697803822
0.0,0.8474271972140716,0.2542281591642215,0.46608495846773934
0.0,0.8535791995526398,0.29875271984342394,0.4267895997763199
0.0,0.8567058737562386,0.34268234950249543,0.38551764319030735
0.0,0.8567058737562387,0.38551764319030746,0.3426823495024955
0.0,0.8535791995526398,0.4267895997763199,0.29875271984342394
0.0,0.8474271972140716,0.46608495846773934,0.2542281591642215
0.0,0.8384436163006371,0.5030661697803822,0.20961090407515928
0.0,0.826898230594723,0.5374838498865699,0.1653796461189446
0.0,0.8131156281817418,0.5691809397272192,0.12196734422726126
0.0,0.7974522228288999,0.5980891671216749,0.07974522228289
0.0,0.7802743146408705,0.6242194517126964,0.03901371573204353
0.0,0.7619393177594594,0.6476484200955405,0.0
0.0,0.7954317200324986,0.0,0.6060432152628562
0.0,0.8131232472954846,0.038720154633118314,0.5808023194967747
0.0,0.8294501308100325,0.07899525055333644,0.552966753873355
0.0,0.8440612646110478,0.12058018065872113,0.5225141161877915
0.0,0.8566078672704043,0.16316340328960083,0.48949020986880254
0.0,0.8667627605836458,0.206372085853249,0.4540185888771478
0.0,0.8742414389558079,0.249783268273088,0.41630544712181333
0.0,0.8788226481692433,0.2929408827230811,0.3766382777868186
0.0,0.8803657971156689,0.33537744652025486,0.33537744652025486
0.0,0.8788226481692432,0.3766382777868185,0.29294088272308105
0.0,0.8742414389558079,0.41630544712181333,0.249783268273088
0.0,0.8667627605836458,0.4540185888771478,0.206372085853249
0.0,0.8566078672704043,0.48949020986880254,0.16316340328960083
0.0,0.8440612646110478,0.5225141161877915,0.12058018065872113
0.0,0.8294501308100325,0.552966753873355,0.07899525055333644
0.0,0.8131232472954846,0.5808023194967747,0.038720154633118314
0.0,0.7954317200324986,0.6060432152628562,0.0
0.0,0.8262273428075477,0.0,0.5633368246415098
0.0,0.8430418317632821,0.03832008326196737,0.5364811656675431
0.0,0.8583017461049575,0.07802743146408704,0.5071783045165658
0.0,0.87167173692536,0.1188643277625491,0.4754573110501964
0.0,0.8828295892956408,0.1605144707810256,0.4414147946478204
0.0,0.8914849883204187,0.20261022461827696,0.4052204492365539
0.0,0.8973987180928046,0.24474510493440127,0.3671176574016019
0.0,0.9004000599770638,0.2864909281745203,0.3274182036280232
0.0,0.900400059977064,0.32741820362802326,0.2864909281745203
0.0,0.8973987180928046,0.3671176574016019,0.24474510493440127
0.0,0.8914849883204187,0.4052204492365539,0.20261022461827696
0.0,0.8828295892956408,0.4414147946478204,0.1605144707810256
0.0,0.87167173692536,0.4754573110501964,0.1188643277625491
0.0,0.8583017461049575,0.5071783045165658,0.07802743146408704
0.0,0.8430418317632821,0.5364811656675431,0.03832008326196737
0.0,0.8262273428075477,0.5633368246415098,0.0
0.0,0.8541985556144386,0.0,0.5199469468957453
0.0,0.8699398956430688,0.037823473723611695,0.491705158406952
0.0,0.8839618083277011,0.0768662442024088,0.46119746521445276
0.0,0.8959527952013627,0.11686340806974298,0.42849916292239093
0.0,0.9056241156018814,0.15749984619163157,0.3937496154790789
0.0,0.9127271586524268,0.19841894753313627,0.35715410555964533
0.0,0.917070056253235,0.23923566684867,0.31898088913156003
0.0,0.9185315234055026,0.2795530723408052,0.2795530723408052
0.0,0.917070056253235,0.31898088913156003,0.23923566684867
0.0,0.9127271586524268,0.35715410555964533,0.19841894753313627
0.0,0.9056241156018814,0.3937496154790789,0.15749984619163157
0.0,0.8959527952013627,0.42849916292239093,0.11686340806974298
0.0,0.8839618083277011,0.46119746521445276,0.0768662442024088
0.0,0.8699398956430688,0.491705158406952,0.037823473723611695
0.0,0.8541985556144386,0.5199469468957453,0.0
0.0,0.8792919665367741,0.0,0.47628314854075265
0.0,0.8938067072686303,0.03724194613619293,0.44690335363431516
0.0,0.9064674895205976,0.0755389574600498,0.4154642660302739
0.0,0.9169928638810441,0.11462410798513051,0.382080359950435
0.0,0.9251320133900397,0.15418866889833993,0.3469245050212649
0.0,0.9306800811953776,0.19389168358237033,0.3102266937317925
0.0,0.9334918099012969,0.23337295247532422,0.2722684445545449
0.0,0.9334918099012967,0.27226844455454485,0.23337295247532416
0.0,0.9306800811953776,0.3102266937317925,0.19389168358237033
0.0,0.9251320133900397,0.3469245050212649,0.15418866889833993
0.0,0.9169928638810441,0.382080359950435,0.11462410798513051
0.0,0.9064674895205976,0.4154642660302739,0.0755389574600498
0.0,0.8938067072686303,0.44690335363431516,0.03724194613619293
0.0,0.8792919665367741,0.47628314854075265,0.0
0.0,0.9015230574682737,0.0,0.43273106758477137
0.0,0.914702166580753,0.03658808666323012,0.40246895329553134
0.0,0.9259259259259259,0.07407407407407408,0.3703703703703704
0.0,0.9349469900084572,0.11219363880101486,0.3365809164030446
0.0,0.9415544714433868,0.1506487154309419,0.3012974308618838
0.0,0.9455868430902923,0.18911736861805847,0.26476431606528184
0.0,0.9469425238482128,0.22726620572357106,0.22726620572357106
0.0,0.9455868430902923,0.26476431606528184,0.18911736861805847
0.0,0.9415544714433867,0.30129743086188376,0.15064871543094188
0.0,0.9349469900084572,0.3365809164030446,0.11219363880101486
0.0,0.9259259259259259,0.3703703703703704,0.07407407407407408
0.0,0.914702166580753,0.40246895329553134,0.03658808666323012
0.0,0.9015230574682737,0.43273106758477137,0.0
0.0,0.9209672510685589,0.0,0.38963999083669804
0.0,0.9327448043344279,0.03587480016670876,0.35874800166708765
0.0,0.9424992636727378,0.07249994335944138,0.32624974511748617
0.0,0.9500193238144304,0.10961761428628043,0.2923136380967478
0.0,0.9551338658818386,0.14694367167412903,0.2571514254297258
0.0,0.9577223092888846,0.18417736717093935,0.22101284060512721
0.0,0.9577223092888845,0.2210128406051272,0.18417736717093933
0.0,0.9551338658818385,0.25715142542972574,0.146943671674129
0.0,0.9500193238144305,0.2923136380967479,0.10961761428628046
0.0,0.9424992636727378,0.32624974511748617,0.07249994335944138
0.0,0.9327448043344279,0.35874800166708765,0.03587480016670876
0.0,0.9209672510685589,0.38963999083669804,0.0
0.0,0.9377487607237036,0.0,0.347314355823594
0.0,0.9480982327478418,0.03511474936103118,0.31603274424928063
0.0,0.9563890684173496,0.07084363469758145,0.2833745387903258
0.0,0.9624460578293508,0.10693845086992787,0.24952305202983172
0.0,0.9661359604020927,0.14313125339290264,0.21469688008935398
0.0,0.9673753912650251,0.17914359097500468,0.17914359097500468
0.0,0.9661359604020927,0.21469688008935398,0.14313125339290264
0.0,0.9624460578293508,0.24952305202983172,0.10693845086992787
0.0,0.9563890684173496,0.2833745387903258,0.07084363469758145
0.0,0.9480982327478418,0.31603274424928063,0.03511474936103118
0.0,0.9377487607237036,0.347314355823594,0.0
0.0,0.9520285612852643,0.0,0.30600918041312064
0.0,0.9609575122764124,0.03431991115272901,0.2745592892218321
0.0,0.9678215817483969,0.06913011298202835,0.24195539543709924
0.0,0.9724801963060631,0.10419430674707819,0.20838861349415638
0.0,0.9748348733519078,0.13926212476455826,0.17407765595569782
0.0,0.9748348733519078,0.17407765595569782,0.13926212476455826
0.0,0.9724801963060631,0.20838861349415638,0.10419430674707819
0.0,0.9678215817483969,0.24195539543709924,0.06913011298202835
0.0,0.9609575122764124,0.2745592892218321,0.03431991115272901
0.0,0.9520285612852643,0.30600918041312064,0.0
0.0,0.9639926182060737,0.0,0.26592899812581344
0.0,0.9715365547505717,0.033501260508640406,0.23450882356048283
0.0,0.9770348247673533,0.06738171205292091,0.20214513615876276
0.0,0.9803789354850793,0.101418510567422,0.16903085094570333
0.0,0.9815012929624983,0.13537948868448255,0.13537948868448255
0.0,0.9803789354850793,0.16903085094570333,0.101418510567422
0.0,0.9770348247673533,0.20214513615876276,0.06738171205292091
0.0,0.9715365547505717,0.23450882356048283,0.033501260508640406
0.0,0.9639926182060737,0.26592899812581344,0.0
0.0,0.9738412097417932,0.0,0.22722961560641844
0.0,0.9800572805772018,0.03266857601924006,0.19601145611544035
0.0,0.9842680723871801,0.06561787149247866,0.16404467873119666
0.0,0.9863939238321437,0.09863939238321438,0.13151918984428584
0.0,0.9863939238321437,0.13151918984428584,0.09863939238321438
0.0,0.9842680723871801,0.16404467873119666,0.06561787149247866
0.0,0.9800572805772018,0.19601145611544035,0.03266857601924006
0.0,0.9738412097417932,0.22722961560641844,0.0
0.0,0.9817798505902814,0.0,0.19002190656586093
0.0,0.986740871822807,0.03183035070396152,0.1591517535198076
0.0,0.9897538280618564,0.0638550856814101,0.1277101713628202
0.0,0.9907642967559194,0.09588041581508898,0.09588041581508898
0.0,0.9897538280618564,0.1277101713628202,0.0638550856814101
0.0,0.986740871822807,0.1591517535198076,0.03183035070396152
0.0,0.9817798505902814,0.19002190656586093,0.0
0.0,0.9880120337511015,0.0,0.1543768802736096
0.0,0.9918011637979898,0.03099378636868718,0.12397514547474872
0.0,0.993712150471259,0.06210700940445369,0.09316051410668054
0.0,0.993712150471259,0.09316051410668054,0.06210700940445369
0.0,0.9918011637979898,0.12397514547474872,0.03099378636868718
0.0,0.9880120337511015,0.1543768802736096,0.0
0.0,0.9927337820337082,0.0,0.12033136751923737
0.0,0.9954400127211568,0.030164848870338084,0.09049454661101425
0.0,0.9963470197546278,0.060384667863916844,0.060384667863916844
0.0,0.9954400127211568,0.09049454661101425,0.030164848870338084
0.0,0.9927337820337082,0.12033136751923737,0.0
0.0,0.996129850025381,0.0,0.08789381029635715
0.0,0.9978443605023736,0.02934836354418746,0.05869672708837492
0.0,0.9978443605023736,0.05869672708837492,0.02934836354418746
0.0,0.996129850025381,0.08789381029635715,0.0
0.0,0.9983713344239766,0.0,0.05704979053851295
0.0,0.999184671694857,0.02854813347699592,0.02854813347699592
0.0,0.9983713344239766,0.05704979053851295,0.0
0.0,0.9996144206527183,0.0,0.02776706724035329
0.0,0.9996144206527183,0.02776706724035329,0.0
0.0,1.0,0.0,0.0
0.02776706724035329,0.0,0.0,0.9996144206527183
0.02854813347699592,0.0,0.02854813347699592,0.999184671694857
0.02934836354418746,0.0,0.05869672708837492,0.9978443605023736
0.030164848870338084,0.0,0.09049454661101425,0.9954400127211568
0.03099378636868718,0.0,0.12397514547474872,0.9918011637979898
0.03183035070396152,0.0,0.1591517535198076,0.986740871822807
0.03266857601924005,0.0,0.19601145611544032,0.9800572805772017
0.033501260508640406,0.0,0.23450882356048283,0.9715365547505717
0.03431991115272901,0.0,0.2745592892218321,0.9609575122764124
0.03511474936103118,0.0,0.31603274424928063,0.9480982327478418
0.03587480016670876,0.0,0.35874800166708765,0.9327448043344279
0.03658808666323012,0.0,0.40246895329553134,0.914702166580753
0.03724194613619293,0.0,0.44690335363431516,0.8938067072686303
0.037823473723611695,0.0,0.491705158406952,0.8699398956430688
0.03832008326196737,0.0,0.5364811656675431,0.8430418317632821
0.038720154633118314,0.0,0.5808023194967747,0.8131232472954846
0.03901371573204353,0.0,0.6242194517126964,0.7802743146408705
0.03919309008348103,0.0,0.6662825314191775,0.7446687115861395
0.039253433598942976,0.0,0.7065618047809736,0.7065618047809736
0.03919309008348103,0.0,0.7446687115861395,0.6662825314191775
0.03901371573204353,0.0,0.7802743146408705,0.6242194517126964
0.038720154633118314,0.0,0.8131232472954846,0.5808023194967747
0.03832008326196737,0.0,0.8430418317632821,0.5364811656675431
0.037823473723611695,0.0,0.8699398956430688,0.491705158406952
0.03724194613619293,0.0,0.8938067072686303,0.44690335363431516
0.03658808666323012,0.0,0.914702166580753,0.40246895329553134
0.03587480016670876,0.0,0.9327448043344279,0.35874800166708765
0.03511474936103118,0.0,0.9480982327478418,0.31603274424928063
0.03431991115272901,0.0,0.9609575122764124,0.2745592892218321
0.033501260508640406,0.0,0.9715365547505717,0.23450882356048283
0.03266857601924006,0.0,0.9800572805772018,0.19601145611544035
0.03183035070396152,0.0,0.986740871822807,0.1591517535198076
0.03099378636868718,0.0,0.9918011637979898,0.12397514547474872
0.030164848870338084,0.0,0.9954400127211568,0.09049454661101425
0.02934836354418746,0.0,0.9978443605023736,0.05869672708837492
0.02854813347699592,0.0,0.999184671694857,0.02854813347699592
0.02776706724035329,0.0,0.9996144206527183,0.0
0.02854813347699592,0.02854813347699592,0.0,0.999184671694857
0.029373674772302332,0.029373674772302332,0.029373674772302332,0.9987049422582793
0.030219894260774975,0.030219894260774975,0.06043978852154995,0.9972565106055741
0.031083493608010458,0.031083493608010458,0.09325048082403137,0.9946717954563347
0.03196013860502966,0.03196013860502966,0.12784055442011863,0.9907642967559194
0.03284430927214311,0.03284430927214311,0.16422154636071554,0.9853292781642933
0.03372916286774424,0.03372916286774424,0.20237497720646544,0.9781457231645829
0.03460642701029914,0.03460642701029914,0.24224498907209396,0.9689799562883759
0.03546634510659544,0.03546634510659544,0.2837307608527635,0.9575913178780766
0.036297700432031385,0.036297700432031385,0.3266793038882824,0.9437402112328159
0.03708794707761421,0.03708794707761421,0.3708794707761421,0.9271986769403552
0.03782347372361169,0.03782347372361169,0.41605821095972856,0.9077633693666805
0.03849001794597506,0.03849001794597506,0.46188021535170065,0.8852704127574261
0.039073233258228174,0.039073233258228174,0.5079520323569663,0.8596111316810199
0.03955938860646178,0.03955938860646178,0.5538314404904648,0.8307471607356972
0.03993615319154359,0.03993615319154359,0.5990422978731538,0.7987230638308718
0.04019339355290705,0.04019339355290705,0.6430942968465128,0.7636744775052338
0.04032389192727559,0.04032389192727559,0.685506162763685,0.7258300546909606
0.04032389192727559,0.04032389192727559,0.7258300546909606,0.685506162763685
0.04019339355290705,0.04019339355290705,0.7636744775052338,0.6430942968465128
0.03993615319154359,0.03993615319154359,0.7987230638308718,0.5990422978731538
0.03955938860646178,0.03955938860646178,0.8307471607356972,0.5538314404904648
0.039073233258228174,0.039073233258228174,0.8596111316810199,0.5079520323569663
0.03849001794597506,0.03849001794597506,0.8852704127574261,0.46188021535170065
0.03782347372361169,0.03782347372361169,0.9077633693666805,0.41605821095972856
0.03708794707761421,0.03708794707761421,0.9271986769403552,0.3708794707761421
0.036297700432031385,0.036297700432031385,0.9437402112328159,0.3266793038882824
0.03546634510659544,0.03546634510659544,0.9575913178780766,0.2837307608527635
0.03460642701029914,0.03460642701029914,0.9689799562883759,0.24224498907209396
0.033729162867744245,0.033729162867744245,0.978145723164583,0.20237497720646547
0.03284430927214311,0.03284430927214311,0.9853292781642933,0.16422154636071554
0.03196013860502966,0.03196013860502966,0.9907642967559194,0.12784055442011863
0.03108349360801046,0.03108349360801046,0.9946717954563348,0.09325048082403138
0.030219894260774975,0.030219894260774975,0.9972565106055741,0.06043978852154995
0.029373674772302332,0.029373674772302332,0.9987049422582793,0.029373674772302332
0.02854813347699592,0.02854813347699592,0.999184671694857,0.0
0.02934836354418746,0.05869672708837492,0.0,0.9978443605023736
0.030219894260774975,0.06043978852154995,0.030219894260774975,0.9972565106055741
0.031113569564352753,0.062227139128705505,0.062227139128705505,0.9956342260592881
0.03202563076101743,0.06405126152203486,0.09607689228305229,0.9927945535915402
0.03295112031594683,0.06590224063189366,0.13180448126378733,0.9885336094784051
0.03388370737858486,0.06776741475716971,0.1694185368929243,0.9826275139789609
0.03481553119113957,0.06963106238227915,0.2088931871468374,0.974834873351908
0.03573708449459316,0.07147416898918632,0.25015959146215216,0.9649012813540153
0.03663716527236559,0.07327433054473118,0.2930973221789247,0.9525662970815053
0.037502930030867465,0.07500586006173493,0.3375263702778072,0.9375732507716865
0.03832008326196737,0.07664016652393474,0.3832008326196737,0.9196819982872168
0.03907323325822818,0.07814646651645636,0.42980556584051,0.8986843649392481
0.03974643167585821,0.07949286335171642,0.47695718011029853,0.8744214968688807
0.04032389192727559,0.08064778385455118,0.5242105950545827,0.8468017304727874
0.04079085082240021,0.08158170164480041,0.5710719115136029,0.8158170164480042
0.04113450348948636,0.08226900697897271,0.6170175523422954,0.7815555663002407
0.04134491152973615,0.0826898230594723,0.6615185844757784,0.7442084075352507
0.04141576832812911,0.08283153665625823,0.7040680615781949,0.7040680615781949
0.04134491152973615,0.0826898230594723,0.7442084075352507,0.6615185844757784
0.04113450348948636,0.08226900697897271,0.7815555663002407,0.6170175523422954
0.04079085082240021,0.08158170164480041,0.8158170164480042,0.5710719115136029
0.04032389192727559,0.08064778385455118,0.8468017304727874,0.5242105950545827
0.03974643167585821,0.07949286335171642,0.8744214968688807,0.47695718011029853
0.03907323325822818,0.07814646651645636,0.8986843649392481,0.42980556584051
0.03832008326196737,0.07664016652393474,0.9196819982872168,0.3832008326196737
0.037502930030867465,0.07500586006173493,0.9375732507716865,0.3375263702778072
0.03663716527236559,0.07327433054473118,0.9525662970815053,0.2930973221789247
0.03573708449459316,0.07147416898918632,0.9649012813540153,0.25015959146215216
0.03481553119113957,0.06963106238227915,0.974834873351908,0.2088931871468374
0.03388370737858486,0.06776741475716971,0.9826275139789609,0.1694185368929243
0.03295112031594683,0.06590224063189366,0.9885336094784051,0.13180448126378733
0.03202563076101743,0.06405126152203486,0.9927945535915402,0.09607689228305229
0.031113569564352753,0.062227139128705505,0.9956342260592881,0.062227139128705505
0.030219894260774975,0.06043978852154995,0.9972565106055741,0.030219894260774975
0.02934836354418746,0.05869672708837492,0.9978443605023736,0.0
0.030164848870338084,0.09049454661101425,0.0,0.9954400127211568
0.031083493608010458,0.09325048082403137,0.031083493608010458,0.9946717954563347
0.03202563076101743,0.09607689228305229,0.06405126152203486,0.9927945535915402
0.032986956237702106,0.09896086871310632,0.09896086871310632,0.9896086871310632
0.03396178054056622,0.10188534162169867,0.13584712216226488,0.9848916356764204
0.03494282789073061,0.10482848367219183,0.17471413945365305,0.9783991809404571
0.03592106040535498,0.10776318121606494,0.2155263624321299,0.9698686309445844
0.03688555567816588,0.11065666703449763,0.2581988897471611,0.9590244476323128
0.037823473723611695,0.11347042117083508,0.30258778978889356,0.9455868430902923
0.038720154633118314,0.11616046389935496,0.34848139169806486,0.9292837111948397
0.039559388606461784,0.11867816581938535,0.3955938860646179,0.9098659379486209
0.04032389192727559,0.12097167578182677,0.4435628112000315,0.887125622400063
0.04099600308453939,0.12298800925361818,0.4919520370144727,0.8609160647753271
0.04155858174616914,0.12467574523850743,0.5402615627001989,0.8311716349233828
0.0419960525565808,0.12598815766974242,0.5879447357921312,0.7979249985750352
0.042295493443781355,0.12688648033134406,0.6344324016567203,0.7613188819880644
0.04244763599780088,0.12734290799340264,0.6791621759648141,0.721609811962615
0.04244763599780088,0.12734290799340264,0.721609811962615,0.6791621759648141
0.042295493443781355,0.12688648033134406,0.7613188819880644,0.6344324016567203
0.0419960525565808,0.12598815766974242,0.7979249985750352,0.5879447357921312
0.04155858174616913,0.1246757452385074,0.8311716349233826,0.5402615627001988
0.04099600308453939,0.12298800925361818,0.8609160647753271,0.4919520370144727
0.04032389192727559,0.12097167578182677,0.887125622400063,0.4435628112000315
0.03955938860646178,0.11867816581938534,0.9098659379486208,0.39559388606461776
0.038720154633118314,0.11616046389935496,0.9292837111948397,0.34848139169806486
0.037823473723611695,0.11347042117083508,0.9455868430902923,0.30258778978889356
0.03688555567816588,0.11065666703449763,0.9590244476323128,0.2581988897471611
0.03592106040535499,0.10776318121606496,0.9698686309445845,0.21552636243212991
0.03494282789073061,0.10482848367219183,0.9783991809404571,0.17471413945365305
0.03396178054056622,0.10188534162169867,0.9848916356764204,0.13584712216226488
0.032986956237702106,0.09896086871310632,0.9896086871310632,0.09896086871310632
0.03202563076101743,0.09607689228305229,0.9927945535915402,0.06405126152203486
0.03108349360801046,0.09325048082403138,0.9946717954563348,0.03108349360801046
0.030164848870338084,0.09049454661101425,0.9954400127211568,0.0
0.03099378636868718,0.12397514547474872,0.0,0.9918011637979898
0.03196013860502966,0.12784055442011863,0.03196013860502966,0.9907642967559194
0.03295112031594683,0.13180448126378733,0.06590224063189366,0.9885336094784051
0.03396178054056622,0.13584712216226488,0.10188534162169867,0.9848916356764204
0.03498557142706598,0.13994228570826392,0.13994228570826392,0.9795959999578474
0.03601412030328099,0.14405648121312395,0.18007060151640494,0.9723812481885865
0.037037037037037035,0.14814814814814814,0.2222222222222222,0.9629629629629629
0.03804179284542668,0.1521671713817067,0.26629254991798673,0.9510448211356669
0.03901371573204353,0.1560548629281741,0.3121097258563482,0.9363291775690445
0.03993615319154359,0.15974461276617435,0.3594253787238923,0.9185315234055025
0.04079085082240021,0.16316340328960083,0.4079085082240021,0.8973987180928046
0.04155858174616914,0.16623432698467655,0.45714439920786054,0.8727302166695519
0.04222003309207491,0.16888013236829963,0.5066403971048989,0.8444006618414982
0.042756912480901285,0.17102764992360514,0.5558398622517167,0.8123813371371242
0.04315318520021031,0.17261274080084124,0.6041445928029443,0.7767573336037856
0.043396303660274624,0.1735852146410985,0.6509445549041193,0.7377371622246686
0.043478260869565216,0.17391304347826086,0.6956521739130435,0.6956521739130435
0.043396303660274624,0.1735852146410985,0.7377371622246686,0.6509445549041193
0.04315318520021031,0.17261274080084124,0.7767573336037856,0.6041445928029443
0.042756912480901285,0.17102764992360514,0.8123813371371242,0.5558398622517167
0.04222003309207491,0.16888013236829963,0.8444006618414982,0.5066403971048989
0.04155858174616914,0.16623432698467655,0.8727302166695519,0.45714439920786054
0.04079085082240021,0.16316340328960083,0.8973987180928046,0.4079085082240021
0.03993615319154359,0.15974461276617435,0.9185315234055025,0.3594253787238923
0.03901371573204353,0.1560548629281741,0.9363291775690445,0.3121097258563482
0.03804179284542668,0.1521671713817067,0.9510448211356669,0.26629254991798673
0.03703703703703704,0.14814814814814817,0.962962962962963,0.22222222222222224
0.03601412030328099,0.14405648121312395,0.9723812481885865,0.18007060151640494
0.03498557142706598,0.13994228570826392,0.9795959999578474,0.13994228570826392
0.03396178054056622,0.13584712216226488,0.9848916356764204,0.10188534162169867
0.03295112031594683,0.13180448126378733,0.9885336094784051,0.06590224063189366
0.03196013860502966,0.12784055442011863,0.9907642967559194,0.03196013860502966
0.03099378636868718,0.12397514547474872,0.9918011637979898,0.0
0.03183035070396152,0.1591517535198076,0.0,0.986740871822807
0.03284430927214311,0.16422154636071554,0.03284430927214311,0.9853292781642933
0.03388370737858486,0.1694185368929243,0.06776741475716971,0.9826275139789609
0.03494282789073061,0.17471413945365305,0.10482848367219183,0.9783991809404571
0.03601412030328099,0.18007060151640494,0.14405648121312395,0.9723812481885865
0.0370879470776142,0.18543973538807101,0.18543973538807101,0.9642866240179693
0.038152379685825785,0.19076189842912894,0.22891427811495474,0.9538094921456446
0.03919309008348103,0.19596545041740512,0.2743516305843672,0.9406341620035447
0.04019339355290705,0.2009669677645352,0.3215471484232564,0.924448051716862
0.04113450348948636,0.20567251744743179,0.37021053140537724,0.9049590767686999
0.0419960525565808,0.20998026278290402,0.41996052556580804,0.8819171036881968
0.04275691248090128,0.21378456240450638,0.470326037289914,0.8551382496180255
0.04339630366027463,0.21698151830137316,0.5207556439232955,0.8245297695452178
0.04389512813061472,0.21947564065307357,0.5706366656979913,0.7901123063510649
0.044237395520380876,0.2211869776019044,0.6193235372853323,0.7520357238464749
0.04441155916843274,0.22205779584216373,0.6661733875264911,0.7105849466949239
0.04441155916843274,0.22205779584216373,0.7105849466949239,0.6661733875264911
0.044237395520380876,0.2211869776019044,0.7520357238464749,0.6193235372853323
0.043895128130614705,0.21947564065307354,0.7901123063510648,0.5706366656979912
0.04339630366027463,0.21698151830137316,0.8245297695452178,0.5207556439232955
0.04275691248090128,0.21378456240450638,0.8551382496180255,0.470326037289914
0.0419960525565808,0.20998026278290402,0.8819171036881968,0.41996052556580804
0.04113450348948636,0.20567251744743179,0.9049590767686999,0.37021053140537724
0.04019339355290705,0.2009669677645352,0.924448051716862,0.3215471484232564
0.03919309008348103,0.19596545041740512,0.9406341620035447,0.2743516305843672
0.038152379685825785,0.19076189842912894,0.9538094921456446,0.22891427811495474
0.0370879470776142,0.18543973538807101,0.9642866240179693,0.18543973538807101
0.03601412030328099,0.18007060151640494,0.9723812481885865,0.14405648121312395
0.03494282789073061,0.17471413945365305,0.9783991809404571,0.10482848367219183
0.03388370737858486,0.1694185368929243,0.9826275139789609,0.06776741475716971
0.03284430927214311,0.16422154636071554,0.9853292781642933,0.03284430927214311
0.03183035070396152,0.1591517535198076,0.986740871822807,0.0
0.03266857601924005,0.19601145611544032,0.0,0.9800572805772017
0.03372916286774424,0.20237497720646544,0.03372916286774424,0.9781457231645829
0.03481553119113957,0.2088931871468374,0.06963106238227915,0.974834873351908
0.03592106040535498,0.2155263624321299,0.10776318121606494,0.9698686309445844
0.037037037037037035,0.2222222222222222,0.14814814814814814,0.9629629629629629
0.038152379685825785,0.22891427811495474,0.19076189842912894,0.9538094921456446
0.039253433598942976,0.23552060159365787,0.23552060159365787,0.9420824063746315
0.04032389192727559,0.24194335156365354,0.28226724349092913,0.9274495143273386
0.04134491152973615,0.2480694691784169,0.3307592922378892,0.9095880536541953
0.04229549344378136,0.2537729606626882,0.38065944099403226,0.8882053623194085
0.04315318520021031,0.2589191112012619,0.4315318520021031,0.8630637040042062
0.04389512813061472,0.2633707687836883,0.4828464094367619,0.8340074344816795
0.044499415948998484,0.2669964956939909,0.5339929913879818,0.8009894870819727
0.044946657497549475,0.26967994498529685,0.5843065474681431,0.764093177458341
0.045221563164613454,0.2713293789876807,0.6331018843045884,0.7235450106338153
0.04531432544294438,0.27188595265766624,0.6797148816441657,0.6797148816441657
0.045221563164613454,0.2713293789876807,0.7235450106338153,0.6331018843045884
0.044946657497549475,0.26967994498529685,0.764093177458341,0.5843065474681431
0.044499415948998484,0.2669964956939909,0.8009894870819727,0.5339929913879818
0.04389512813061472,0.2633707687836883,0.8340074344816795,0.4828464094367619
0.04315318520021031,0.2589191112012619,0.8630637040042062,0.4315318520021031
0.04229549344378136,0.2537729606626882,0.8882053623194085,0.38065944099403226
0.04134491152973615,0.2480694691784169,0.9095880536541953,0.3307592922378892
0.04032389192727559,0.24194335156365354,0.9274495143273386,0.28226724349092913
0.039253433598942976,0.23552060159365787,0.9420824063746315,0.23552060159365787
0.038152379685825785,0.22891427811495474,0.9538094921456446,0.19076189842912894
0.037037037037037035,0.2222222222222222,0.9629629629629629,0.14814814814814814
0.03592106040535498,0.2155263624321299,0.9698686309445844,0.10776318121606494
0.03481553119113957,0.2088931871468374,0.974834873351908,0.06963106238227915
0.03372916286774424,0.20237497720646544,0.9781457231645829,0.03372916286774424
0.03266857601924005,0.19601145611544032,0.9800572805772017,0.0
0.033501260508640406,0.23450882356048283,0.0,0.9715365547505717
0.03460642701029914,0.24224498907209396,0.03460642701029914,0.9689799562883759
0.03573708449459316,0.25015959146215216,0.07147416898918632,0.9649012813540153
0.03688555567816588,0.2581988897471611,0.11065666703449763,0.9590244476323128
0.03804179284542668,0.26629254991798673,0.1521671713817067,0.9510448211356669
0.03919309008348103,0.2743516305843672,0.19596545041740512,0.9406341620035447
0.04032389192727559,0.28226724349092913,0.24194335156365354,0.9274495143273386
0.04141576832812911,0.2899103782969038,0.2899103782969038,0.9111469032188405
0.04244763599780089,0.2971334519846062,0.3395810879824071,0.8914003559538186
0.043396303660274624,0.30377412562192235,0.39056673294247163,0.8679260732054924
0.04423739552038088,0.3096617686426662,0.44237395520380884,0.8405105148872367
0.044946657497549475,0.3146266024828463,0.4944132324730442,0.8090398349558905
0.045501575519329006,0.31851102863530306,0.5460189062319482,0.7735267838285932
0.04588314677411235,0.32118202741878643,0.5964809080634605,0.7341303483857976
0.04607756775840914,0.322542974308864,0.645085948617728,0.6911635163761372
0.04607756775840914,0.322542974308864,0.6911635163761372,0.645085948617728
0.04588314677411235,0.32118202741878643,0.7341303483857976,0.5964809080634605
0.045501575519329006,0.31851102863530306,0.7735267838285932,0.5460189062319482
0.044946657497549475,0.3146266024828463,0.8090398349558905,0.4944132324730442
0.04423739552038088,0.3096617686426662,0.8405105148872367,0.44237395520380884
0.043396303660274624,0.30377412562192235,0.8679260732054924,0.39056673294247163
0.04244763599780089,0.2971334519846062,0.8914003559538186,0.3395810879824071
0.04141576832812911,0.2899103782969038,0.9111469032188405,0.2899103782969038
0.04032389192727559,0.28226724349092913,0.9274495143273386,0.24194335156365354
0.03919309008348103,0.2743516305843672,0.9406341620035447,0.19596545041740512
0.03804179284542668,0.26629254991798673,0.9510448211356669,0.1521671713817067
0.03688555567816588,0.2581988897471611,0.9590244476323128,0.11065666703449763
0.03573708449459316,0.25015959146215216,0.9649012813540153,0.07147416898918632
0.03460642701029914,0.24224498907209396,0.9689799562883759,0.03460642701029914
0.033501260508640406,0.23450882356048283,0.9715365547505717,0.0
0.03431991115272901,0.2745592892218321,0.0,0.9609575122764124
0.03546634510659544,0.2837307608527635,0.03546634510659544,0.9575913178780766
0.03663716527236559,0.2930973221789247,0.07327433054473118,0.9525662970815053
0.037823473723611695,0.30258778978889356,0.11347042117083508,0.9455868430902923
0.03901371573204353,0.3121097258563482,0.1560548629281741,0.9363291775690445
0.04019339355290705,0.3215471484232564,0.2009669677645352,0.924448051716862
0.04134491152973615,0.3307592922378892,0.2480694691784169,0.9095880536541953
0.04244763599780089,0.3395810879824071,0.2971334519846062,0.8914003559538186
0.043478260869565216,0.34782608695652173,0.34782608695652173,0.8695652173913043
0.04441155916843276,0.35529247334746206,0.39970403251589476,0.8438196242002223
0.045221563164613454,0.36177250531690763,0.45221563164613454,0.8139881369630422
0.04588314677411235,0.3670651741928988,0.5047146145152358,0.7800134951599099
0.046373889576016826,0.3709911166081346,0.5564866749122019,0.7419822332162692
0.046676002800933654,0.37340802240746923,0.6067880364121375,0.7001400420140048
0.0467780269724988,0.3742242157799904,0.6548923776149832,0.6548923776149832
0.04667600280093367,0.37340802240746934,0.7001400420140049,0.6067880364121376
0.046373889576016826,0.3709911166081346,0.7419822332162692,0.5564866749122019
0.04588314677411235,0.3670651741928988,0.7800134951599099,0.5047146145152358
0.045221563164613454,0.36177250531690763,0.8139881369630422,0.45221563164613454
0.04441155916843276,0.35529247334746206,0.8438196242002223,0.39970403251589476
0.043478260869565216,0.34782608695652173,0.8695652173913043,0.34782608695652173
0.04244763599780089,0.3395810879824071,0.8914003559538186,0.2971334519846062
0.04134491152973615,0.3307592922378892,0.9095880536541953,0.2480694691784169
0.04019339355290705,0.3215471484232564,0.924448051716862,0.2009669677645352
0.03901371573204353,0.3121097258563482,0.9363291775690445,0.1560548629281741
0.037823473723611695,0.30258778978889356,0.9455868430902923,0.11347042117083508
0.03663716527236559,0.2930973221789247,0.9525662970815053,0.07327433054473118
0.03546634510659544,0.2837307608527635,0.9575913178780766,0.03546634510659544
0.03431991115272901,0.2745592892218321,0.9609575122764124,0.0
0.03511474936103118,0.31603274424928063,0.0,0.9480982327478418
0.036297700432031385,0.3266793038882824,0.036297700432031385,0.9437402112328159
0.037502930030867465,0.3375263702778072,0.07500586006173493,0.9375732507716865
0.038720154633118314,0.34848139169806486,0.11616046389935496,0.9292837111948397
0.03993615319154359,0.3594253787238923,0.15974461276617435,0.9185315234055025
0.04113450348948636,0.37021053140537724,0.20567251744743179,0.9049590767686999
0.04229549344378136,0.38065944099403226,0.2537729606626882,0.8882053623194085
0.043396303660274624,0.39056673294247163,0.30377412562192235,0.8679260732054924
0.04441155916843276,0.39970403251589476,0.35529247334746206,0.8438196242002223
0.04531432544294438,0.4078289289864994,0.4078289289864994,0.8156578579729988
0.04607756775840914,0.4146981098256823,0.46077567758409144,0.7833186518929555
0.046676002800933654,0.4200840252084029,0.5134360308102702,0.7468160448149385
0.04708816093480111,0.42379344841321,0.5650579312176134,0.7063224140220167
0.047298376984040214,0.4256853928563619,0.6148789007925227,0.662177277776563
0.047298376984040214,0.4256853928563619,0.662177277776563,0.6148789007925227
0.04708816093480111,0.42379344841321,0.7063224140220167,0.5650579312176134
0.046676002800933654,0.4200840252084029,0.7468160448149385,0.5134360308102702
0.04607756775840914,0.4146981098256823,0.7833186518929555,0.46077567758409144
0.04531432544294438,0.4078289289864994,0.8156578579729988,0.4078289289864994
0.04441155916843276,0.39970403251589476,0.8438196242002223,0.35529247334746206
0.043396303660274624,0.39056673294247163,0.8679260732054924,0.30377412562192235
0.042295493443781355,0.3806594409940322,0.8882053623194084,0.2537729606626881
0.04113450348948636,0.37021053140537724,0.9049590767686999,0.20567251744743179
0.03993615319154359,0.3594253787238923,0.9185315234055025,0.15974461276617435
0.038720154633118314,0.34848139169806486,0.9292837111948397,0.11616046389935496
0.037502930030867465,0.3375263702778072,0.9375732507716865,0.07500586006173493
0.036297700432031385,0.3266793038882825,0.943740211232816,0.036297700432031385
0.03511474936103118,0.31603274424928063,0.9480982327478418,0.0
0.03587480016670876,0.35874800166708765,0.0,0.9327448043344279
0.03708794707761421,0.3708794707761421,0.03708794707761421,0.9271986769403552
0.03832008326196737,0.3832008326196737,0.07664016652393474,0.9196819982872168
0.03955938860646178,0.39559388606461776,0.11867816581938534,0.9098659379486208
0.04079085082240021,0.4079085082240021,0.16316340328960083,0.8973987180928046
0.0419960525565808,0.41996052556580804,0.20998026278290402,0.8819171036881968
0.04315318520021031,0.4315318520021031,0.2589191112012619,0.8630637040042062
0.04423739552038088,0.44237395520380884,0.3096617686426662,0.8405105148872367
0.045221563164613454,0.45221563164613454,0.36177250531690763,0.8139881369630422
0.04607756775840914,0.46077567758409144,0.4146981098256823,0.7833186518929555
0.0467780269724988,0.467780269724988,0.467780269724988,0.7484484315599808
0.047298376984040214,0.47298376984040214,0.5202821468244423,0.7094756547606031
0.047619047619047616,0.47619047619047616,0.5714285714285714,0.6666666666666666
0.047727395990334764,0.4772739599033477,0.620456147874352,0.620456147874352
0.047619047619047616,0.47619047619047616,0.6666666666666666,0.5714285714285714
0.047298376984040214,0.47298376984040214,0.7094756547606031,0.5202821468244423
0.0467780269724988,0.467780269724988,0.7484484315599808,0.467780269724988
0.04607756775840914,0.46077567758409144,0.7833186518929555,0.4146981098256823
0.045221563164613454,0.45221563164613454,0.8139881369630422,0.36177250531690763
0.04423739552038088,0.44237395520380884,0.8405105148872367,0.3096617686426662
0.04315318520021031,0.4315318520021031,0.8630637040042062,0.2589191112012619
0.0419960525565808,0.41996052556580804,0.8819171036881968,0.20998026278290402
0.04079085082240021,0.4079085082240021,0.8973987180928046,0.16316340328960083
0.039559388606461784,0.3955938860646179,0.9098659379486209,0.11867816581938535
0.03832008326196737,0.3832008326196737,0.9196819982872168,0.07664016652393474
0.03708794707761421,0.3708794707761421,0.9271986769403552,0.03708794707761421
0.03587480016670876,0.35874800166708765,0.9327448043344279,0.0
0.03658808666323012,0.40246895329553134,0.0,0.914702166580753
0.03782347372361169,0.41605821095972856,0.03782347372361169,0.9077633693666805
0.03907323325822818,0.42980556584051,0.07814646651645636,0.8986843649392481
0.04032389192727559,0.4435628112000315,0.12097167578182677,0.887125622400063
0.04155858174616914,0.45714439920786054,0.16623432698467655,0.8727302166695519
0.04275691248090128,0.470326037289914,0.21378456240450638,0.8551382496180255
0.04389512813061472,0.4828464094367619,0.2633707687836883,0.8340074344816795
0.044946657497549475,0.4944132324730442,0.3146266024828463,0.8090398349558905
0.04588314677411235,0.5047146145152358,0.3670651741928988,0.7800134951599099
0.046676002800933654,0.5134360308102702,0.4200840252084029,0.7468160448149385
0.047298376984040214,0.5202821468244423,0.47298376984040214,0.7094756547606031
0.047727395990334764,0.5250013558936825,0.5250013558936825,0.6681835438646867
0.04794633014853841,0.5274096316339225,0.575355961782461,0.6233022919309994
0.04794633014853841,0.5274096316339225,0.6233022919309994,0.575355961782461
0.047727395990334764,0.5250013558936825,0.6681835438646867,0.5250013558936825
0.047298376984040214,0.5202821468244423,0.7094756547606031,0.47298376984040214
0.04667600280093367,0.5134360308102703,0.7468160448149387,0.420084025208403
0.04588314677411236,0.5047146145152359,0.7800134951599101,0.36706517419289886
0.044946657497549475,0.4944132324730442,0.8090398349558905,0.3146266024828463
0.04389512813061472,0.4828464094367619,0.8340074344816795,0.2633707687836883
0.04275691248090128,0.470326037289914,0.8551382496180255,0.21378456240450638
0.04155858174616914,0.45714439920786054,0.8727302166695519,0.16623432698467655
0.04032389192727559,0.4435628112000315,0.887125622400063,0.12097167578182677
0.03907323325822818,0.42980556584051,0.8986843649392481,0.07814646651645636
0.03782347372361169,0.41605821095972856,0.9077633693666805,0.03782347372361169
0.03658808666323012,0.40246895329553134,0.914702166580753,0.0
0.03724194613619293,0.44690335363431516,0.0,0.8938067072686303
0.03849001794597506,0.46188021535170065,0.03849001794597506,0.8852704127574261
0.03974643167585821,0.47695718011029853,0.07949286335171642,0.8744214968688807
0.04099600308453939,0.4919520370144727,0.12298800925361818,0.8609160647753271
0.04222003309207491,0.5066403971048989,0.16888013236829963,0.8444006618414982
0.04339630366027463,0.5207556439232955,0.21698151830137316,0.8245297695452178
0.044499415948998484,0.5339929913879818,0.2669964956939909,0.8009894870819727
0.045501575519329006,0.5460189062319482,0.31851102863530306,0.7735267838285932
0.046373889576016826,0.5564866749122019,0.3709911166081346,0.7419822332162692
0.04708816093480111,0.5650579312176134,0.42379344841321,0.7063224140220167
0.047619047619047616,0.5714285714285714,0.47619047619047616,0.6666666666666666
0.04794633014853841,0.575355961782461,0.5274096316339225,0.6233022919309994
0.04805693313322127,0.5766831975986553,0.5766831975986553,0.5766831975986553
0.04794633014853841,0.575355961782461,0.6233022919309994,0.5274096316339225
0.047619047619047616,0.5714285714285714,0.6666666666666666,0.47619047619047616
0.04708816093480111,0.5650579312176134,0.7063224140220167,0.42379344841321
0.046373889576016826,0.5564866749122019,0.7419822332162692,0.3709911166081346
0.045501575519329006,0.5460189062319482,0.7735267838285932,0.31851102863530306
0.04449941594899848,0.5339929913879817,0.8009894870819726,0.26699649569399087
0.043396303660274624,0.5207556439232954,0.8245297695452177,0.2169815183013731
0.04222003309207491,0.5066403971048989,0.8444006618414982,0.16888013236829963
0.04099600308453939,0.4919520370144727,0.8609160647753271,0.12298800925361818
0.03974643167585821,0.47695718011029853,0.8744214968688807,0.07949286335171642
0.03849001794597506,0.46188021535170065,0.8852704127574261,0.03849001794597506
0.03724194613619293,0.44690335363431516,0.8938067072686303,0.0
0.037823473723611695,0.491705158406952,0.0,0.8699398956430688
0.039073233258228174,0.5079520323569663,0.039073233258228174,0.8596111316810199
0.04032389192727559,0.5242105950545827,0.08064778385455118,0.8468017304727874
0.04155858174616914,0.5402615627001989,0.12467574523850743,0.8311716349233828
0.042756912480901285,0.5558398622517167,0.17102764992360514,0.8123813371371242
0.043895128130614705,0.5706366656979912,0.21947564065307354,0.7901123063510648
0.044946657497549475,0.5843065474681431,0.26967994498529685,0.764093177458341
0.04588314677411235,0.5964809080634605,0.32118202741878643,0.7341303483857976
0.046676002800933654,0.6067880364121375,0.37340802240746923,0.7001400420140048
0.047298376984040214,0.6148789007925227,0.4256853928563619,0.662177277776563
0.047727395990334764,0.620456147874352,0.4772739599033477,0.620456147874352
0.04794633014853841,0.6233022919309994,0.5274096316339225,0.575355961782461
0.04794633014853841,0.6233022919309994,0.575355961782461,0.5274096316339225
0.047727395990334764,0.620456147874352,0.620456147874352,0.4772739599033477
0.047298376984040214,0.6148789007925227,0.662177277776563,0.4256853928563619
0.046676002800933654,0.6067880364121375,0.7001400420140048,0.37340802240746923
0.04588314677411236,0.5964809080634607,0.7341303483857977,0.3211820274187865
0.044946657497549475,0.5843065474681431,0.764093177458341,0.26967994498529685
0.04389512813061472,0.5706366656979913,0.7901123063510649,0.21947564065307357
0.042756912480901285,0.5558398622517167,0.8123813371371242,0.17102764992360514
0.04155858174616914,0.5402615627001989,0.8311716349233828,0.12467574523850743
0.04032389192727559,0.5242105950545827,0.8468017304727874,0.08064778385455118
0.039073233258228174,0.5079520323569663,0.8596111316810199,0.039073233258228174
0.037823473723611695,0.491705158406952,0.8699398956430688,0.0
0.03832008326196737,0.5364811656675431,0.0,0.8430418317632821
0.03955938860646178,0.5538314404904648,0.03955938860646178,0.8307471607356972
0.04079085082240021,0.5710719115136029,0.08158170164480041,0.8158170164480042
0.0419960525565808,0.5879447357921312,0.12598815766974242,0.7979249985750352
0.04315318520021031,0.6041445928029443,0.17261274080084124,0.7767573336037856
0.044237395520380876,0.6193235372853323,0.2211869776019044,0.7520357238464749
0.045221563164613454,0.6331018843045884,0.2713293789876807,0.7235450106338153
0.04607756775840914,0.645085948617728,0.322542974308864,0.6911635163761372
0.0467780269724988,0.6548923776149832,0.3742242157799904,0.6548923776149832
0.047298376984040214,0.662177277776563,0.4256853928563619,0.6148789007925227
0.047619047619047616,0.6666666666666666,0.47619047619047616,0.5714285714285714
0.047727395990334764,0.6681835438646867,0.5250013558936825,0.5250013558936825
0.047619047619047616,0.6666666666666666,0.5714285714285714,0.47619047619047616
0.047298376984040214,0.662177277776563,0.6148789007925227,0.4256853928563619
0.0467780269724988,0.6548923776149832,0.6548923776149832,0.3742242157799904
0.04607756775840914,0.645085948617728,0.6911635163761372,0.322542974308864
0.045221563164613454,0.6331018843045884,0.7235450106338153,0.2713293789876807
0.044237395520380876,0.6193235372853323,0.7520357238464749,0.2211869776019044
0.04315318520021031,0.6041445928029443,0.7767573336037856,0.17261274080084124
0.0419960525565808,0.5879447357921312,0.7979249985750352,0.12598815766974242
0.04079085082240021,0.5710719115136029,0.8158170164480042,0.08158170164480041
0.039559388606461784,0.553831440490465,0.8307471607356974,0.039559388606461784
0.03832008326196737,0.5364811656675431,0.8430418317632821,0.0
0.038720154633118314,0.5808023194967747,0.0,0.8131232472954846
0.03993615319154359,0.5990422978731538,0.03993615319154359,0.7987230638308718
0.04113450348948636,0.6170175523422954,0.08226900697897271,0.7815555663002407
0.042295493443781355,0.6344324016567203,0.12688648033134406,0.7613188819880644
0.043396303660274624,0.6509445549041193,0.1735852146410985,0.7377371622246686
0.04441155916843274,0.6661733875264911,0.22205779584216373,0.7105849466949239
0.04531432544294438,0.6797148816441657,0.27188595265766624,0.6797148816441657
0.04607756775840914,0.6911635163761372,0.322542974308864,0.645085948617728
0.04667600280093367,0.7001400420140049,0.37340802240746934,0.6067880364121376
0.04708816093480111,0.7063224140220167,0.42379344841321,0.5650579312176134
0.047298376984040214,0.7094756547606031,0.47298376984040214,0.5202821468244423
0.047298376984040214,0.7094756547606031,0.5202821468244423,0.47298376984040214
0.04708816093480111,0.7063224140220167,0.5650579312176134,0.42379344841321
0.046676002800933654,0.7001400420140048,0.6067880364121375,0.37340802240746923
0.04607756775840914,0.6911635163761372,0.645085948617728,0.322542974308864
0.04531432544294437,0.6797148816441655,0.6797148816441655,0.27188595265766624
0.04441155916843274,0.6661733875264911,0.7105849466949239,0.22205779584216373
0.043396303660274624,0.6509445549041193,0.7377371622246686,0.1735852146410985
0.042295493443781355,0.6344324016567203,0.7613188819880644,0.12688648033134406
0.04113450348948636,0.6170175523422954,0.7815555663002407,0.08226900697897271
0.03993615319154359,0.5990422978731538,0.7987230638308718,0.03993615319154359
0.038720154633118314,0.5808023194967747,0.8131232472954846,0.0
0.03901371573204353,0.6242194517126964,0.0,0.7802743146408705
0.04019339355290705,0.6430942968465128,0.04019339355290705,0.7636744775052338
0.04134491152973615,0.6615185844757784,0.0826898230594723,0.7442084075352507
0.04244763599780088,0.6791621759648141,0.12734290799340264,0.721609811962615
0.043478260869565216,0.6956521739130435,0.17391304347826086,0.6956521739130435
0.04441155916843274,0.7105849466949239,0.22205779584216373,0.6661733875264911
0.045221563164613454,0.7235450106338153,0.2713293789876807,0.6331018843045884
0.04588314677411235,0.7341303483857976,0.32118202741878643,0.5964809080634605
0.046373889576016826,0.7419822332162692,0.3709911166081346,0.5564866749122019
0.046676002800933654,0.7468160448149385,0.4200840252084029,0.5134360308102702
0.0467780269724988,0.7484484315599808,0.467780269724988,0.467780269724988
0.04667600280093367,0.7468160448149387,0.5134360308102703,0.420084025208403
0.046373889576016826,0.7419822332162692,0.5564866749122019,0.3709911166081346
0.04588314677411236,0.7341303483857977,0.5964809080634607,0.3211820274187865
0.045221563164613454,0.7235450106338153,0.6331018843045884,0.2713293789876807
0.04441155916843274,0.7105849466949239,0.6661733875264911,0.22205779584216373
0.04347826086956522,0.6956521739130436,0.6956521739130436,0.1739130434782609
0.04244763599780088,0.6791621759648141,0.721609811962615,0.12734290799340264
0.04134491152973615,0.6615185844757784,0.7442084075352507,0.0826898230594723
0.04019339355290705,0.6430942968465128,0.7636744775052338,0.04019339355290705
0.03901371573204353,0.6242194517126964,0.7802743146408705,0.0
0.03919309008348103,0.6662825314191775,0.0,0.7446687115861395
0.04032389192727559,0.685506162763685,0.04032389192727559,0.7258300546909606
0.04141576832812911,0.7040680615781949,0.08283153665625823,0.7040680615781949
0.04244763599780088,0.721609811962615,0.12734290799340264,0.6791621759648141
0.043396303660274624,0.7377371622246686,0.1735852146410985,0.6509445549041193
0.044237395520380876,0.7520357238464749,0.2211869776019044,0.6193235372853323
0.044946657497549475,0.764093177458341,0.26967994498529685,0.5843065474681431
0.045501575519329006,0.7735267838285932,0.31851102863530306,0.5460189062319482
0.04588314677411235,0.7800134951599099,0.3670651741928988,0.5047146145152358
0.04607756775840914,0.7833186518929555,0.4146981098256823,0.46077567758409144
0.04607756775840914,0.7833186518929555,0.46077567758409144,0.4146981098256823
0.04588314677411236,0.7800134951599101,0.5047146145152359,0.36706517419289886
0.045501575519329006,0.7735267838285932,0.5460189062319482,0.31851102863530306
0.044946657497549475,0.764093177458341,0.5843065474681431,0.26967994498529685
0.044237395520380876,0.7520357238464749,0.6193235372853323,0.2211869776019044
0.043396303660274624,0.7377371622246686,0.6509445549041193,0.1735852146410985
0.04244763599780088,0.721609811962615,0.6791621759648141,0.12734290799340264
0.04141576832812911,0.7040680615781949,0.7040680615781949,0.08283153665625823
0.04032389192727559,0.685506162763685,0.7258300546909606,0.04032389192727559
0.03919309008348103,0.6662825314191775,0.7446687115861395,0.0
0.039253433598942976,0.7065618047809736,0.0,0.7065618047809736
0.04032389192727559,0.7258300546909606,0.04032389192727559,0.685506162763685
0.04134491152973615,0.7442084075352507,0.0826898230594723,0.6615185844757784
0.042295493443781355,0.7613188819880644,0.12688648033134406,0.6344324016567203
0.04315318520021031,0.7767573336037856,0.17261274080084124,0.6041445928029443
0.043895128130614705,0.7901123063510648,0.21947564065307354,0.5706366656979912
0.044499415948998484,0.8009894870819727,0.2669964956939909,0.5339929913879818
0.044946657497549475,0.8090398349558905,0.3146266024828463,0.4944132324730442
0.045221563164613454,0.8139881369630422,0.36177250531690763,0.45221563164613454
0.04531432544294438,0.8156578579729988,0.4078289289864994,0.4078289289864994
0.045221563164613454,0.8139881369630422,0.45221563164613454,0.36177250531690763
0.044946657497549475,0.8090398349558905,0.4944132324730442,0.3146266024828463
0.04449941594899848,0.8009894870819726,0.5339929913879817,0.26699649569399087
0.04389512813061472,0.7901123063510649,0.5706366656979913,0.21947564065307357
0.04315318520021031,0.7767573336037856,0.6041445928029443,0.17261274080084124
0.042295493443781355,0.7613188819880644,0.6344324016567203,0.12688648033134406
0.04134491152973615,0.7442084075352507,0.6615185844757784,0.0826898230594723
0.04032389192727559,0.7258300546909606,0.685506162763685,0.04032389192727559
0.039253433598942976,0.7065618047809736,0.7065618047809736,0.0
0.03919309008348103,0.7446687115861395,0.0,0.6662825314191775
0.04019339355290705,0.7636744775052338,0.04019339355290705,0.6430942968465128
0.04113450348948636,0.7815555663002407,0.08226900697897271,0.6170175523422954
0.04199605255658081,0.7979249985750353,0.12598815766974245,0.5879447357921314
0.042756912480901285,0.8123813371371242,0.17102764992360514,0.5558398622517167
0.04339630366027463,0.8245297695452178,0.21698151830137316,0.5207556439232955
0.04389512813061472,0.8340074344816795,0.2633707687836883,0.4828464094367619
0.04423739552038088,0.8405105148872367,0.3096617686426662,0.44237395520380884
0.044411559168432764,0.8438196242002224,0.3552924733474621,0.39970403251589487
0.04441155916843276,0.8438196242002223,0.39970403251589476,0.35529247334746206
0.04423739552038088,0.8405105148872367,0.44237395520380884,0.3096617686426662
0.04389512813061472,0.8340074344816795,0.4828464094367619,0.2633707687836883
0.04339630366027463,0.8245297695452178,0.5207556439232955,0.21698151830137316
0.042756912480901285,0.8123813371371242,0.5558398622517167,0.17102764992360514
0.04199605255658081,0.7979249985750353,0.5879447357921314,0.12598815766974245
0.04113450348948636,0.7815555663002407,0.6170175523422954,0.08226900697897271
0.04019339355290705,0.7636744775052338,0.6430942968465128,0.04019339355290705
0.03919309008348103,0.7446687115861395,0.6662825314191775,0.0
0.03901371573204353,0.7802743146408705,0.0,0.6242194517126964
0.03993615319154359,0.7987230638308718,0.03993615319154359,0.5990422978731538
0.04079085082240021,0.8158170164480042,0.08158170164480041,0.5710719115136029
0.04155858174616914,0.8311716349233828,0.12467574523850743,0.5402615627001989
0.04222003309207491,0.8444006618414982,0.16888013236829963,0.5066403971048989
0.04275691248090128,0.8551382496180255,0.21378456240450638,0.470326037289914
0.04315318520021031,0.8630637040042062,0.2589191112012619,0.4315318520021031
0.04339630366027463,0.8679260732054926,0.3037741256219224,0.3905667329424717
0.043478260869565216,0.8695652173913043,0.34782608695652173,0.34782608695652173
0.043396303660274624,0.8679260732054924,0.39056673294247163,0.30377412562192235
0.04315318520021031,0.8630637040042062,0.4315318520021031,0.2589191112012619
0.04275691248090128,0.8551382496180255,0.470326037289914,0.21378456240450638
0.04222003309207491,0.8444006618414982,0.5066403971048989,0.16888013236829963
0.04155858174616914,0.8311716349233828,0.5402615627001989,0.12467574523850743
0.04079085082240021,0.8158170164480042,0.5710719115136029,0.08158170164480041
0.03993615319154359,0.7987230638308718,0.5990422978731538,0.03993615319154359
0.03901371573204353,0.7802743146408705,0.6242194517126964,0.0
0.038720154633118314,0.8131232472954846,0.0,0.5808023194967747
0.039559388606461784,0.8307471607356974,0.039559388606461784,0.553831440490465
0.04032389192727559,0.8468017304727874,0.08064778385455118,0.5242105950545827
0.04099600308453939,0.8609160647753271,0.12298800925361818,0.4919520370144727
0.04155858174616914,0.8727302166695519,0.16623432698467655,0.45714439920786054
0.0419960525565808,0.8819171036881968,0.20998026278290402,0.41996052556580804
0.04229549344378136,0.8882053623194085,0.2537729606626882,0.38065944099403226
0.04244763599780089,0.8914003559538186,0.2971334519846062,0.3395810879824071
0.04244763599780089,0.8914003559538186,0.3395810879824071,0.2971334519846062
0.04229549344378136,0.8882053623194085,0.38065944099403226,0.2537729606626882
0.0419960525565808,0.8819171036881968,0.41996052556580804,0.20998026278290402
0.04155858174616914,0.8727302166695519,0.45714439920786054,0.16623432698467655
0.04099600308453939,0.8609160647753271,0.4919520370144727,0.12298800925361818
0.04032389192727559,0.8468017304727874,0.5242105950545827,0.08064778385455118
0.039559388606461784,0.8307471607356974,0.553831440490465,0.039559388606461784
0.038720154633118314,0.8131232472954846,0.5808023194967747,0.0
0.03832008326196737,0.8430418317632821,0.0,0.5364811656675431
0.039073233258228174,0.8596111316810199,0.039073233258228174,0.5079520323569663
0.03974643167585821,0.8744214968688807,0.07949286335171642,0.47695718011029853
0.04032389192727559,0.887125622400063,0.12097167578182677,0.4435628112000315
0.04079085082240021,0.8973987180928046,0.16316340328960083,0.4079085082240021
0.04113450348948636,0.9049590767686999,0.20567251744743179,0.37021053140537724
0.04134491152973615,0.9095880536541953,0.2480694691784169,0.3307592922378892
0.04141576832812911,0.9111469032188405,0.2899103782969038,0.2899103782969038
0.04134491152973615,0.9095880536541953,0.3307592922378892,0.2480694691784169
0.04113450348948636,0.9049590767686999,0.37021053140537724,0.20567251744743179
0.04079085082240021,0.8973987180928046,0.4079085082240021,0.16316340328960083
0.04032389192727559,0.887125622400063,0.4435628112000315,0.12097167578182677
0.03974643167585821,0.8744214968688807,0.47695718011029853,0.07949286335171642
0.039073233258228174,0.8596111316810199,0.5079520323569663,0.039073233258228174
0.03832008326196737,0.8430418317632821,0.5364811656675431,0.0
0.037823473723611695,0.8699398956430688,0.0,0.491705158406952
0.03849001794597506,0.8852704127574261,0.03849001794597506,0.46188021535170065
0.03907323325822818,0.8986843649392481,0.07814646651645636,0.42980556584051
0.039559388606461784,0.9098659379486209,0.11867816581938535,0.3955938860646179
0.039936153191543595,0.9185315234055026,0.15974461276617438,0.35942537872389235
0.04019339355290705,0.924448051716862,0.2009669677645352,0.3215471484232564
0.04032389192727559,0.9274495143273386,0.24194335156365354,0.28226724349092913
0.0403238919272756,0.9274495143273387,0.2822672434909292,0.2419433515636536
0.04019339355290705,0.924448051716862,0.3215471484232564,0.2009669677645352
0.039936153191543595,0.9185315234055026,0.35942537872389235,0.15974461276617438
0.039559388606461784,0.9098659379486209,0.3955938860646179,0.11867816581938535
0.03907323325822818,0.8986843649392481,0.42980556584051,0.07814646651645636
0.03849001794597506,0.8852704127574261,0.46188021535170065,0.03849001794597506
0.037823473723611695,0.8699398956430688,0.491705158406952,0.0
0.03724194613619293,0.8938067072686303,0.0,0.44690335363431516
0.037823473723611695,0.9077633693666807,0.037823473723611695,0.4160582109597286
0.03832008326196737,0.9196819982872168,0.07664016652393474,0.3832008326196737
0.038720154633118314,0.9292837111948397,0.11616046389935496,0.34848139169806486
0.03901371573204353,0.9363291775690445,0.1560548629281741,0.3121097258563482
0.03919309008348103,0.9406341620035447,0.19596545041740512,0.2743516305843672
0.039253433598942976,0.9420824063746315,0.23552060159365787,0.23552060159365787
0.03919309008348103,0.9406341620035447,0.2743516305843672,0.19596545041740512
0.03901371573204353,0.9363291775690445,0.3121097258563482,0.1560548629281741
0.038720154633118314,0.9292837111948397,0.34848139169806486,0.11616046389935496
0.03832008326196737,0.9196819982872168,0.3832008326196737,0.07664016652393474
0.037823473723611695,0.9077633693666807,0.4160582109597286,0.037823473723611695
0.03724194613619293,0.8938067072686303,0.44690335363431516,0.0
0.03658808666323012,0.914702166580753,0.0,0.40246895329553134
0.03708794707761421,0.9271986769403552,0.03708794707761421,0.3708794707761421
0.037502930030867465,0.9375732507716865,0.07500586006173493,0.3375263702778072
0.037823473723611695,0.9455868430902923,0.11347042117083508,0.30258778978889356
0.03804179284542668,0.9510448211356669,0.1521671713817067,0.26629254991798673
0.038152379685825785,0.9538094921456446,0.19076189842912894,0.22891427811495474
0.038152379685825785,0.9538094921456446,0.22891427811495474,0.19076189842912894
0.03804179284542668,0.9510448211356669,0.26629254991798673,0.1521671713817067
0.037823473723611695,0.9455868430902923,0.30258778978889356,0.11347042117083508
0.037502930030867465,0.9375732507716865,0.3375263702778072,0.07500586006173493
0.03708794707761421,0.9271986769403552,0.3708794707761421,0.03708794707761421
0.03658808666323012,0.914702166580753,0.40246895329553134,0.0
0.03587480016670876,0.9327448043344279,0.0,0.35874800166708765
0.036297700432031385,0.943740211232816,0.036297700432031385,0.3266793038882825
0.03663716527236559,0.9525662970815053,0.07327433054473118,0.2930973221789247
0.03688555567816588,0.9590244476323128,0.11065666703449763,0.2581988897471611
0.03703703703703704,0.962962962962963,0.14814814814814817,0.22222222222222224
0.0370879470776142,0.9642866240179693,0.18543973538807101,0.18543973538807101
0.037037037037037035,0.9629629629629629,0.2222222222222222,0.14814814814814814
0.03688555567816588,0.9590244476323128,0.2581988897471611,0.11065666703449763
0.03663716527236559,0.9525662970815053,0.2930973221789247,0.07327433054473118
0.036297700432031385,0.943740211232816,0.3266793038882825,0.036297700432031385
0.03587480016670876,0.9327448043344279,0.35874800166708765,0.0
0.03511474936103118,0.9480982327478418,0.0,0.31603274424928063
0.03546634510659544,0.9575913178780766,0.03546634510659544,0.2837307608527635
0.03573708449459316,0.9649012813540153,0.07147416898918632,0.25015959146215216
0.03592106040535499,0.9698686309445845,0.10776318121606496,0.21552636243212991
0.03601412030328099,0.9723812481885865,0.14405648121312395,0.18007060151640494
0.03601412030328099,0.9723812481885865,0.18007060151640494,0.14405648121312395
0.03592106040535499,0.9698686309445845,0.21552636243212991,0.10776318121606496
0.03573708449459316,0.9649012813540153,0.25015959146215216,0.07147416898918632
0.03546634510659544,0.9575913178780766,0.2837307608527635,0.03546634510659544
0.03511474936103118,0.9480982327478418,0.31603274424928063,0.0
0.03431991115272901,0.9609575122764124,0.0,0.2745592892218321
0.03460642701029914,0.9689799562883759,0.03460642701029914,0.24224498907209396
0.03481553119113957,0.974834873351908,0.06963106238227915,0.2088931871468374
0.03494282789073061,0.9783991809404571,0.10482848367219183,0.17471413945365305
0.03498557142706598,0.9795959999578474,0.13994228570826392,0.13994228570826392
0.03494282789073061,0.9783991809404571,0.17471413945365305,0.10482848367219183
0.03481553119113957,0.974834873351908,0.2088931871468374,0.06963106238227915
0.03460642701029914,0.9689799562883759,0.24224498907209396,0.03460642701029914
0.03431991115272901,0.9609575122764124,0.2745592892218321,0.0
0.033501260508640406,0.9715365547505717,0.0,0.23450882356048283
0.033729162867744245,0.978145723164583,0.033729162867744245,0.20237497720646547
0.03388370737858486,0.9826275139789609,0.06776741475716971,0.1694185368929243
0.03396178054056622,0.9848916356764204,0.10188534162169867,0.13584712216226488
0.03396178054056622,0.9848916356764204,0.13584712216226488,0.10188534162169867
0.03388370737858486,0.9826275139789609,0.1694185368929243,0.06776741475716971
0.033729162867744245,0.978145723164583,0.20237497720646547,0.033729162867744245
0.033501260508640406,0.9715365547505717,0.23450882356048283,0.0
0.03266857601924006,0.9800572805772018,0.0,0.19601145611544035
0.03284430927214311,0.9853292781642933,0.03284430927214311,0.16422154636071554
0.03295112031594683,0.9885336094784051,0.06590224063189366,0.13180448126378733
0.032986956237702106,0.9896086871310632,0.09896086871310632,0.09896086871310632
0.03295112031594683,0.9885336094784051,0.13180448126378733,0.06590224063189366
0.03284430927214311,0.9853292781642933,0.16422154636071554,0.03284430927214311
0.03266857601924006,0.9800572805772018,0.19601145611544035,0.0
0.03183035070396152,0.986740871822807,0.0,0.1591517535198076
0.03196013860502966,0.9907642967559194,0.03196013860502966,0.12784055442011863
0.03202563076101743,0.9927945535915402,0.06405126152203486,0.09607689228305229
0.03202563076101743,0.9927945535915402,0.09607689228305229,0.06405126152203486
0.03196013860502966,0.9907642967559194,0.12784055442011863,0.03196013860502966
0.03183035070396152,0.986740871822807,0.1591517535198076,0.0
0.03099378636868718,0.9918011637979898,0.0,0.12397514547474872
0.03108349360801046,0.9946717954563348,0.03108349360801046,0.09325048082403138
0.031113569564352753,0.9956342260592881,0.062227139128705505,0.062227139128705505
0.03108349360801046,0.9946717954563348,0.09325048082403138,0.03108349360801046
0.03099378636868718,0.9918011637979898,0.12397514547474872,0.0
0.030164848870338084,0.9954400127211568,0.0,0.09049454661101425
0.030219894260774975,0.9972565106055741,0.030219894260774975,0.06043978852154995
0.030219894260774975,0.9972565106055741,0.06043978852154995,0.030219894260774975
0.030164848870338084,0.9954400127211568,0.09049454661101425,0.0
0.02934836354418746,0.9978443605023736,0.0,0.05869672708837492
0.029373674772302332,0.9987049422582793,0.029373674772302332,0.029373674772302332
0.02934836354418746,0.9978443605023736,0.05869672708837492,0.0
0.02854813347699592,0.999184671694857,0.0,0.02854813347699592
0.02854813347699592,0.999184671694857,0.02854813347699592,0.0
0.02776706724035329,0.9996144206527183,0.0,0.0
0.05704979053851295,0.0,0.0,0.9983713344239766
0.05869672708837492,0.0,0.02934836354418746,0.9978443605023736
0.060384667863916844,0.0,0.060384667863916844,0.9963470197546278
0.06210700940445369,0.0,0.09316051410668054,0.993712150471259
0.0638550856814101,0.0,0.1277101713628202,0.9897538280618564
0.06561787149247866,0.0,0.16404467873119666,0.9842680723871801
0.06738171205292091,0.0,0.20214513615876276,0.9770348247673533
0.06913011298202835,0.0,0.24195539543709924,0.9678215817483969
0.07084363469758145,0.0,0.2833745387903258,0.9563890684173496
0.07249994335944138,0.0,0.32624974511748617,0.9424992636727378
0.07407407407407408,0.0,0.3703703703703704,0.9259259259259259
0.0755389574600498,0.0,0.4154642660302739,0.9064674895205976
0.0768662442024088,0.0,0.46119746521445276,0.8839618083277011
0.07802743146408705,0.0,0.5071783045165659,0.8583017461049576
0.07899525055333644,0.0,0.552966753873355,0.8294501308100325
0.07974522228289,0.0,0.5980891671216749,0.7974522228288999
0.0802572353905128,0.0,0.6420578831241024,0.7624437362098715
0.08051696822284746,0.0,0.6843942298942034,0.7246527140056271
0.08051696822284746,0.0,0.7246527140056271,0.6843942298942034
0.0802572353905128,0.0,0.7624437362098715,0.6420578831241024
0.07974522228289,0.0,0.7974522228288999,0.5980891671216749
0.07899525055333644,0.0,0.8294501308100325,0.552966753873355
0.07802743146408704,0.0,0.8583017461049575,0.5071783045165658
0.0768662442024088,0.0,0.8839618083277011,0.46119746521445276
0.0755389574600498,0.0,0.9064674895205976,0.4154642660302739
0.07407407407407408,0.0,0.9259259259259259,0.3703703703703704
0.07249994335944138,0.0,0.9424992636727378,0.32624974511748617
0.07084363469758145,0.0,0.9563890684173496,0.2833745387903258
0.06913011298202835,0.0,0.9678215817483969,0.24195539543709924
0.06738171205292091,0.0,0.9770348247673533,0.20214513615876276
0.06561787149247866,0.0,0.9842680723871801,0.16404467873119666
0.0638550856814101,0.0,0.9897538280618564,0.1277101713628202
0.06210700940445369,0.0,0.993712150471259,0.09316051410668054
0.060384667863916844,0.0,0.9963470197546278,0.060384667863916844
0.05869672708837492,0.0,0.9978443605023736,0.02934836354418746
0.05704979053851295,0.0,0.9983713344239766,0.0
0.05869672708837492,0.02934836354418746,0.0,0.9978443605023736
0.06043978852154995,0.030219894260774975,0.030219894260774975,0.9972565106055741
0.062227139128705505,0.031113569564352753,0.062227139128705505,0.9956342260592881
0.06405126152203486,0.03202563076101743,0.09607689228305229,0.9927945535915402
0.06590224063189366,0.03295112031594683,0.13180448126378733,0.9885336094784051
0.06776741475716971,0.03388370737858486,0.1694185368929243,0.9826275139789609
0.06963106238227915,0.03481553119113957,0.2088931871468374,0.974834873351908
0.07147416898918632,0.03573708449459316,0.25015959146215216,0.9649012813540153
0.07327433054473118,0.03663716527236559,0.2930973221789247,0.9525662970815053
0.07500586006173493,0.037502930030867465,0.3375263702778072,0.9375732507716865
0.07664016652393474,0.03832008326196737,0.3832008326196737,0.9196819982872168
0.07814646651645636,0.03907323325822818,0.42980556584051,0.8986843649392481
0.07949286335171642,0.03974643167585821,0.47695718011029853,0.8744214968688807
0.08064778385455118,0.04032389192727559,0.5242105950545827,0.8468017304727874
0.08158170164480041,0.04079085082240021,0.5710719115136029,0.8158170164480042
0.08226900697897271,0.04113450348948636,0.6170175523422954,0.7815555663002407
0.0826898230594723,0.04134491152973615,0.6615185844757784,0.7442084075352507
0.08283153665625823,0.04141576832812911,0.7040680615781949,0.7040680615781949
0.0826898230594723,0.04134491152973615,0.7442084075352507,0.6615185844757784
0.08226900697897271,0.04113450348948636,0.7815555663002407,0.6170175523422954
0.08158170164480041,0.04079085082240021,0.8158170164480042,0.5710719115136029
0.08064778385455118,0.04032389192727559,0.8468017304727874,0.5242105950545827
0.07949286335171642,0.03974643167585821,0.8744214968688807,0.47695718011029853
0.07814646651645636,0.03907323325822818,0.8986843649392481,0.42980556584051
0.07664016652393474,0.03832008326196737,0.9196819982872168,0.3832008326196737
0.07500586006173493,0.037502930030867465,0.9375732507716865,0.3375263702778072
0.07327433054473118,0.03663716527236559,0.9525662970815053,0.2930973221789247
0.07147416898918632,0.03573708449459316,0.9649012813540153,0.25015959146215216
0.06963106238227915,0.03481553119113957,0.974834873351908,0.2088931871468374
0.06776741475716971,0.03388370737858486,0.9826275139789609,0.1694185368929243
0.06590224063189366,0.03295112031594683,0.9885336094784051,0.13180448126378733
0.06405126152203486,0.03202563076101743,0.9927945535915402,0.09607689228305229
0.062227139128705505,0.031113569564352753,0.9956342260592881,0.062227139128705505
0.06043978852154995,0.030219894260774975,0.9972565106055741,0.030219894260774975
0.05869672708837492,0.02934836354418746,0.9978443605023736,0.0
0.060384667863916844,0.060384667863916844,0.0,0.9963470197546278
0.062227139128705505,0.062227139128705505,0.031113569564352753,0.9956342260592881
0.06411705636375015,0.06411705636375015,0.06411705636375015,0.9938143736381272
0.06604581866838265,0.06604581866838265,0.09906872800257396,0.9906872800257397
0.06800204009180459,0.06800204009180459,0.13600408018360918,0.9860295813311665
0.06997114285413196,0.06997114285413196,0.17492785713532988,0.9795959999578474
0.07193500012656064,0.07193500012656064,0.21580500037968192,0.9711225017085686
0.07387168551531177,0.07387168551531177,0.2585508993035912,0.9603319116990531
0.07575540190785703,0.07575540190785703,0.3030216076314281,0.9469425238482128
0.07755667343294813,0.07755667343294813,0.3490050304482666,0.9306800811953776
0.07924288517503274,0.07924288517503274,0.3962144258751637,0.9112931795128765
0.08077923917220194,0.08077923917220194,0.44428581544711065,0.8885716308942213
0.08213015623531818,0.08213015623531818,0.4927809374119091,0.8623666404708409
0.08326108942436267,0.08326108942436267,0.5411970812583573,0.8326108942436267
0.08414063238233425,0.08414063238233425,0.5889844266763398,0.7993360076321754
0.08474271972140716,0.08474271972140716,0.6355703979105537,0.7626844774926644
0.08504865111251246,0.08504865111251246,0.6803892089000997,0.7229135344563559
0.08504865111251246,0.08504865111251246,0.7229135344563559,0.6803892089000997
0.08474271972140716,0.08474271972140716,0.7626844774926644,0.6355703979105537
0.08414063238233425,0.08414063238233425,0.7993360076321754,0.5889844266763398
0.08326108942436267,0.08326108942436267,0.8326108942436267,0.5411970812583573
0.08213015623531818,0.08213015623531818,0.8623666404708409,0.4927809374119091
0.08077923917220194,0.08077923917220194,0.8885716308942213,0.44428581544711065
0.07924288517503274,0.07924288517503274,0.9112931795128765,0.3962144258751637
0.07755667343294813,0.07755667343294813,0.9306800811953776,0.3490050304482666
0.07575540190785703,0.07575540190785703,0.9469425238482128,0.3030216076314281
0.07387168551531177,0.07387168551531177,0.9603319116990531,0.2585508993035912
0.07193500012656064,0.07193500012656064,0.9711225017085686,0.21580500037968192
0.06997114285413196,0.06997114285413196,0.9795959999578474,0.17492785713532988
0.06800204009180459,0.06800204009180459,0.9860295813311665,0.13600408018360918
0.06604581866838265,0.06604581866838265,0.9906872800257397,0.09906872800257396
0.06411705636375015,0.06411705636375015,0.9938143736381272,0.06411705636375015
0.062227139128705505,0.062227139128705505,0.9956342260592881,0.031113569564352753
0.060384667863916844,0.060384667863916844,0.9963470197546278,0.0
0.06210700940445369,0.09316051410668054,0.0,0.993712150471259
0.06405126152203486,0.09607689228305229,0.03202563076101743,0.9927945535915402
0.06604581866838265,0.09906872800257396,0.06604581866838265,0.9906872800257397
0.06808079175697976,0.10212118763546964,0.10212118763546964,0.9871714804762064
0.07014306238318943,0.10521459357478415,0.14028612476637886,0.9820028733646521
0.07221581446741189,0.10832372170111784,0.18053953616852975,0.9749134953100606
0.07427813527082074,0.11141720290623111,0.22283440581246222,0.9656157585206696
0.07630475937165157,0.11445713905747737,0.26706665780078054,0.9538094921456446
0.07826604801948324,0.11739907202922485,0.31306419207793296,0.9391925762337988
0.0801283080215004,0.12019246203225059,0.3605773860967518,0.9214755422472545
0.0818545509070058,0.1227818263605087,0.409272754535029,0.9004000599770638
0.0834057656228299,0.12510864843424485,0.4587317109255645,0.875760539039714
0.08474271972140716,0.12711407958211074,0.508456318328443,0.8474271972140716
0.08582821508457492,0.12874232262686236,0.557883398049737,0.8153680433034616
0.086629616364842,0.129944424547263,0.606407314553894,0.779666547283578
0.08712136837380643,0.13068205256070964,0.6534102628035483,0.7405316311773547
0.08728715609439695,0.13093073414159542,0.6982972487551756,0.6982972487551756
0.08712136837380643,0.13068205256070964,0.7405316311773547,0.6534102628035483
0.086629616364842,0.129944424547263,0.779666547283578,0.606407314553894
0.08582821508457492,0.12874232262686236,0.8153680433034616,0.557883398049737
0.08474271972140716,0.12711407958211074,0.8474271972140716,0.508456318328443
0.0834057656228299,0.12510864843424485,0.875760539039714,0.4587317109255645
0.0818545509070058,0.1227818263605087,0.9004000599770638,0.409272754535029
0.0801283080215004,0.12019246203225059,0.9214755422472545,0.3605773860967518
0.07826604801948324,0.11739907202922485,0.9391925762337988,0.31306419207793296
0.07630475937165157,0.11445713905747737,0.9538094921456446,0.26706665780078054
0.07427813527082075,0.11141720290623112,0.9656157585206697,0.22283440581246225
0.07221581446741189,0.10832372170111784,0.9749134953100606,0.18053953616852975
0.07014306238318943,0.10521459357478415,0.9820028733646521,0.14028612476637886
0.06808079175697976,0.10212118763546964,0.9871714804762064,0.10212118763546964
0.06604581866838265,0.09906872800257396,0.9906872800257397,0.06604581866838265
0.06405126152203486,0.09607689228305229,0.9927945535915402,0.03202563076101743
0.06210700940445369,0.09316051410668054,0.993712150471259,0.0
0.0638550856814101,0.1277101713628202,0.0,0.9897538280618564
0.06590224063189366,0.13180448126378733,0.03295112031594683,0.9885336094784051
0.06800204009180459,0.13600408018360918,0.06800204009180459,0.9860295813311665
0.07014306238318943,0.14028612476637886,0.10521459357478415,0.9820028733646521
0.07231015260621873,0.14462030521243746,0.14462030521243746,0.9761870601839528
0.07448389227238586,0.14896778454477172,0.18620973068096466,0.9682905995410163
0.07664016652393474,0.15328033304786948,0.22992049957180424,0.9580020815491842
0.07874992309581579,0.15749984619163157,0.2756247308353552,0.9449990771497894
0.08077923917220194,0.16155847834440387,0.32311695668880774,0.9289612504803222
0.0826898230594723,0.1653796461189446,0.3721042037676254,0.9095880536541953
0.08444006618414981,0.16888013236829963,0.4222003309207491,0.886620694933573
0.08598671607846956,0.1719734321569391,0.47292693843158257,0.8598671607846955
0.08728715609439697,0.17457431218879393,0.5237229365663818,0.8292279828967711
0.08830215713766959,0.17660431427533918,0.5739640213948524,0.7947194142390264
0.08899883189799697,0.17799766379599394,0.6229918232859788,0.7564900711329742
0.08935341032175405,0.1787068206435081,0.6701505774131554,0.7148272825740324
0.08935341032175405,0.1787068206435081,0.7148272825740324,0.6701505774131554
0.08899883189799697,0.17799766379599394,0.7564900711329742,0.6229918232859788
0.08830215713766959,0.17660431427533918,0.7947194142390264,0.5739640213948524
0.08728715609439697,0.17457431218879393,0.8292279828967711,0.5237229365663818
0.08598671607846956,0.1719734321569391,0.8598671607846955,0.47292693843158257
0.08444006618414981,0.16888013236829963,0.886620694933573,0.4222003309207491
0.0826898230594723,0.1653796461189446,0.9095880536541953,0.3721042037676254
0.08077923917220195,0.1615584783444039,0.9289612504803224,0.3231169566888078
0.07874992309581579,0.15749984619163157,0.9449990771497894,0.2756247308353552
0.07664016652393474,0.15328033304786948,0.9580020815491842,0.22992049957180424
0.07448389227238586,0.14896778454477172,0.9682905995410163,0.18620973068096466
0.07231015260621873,0.14462030521243746,0.9761870601839527,0.14462030521243746
0.07014306238318943,0.14028612476637886,0.9820028733646521,0.10521459357478415
0.06800204009180459,0.13600408018360918,0.9860295813311665,0.06800204009180459
0.06590224063189366,0.13180448126378733,0.9885336094784051,0.03295112031594683
0.0638550856814101,0.1277101713628202,0.9897538280618564,0.0
0.06561787149247866,0.16404467873119666,0.0,0.9842680723871801
0.06776741475716971,0.1694185368929243,0.03388370737858486,0.9826275139789609
0.06997114285413196,0.17492785713532988,0.06997114285413196,0.9795959999578474
0.07221581446741189,0.18053953616852975,0.10832372170111784,0.9749134953100606
0.07448389227238586,0.18620973068096466,0.14896778454477172,0.9682905995410163
0.07675295564533363,0.19188238911333408,0.19188238911333408,0.9594119455666703
0.07899525055333642,0.19748812638334107,0.23698575166000926,0.9479430066400371
0.08117749584681991,0.20294373961704976,0.2841212354638697,0.9335412022384288
0.08326108942436267,0.20815272356090667,0.33304435769745067,0.9158719836679893
0.085202864568461,0.21300716142115253,0.38341289055807454,0.8946300779688405
0.08695652173913043,0.21739130434782608,0.43478260869565216,0.8695652173913043
0.08847479104076177,0.22118697760190442,0.48661135072418976,0.8405105148872367
0.08971226080325133,0.22428065200812833,0.5382735648195079,0.807410347229262
0.09062865088588876,0.22657162721472188,0.5890862307582769,0.7703435325300544
0.09119215051751063,0.22798037629377657,0.6383450536225744,0.729537204140085
0.09138233247699076,0.22845583119247692,0.6853674935774308,0.6853674935774308
0.09119215051751063,0.22798037629377657,0.729537204140085,0.6383450536225744
0.09062865088588876,0.22657162721472188,0.7703435325300544,0.5890862307582769
0.08971226080325133,0.22428065200812833,0.807410347229262,0.5382735648195079
0.08847479104076177,0.22118697760190442,0.8405105148872367,0.48661135072418976
0.08695652173913045,0.2173913043478261,0.8695652173913044,0.4347826086956522
0.085202864568461,0.21300716142115253,0.8946300779688405,0.38341289055807454
0.08326108942436267,0.20815272356090667,0.9158719836679893,0.33304435769745067
0.08117749584681991,0.20294373961704976,0.9335412022384288,0.2841212354638697
0.07899525055333642,0.19748812638334107,0.9479430066400371,0.23698575166000926
0.07675295564533365,0.1918823891133341,0.9594119455666704,0.1918823891133341
0.07448389227238586,0.18620973068096466,0.9682905995410163,0.14896778454477172
0.07221581446741189,0.18053953616852975,0.9749134953100606,0.10832372170111784
0.06997114285413196,0.17492785713532988,0.9795959999578474,0.06997114285413196
0.06776741475716971,0.1694185368929243,0.9826275139789609,0.03388370737858486
0.06561787149247866,0.16404467873119666,0.9842680723871801,0.0
0.06738171205292091,0.20214513615876276,0.0,0.9770348247673533
0.06963106238227915,0.2088931871468374,0.03481553119113957,0.974834873351908
0.07193500012656064,0.21580500037968192,0.07193500012656064,0.9711225017085686
0.07427813527082074,0.22283440581246222,0.11141720290623111,0.9656157585206696
0.07664016652393474,0.22992049957180424,0.15328033304786948,0.9580020815491842
0.07899525055333642,0.23698575166000926,0.19748812638334107,0.9479430066400371
0.08131156281817417,0.2439346884545225,0.2439346884545225,0.9350829724090028
0.08355119862887136,0.2506535958866141,0.29242919520104976,0.919063184917585
0.08567058737562387,0.2570117621268716,0.3426823495024955,0.8995411674440507
0.08762159086766469,0.26286477260299407,0.39429715890449113,0.876215908676647
0.08935341032175405,0.26806023096526216,0.4467670516087703,0.8488573980566634
0.09081532183729996,0.27244596551189987,0.49948427010514973,0.8173378965356995
0.09196009797434057,0.2758802939230217,0.5517605878460434,0.7816608327818949
0.09274777915203365,0.27824333745610097,0.6028605644882187,0.7419822332162692
0.09314928656652446,0.2794478596995734,0.6520450059656713,0.6986196492489335
0.09314928656652446,0.2794478596995734,0.6986196492489335,0.6520450059656713
0.09274777915203365,0.27824333745610097,0.7419822332162692,0.6028605644882187
0.09196009797434057,0.2758802939230217,0.7816608327818949,0.5517605878460434
0.09081532183729996,0.27244596551189987,0.8173378965356995,0.49948427010514973
0.08935341032175408,0.2680602309652622,0.8488573980566636,0.44676705160877034
0.08762159086766472,0.2628647726029941,0.8762159086766471,0.3942971589044912
0.08567058737562387,0.2570117621268716,0.8995411674440507,0.3426823495024955
0.08355119862887136,0.2506535958866141,0.919063184917585,0.29242919520104976
0.08131156281817417,0.2439346884545225,0.9350829724090028,0.2439346884545225
0.07899525055333644,0.23698575166000932,0.9479430066400373,0.1974881263833411
0.07664016652393474,0.22992049957180424,0.9580020815491842,0.15328033304786948
0.07427813527082074,0.22283440581246222,0.9656157585206696,0.11141720290623111
0.07193500012656064,0.21580500037968192,0.9711225017085686,0.07193500012656064
0.06963106238227915,0.2088931871468374,0.974834873351908,0.03481553119113957
0.06738171205292091,0.20214513615876276,0.9770348247673533,0.0
0.06913011298202835,0.24195539543709924,0.0,0.9678215817483969
0.07147416898918632,0.25015959146215216,0.03573708449459316,0.9649012813540153
0.07387168551531177,0.2585508993035912,0.07387168551531177,0.9603319116990531
0.07630475937165157,0.26706665780078054,0.11445713905747737,0.9538094921456446
0.07874992309581579,0.2756247308353552,0.15749984619163157,0.9449990771497894
0.08117749584681991,0.2841212354638697,0.20294373961704976,0.9335412022384288
0.08355119862887136,0.29242919520104976,0.2506535958866141,0.919063184917585
0.08582821508457492,0.3003987527960122,0.3003987527960122,0.9011962583880365
0.0879598994267085,0.30785964799347976,0.351839597706834,0.879598994267085
0.08989331499509896,0.31462660248284635,0.40451991747794536,0.85398649245344
0.09157370929912602,0.3205079825469411,0.4578685464956301,0.8241633836921342
0.09294788246803462,0.32531758863812116,0.5112133535741904,0.7900570009782942
0.09396819714698793,0.32888869001445775,0.5638091828819275,0.7517455771759034
0.09459675396808043,0.3310886388882815,0.6148789007925227,0.7094756547606031
0.09480909262799544,0.33183182419798407,0.6636636483959681,0.6636636483959681
0.09459675396808043,0.3310886388882815,0.7094756547606031,0.6148789007925227
0.09396819714698791,0.32888869001445764,0.7517455771759033,0.5638091828819274
0.09294788246803462,0.32531758863812116,0.7900570009782942,0.5112133535741904
0.09157370929912602,0.3205079825469411,0.8241633836921342,0.4578685464956301
0.08989331499509896,0.31462660248284635,0.85398649245344,0.40451991747794536
0.0879598994267085,0.30785964799347976,0.879598994267085,0.351839597706834
0.08582821508457492,0.3003987527960122,0.9011962583880365,0.3003987527960122
0.08355119862887136,0.29242919520104976,0.919063184917585,0.2506535958866141
0.08117749584681991,0.2841212354638697,0.9335412022384288,0.20294373961704976
0.07874992309581579,0.2756247308353552,0.9449990771497894,0.15749984619163157
0.07630475937165157,0.26706665780078054,0.9538094921456446,0.11445713905747737
0.07387168551531177,0.2585508993035912,0.9603319116990531,0.07387168551531177
0.07147416898918632,0.25015959146215216,0.9649012813540153,0.03573708449459316
0.06913011298202835,0.24195539543709924,0.9678215817483969,0.0
0.07084363469758145,0.2833745387903258,0.0,0.9563890684173496
0.07327433054473118,0.2930973221789247,0.03663716527236559,0.9525662970815053
0.07575540190785703,0.3030216076314281,0.07575540190785703,0.9469425238482128
0.07826604801948324,0.31306419207793296,0.11739907202922485,0.9391925762337988
0.08077923917220194,0.32311695668880774,0.16155847834440387,0.9289612504803222
0.08326108942436267,0.33304435769745067,0.20815272356090667,0.9158719836679893
0.08567058737562387,0.3426823495024955,0.2570117621268716,0.8995411674440507
0.0879598994267085,0.351839597706834,0.30785964799347976,0.879598994267085
0.090075469822209,0.360301879288836,0.360301879288836,0.8557169633109855
0.09196009797434057,0.3678403918973623,0.41382044088453257,0.8276408817690651
0.0935560539449976,0.3742242157799904,0.467780269724988,0.7952264585324795
0.09480909262799544,0.3792363705119818,0.521450009453975,0.7584727410239636
0.09567297464698797,0.3826918985879519,0.5740378478819279,0.7175473098524098
0.09611386626644254,0.38445546506577016,0.6247401307318765,0.6727970638650979
0.09611386626644254,0.38445546506577016,0.6727970638650979,0.6247401307318765
0.09567297464698797,0.3826918985879519,0.7175473098524098,0.5740378478819279
0.09480909262799544,0.3792363705119818,0.7584727410239636,0.521450009453975
0.0935560539449976,0.3742242157799904,0.7952264585324795,0.467780269724988
0.09196009797434057,0.3678403918973623,0.8276408817690651,0.41382044088453257
0.090075469822209,0.360301879288836,0.8557169633109855,0.360301879288836
0.0879598994267085,0.351839597706834,0.879598994267085,0.30785964799347976
0.08567058737562387,0.3426823495024955,0.8995411674440507,0.2570117621268716
0.08326108942436267,0.33304435769745067,0.9158719836679893,0.20815272356090667
0.08077923917220195,0.3231169566888078,0.9289612504803224,0.1615584783444039
0.07826604801948324,0.31306419207793296,0.9391925762337988,0.11739907202922485
0.07575540190785703,0.3030216076314281,0.9469425238482128,0.07575540190785703
0.07327433054473118,0.2930973221789247,0.9525662970815053,0.03663716527236559
0.07084363469758145,0.2833745387903258,0.9563890684173496,0.0
0.07249994335944138,0.32624974511748617,0.0,0.9424992636727378
0.07500586006173493,0.3375263702778072,0.037502930030867465,0.9375732507716865
0.07755667343294813,0.3490050304482666,0.07755667343294813,0.9306800811953776
0.0801283080215004,0.3605773860967518,0.12019246203225059,0.9214755422472545
0.0826898230594723,0.3721042037676254,0.1653796461189446,0.9095880536541953
0.085202864568461,0.38341289055807454,0.21300716142115253,0.8946300779688405
0.08762159086766469,0.39429715890449113,0.26286477260299407,0.876215908676647
0.08989331499509896,0.40451991747794536,0.31462660248284635,0.85398649245344
0.09196009797434057,0.41382044088453257,0.3678403918973623,0.8276408817690651
0.09376144618769909,0.42192650784464586,0.42192650784464586,0.7969722925954422
0.09523809523809523,0.42857142857142855,0.47619047619047616,0.7619047619047619
0.09633661017181762,0.4335147457731793,0.5298513559449969,0.7225245762886321
0.09701425001453319,0.4365641250653994,0.5820855000871992,0.6790997501017324
0.09724332766526303,0.4375949744936836,0.6320816298242097,0.6320816298242097
0.09701425001453319,0.4365641250653994,0.6790997501017324,0.5820855000871992
0.09633661017181762,0.4335147457731793,0.7225245762886321,0.5298513559449969
0.09523809523809523,0.42857142857142855,0.7619047619047619,0.47619047619047616
0.09376144618769909,0.42192650784464586,0.7969722925954422,0.42192650784464586
0.09196009797434057,0.41382044088453257,0.8276408817690651,0.3678403918973623
0.08989331499509896,0.40451991747794536,0.85398649245344,0.31462660248284635
0.08762159086766469,0.39429715890449113,0.876215908676647,0.26286477260299407
0.085202864568461,0.38341289055807454,0.8946300779688405,0.21300716142115253
0.0826898230594723,0.3721042037676254,0.9095880536541953,0.1653796461189446
0.0801283080215004,0.3605773860967518,0.9214755422472545,0.12019246203225059
0.07755667343294813,0.3490050304482666,0.9306800811953776,0.07755667343294813
0.07500586006173493,0.3375263702778072,0.9375732507716865,0.037502930030867465
0.07249994335944138,0.32624974511748617,0.9424992636727378,0.0
0.07407407407407408,0.3703703703703704,0.0,0.9259259259259259
0.07664016652393474,0.3832008326196737,0.03832008326196737,0.9196819982872168
0.07924288517503274,0.3962144258751637,0.07924288517503274,0.9112931795128765
0.0818545509070058,0.409272754535029,0.1227818263605087,0.9004000599770638
0.08444006618414981,0.4222003309207491,0.16888013236829963,0.886620694933573
0.08695652173913045,0.4347826086956522,0.2173913043478261,0.8695652173913044
0.08935341032175408,0.44676705160877034,0.2680602309652622,0.8488573980566636
0.09157370929912602,0.4578685464956301,0.3205079825469411,0.8241633836921342
0.0935560539449976,0.467780269724988,0.3742242157799904,0.7952264585324795
0.09523809523809523,0.47619047619047616,0.42857142857142855,0.7619047619047619
0.09656090991705352,0.4828045495852676,0.4828045495852676,0.7242068243779014
0.09747403576571587,0.48737017882857936,0.5361071967114373,0.682318250360011
0.09794042137487835,0.48970210687439175,0.5876425282492701,0.6366127389367092
0.09794042137487835,0.48970210687439175,0.6366127389367092,0.5876425282492701
0.09747403576571587,0.48737017882857936,0.682318250360011,0.5361071967114373
0.09656090991705352,0.4828045495852676,0.7242068243779014,0.4828045495852676
0.09523809523809523,0.47619047619047616,0.7619047619047619,0.42857142857142855
0.0935560539449976,0.467780269724988,0.7952264585324795,0.3742242157799904
0.09157370929912602,0.4578685464956301,0.8241633836921342,0.3205079825469411
0.08935341032175405,0.4467670516087703,0.8488573980566634,0.26806023096526216
0.08695652173913043,0.43478260869565216,0.8695652173913043,0.21739130434782608
0.08444006618414981,0.4222003309207491,0.886620694933573,0.16888013236829963
0.0818545509070058,0.409272754535029,0.9004000599770638,0.1227818263605087
0.07924288517503274,0.3962144258751637,0.9112931795128765,0.07924288517503274
0.07664016652393474,0.3832008326196737,0.9196819982872168,0.03832008326196737
0.07407407407407408,0.3703703703703704,0.9259259259259259,0.0
0.0755389574600498,0.4154642660302739,0.0,0.9064674895205976
0.07814646651645636,0.42980556584051,0.03907323325822818,0.8986843649392481
0.08077923917220194,0.44428581544711065,0.08077923917220194,0.8885716308942213
0.0834057656228299,0.4587317109255645,0.12510864843424485,0.875760539039714
0.08598671607846956,0.47292693843158257,0.1719734321569391,0.8598671607846955
0.08847479104076177,0.48661135072418976,0.22118697760190442,0.8405105148872367
0.09081532183729996,0.49948427010514973,0.27244596551189987,0.8173378965356995
0.09294788246803462,0.5112133535741904,0.32531758863812116,0.7900570009782942
0.09480909262799544,0.521450009453975,0.3792363705119818,0.7584727410239636
0.09633661017181762,0.5298513559449969,0.4335147457731793,0.7225245762886321
0.09747403576571587,0.5361071967114373,0.48737017882857936,0.682318250360011
0.0981761387347632,0.5399687630411976,0.5399687630411976,0.6381449017759608
0.09841356626102457,0.5412746144356352,0.5904813975661475,0.5904813975661475
0.0981761387347632,0.5399687630411976,0.6381449017759608,0.5399687630411976
0.09747403576571587,0.5361071967114373,0.682318250360011,0.48737017882857936
0.09633661017181762,0.5298513559449969,0.7225245762886321,0.4335147457731793
0.09480909262799543,0.5214500094539749,0.7584727410239634,0.3792363705119817
0.09294788246803463,0.5112133535741905,0.7900570009782943,0.3253175886381212
0.09081532183729996,0.49948427010514973,0.8173378965356995,0.27244596551189987
0.08847479104076177,0.48661135072418976,0.8405105148872367,0.22118697760190442
0.08598671607846956,0.47292693843158257,0.8598671607846955,0.1719734321569391
0.0834057656228299,0.4587317109255645,0.875760539039714,0.12510864843424485
0.08077923917220194,0.44428581544711065,0.8885716308942213,0.08077923917220194
0.07814646651645636,0.42980556584051,0.8986843649392481,0.03907323325822818
0.0755389574600498,0.4154642660302739,0.9064674895205976,0.0
0.0768662442024088,0.46119746521445276,0.0,0.8839618083277011
0.07949286335171642,0.47695718011029853,0.03974643167585821,0.8744214968688807
0.08213015623531818,0.4927809374119091,0.08213015623531818,0.8623666404708409
0.08474271972140716,0.508456318328443,0.12711407958211074,0.8474271972140716
0.08728715609439697,0.5237229365663818,0.17457431218879393,0.8292279828967711
0.08971226080325133,0.5382735648195079,0.22428065200812833,0.807410347229262
0.09196009797434057,0.5517605878460434,0.2758802939230217,0.7816608327818949
0.09396819714698793,0.5638091828819275,0.32888869001445775,0.7517455771759034
0.09567297464698797,0.5740378478819279,0.3826918985879519,0.7175473098524098
0.09701425001453319,0.5820855000871992,0.4365641250653994,0.6790997501017324
0.09794042137487835,0.5876425282492701,0.48970210687439175,0.6366127389367092
0.09841356626102457,0.5904813975661475,0.5412746144356352,0.5904813975661475
0.09841356626102457,0.5904813975661475,0.5904813975661475,0.5412746144356352
0.09794042137487835,0.5876425282492701,0.6366127389367092,0.48970210687439175
0.09701425001453319,0.5820855000871992,0.6790997501017324,0.4365641250653994
0.09567297464698796,0.5740378478819278,0.7175473098524097,0.38269189858795183
0.09396819714698793,0.5638091828819275,0.7517455771759034,0.32888869001445775
0.09196009797434057,0.5517605878460434,0.7816608327818949,0.2758802939230217
0.08971226080325133,0.5382735648195079,0.807410347229262,0.22428065200812833
0.08728715609439697,0.5237229365663818,0.8292279828967711,0.17457431218879393
0.08474271972140716,0.508456318328443,0.8474271972140716,0.12711407958211074
0.08213015623531818,0.4927809374119091,0.8623666404708409,0.08213015623531818
0.07949286335171642,0.47695718011029853,0.8744214968688807,0.03974643167585821
0.0768662442024088,0.46119746521445276,0.8839618083277011,0.0
0.07802743146408705,0.5071783045165659,0.0,0.8583017461049576
0.08064778385455118,0.5242105950545827,0.04032389192727559,0.8468017304727874
0.08326108942436267,0.5411970812583573,0.08326108942436267,0.8326108942436267
0.08582821508457492,0.557883398049737,0.12874232262686236,0.8153680433034616
0.08830215713766959,0.5739640213948524,0.17660431427533918,0.7947194142390264
0.09062865088588876,0.5890862307582769,0.22657162721472188,0.7703435325300544
0.09274777915203365,0.6028605644882187,0.27824333745610097,0.7419822332162692
0.09459675396808043,0.6148789007925227,0.3310886388882815,0.7094756547606031
0.09611386626644254,0.6247401307318765,0.38445546506577016,0.6727970638650979
0.09724332766526303,0.6320816298242097,0.4375949744936836,0.6320816298242097
0.09794042137487835,0.6366127389367092,0.48970210687439175,0.5876425282492701
0.0981761387347632,0.6381449017759608,0.5399687630411976,0.5399687630411976
0.09794042137487835,0.6366127389367092,0.5876425282492701,0.48970210687439175
0.09724332766526304,0.6320816298242098,0.6320816298242098,0.43759497449368373
0.09611386626644254,0.6247401307318765,0.6727970638650979,0.38445546506577016
0.09459675396808043,0.6148789007925227,0.7094756547606031,0.3310886388882815
0.09274777915203365,0.6028605644882187,0.7419822332162692,0.27824333745610097
0.09062865088588876,0.5890862307582769,0.7703435325300544,0.22657162721472188
0.08830215713766959,0.5739640213948524,0.7947194142390264,0.17660431427533918
0.08582821508457492,0.557883398049737,0.8153680433034616,0.12874232262686236
0.08326108942436267,0.5411970812583573,0.8326108942436267,0.08326108942436267
0.08064778385455118,0.5242105950545827,0.8468017304727874,0.04032389192727559
0.07802743146408705,0.5071783045165659,0.8583017461049576,0.0
0.07899525055333644,0.552966753873355,0.0,0.8294501308100325
0.08158170164480041,0.5710719115136029,0.04079085082240021,0.8158170164480042
0.08414063238233425,0.5889844266763398,0.08414063238233425,0.7993360076321754
0.086629616364842,0.606407314553894,0.129944424547263,0.779666547283578
0.08899883189799697,0.6229918232859788,0.17799766379599394,0.7564900711329742
0.09119215051751063,0.6383450536225744,0.22798037629377657,0.729537204140085
0.09314928656652446,0.6520450059656713,0.2794478596995734,0.6986196492489335
0.09480909262799544,0.6636636483959681,0.33183182419798407,0.6636636483959681
0.09611386626644254,0.6727970638650979,0.38445546506577016,0.6247401307318765
0.09701425001453319,0.6790997501017324,0.4365641250653994,0.5820855000871992
0.09747403576571587,0.682318250360011,0.48737017882857936,0.5361071967114373
0.09747403576571587,0.682318250360011,0.5361071967114373,0.48737017882857936
0.09701425001453319,0.6790997501017324,0.5820855000871992,0.4365641250653994
0.09611386626644254,0.6727970638650979,0.6247401307318765,0.38445546506577016
0.09480909262799544,0.6636636483959681,0.6636636483959681,0.33183182419798407
0.09314928656652445,0.6520450059656712,0.6986196492489334,0.27944785969957336
0.09119215051751063,0.6383450536225744,0.729537204140085,0.22798037629377657
0.08899883189799697,0.6229918232859788,0.7564900711329742,0.17799766379599394
0.086629616364842,0.606407314553894,0.779666547283578,0.129944424547263
0.08414063238233425,0.5889844266763398,0.7993360076321754,0.08414063238233425
0.08158170164480041,0.5710719115136029,0.8158170164480042,0.04079085082240021
0.07899525055333644,0.552966753873355,0.8294501308100325,0.0
0.07974522228289,0.5980891671216749,0.0,0.7974522228288999
0.08226900697897271,0.6170175523422954,0.04113450348948636,0.7815555663002407
0.08474271972140716,0.6355703979105537,0.08474271972140716,0.7626844774926644
0.08712136837380643,0.6534102628035483,0.13068205256070964,0.7405316311773547
0.08935341032175405,0.6701505774131554,0.1787068206435081,0.7148272825740324
0.09138233247699076,0.6853674935774308,0.22845583119247692,0.6853674935774308
0.09314928656652446,0.6986196492489335,0.2794478596995734,0.6520450059656713
0.09459675396808043,0.7094756547606031,0.3310886388882815,0.6148789007925227
0.09567297464698797,0.7175473098524098,0.3826918985879519,0.5740378478819279
0.0963366101718176,0.722524576288632,0.4335147457731792,0.5298513559449968
0.09656090991705352,0.7242068243779014,0.4828045495852676,0.4828045495852676
0.09633661017181762,0.7225245762886321,0.5298513559449969,0.4335147457731793
0.09567297464698796,0.7175473098524097,0.5740378478819278,0.38269189858795183
0.09459675396808043,0.7094756547606031,0.6148789007925227,0.3310886388882815
0.09314928656652445,0.6986196492489334,0.6520450059656712,0.27944785969957336
0.09138233247699076,0.6853674935774308,0.6853674935774308,0.22845583119247692
0.08935341032175405,0.6701505774131554,0.7148272825740324,0.1787068206435081
0.08712136837380643,0.6534102628035483,0.7405316311773547,0.13068205256070964
0.08474271972140716,0.6355703979105537,0.7626844774926644,0.08474271972140716
0.08226900697897271,0.6170175523422954,0.7815555663002407,0.04113450348948636
0.07974522228289,0.5980891671216749,0.7974522228288999,0.0
0.0802572353905128,0.6420578831241024,0.0,0.7624437362098715
0.0826898230594723,0.6615185844757784,0.04134491152973615,0.7442084075352507
0.08504865111251245,0.6803892089000996,0.08504865111251245,0.7229135344563558
0.08728715609439695,0.6982972487551756,0.13093073414159542,0.6982972487551756
0.08935341032175405,0.7148272825740324,0.1787068206435081,0.6701505774131554
0.09119215051751063,0.729537204140085,0.22798037629377657,0.6383450536225744
0.09274777915203365,0.7419822332162692,0.27824333745610097,0.6028605644882187
0.09396819714698791,0.7517455771759033,0.32888869001445764,0.5638091828819274
0.09480909262799544,0.7584727410239636,0.3792363705119818,0.521450009453975
0.09523809523809523,0.7619047619047619,0.42857142857142855,0.47619047619047616
0.09523809523809523,0.7619047619047619,0.47619047619047616,0.42857142857142855
0.09480909262799543,0.7584727410239634,0.5214500094539749,0.3792363705119817
0.09396819714698793,0.7517455771759034,0.5638091828819275,0.32888869001445775
0.09274777915203365,0.7419822332162692,0.6028605644882187,0.27824333745610097
0.09119215051751063,0.729537204140085,0.6383450536225744,0.22798037629377657
0.08935341032175405,0.7148272825740324,0.6701505774131554,0.1787068206435081
0.08728715609439695,0.6982972487551756,0.6982972487551756,0.13093073414159542
0.08504865111251245,0.6803892089000996,0.7229135344563558,0.08504865111251245
0.0826898230594723,0.6615185844757784,0.7442084075352507,0.04134491152973615
0.0802572353905128,0.6420578831241024,0.7624437362098715,0.0
0.08051696822284746,0.6843942298942034,0.0,0.7246527140056271
0.08283153665625823,0.7040680615781949,0.04141576832812911,0.7040680615781949
0.08504865111251245,0.7229135344563558,0.08504865111251245,0.6803892089000996
0.08712136837380643,0.7405316311773547,0.13068205256070964,0.6534102628035483
0.08899883189799697,0.7564900711329742,0.17799766379599394,0.6229918232859788
0.09062865088588876,0.7703435325300544,0.22657162721472188,0.5890862307582769
0.09196009797434057,0.7816608327818949,0.2758802939230217,0.5517605878460434
0.09294788246803462,0.7900570009782942,0.32531758863812116,0.5112133535741904
0.0935560539449976,0.7952264585324795,0.3742242157799904,0.467780269724988
0.09376144618769909,0.7969722925954422,0.42192650784464586,0.42192650784464586
0.0935560539449976,0.7952264585324795,0.467780269724988,0.3742242157799904
0.09294788246803462,0.7900570009782942,0.5112133535741904,0.32531758863812116
0.09196009797434057,0.7816608327818949,0.5517605878460434,0.2758802939230217
0.09062865088588876,0.7703435325300544,0.5890862307582769,0.22657162721472188
0.08899883189799697,0.7564900711329742,0.6229918232859788,0.17799766379599394
0.08712136837380643,0.7405316311773547,0.6534102628035483,0.13068205256070964
0.08504865111251245,0.7229135344563558,0.6803892089000996,0.08504865111251245
0.08283153665625823,0.7040680615781949,0.7040680615781949,0.04141576832812911
0.08051696822284746,0.6843942298942034,0.7246527140056271,0.0
0.08051696822284746,0.7246527140056271,0.0,0.6843942298942034
0.0826898230594723,0.7442084075352507,0.04134491152973615,0.6615185844757784
0.08474271972140716,0.7626844774926644,0.08474271972140716,0.6355703979105537
0.086629616364842,0.779666547283578,0.129944424547263,0.606407314553894
0.08830215713766959,0.7947194142390264,0.17660431427533918,0.5739640213948524
0.08971226080325133,0.807410347229262,0.22428065200812833,0.5382735648195079
0.09081532183729996,0.8173378965356995,0.27244596551189987,0.49948427010514973
0.09157370929912602,0.8241633836921342,0.3205079825469411,0.4578685464956301
0.09196009797434057,0.8276408817690651,0.3678403918973623,0.41382044088453257
0.09196009797434057,0.8276408817690651,0.41382044088453257,0.3678403918973623
0.09157370929912602,0.8241633836921342,0.4578685464956301,0.3205079825469411
0.09081532183729996,0.8173378965356995,0.49948427010514973,0.27244596551189987
0.08971226080325133,0.807410347229262,0.5382735648195079,0.22428065200812833
0.08830215713766959,0.7947194142390264,0.5739640213948524,0.17660431427533918
0.086629616364842,0.779666547283578,0.606407314553894,0.129944424547263
0.08474271972140716,0.7626844774926644,0.6355703979105537,0.08474271972140716
0.0826898230594723,0.7442084075352507,0.6615185844757784,0.04134491152973615
0.08051696822284746,0.7246527140056271,0.6843942298942034,0.0
0.0802572353905128,0.7624437362098715,0.0,0.6420578831241024
0.08226900697897271,0.7815555663002407,0.04113450348948636,0.6170175523422954
0.08414063238233425,0.7993360076321754,0.08414063238233425,0.5889844266763398
0.08582821508457492,0.8153680433034616,0.12874232262686236,0.557883398049737
0.08728715609439697,0.8292279828967711,0.17457431218879393,0.5237229365663818
0.08847479104076177,0.8405105148872367,0.22118697760190442,0.48661135072418976
0.08935341032175405,0.8488573980566634,0.26806023096526216,0.4467670516087703
0.08989331499509895,0.8539864924534399,0.3146266024828463,0.40451991747794525
0.090075469822209,0.8557169633109855,0.360301879288836,0.360301879288836
0.08989331499509896,0.85398649245344,0.40451991747794536,0.31462660248284635
0.08935341032175405,0.8488573980566634,0.4467670516087703,0.26806023096526216
0.08847479104076177,0.8405105148872367,0.48661135072418976,0.22118697760190442
0.08728715609439697,0.8292279828967711,0.5237229365663818,0.17457431218879393
0.08582821508457492,0.8153680433034616,0.557883398049737,0.12874232262686236
0.08414063238233425,0.7993360076321754,0.5889844266763398,0.08414063238233425
0.08226900697897271,0.7815555663002407,0.6170175523422954,0.04113450348948636
0.0802572353905128,0.7624437362098715,0.6420578831241024,0.0
0.07974522228289,0.7974522228288999,0.0,0.5980891671216749
0.08158170164480041,0.8158170164480042,0.04079085082240021,0.5710719115136029
0.08326108942436267,0.8326108942436267,0.08326108942436267,0.5411970812583573
0.08474271972140716,0.8474271972140716,0.12711407958211074,0.508456318328443
0.08598671607846956,0.8598671607846955,0.1719734321569391,0.47292693843158257
0.08695652173913043,0.8695652173913043,0.21739130434782608,0.43478260869565216
0.08762159086766469,0.876215908676647,0.26286477260299407,0.39429715890449113
0.0879598994267085,0.879598994267085,0.30785964799347976,0.351839597706834
0.0879598994267085,0.879598994267085,0.351839597706834,0.30785964799347976
0.08762159086766469,0.876215908676647,0.39429715890449113,0.26286477260299407
0.08695652173913043,0.8695652173913043,0.43478260869565216,0.21739130434782608
0.08598671607846956,0.8598671607846955,0.47292693843158257,0.1719734321569391
0.08474271972140716,0.8474271972140716,0.508456318328443,0.12711407958211074
0.08326108942436267,0.8326108942436267,0.5411970812583573,0.08326108942436267
0.08158170164480041,0.8158170164480042,0.5710719115136029,0.04079085082240021
0.07974522228289,0.7974522228288999,0.5980891671216749,0.0
0.07899525055333644,0.8294501308100325,0.0,0.552966753873355
0.08064778385455118,0.8468017304727874,0.04032389192727559,0.5242105950545827
0.08213015623531818,0.8623666404708409,0.08213015623531818,0.4927809374119091
0.0834057656228299,0.875760539039714,0.12510864843424485,0.4587317109255645
0.08444006618414981,0.886620694933573,0.16888013236829963,0.4222003309207491
0.08520286456846099,0.8946300779688403,0.21300716142115247,0.3834128905580745
0.08567058737562387,0.8995411674440507,0.2570117621268716,0.3426823495024955
0.08582821508457492,0.9011962583880365,0.3003987527960122,0.3003987527960122
0.08567058737562386,0.8995411674440504,0.34268234950249543,0.2570117621268716
0.085202864568461,0.8946300779688405,0.38341289055807454,0.21300716142115253
0.08444006618414981,0.886620694933573,0.4222003309207491,0.16888013236829963
0.0834057656228299,0.875760539039714,0.4587317109255645,0.12510864843424485
0.08213015623531818,0.8623666404708409,0.4927809374119091,0.08213015623531818
0.08064778385455118,0.8468017304727874,0.5242105950545827,0.04032389192727559
0.07899525055333644,0.8294501308100325,0.552966753873355,0.0
0.07802743146408704,0.8583017461049575,0.0,0.5071783045165658
0.07949286335171642,0.8744214968688807,0.03974643167585821,0.47695718011029853
0.08077923917220194,0.8885716308942213,0.08077923917220194,0.44428581544711065
0.0818545509070058,0.9004000599770638,0.1227818263605087,0.409272754535029
0.0826898230594723,0.9095880536541953,0.1653796461189446,0.3721042037676254
0.08326108942436267,0.9158719836679893,0.20815272356090667,0.33304435769745067
0.08355119862887136,0.919063184917585,0.2506535958866141,0.29242919520104976
0.08355119862887136,0.919063184917585,0.29242919520104976,0.2506535958866141
0.08326108942436267,0.9158719836679893,0.33304435769745067,0.20815272356090667
0.0826898230594723,0.9095880536541953,0.3721042037676254,0.1653796461189446
0.0818545509070058,0.9004000599770638,0.409272754535029,0.1227818263605087
0.08077923917220194,0.8885716308942213,0.44428581544711065,0.08077923917220194
0.07949286335171642,0.8744214968688807,0.47695718011029853,0.03974643167585821
0.07802743146408704,0.8583017461049575,0.5071783045165658,0.0
0.0768662442024088,0.8839618083277011,0.0,0.46119746521445276
0.07814646651645636,0.8986843649392481,0.03907323325822818,0.42980556584051
0.07924288517503274,0.9112931795128765,0.07924288517503274,0.3962144258751637
0.0801283080215004,0.9214755422472545,0.12019246203225059,0.3605773860967518
0.08077923917220195,0.9289612504803224,0.1615584783444039,0.3231169566888078
0.08117749584681991,0.9335412022384288,0.20294373961704976,0.2841212354638697
0.08131156281817417,0.9350829724090028,0.2439346884545225,0.2439346884545225
0.08117749584681991,0.9335412022384288,0.2841212354638697,0.20294373961704976
0.08077923917220194,0.9289612504803222,0.32311695668880774,0.16155847834440387
0.0801283080215004,0.9214755422472545,0.3605773860967518,0.12019246203225059
0.07924288517503274,0.9112931795128765,0.3962144258751637,0.07924288517503274
0.07814646651645636,0.8986843649392481,0.42980556584051,0.03907323325822818
0.0768662442024088,0.8839618083277011,0.46119746521445276,0.0
0.0755389574600498,0.9064674895205976,0.0,0.4154642660302739
0.07664016652393474,0.9196819982872168,0.03832008326196737,0.3832008326196737
0.07755667343294813,0.9306800811953776,0.07755667343294813,0.3490050304482666
0.07826604801948324,0.9391925762337988,0.11739907202922485,0.31306419207793296
0.07874992309581579,0.9449990771497894,0.15749984619163157,0.2756247308353552
0.07899525055333642,0.9479430066400371,0.19748812638334107,0.23698575166000926
0.07899525055333642,0.9479430066400371,0.23698575166000926,0.19748812638334107
0.07874992309581579,0.9449990771497894,0.2756247308353552,0.15749984619163157
0.07826604801948324,0.9391925762337988,0.31306419207793296,0.11739907202922485
0.07755667343294813,0.9306800811953776,0.3490050304482666,0.07755667343294813
0.07664016652393474,0.9196819982872168,0.3832008326196737,0.03832008326196737
0.0755389574600498,0.9064674895205976,0.4154642660302739,0.0
0.07407407407407408,0.9259259259259259,0.0,0.3703703703703704
0.07500586006173493,0.9375732507716865,0.037502930030867465,0.3375263702778072
0.07575540190785703,0.9469425238482128,0.07575540190785703,0.3030216076314281
0.07630475937165157,0.9538094921456446,0.11445713905747737,0.26706665780078054
0.07664016652393474,0.9580020815491842,0.15328033304786948,0.22992049957180424
0.07675295564533363,0.9594119455666703,0.19188238911333408,0.19188238911333408
0.07664016652393474,0.9580020815491842,0.22992049957180424,0.15328033304786948
0.07630475937165157,0.9538094921456446,0.26706665780078054,0.11445713905747737
0.07575540190785703,0.9469425238482128,0.3030216076314281,0.07575540190785703
0.07500586006173493,0.9375732507716865,0.3375263702778072,0.037502930030867465
0.07407407407407408,0.9259259259259259,0.3703703703703704,0.0
0.07249994335944138,0.9424992636727378,0.0,0.32624974511748617
0.07327433054473118,0.9525662970815053,0.03663716527236559,0.2930973221789247
0.07387168551531177,0.9603319116990531,0.07387168551531177,0.2585508993035912
0.07427813527082074,0.9656157585206696,0.11141720290623111,0.22283440581246222
0.07448389227238586,0.9682905995410163,0.14896778454477172,0.18620973068096466
0.07448389227238586,0.9682905995410163,0.18620973068096466,0.14896778454477172
0.07427813527082074,0.9656157585206696,0.22283440581246222,0.11141720290623111
0.07387168551531177,0.9603319116990531,0.2585508993035912,0.07387168551531177
0.07327433054473118,0.9525662970815053,0.2930973221789247,0.03663716527236559
0.07249994335944138,0.9424992636727378,0.32624974511748617,0.0
0.07084363469758145,0.9563890684173496,0.0,0.2833745387903258
0.07147416898918632,0.9649012813540153,0.03573708449459316,0.25015959146215216
0.07193500012656064,0.9711225017085686,0.07193500012656064,0.21580500037968192
0.07221581446741189,0.9749134953100606,0.10832372170111784,0.18053953616852975
0.07231015260621873,0.9761870601839527,0.14462030521243746,0.14462030521243746
0.07221581446741189,0.9749134953100606,0.18053953616852975,0.10832372170111784
0.07193500012656064,0.9711225017085686,0.21580500037968192,0.07193500012656064
0.07147416898918632,0.9649012813540153,0.25015959146215216,0.03573708449459316
0.07084363469758145,0.9563890684173496,0.2833745387903258,0.0
0.06913011298202835,0.9678215817483969,0.0,0.24195539543709924
0.06963106238227915,0.974834873351908,0.03481553119113957,0.2088931871468374
0.06997114285413196,0.9795959999578474,0.06997114285413196,0.17492785713532988
0.07014306238318943,0.9820028733646521,0.10521459357478415,0.14028612476637886
0.07014306238318943,0.9820028733646521,0.14028612476637886,0.10521459357478415
0.06997114285413196,0.9795959999578474,0.17492785713532988,0.06997114285413196
0.06963106238227915,0.974834873351908,0.2088931871468374,0.03481553119113957
0.06913011298202835,0.9678215817483969,0.24195539543709924,0.0
0.06738171205292091,0.9770348247673533,0.0,0.20214513615876276
0.06776741475716971,0.9826275139789609,0.03388370737858486,0.1694185368929243
0.06800204009180459,0.9860295813311665,0.06800204009180459,0.13600408018360918
0.06808079175697976,0.9871714804762064,0.10212118763546964,0.10212118763546964
0.06800204009180459,0.9860295813311665,0.13600408018360918,0.06800204009180459
0.06776741475716971,0.9826275139789609,0.1694185368929243,0.03388370737858486
0.06738171205292091,0.9770348247673533,0.20214513615876276,0.0
0.06561787149247866,0.9842680723871801,0.0,0.16404467873119666
0.06590224063189366,0.9885336094784051,0.03295112031594683,0.13180448126378733
0.06604581866838265,0.9906872800257397,0.06604581866838265,0.09906872800257396
0.06604581866838265,0.9906872800257397,0.09906872800257396,0.06604581866838265
0.06590224063189366,0.9885336094784051,0.13180448126378733,0.03295112031594683
0.06561787149247866,0.9842680723871801,0.16404467873119666,0.0
0.0638550856814101,0.9897538280618564,0.0,0.1277101713628202
0.06405126152203486,0.9927945535915402,0.03202563076101743,0.09607689228305229
0.06411705636375015,0.9938143736381272,0.06411705636375015,0.06411705636375015
0.06405126152203486,0.9927945535915402,0.09607689228305229,0.03202563076101743
0.0638550856814101,0.9897538280618564,0.1277101713628202,0.0
0.06210700940445369,0.993712150471259,0.0,0.09316051410668054
0.062227139128705505,0.9956342260592881,0.031113569564352753,0.062227139128705505
0.062227139128705505,0.9956342260592881,0.062227139128705505,0.031113569564352753
0.06210700940445369,0.993712150471259,0.09316051410668054,0.0
0.060384667863916844,0.9963470197546278,0.0,0.060384667863916844
0.06043978852154995,0.9972565106055741,0.030219894260774975,0.030219894260774975
0.060384667863916844,0.9963470197546278,0.060384667863916844,0.0
0.05869672708837492,0.9978443605023736,0.0,0.02934836354418746
0.05869672708837492,0.9978443605023736,0.02934836354418746,0.0
0.05704979053851295,0.9983713344239766,0.0,0.0
0.08789381029635715,0.0,0.0,0.996129850025381
0.09049454661101425,0.0,0.030164848870338084,0.9954400127211568
0.09316051410668054,0.0,0.06210700940445369,0.993712150471259
0.09588041581508898,0.0,0.09588041581508898,0.9907642967559194
0.09863939238321438,0.0,0.13151918984428584,0.9863939238321437
0.101418510567422,0.0,0.16903085094570333,0.9803789354850793
0.10419430674707819,0.0,0.20838861349415638,0.9724801963060631
0.10693845086992787,0.0,0.24952305202983172,0.9624460578293508
0.10961761428628046,0.0,0.2923136380967479,0.9500193238144305
0.11219363880101486,0.0,0.3365809164030446,0.9349469900084572
0.11462410798513051,0.0,0.382080359950435,0.9169928638810441
0.11686340806974298,0.0,0.42849916292239093,0.8959527952013627
0.1188643277625491,0.0,0.4754573110501964,0.87167173692536
0.12058018065872113,0.0,0.5225141161877915,0.8440612646110478
0.12196734422726126,0.0,0.5691809397272192,0.8131156281817418
0.12298800925361818,0.0,0.6149400462680908,0.7789240586062484
0.12361284651454937,0.0,0.6592685147442633,0.7416770790872963
0.12382325151194941,0.0,0.7016650919010466,0.7016650919010466
0.12361284651454937,0.0,0.7416770790872963,0.6592685147442633
0.12298800925361818,0.0,0.7789240586062484,0.6149400462680908
0.12196734422726126,0.0,0.8131156281817418,0.5691809397272192
0.12058018065872113,0.0,0.8440612646110478,0.5225141161877915
0.1188643277625491,0.0,0.87167173692536,0.4754573110501964
0.11686340806974298,0.0,0.8959527952013627,0.42849916292239093
0.11462410798513051,0.0,0.9169928638810441,0.382080359950435
0.11219363880101486,0.0,0.9349469900084572,0.3365809164030446
0.10961761428628043,0.0,0.9500193238144304,0.2923136380967478
0.10693845086992787,0.0,0.9624460578293508,0.24952305202983172
0.10419430674707819,0.0,0.9724801963060631,0.20838861349415638
0.101418510567422,0.0,0.9803789354850793,0.16903085094570333
0.09863939238321438,0.0,0.9863939238321437,0.13151918984428584
0.09588041581508898,0.0,0.9907642967559194,0.09588041581508898
0.09316051410668054,0.0,0.993712150471259,0.06210700940445369
0.09049454661101425,0.0,0.9954400127211568,0.030164848870338084
0.08789381029635715,0.0,0.996129850025381,0.0
0.09049454661101425,0.030164848870338084,0.0,0.9954400127211568
0.09325048082403137,0.031083493608010458,0.031083493608010458,0.9946717954563347
0.09607689228305229,0.03202563076101743,0.06405126152203486,0.9927945535915402
0.09896086871310632,0.032986956237702106,0.09896086871310632,0.9896086871310632
0.10188534162169867,0.03396178054056622,0.13584712216226488,0.9848916356764204
0.10482848367219183,0.03494282789073061,0.17471413945365305,0.9783991809404571
0.10776318121606494,0.03592106040535498,0.2155263624321299,0.9698686309445844
0.11065666703449763,0.03688555567816588,0.2581988897471611,0.9590244476323128
0.11347042117083508,0.037823473723611695,0.30258778978889356,0.9455868430902923
0.11616046389935496,0.038720154633118314,0.34848139169806486,0.9292837111948397
0.11867816581938535,0.039559388606461784,0.3955938860646179,0.9098659379486209
0.12097167578182677,0.04032389192727559,0.4435628112000315,0.887125622400063
0.12298800925361818,0.04099600308453939,0.4919520370144727,0.8609160647753271
0.12467574523850743,0.04155858174616914,0.5402615627001989,0.8311716349233828
0.12598815766974242,0.0419960525565808,0.5879447357921312,0.7979249985750352
0.12688648033134406,0.042295493443781355,0.6344324016567203,0.7613188819880644
0.12734290799340264,0.04244763599780088,0.6791621759648141,0.721609811962615
0.12734290799340264,0.04244763599780088,0.721609811962615,0.6791621759648141
0.12688648033134406,0.042295493443781355,0.7613188819880644,0.6344324016567203
0.12598815766974242,0.0419960525565808,0.7979249985750352,0.5879447357921312
0.1246757452385074,0.04155858174616913,0.8311716349233826,0.5402615627001988
0.12298800925361818,0.04099600308453939,0.8609160647753271,0.4919520370144727
0.12097167578182677,0.04032389192727559,0.887125622400063,0.4435628112000315
0.11867816581938534,0.03955938860646178,0.9098659379486208,0.39559388606461776
0.11616046389935496,0.038720154633118314,0.9292837111948397,0.34848139169806486
0.11347042117083508,0.037823473723611695,0.9455868430902923,0.30258778978889356
0.11065666703449763,0.03688555567816588,0.9590244476323128,0.2581988897471611
0.10776318121606496,0.03592106040535499,0.9698686309445845,0.21552636243212991
0.10482848367219183,0.03494282789073061,0.9783991809404571,0.17471413945365305
0.10188534162169867,0.03396178054056622,0.9848916356764204,0.13584712216226488
0.09896086871310632,0.032986956237702106,0.9896086871310632,0.09896086871310632
0.09607689228305229,0.03202563076101743,0.9927945535915402,0.06405126152203486
0.09325048082403138,0.03108349360801046,0.9946717954563348,0.03108349360801046
0.09049454661101425,0.030164848870338084,0.9954400127211568,0.0
0.09316051410668054,0.06210700940445369,0.0,0.993712150471259
0.09607689228305229,0.06405126152203486,0.03202563076101743,0.9927945535915402
0.09906872800257396,0.06604581866838265,0.06604581866838265,0.9906872800257397
0.10212118763546964,0.06808079175697976,0.10212118763546964,0.9871714804762064
0.10521459357478415,0.07014306238318943,0.14028612476637886,0.9820028733646521
0.10832372170111784,0.07221581446741189,0.18053953616852975,0.9749134953100606
0.11141720290623111,0.07427813527082074,0.22283440581246222,0.9656157585206696
0.11445713905747737,0.07630475937165157,0.26706665780078054,0.9538094921456446
0.11739907202922485,0.07826604801948324,0.31306419207793296,0.9391925762337988
0.12019246203225059,0.0801283080215004,0.3605773860967518,0.9214755422472545
0.1227818263605087,0.0818545509070058,0.409272754535029,0.9004000599770638
0.12510864843424485,0.0834057656228299,0.4587317109255645,0.875760539039714
0.12711407958211074,0.08474271972140716,0.508456318328443,0.8474271972140716
0.12874232262686236,0.08582821508457492,0.557883398049737,0.8153680433034616
0.129944424547263,0.086629616364842,0.606407314553894,0.779666547283578
0.13068205256070964,0.08712136837380643,0.6534102628035483,0.7405316311773547
0.13093073414159542,0.08728715609439695,0.6982972487551756,0.6982972487551756
0.13068205256070964,0.08712136837380643,0.7405316311773547,0.6534102628035483
0.129944424547263,0.086629616364842,0.779666547283578,0.606407314553894
0.12874232262686236,0.08582821508457492,0.8153680433034616,0.557883398049737
0.12711407958211074,0.08474271972140716,0.8474271972140716,0.508456318328443
0.12510864843424485,0.0834057656228299,0.875760539039714,0.4587317109255645
0.1227818263605087,0.0818545509070058,0.9004000599770638,0.409272754535029
0.12019246203225059,0.0801283080215004,0.9214755422472545,0.3605773860967518
0.11739907202922485,0.07826604801948324,0.9391925762337988,0.31306419207793296
0.11445713905747737,0.07630475937165157,0.9538094921456446,0.26706665780078054
0.11141720290623112,0.07427813527082075,0.9656157585206697,0.22283440581246225
0.10832372170111784,0.07221581446741189,0.9749134953100606,0.18053953616852975
0.10521459357478415,0.07014306238318943,0.9820028733646521,0.14028612476637886
0.10212118763546964,0.06808079175697976,0.9871714804762064,0.10212118763546964
0.09906872800257396,0.06604581866838265,0.9906872800257397,0.06604581866838265
0.09607689228305229,0.06405126152203486,0.9927945535915402,0.03202563076101743
0.09316051410668054,0.06210700940445369,0.993712150471259,0.0
0.09588041581508898,0.09588041581508898,0.0,0.9907642967559194
0.09896086871310632,0.09896086871310632,0.032986956237702106,0.9896086871310632
0.10212118763546964,0.10212118763546964,0.06808079175697976,0.9871714804762064
0.10534424808309355,0.10534424808309355,0.10534424808309355,0.9832129821088731
0.10860729213839948,0.10860729213839948,0.1448097228511993,0.9774656292455952
0.11188112109423023,0.11188112109423023,0.1864685351570504,0.9696363828166621
0.11512943346800045,0.11512943346800045,0.2302588669360009,0.9594119455666703
0.11830845100876486,0.11830845100876486,0.27605305235378463,0.9464676080701189
0.12136700910941024,0.12136700910941024,0.323645357625094,0.9304804031721452
0.12424730498438734,0.12424730498438734,0.372741914953162,0.9111469032188405
0.1268864803313441,0.1268864803313441,0.4229549344378136,0.8882053623194085
0.12921914767618442,0.12921914767618442,0.4738035414793429,0.8614609845078961
0.13118084083398782,0.13118084083398782,0.5247233633359513,0.8308119919485895
0.13271218656114264,0.13271218656114264,0.5750861417649514,0.7962731193668559
0.13376338862031295,0.13376338862031295,0.6242291468947937,0.7579925355151067
0.13429844431075358,0.13429844431075358,0.6714922215537679,0.7162583696573525
0.13429844431075358,0.13429844431075358,0.7162583696573525,0.6714922215537679
0.13376338862031295,0.13376338862031295,0.7579925355151067,0.6242291468947937
0.13271218656114264,0.13271218656114264,0.7962731193668559,0.5750861417649514
0.13118084083398782,0.13118084083398782,0.8308119919485895,0.5247233633359513
0.12921914767618442,0.12921914767618442,0.8614609845078961,0.4738035414793429
0.1268864803313441,0.1268864803313441,0.8882053623194085,0.4229549344378136
0.12424730498438734,0.12424730498438734,0.9111469032188405,0.372741914953162
0.12136700910941024,0.12136700910941024,0.9304804031721452,0.323645357625094
0.11830845100876486,0.11830845100876486,0.9464676080701189,0.27605305235378463
0.11512943346800045,0.11512943346800045,0.9594119455666703,0.2302588669360009
0.11188112109423022,0.11188112109423022,0.969636382816662,0.18646853515705036
0.10860729213839948,0.10860729213839948,0.9774656292455952,0.1448097228511993
0.10534424808309355,0.10534424808309355,0.9832129821088731,0.10534424808309355
0.10212118763546964,0.10212118763546964,0.9871714804762064,0.06808079175697976
0.09896086871310632,0.09896086871310632,0.9896086871310632,0.032986956237702106
0.09588041581508898,0.09588041581508898,0.9907642967559194,0.0
0.09863939238321438,0.13151918984428584,0.0,0.9863939238321437
0.10188534162169867,0.13584712216226488,0.03396178054056622,0.9848916356764204
0.10521459357478415,0.14028612476637886,0.07014306238318943,0.9820028733646521
0.10860729213839948,0.1448097228511993,0.10860729213839948,0.9774656292455952
0.11203705304599067,0.1493827373946542,0.1493827373946542,0.9709877930652525
0.11547005383792516,0.15396007178390023,0.19245008972987526,0.9622504486493763
0.1188643277625491,0.15848577035006545,0.2377286555250982,0.9509146221003928
0.12216944435630524,0.16289259247507365,0.2850620368313789,0.9366324067316735
0.12532679794330706,0.16710239725774273,0.33420479451548546,0.919063184917585
0.12827073744270384,0.17102764992360514,0.3848122123281115,0.8978951620989268
0.13093073414159542,0.1745743121887939,0.4364357804719847,0.8728715609439694
0.13323467750529827,0.17764623667373103,0.4885271508527603,0.8438196242002223
0.13511320473331348,0.18015093964441797,0.5404528189332539,0.8106792283998809
0.13650472655798704,0.18200630207731602,0.5915204817512771,0.7735267838285932
0.13736056394868904,0.18314741859825204,0.6410159650938821,0.7325896743930082
0.13764944032233709,0.18353258709644943,0.6882472016116854,0.6882472016116854
0.13736056394868904,0.18314741859825204,0.7325896743930082,0.6410159650938821
0.13650472655798704,0.18200630207731602,0.7735267838285932,0.5915204817512771
0.1351132047333135,0.180150939644418,0.810679228399881,0.540452818933254
0.13323467750529827,0.17764623667373103,0.8438196242002223,0.4885271508527603
0.13093073414159542,0.1745743121887939,0.8728715609439694,0.4364357804719847
0.12827073744270384,0.17102764992360514,0.8978951620989268,0.3848122123281115
0.12532679794330706,0.16710239725774273,0.919063184917585,0.33420479451548546
0.12216944435630524,0.16289259247507365,0.9366324067316735,0.2850620368313789
0.1188643277625491,0.15848577035006545,0.9509146221003928,0.2377286555250982
0.11547005383792516,0.15396007178390023,0.9622504486493763,0.19245008972987526
0.11203705304599067,0.1493827373946542,0.9709877930652525,0.1493827373946542
0.10860729213839948,0.1448097228511993,0.9774656292455952,0.10860729213839948
0.10521459357478415,0.14028612476637886,0.9820028733646521,0.07014306238318943
0.10188534162169867,0.13584712216226488,0.9848916356764204,0.03396178054056622
0.09863939238321438,0.13151918984428584,0.9863939238321437,0.0
0.101418510567422,0.16903085094570333,0.0,0.9803789354850793
0.10482848367219183,0.17471413945365305,0.03494282789073061,0.9783991809404571
0.10832372170111784,0.18053953616852975,0.07221581446741189,0.9749134953100606
0.11188112109423023,0.1864685351570504,0.11188112109423023,0.9696363828166621
0.11547005383792516,0.19245008972987526,0.15396007178390023,0.9622504486493763
0.11905136851988175,0.19841894753313624,0.19841894753313624,0.952410948159054
0.12257667696681554,0.20429446161135922,0.24515335393363108,0.9397545234122524
0.12598815766974242,0.20998026278290402,0.2939723678960656,0.9239131562447777
0.12921914767618442,0.21536524612697402,0.3445843938031585,0.9045340337332909
0.13219579477176954,0.22032632461961588,0.3965873843153086,0.8813052984784635
0.13483997249264845,0.2247332874877474,0.4494665749754948,0.85398649245344
0.13707349871548616,0.22845583119247692,0.5026028286234492,0.8224409922929169
0.13882344401482424,0.23137240669137374,0.555293776059297,0.7866661827506707
0.14002800840280097,0.2333800140046683,0.6067880364121375,0.7468160448149385
0.14064216928154863,0.2344036154692477,0.6563301233138936,0.7032108464077431
0.14064216928154863,0.2344036154692477,0.7032108464077431,0.6563301233138936
0.140028008402801,0.23338001400466832,0.7468160448149387,0.6067880364121376
0.13882344401482424,0.23137240669137374,0.7866661827506707,0.555293776059297
0.13707349871548616,0.22845583119247692,0.8224409922929169,0.5026028286234492
0.13483997249264842,0.22473328748774737,0.8539864924534399,0.44946657497549475
0.13219579477176954,0.22032632461961588,0.8813052984784635,0.3965873843153086
0.12921914767618442,0.21536524612697402,0.9045340337332909,0.3445843938031585
0.1259881576697424,0.209980262782904,0.9239131562447775,0.29397236789606557
0.12257667696681554,0.20429446161135922,0.9397545234122524,0.24515335393363108
0.11905136851988175,0.19841894753313624,0.952410948159054,0.19841894753313624
0.11547005383792516,0.19245008972987526,0.9622504486493763,0.15396007178390023
0.11188112109423023,0.1864685351570504,0.9696363828166621,0.11188112109423023
0.10832372170111784,0.18053953616852975,0.9749134953100606,0.07221581446741189
0.10482848367219183,0.17471413945365305,0.9783991809404571,0.03494282789073061
0.101418510567422,0.16903085094570333,0.9803789354850793,0.0
0.10419430674707819,0.20838861349415638,0.0,0.9724801963060631
0.10776318121606494,0.2155263624321299,0.03592106040535498,0.9698686309445844
0.11141720290623111,0.22283440581246222,0.07427813527082074,0.9656157585206696
0.11512943346800045,0.2302588669360009,0.11512943346800045,0.9594119455666703
0.1188643277625491,0.2377286555250982,0.15848577035006545,0.9509146221003928
0.12257667696681554,0.24515335393363108,0.20429446161135922,0.9397545234122524
0.12621094857350137,0.25242189714700275,0.25242189714700275,0.9255469562056767
0.1297013103501351,0.2594026207002702,0.3026363908169819,0.9079091724509456
0.13297266215338088,0.26594532430676177,0.354593765742349,0.8864844143558726
0.13594297632883312,0.27188595265766624,0.4078289289864994,0.8609721834159431
0.13852712896188304,0.2770542579237661,0.46175709653961017,0.8311627737712983
0.14064216928154863,0.28128433856309726,0.515687954032345,0.7969722925954422
0.14221363894199318,0.28442727788398636,0.5688545557679727,0.7584727410239636
0.1431821879710043,0.2863643759420086,0.620456147874352,0.7159109398550215
0.14350946197048198,0.28701892394096395,0.6697108225289158,0.6697108225289158
0.1431821879710043,0.2863643759420086,0.7159109398550215,0.620456147874352
0.14221363894199318,0.28442727788398636,0.7584727410239636,0.5688545557679727
0.14064216928154863,0.28128433856309726,0.7969722925954422,0.515687954032345
0.13852712896188304,0.2770542579237661,0.8311627737712983,0.46175709653961017
0.13594297632883312,0.27188595265766624,0.8609721834159431,0.4078289289864994
0.13297266215338088,0.26594532430676177,0.8864844143558726,0.354593765742349
0.12970131035013507,0.25940262070027015,0.9079091724509454,0.30263639081698185
0.12621094857350137,0.25242189714700275,0.9255469562056767,0.25242189714700275
0.12257667696681554,0.24515335393363108,0.9397545234122524,0.20429446161135922
0.1188643277625491,0.2377286555250982,0.9509146221003928,0.15848577035006545
0.11512943346800045,0.2302588669360009,0.9594119455666703,0.11512943346800045
0.11141720290623111,0.22283440581246222,0.9656157585206696,0.07427813527082074
0.10776318121606496,0.21552636243212991,0.9698686309445845,0.03592106040535499
0.10419430674707819,0.20838861349415638,0.9724801963060631,0.0
0.10693845086992787,0.24952305202983172,0.0,0.9624460578293508
0.11065666703449763,0.2581988897471611,0.03688555567816588,0.9590244476323128
0.11445713905747737,0.26706665780078054,0.07630475937165157,0.9538094921456446
0.11830845100876486,0.27605305235378463,0.11830845100876486,0.9464676080701189
0.12216944435630524,0.2850620368313789,0.16289259247507365,0.9366324067316735
0.12598815766974242,0.2939723678960656,0.20998026278290402,0.9239131562447777
0.1297013103501351,0.3026363908169819,0.2594026207002702,0.9079091724509456
0.13323467750529827,0.3108809141790293,0.3108809141790293,0.888231183368655
0.13650472655798704,0.31851102863530306,0.36401260415463205,0.864529934867251
0.13942182370205192,0.32531758863812116,0.41826547110615575,0.8365309422123115
0.14189513095212064,0.3310886388882815,0.47298376984040214,0.8040724087286836
0.14383899044561524,0.33562431103976886,0.5274096316339225,0.7671412823766146
0.14518017554874818,0.3387537429470791,0.5807207021949927,0.7259008777437409
0.14586499149789459,0.3403516468284207,0.6320816298242098,0.6807032936568413
0.14586499149789459,0.3403516468284207,0.6807032936568413,0.6320816298242098
0.14518017554874818,0.3387537429470791,0.7259008777437409,0.5807207021949927
0.14383899044561524,0.33562431103976886,0.7671412823766146,0.5274096316339225
0.14189513095212064,0.3310886388882815,0.8040724087286836,0.47298376984040214
0.13942182370205192,0.32531758863812116,0.8365309422123115,0.41826547110615575
0.13650472655798704,0.31851102863530306,0.864529934867251,0.36401260415463205
0.13323467750529824,0.31088091417902924,0.8882311833686549,0.31088091417902924
0.12970131035013507,0.30263639081698185,0.9079091724509454,0.25940262070027015
0.1259881576697424,0.29397236789606557,0.9239131562447775,0.209980262782904
0.12216944435630524,0.2850620368313789,0.9366324067316735,0.16289259247507365
0.11830845100876486,0.27605305235378463,0.9464676080701189,0.11830845100876486
0.11445713905747737,0.26706665780078054,0.9538094921456446,0.07630475937165157
0.11065666703449763,0.2581988897471611,0.9590244476323128,0.03688555567816588
0.10693845086992787,0.24952305202983172,0.9624460578293508,0.0
0.10961761428628046,0.2923136380967479,0.0,0.9500193238144305
0.11347042117083508,0.30258778978889356,0.037823473723611695,0.9455868430902923
0.11739907202922485,0.31306419207793296,0.07826604801948324,0.9391925762337988
0.12136700910941024,0.323645357625094,0.12136700910941024,0.9304804031721452
0.12532679794330706,0.33420479451548546,0.16710239725774273,0.919063184917585
0.12921914767618442,0.3445843938031585,0.21536524612697402,0.9045340337332909
0.13297266215338088,0.354593765742349,0.26594532430676177,0.8864844143558726
0.13650472655798704,0.36401260415463205,0.31851102863530306,0.864529934867251
0.1397239298497867,0.37259714626609786,0.37259714626609786,0.8383435790987203
0.14253430144367396,0.38009147051646386,0.4276029043310218,0.8076943748474857
0.14484136487558028,0.38624363966821407,0.4828045495852676,0.7724872793364281
0.14655959062380947,0.39082557499682524,0.5373851656206347,0.7327979531190473
0.14762034939153687,0.3936542650440983,0.5904813975661475,0.6888949638271721
0.14797908710009705,0.39461089893359214,0.6412427107670872,0.6412427107670872
0.14762034939153687,0.3936542650440983,0.6888949638271721,0.5904813975661475
0.14655959062380947,0.39082557499682524,0.7327979531190473,0.5373851656206347
0.14484136487558028,0.38624363966821407,0.7724872793364281,0.4828045495852676
0.14253430144367396,0.38009147051646386,0.8076943748474857,0.4276029043310218
0.1397239298497867,0.37259714626609786,0.8383435790987203,0.37259714626609786
0.13650472655798704,0.36401260415463205,0.864529934867251,0.31851102863530306
0.13297266215338088,0.354593765742349,0.8864844143558726,0.26594532430676177
0.12921914767618442,0.3445843938031585,0.9045340337332909,0.21536524612697402
0.12532679794330706,0.33420479451548546,0.919063184917585,0.16710239725774273
0.12136700910941024,0.323645357625094,0.9304804031721452,0.12136700910941024
0.11739907202922484,0.3130641920779329,0.9391925762337987,0.07826604801948323
0.11347042117083508,0.30258778978889356,0.9455868430902923,0.037823473723611695
0.10961761428628046,0.2923136380967479,0.9500193238144305,0.0
0.11219363880101486,0.3365809164030446,0.0,0.9349469900084572
0.11616046389935496,0.34848139169806486,0.038720154633118314,0.9292837111948397
0.12019246203225059,0.3605773860967518,0.0801283080215004,0.9214755422472545
0.12424730498438732,0.37274191495316195,0.12424730498438732,0.9111469032188404
0.12827073744270384,0.3848122123281115,0.17102764992360514,0.8978951620989268
0.13219579477176954,0.3965873843153086,0.22032632461961588,0.8813052984784635
0.13594297632883312,0.4078289289864994,0.27188595265766624,0.8609721834159431
0.13942182370205192,0.41826547110615575,0.32531758863812116,0.8365309422123115
0.14253430144367396,0.4276029043310218,0.38009147051646386,0.8076943748474857
0.14518017554874815,0.4355405266462445,0.4355405266462445,0.7742942695933235
0.1472642081021448,0.4417926243064344,0.490880693673816,0.736321040510724
0.1487044791289829,0.44611343738694875,0.5452497568062707,0.6939542359352536
0.14944064441601537,0.4483219332480461,0.5977625776640615,0.6475761258027333
0.14944064441601537,0.4483219332480461,0.6475761258027333,0.5977625776640615
0.1487044791289829,0.44611343738694875,0.6939542359352536,0.5452497568062707
0.1472642081021448,0.4417926243064344,0.736321040510724,0.490880693673816
0.14518017554874815,0.4355405266462445,0.7742942695933235,0.4355405266462445
0.14253430144367396,0.4276029043310218,0.8076943748474857,0.38009147051646386
0.13942182370205194,0.41826547110615586,0.8365309422123117,0.3253175886381212
0.13594297632883312,0.4078289289864994,0.8609721834159431,0.27188595265766624
0.13219579477176951,0.39658738431530854,0.8813052984784634,0.22032632461961585
0.12827073744270384,0.3848122123281115,0.8978951620989268,0.17102764992360514
0.12424730498438734,0.372741914953162,0.9111469032188405,0.12424730498438734
0.12019246203225058,0.3605773860967517,0.9214755422472544,0.08012830802150038
0.11616046389935496,0.34848139169806486,0.9292837111948397,0.038720154633118314
0.11219363880101486,0.3365809164030446,0.9349469900084572,0.0
0.11462410798513051,0.382080359950435,0.0,0.9169928638810441
0.11867816581938534,0.39559388606461776,0.03955938860646178,0.9098659379486208
0.1227818263605087,0.409272754535029,0.0818545509070058,0.9004000599770638
0.1268864803313441,0.4229549344378136,0.1268864803313441,0.8882053623194085
0.13093073414159542,0.4364357804719847,0.1745743121887939,0.8728715609439694
0.13483997249264842,0.44946657497549475,0.22473328748774737,0.8539864924534399
0.13852712896188304,0.46175709653961017,0.2770542579237661,0.8311627737712983
0.14189513095212064,0.47298376984040214,0.3310886388882815,0.8040724087286836
0.14484136487558028,0.4828045495852676,0.38624363966821407,0.7724872793364281
0.1472642081021448,0.490880693673816,0.4417926243064344,0.736321040510724
0.14907119849998599,0.49690399499995325,0.49690399499995325,0.6956655929999346
0.15018785229652765,0.5006261743217588,0.5506887917539347,0.6508140266182865
0.1505656839685487,0.5018856132284957,0.6022627358741948,0.6022627358741948
0.15018785229652765,0.5006261743217588,0.6508140266182865,0.5506887917539347
0.14907119849998599,0.49690399499995325,0.6956655929999346,0.49690399499995325
0.1472642081021448,0.490880693673816,0.736321040510724,0.4417926243064344
0.14484136487558028,0.4828045495852676,0.7724872793364281,0.38624363966821407
0.14189513095212064,0.47298376984040214,0.8040724087286836,0.3310886388882815
0.13852712896188304,0.46175709653961017,0.8311627737712983,0.2770542579237661
0.13483997249264845,0.4494665749754948,0.85398649245344,0.2247332874877474
0.13093073414159542,0.4364357804719847,0.8728715609439694,0.1745743121887939
0.1268864803313441,0.4229549344378136,0.8882053623194085,0.1268864803313441
0.1227818263605087,0.409272754535029,0.9004000599770638,0.0818545509070058
0.11867816581938535,0.3955938860646179,0.9098659379486209,0.039559388606461784
0.11462410798513051,0.382080359950435,0.9169928638810441,0.0
0.11686340806974298,0.42849916292239093,0.0,0.8959527952013627
0.12097167578182677,0.4435628112000315,0.04032389192727559,0.887125622400063
0.12510864843424485,0.4587317109255645,0.0834057656228299,0.875760539039714
0.12921914767618442,0.4738035414793429,0.12921914767618442,0.8614609845078961
0.13323467750529827,0.4885271508527603,0.17764623667373103,0.8438196242002223
0.13707349871548616,0.5026028286234492,0.22845583119247692,0.8224409922929169
0.14064216928154863,0.515687954032345,0.28128433856309726,0.7969722925954422
0.14383899044561524,0.5274096316339225,0.33562431103976886,0.7671412823766146
0.14655959062380947,0.5373851656206347,0.39082557499682524,0.7327979531190473
0.1487044791289829,0.5452497568062707,0.44611343738694875,0.6939542359352536
0.15018785229652765,0.5506887917539347,0.5006261743217588,0.6508140266182865
0.15094638162798826,0.5534700659692903,0.5534700659692903,0.603785526511953
0.15094638162798826,0.5534700659692903,0.603785526511953,0.5534700659692903
0.15018785229652765,0.5506887917539347,0.6508140266182865,0.5006261743217588
0.1487044791289829,0.5452497568062707,0.6939542359352536,0.44611343738694875
0.14655959062380944,0.5373851656206345,0.7327979531190472,0.39082557499682513
0.14383899044561524,0.5274096316339225,0.7671412823766146,0.33562431103976886
0.14064216928154863,0.515687954032345,0.7969722925954422,0.28128433856309726
0.13707349871548616,0.5026028286234492,0.8224409922929169,0.22845583119247692
0.13323467750529827,0.4885271508527603,0.8438196242002223,0.17764623667373103
0.12921914767618442,0.4738035414793429,0.8614609845078961,0.12921914767618442
0.12510864843424485,0.4587317109255645,0.875760539039714,0.0834057656228299
0.12097167578182677,0.4435628112000315,0.887125622400063,0.04032389192727559
0.11686340806974298,0.42849916292239093,0.8959527952013627,0.0
0.1188643277625491,0.4754573110501964,0.0,0.87167173692536
0.12298800925361818,0.4919520370144727,0.04099600308453939,0.8609160647753271
0.12711407958211074,0.508456318328443,0.08474271972140716,0.8474271972140716
0.13118084083398782,0.5247233633359513,0.13118084083398782,0.8308119919485895
0.13511320473331348,0.5404528189332539,0.18015093964441797,0.8106792283998809
0.13882344401482424,0.555293776059297,0.23137240669137374,0.7866661827506707
0.14221363894199318,0.5688545557679727,0.28442727788398636,0.7584727410239636
0.14518017554874818,0.5807207021949927,0.3387537429470791,0.7259008777437409
0.14762034939153687,0.5904813975661475,0.3936542650440983,0.6888949638271721
0.14944064441601537,0.5977625776640615,0.4483219332480461,0.6475761258027333
0.1505656839685487,0.6022627358741948,0.5018856132284957,0.6022627358741948
0.15094638162798826,0.603785526511953,0.5534700659692903,0.5534700659692903
0.1505656839685487,0.6022627358741948,0.6022627358741948,0.5018856132284957
0.14944064441601537,0.5977625776640615,0.6475761258027333,0.4483219332480461
0.14762034939153687,0.5904813975661475,0.6888949638271721,0.3936542650440983
0.14518017554874818,0.5807207021949927,0.7259008777437409,0.3387537429470791
0.14221363894199318,0.5688545557679727,0.7584727410239636,0.28442727788398636
0.13882344401482424,0.555293776059297,0.7866661827506707,0.23137240669137374
0.13511320473331348,0.5404528189332539,0.8106792283998809,0.18015093964441797
0.13118084083398782,0.5247233633359513,0.8308119919485895,0.13118084083398782
0.12711407958211074,0.508456318328443,0.8474271972140716,0.08474271972140716
0.12298800925361818,0.4919520370144727,0.8609160647753271,0.04099600308453939
0.1188643277625491,0.4754573110501964,0.87167173692536,0.0
0.12058018065872113,0.5225141161877915,0.0,0.8440612646110478
0.12467574523850743,0.5402615627001989,0.04155858174616914,0.8311716349233828
0.12874232262686236,0.557883398049737,0.08582821508457492,0.8153680433034616
0.13271218656114264,0.5750861417649514,0.13271218656114264,0.7962731193668559
0.13650472655798704,0.5915204817512771,0.18200630207731602,0.7735267838285932
0.14002800840280097,0.6067880364121375,0.2333800140046683,0.7468160448149385
0.1431821879710043,0.620456147874352,0.2863643759420086,0.7159109398550215
0.14586499149789459,0.6320816298242098,0.3403516468284207,0.6807032936568413
0.14797908710009705,0.6412427107670872,0.39461089893359214,0.6412427107670872
0.14944064441601537,0.6475761258027333,0.4483219332480461,0.5977625776640615
0.15018785229652765,0.6508140266182865,0.5006261743217588,0.5506887917539347
0.15018785229652765,0.6508140266182865,0.5506887917539347,0.5006261743217588
0.14944064441601537,0.6475761258027333,0.5977625776640615,0.4483219332480461
0.14797908710009702,0.641242710767087,0.641242710767087,0.394610898933592
0.14586499149789459,0.6320816298242098,0.6807032936568413,0.3403516468284207
0.1431821879710043,0.620456147874352,0.7159109398550215,0.2863643759420086
0.14002800840280097,0.6067880364121375,0.7468160448149385,0.2333800140046683
0.13650472655798704,0.5915204817512771,0.7735267838285932,0.18200630207731602
0.13271218656114264,0.5750861417649514,0.7962731193668559,0.13271218656114264
0.12874232262686236,0.557883398049737,0.8153680433034616,0.08582821508457492
0.12467574523850743,0.5402615627001989,0.8311716349233828,0.04155858174616914
0.12058018065872113,0.5225141161877915,0.8440612646110478,0.0
0.12196734422726126,0.5691809397272192,0.0,0.8131156281817418
0.12598815766974242,0.5879447357921312,0.0419960525565808,0.7979249985750352
0.129944424547263,0.606407314553894,0.086629616364842,0.779666547283578
0.13376338862031295,0.6242291468947937,0.13376338862031295,0.7579925355151067
0.13736056394868904,0.6410159650938821,0.18314741859825204,0.7325896743930082
0.14064216928154863,0.6563301233138936,0.2344036154692477,0.7032108464077431
0.14350946197048198,0.6697108225289158,0.28701892394096395,0.6697108225289158
0.14586499149789459,0.6807032936568413,0.3403516468284207,0.6320816298242098
0.14762034939153687,0.6888949638271721,0.3936542650440983,0.5904813975661475
0.1487044791289829,0.6939542359352536,0.44611343738694875,0.5452497568062707
0.14907119849998599,0.6956655929999346,0.49690399499995325,0.49690399499995325
0.1487044791289829,0.6939542359352536,0.5452497568062707,0.44611343738694875
0.14762034939153687,0.6888949638271721,0.5904813975661475,0.3936542650440983
0.14586499149789459,0.6807032936568413,0.6320816298242098,0.3403516468284207
0.14350946197048198,0.6697108225289158,0.6697108225289158,0.28701892394096395
0.14064216928154863,0.6563301233138936,0.7032108464077431,0.2344036154692477
0.13736056394868904,0.6410159650938821,0.7325896743930082,0.18314741859825204
0.13376338862031295,0.6242291468947937,0.7579925355151067,0.13376338862031295
0.129944424547263,0.606407314553894,0.779666547283578,0.086629616364842
0.12598815766974245,0.5879447357921314,0.7979249985750353,0.04199605255658081
0.12196734422726126,0.5691809397272192,0.8131156281817418,0.0
0.12298800925361818,0.6149400462680908,0.0,0.7789240586062484
0.12688648033134406,0.6344324016567203,0.042295493443781355,0.7613188819880644
0.13068205256070964,0.6534102628035483,0.08712136837380643,0.7405316311773547
0.13429844431075358,0.6714922215537679,0.13429844431075358,0.7162583696573525
0.13764944032233709,0.6882472016116854,0.18353258709644943,0.6882472016116854
0.14064216928154863,0.7032108464077431,0.2344036154692477,0.6563301233138936
0.1431821879710043,0.7159109398550215,0.2863643759420086,0.620456147874352
0.14518017554874818,0.7259008777437409,0.3387537429470791,0.5807207021949927
0.14655959062380947,0.7327979531190473,0.39082557499682524,0.5373851656206347
0.1472642081021448,0.736321040510724,0.4417926243064344,0.490880693673816
0.1472642081021448,0.736321040510724,0.490880693673816,0.4417926243064344
0.14655959062380947,0.7327979531190473,0.5373851656206347,0.39082557499682524
0.14518017554874818,0.7259008777437409,0.5807207021949927,0.3387537429470791
0.1431821879710043,0.7159109398550215,0.620456147874352,0.2863643759420086
0.14064216928154863,0.7032108464077431,0.6563301233138936,0.2344036154692477
0.13764944032233709,0.6882472016116854,0.6882472016116854,0.18353258709644943
0.13429844431075358,0.6714922215537679,0.7162583696573525,0.13429844431075358
0.13068205256070964,0.6534102628035483,0.7405316311773547,0.08712136837380643
0.1268864803313441,0.6344324016567204,0.7613188819880645,0.04229549344378136
0.12298800925361818,0.6149400462680908,0.7789240586062484,0.0
0.12361284651454937,0.6592685147442633,0.0,0.7416770790872963
0.12734290799340264,0.6791621759648141,0.04244763599780088,0.721609811962615
0.13093073414159542,0.6982972487551756,0.08728715609439695,0.6982972487551756
0.13429844431075358,0.7162583696573525,0.13429844431075358,0.6714922215537679
0.13736056394868904,0.7325896743930082,0.18314741859825204,0.6410159650938821
0.140028008402801,0.7468160448149387,0.23338001400466832,0.6067880364121376
0.14221363894199318,0.7584727410239636,0.28442727788398636,0.5688545557679727
0.14383899044561524,0.7671412823766146,0.33562431103976886,0.5274096316339225
0.14484136487558028,0.7724872793364281,0.38624363966821407,0.4828045495852676
0.14518017554874818,0.7742942695933237,0.4355405266462446,0.4355405266462446
0.14484136487558028,0.7724872793364281,0.4828045495852676,0.38624363966821407
0.14383899044561524,0.7671412823766146,0.5274096316339225,0.33562431103976886
0.14221363894199318,0.7584727410239636,0.5688545557679727,0.28442727788398636
0.14002800840280097,0.7468160448149385,0.6067880364121375,0.2333800140046683
0.13736056394868904,0.7325896743930082,0.6410159650938821,0.18314741859825204
0.13429844431075358,0.7162583696573525,0.6714922215537679,0.13429844431075358
0.13093073414159542,0.6982972487551756,0.6982972487551756,0.08728715609439695
0.12734290799340267,0.6791621759648142,0.7216098119626151,0.04244763599780089
0.12361284651454937,0.6592685147442633,0.7416770790872963,0.0
0.12382325151194941,0.7016650919010466,0.0,0.7016650919010466
0.12734290799340264,0.721609811962615,0.04244763599780088,0.6791621759648141
0.13068205256070964,0.7405316311773547,0.08712136837380643,0.6534102628035483
0.13376338862031295,0.7579925355151067,0.13376338862031295,0.6242291468947937
0.13650472655798704,0.7735267838285932,0.18200630207731602,0.5915204817512771
0.13882344401482424,0.7866661827506707,0.23137240669137374,0.555293776059297
0.14064216928154863,0.7969722925954422,0.28128433856309726,0.515687954032345
0.14189513095212064,0.8040724087286836,0.3310886388882815,0.47298376984040214
0.142534301443674,0.8076943748474859,0.3800914705164639,0.42760290433102194
0.14253430144367396,0.8076943748474857,0.4276029043310218,0.38009147051646386
0.14189513095212064,0.8040724087286836,0.47298376984040214,0.3310886388882815
0.14064216928154863,0.7969722925954422,0.515687954032345,0.28128433856309726
0.13882344401482427,0.7866661827506709,0.5552937760592971,0.2313724066913738
0.13650472655798704,0.7735267838285932,0.5915204817512771,0.18200630207731602
0.13376338862031295,0.7579925355151067,0.6242291468947937,0.13376338862031295
0.13068205256070964,0.7405316311773547,0.6534102628035483,0.08712136837380643
0.12734290799340267,0.7216098119626151,0.6791621759648142,0.04244763599780089
0.12382325151194941,0.7016650919010466,0.7016650919010466,0.0
0.12361284651454937,0.7416770790872963,0.0,0.6592685147442633
0.12688648033134406,0.7613188819880644,0.042295493443781355,0.6344324016567203
0.129944424547263,0.779666547283578,0.086629616364842,0.606407314553894
0.13271218656114264,0.7962731193668559,0.13271218656114264,0.5750861417649514
0.1351132047333135,0.810679228399881,0.180150939644418,0.540452818933254
0.13707349871548616,0.8224409922929169,0.22845583119247692,0.5026028286234492
0.13852712896188304,0.8311627737712983,0.2770542579237661,0.46175709653961017
0.13942182370205192,0.8365309422123115,0.32531758863812116,0.41826547110615575
0.1397239298497867,0.8383435790987203,0.37259714626609786,0.37259714626609786
0.13942182370205194,0.8365309422123117,0.41826547110615586,0.3253175886381212
0.13852712896188304,0.8311627737712983,0.46175709653961017,0.2770542579237661
0.13707349871548616,0.8224409922929169,0.5026028286234492,0.22845583119247692
0.1351132047333135,0.810679228399881,0.540452818933254,0.180150939644418
0.13271218656114264,0.7962731193668559,0.5750861417649514,0.13271218656114264
0.129944424547263,0.779666547283578,0.606407314553894,0.086629616364842
0.1268864803313441,0.7613188819880645,0.6344324016567204,0.04229549344378136
0.12361284651454937,0.7416770790872963,0.6592685147442633,0.0
0.12298800925361818,0.7789240586062484,0.0,0.6149400462680908
0.12598815766974245,0.7979249985750353,0.04199605255658081,0.5879447357921314
0.12874232262686236,0.8153680433034616,0.08582821508457492,0.557883398049737
0.13118084083398782,0.8308119919485895,0.13118084083398782,0.5247233633359513
0.13323467750529827,0.8438196242002223,0.17764623667373103,0.4885271508527603
0.13483997249264845,0.85398649245344,0.2247332874877474,0.4494665749754948
0.13594297632883312,0.8609721834159431,0.27188595265766624,0.4078289289864994
0.13650472655798704,0.864529934867251,0.31851102863530306,0.36401260415463205
0.13650472655798707,0.8645299348672513,0.36401260415463216,0.3185110286353031
0.13594297632883312,0.8609721834159431,0.4078289289864994,0.27188595265766624
0.13483997249264845,0.85398649245344,0.4494665749754948,0.2247332874877474
0.13323467750529827,0.8438196242002223,0.4885271508527603,0.17764623667373103
0.13118084083398782,0.8308119919485895,0.5247233633359513,0.13118084083398782
0.12874232262686236,0.8153680433034616,0.557883398049737,0.08582821508457492
0.12598815766974245,0.7979249985750353,0.5879447357921314,0.04199605255658081
0.12298800925361818,0.7789240586062484,0.6149400462680908,0.0
0.12196734422726126,0.8131156281817418,0.0,0.5691809397272192
0.12467574523850743,0.8311716349233828,0.04155858174616914,0.5402615627001989
0.12711407958211074,0.8474271972140716,0.08474271972140716,0.508456318328443
0.12921914767618442,0.8614609845078961,0.12921914767618442,0.4738035414793429
0.13093073414159542,0.8728715609439694,0.1745743121887939,0.4364357804719847
0.13219579477176954,0.8813052984784635,0.22032632461961588,0.3965873843153086
0.13297266215338088,0.8864844143558726,0.26594532430676177,0.354593765742349
0.13323467750529827,0.888231183368655,0.3108809141790293,0.3108809141790293
0.13297266215338088,0.8864844143558726,0.354593765742349,0.26594532430676177
0.13219579477176954,0.8813052984784635,0.3965873843153086,0.22032632461961588
0.13093073414159542,0.8728715609439694,0.4364357804719847,0.1745743121887939
0.12921914767618442,0.8614609845078961,0.4738035414793429,0.12921914767618442
0.12711407958211074,0.8474271972140716,0.508456318328443,0.08474271972140716
0.12467574523850743,0.8311716349233828,0.5402615627001989,0.04155858174616914
0.12196734422726126,0.8131156281817418,0.5691809397272192,0.0
0.12058018065872113,0.8440612646110478,0.0,0.5225141161877915
0.12298800925361818,0.8609160647753271,0.04099600308453939,0.4919520370144727
0.12510864843424485,0.875760539039714,0.0834057656228299,0.4587317109255645
0.1268864803313441,0.8882053623194085,0.1268864803313441,0.4229549344378136
0.12827073744270384,0.8978951620989268,0.17102764992360514,0.3848122123281115
0.12921914767618442,0.9045340337332909,0.21536524612697402,0.3445843938031585
0.12970131035013507,0.9079091724509454,0.25940262070027015,0.30263639081698185
0.1297013103501351,0.9079091724509456,0.3026363908169819,0.2594026207002702
0.12921914767618442,0.9045340337332909,0.3445843938031585,0.21536524612697402
0.12827073744270384,0.8978951620989268,0.3848122123281115,0.17102764992360514
0.1268864803313441,0.8882053623194085,0.4229549344378136,0.1268864803313441
0.12510864843424485,0.875760539039714,0.4587317109255645,0.0834057656228299
0.12298800925361818,0.8609160647753271,0.4919520370144727,0.04099600308453939
0.12058018065872113,0.8440612646110478,0.5225141161877915,0.0
0.1188643277625491,0.87167173692536,0.0,0.4754573110501964
0.12097167578182677,0.887125622400063,0.04032389192727559,0.4435628112000315
0.1227818263605087,0.9004000599770638,0.0818545509070058,0.409272754535029
0.12424730498438734,0.9111469032188405,0.12424730498438734,0.372741914953162
0.12532679794330706,0.919063184917585,0.16710239725774273,0.33420479451548546
0.12598815766974242,0.9239131562447777,0.20998026278290402,0.2939723678960656
0.12621094857350137,0.9255469562056767,0.25242189714700275,0.25242189714700275
0.1259881576697424,0.9239131562447775,0.29397236789606557,0.209980262782904
0.12532679794330706,0.919063184917585,0.33420479451548546,0.16710239725774273
0.12424730498438734,0.9111469032188405,0.372741914953162,0.12424730498438734
0.1227818263605087,0.9004000599770638,0.409272754535029,0.0818545509070058
0.12097167578182677,0.887125622400063,0.4435628112000315,0.04032389192727559
0.1188643277625491,0.87167173692536,0.4754573110501964,0.0
0.11686340806974298,0.8959527952013627,0.0,0.42849916292239093
0.11867816581938535,0.9098659379486209,0.039559388606461784,0.3955938860646179
0.12019246203225059,0.9214755422472545,0.0801283080215004,0.3605773860967518
0.12136700910941024,0.9304804031721452,0.12136700910941024,0.323645357625094
0.12216944435630524,0.9366324067316735,0.16289259247507365,0.2850620368313789
0.12257667696681554,0.9397545234122524,0.20429446161135922,0.24515335393363108
0.12257667696681554,0.9397545234122524,0.24515335393363108,0.20429446161135922
0.12216944435630524,0.9366324067316735,0.2850620368313789,0.16289259247507365
0.12136700910941024,0.9304804031721452,0.323645357625094,0.12136700910941024
0.12019246203225059,0.9214755422472545,0.3605773860967518,0.0801283080215004
0.11867816581938535,0.9098659379486209,0.3955938860646179,0.039559388606461784
0.11686340806974298,0.8959527952013627,0.42849916292239093,0.0
0.11462410798513051,0.9169928638810441,0.0,0.382080359950435
0.11616046389935496,0.9292837111948397,0.038720154633118314,0.34848139169806486
0.11739907202922485,0.9391925762337988,0.07826604801948324,0.31306419207793296
0.11830845100876486,0.9464676080701189,0.11830845100876486,0.27605305235378463
0.1188643277625491,0.9509146221003928,0.15848577035006545,0.2377286555250982
0.11905136851988175,0.952410948159054,0.19841894753313624,0.19841894753313624
0.1188643277625491,0.9509146221003928,0.2377286555250982,0.15848577035006545
0.11830845100876486,0.9464676080701189,0.27605305235378463,0.11830845100876486
0.11739907202922485,0.9391925762337988,0.31306419207793296,0.07826604801948324
0.11616046389935496,0.9292837111948397,0.34848139169806486,0.038720154633118314
0.11462410798513051,0.9169928638810441,0.382080359950435,0.0
0.11219363880101486,0.9349469900084572,0.0,0.3365809164030446
0.11347042117083508,0.9455868430902923,0.037823473723611695,0.30258778978889356
0.11445713905747737,0.9538094921456446,0.07630475937165157,0.26706665780078054
0.11512943346800045,0.9594119455666703,0.11512943346800045,0.2302588669360009
0.11547005383792516,0.9622504486493763,0.15396007178390023,0.19245008972987526
0.11547005383792516,0.9622504486493763,0.19245008972987526,0.15396007178390023
0.11512943346800045,0.9594119455666703,0.2302588669360009,0.11512943346800045
0.11445713905747737,0.9538094921456446,0.26706665780078054,0.07630475937165157
0.11347042117083508,0.9455868430902923,0.30258778978889356,0.037823473723611695
0.11219363880101486,0.9349469900084572,0.3365809164030446,0.0
0.10961761428628043,0.9500193238144304,0.0,0.2923136380967478
0.11065666703449763,0.9590244476323128,0.03688555567816588,0.2581988897471611
0.11141720290623111,0.9656157585206696,0.07427813527082074,0.22283440581246222
0.11188112109423022,0.969636382816662,0.11188112109423022,0.18646853515705036
0.11203705304599065,0.9709877930652523,0.1493827373946542,0.1493827373946542
0.11188112109423022,0.969636382816662,0.18646853515705036,0.11188112109423022
0.11141720290623111,0.9656157585206696,0.22283440581246222,0.07427813527082074
0.11065666703449763,0.9590244476323128,0.2581988897471611,0.03688555567816588
0.10961761428628043,0.9500193238144304,0.2923136380967478,0.0
0.10693845086992787,0.9624460578293508,0.0,0.24952305202983172
0.10776318121606496,0.9698686309445845,0.03592106040535499,0.21552636243212991
0.10832372170111784,0.9749134953100606,0.07221581446741189,0.18053953616852975
0.10860729213839948,0.9774656292455952,0.10860729213839948,0.1448097228511993
0.10860729213839948,0.9774656292455952,0.1448097228511993,0.10860729213839948
0.10832372170111784,0.9749134953100606,0.18053953616852975,0.07221581446741189
0.10776318121606496,0.9698686309445845,0.21552636243212991,0.03592106040535499
0.10693845086992787,0.9624460578293508,0.24952305202983172,0.0
0.10419430674707819,0.9724801963060631,0.0,0.20838861349415638
0.10482848367219183,0.9783991809404571,0.03494282789073061,0.17471413945365305
0.10521459357478415,0.9820028733646521,0.07014306238318943,0.14028612476637886
0.10534424808309355,0.9832129821088731,0.10534424808309355,0.10534424808309355
0.10521459357478415,0.9820028733646521,0.14028612476637886,0.07014306238318943
0.10482848367219183,0.9783991809404571,0.17471413945365305,0.03494282789073061
0.10419430674707819,0.9724801963060631,0.20838861349415638,0.0
0.101418510567422,0.9803789354850793,0.0,0.16903085094570333
0.10188534162169867,0.9848916356764204,0.03396178054056622,0.13584712216226488
0.10212118763546964,0.9871714804762064,0.06808079175697976,0.10212118763546964
0.10212118763546964,0.9871714804762064,0.10212118763546964,0.06808079175697976
0.10188534162169867,0.9848916356764204,0.13584712216226488,0.03396178054056622
0.101418510567422,0.9803789354850793,0.16903085094570333,0.0
0.09863939238321438,0.9863939238321437,0.0,0.13151918984428584
0.09896086871310632,0.9896086871310632,0.032986956237702106,0.09896086871310632
0.09906872800257396,0.9906872800257397,0.06604581866838265,0.06604581866838265
0.09896086871310632,0.9896086871310632,0.09896086871310632,0.032986956237702106
0.09863939238321438,0.9863939238321437,0.13151918984428584,0.0
0.09588041581508898,0.9907642967559194,0.0,0.09588041581508898
0.09607689228305229,0.9927945535915402,0.03202563076101743,0.06405126152203486
0.09607689228305229,0.9927945535915402,0.06405126152203486,0.03202563076101743
0.09588041581508898,0.9907642967559194,0.09588041581508898,0.0
0.09316051410668054,0.993712150471259,0.0,0.06210700940445369
0.09325048082403138,0.9946717954563348,0.03108349360801046,0.03108349360801046
0.09316051410668054,0.993712150471259,0.06210700940445369,0.0
0.09049454661101425,0.9954400127211568,0.0,0.030164848870338084
0.09049454661101425,0.9954400127211568,0.030164848870338084,0.0
0.08789381029635715,0.996129850025381,0.0,0.0
0.12033136751923737,0.0,0.0,0.9927337820337082
0.12397514547474872,0.0,0.03099378636868718,0.9918011637979898
0.1277101713628202,0.0,0.0638550856814101,0.9897538280618564
0.13151918984428584,0.0,0.09863939238321438,0.9863939238321437
0.13537948868448255,0.0,0.13537948868448255,0.9815012929624983
0.1392621247645583,0.0,0.17407765595569785,0.974834873351908
0.14313125339290264,0.0,0.21469688008935398,0.9661359604020927
0.14694367167412903,0.0,0.2571514254297258,0.9551338658818386
0.1506487154309419,0.0,0.3012974308618838,0.9415544714433868
0.15418866889833993,0.0,0.3469245050212649,0.9251320133900397
0.15749984619163157,0.0,0.3937496154790789,0.9056241156018814
0.1605144707810256,0.0,0.4414147946478204,0.8828295892956408
0.16316340328960083,0.0,0.48949020986880254,0.8566078672704043
0.1653796461189446,0.0,0.5374838498865699,0.826898230594723
0.16710239725774276,0.0,0.5848583904020996,0.7937363869742781
0.16828126476466848,0.0,0.6310547428675068,0.7572656914410082
0.16888013236829963,0.0,0.6755205294731985,0.7177405625652734
0.16888013236829963,0.0,0.7177405625652734,0.6755205294731985
0.16828126476466848,0.0,0.7572656914410082,0.6310547428675068
0.16710239725774276,0.0,0.7937363869742781,0.5848583904020996
0.1653796461189446,0.0,0.826898230594723,0.5374838498865699
0.16316340328960083,0.0,0.8566078672704043,0.48949020986880254
0.1605144707810256,0.0,0.8828295892956408,0.4414147946478204
0.15749984619163157,0.0,0.9056241156018814,0.3937496154790789
0.15418866889833993,0.0,0.9251320133900397,0.3469245050212649
0.1506487154309419,0.0,0.9415544714433868,0.3012974308618838
0.14694367167412903,0.0,0.9551338658818386,0.2571514254297258
0.14313125339290264,0.0,0.9661359604020927,0.21469688008935398
0.13926212476455826,0.0,0.9748348733519078,0.17407765595569782
0.13537948868448255,0.0,0.9815012929624983,0.13537948868448255
0.13151918984428584,0.0,0.9863939238321437,0.09863939238321438
0.1277101713628202,0.0,0.9897538280618564,0.0638550856814101
0.12397514547474872,0.0,0.9918011637979898,0.03099378636868718
0.12033136751923737,0.0,0.9927337820337082,0.0
0.12397514547474872,0.03099378636868718,0.0,0.9918011637979898
0.12784055442011863,0.03196013860502966,0.03196013860502966,0.9907642967559194
0.13180448126378733,0.03295112031594683,0.06590224063189366,0.9885336094784051
0.13584712216226488,0.03396178054056622,0.10188534162169867,0.9848916356764204
0.13994228570826392,0.03498557142706598,0.13994228570826392,0.9795959999578474
0.14405648121312395,0.03601412030328099,0.18007060151640494,0.9723812481885865
0.14814814814814814,0.037037037037037035,0.2222222222222222,0.9629629629629629
0.1521671713817067,0.03804179284542668,0.26629254991798673,0.9510448211356669
0.1560548629281741,0.03901371573204353,0.3121097258563482,0.9363291775690445
0.15974461276617435,0.03993615319154359,0.3594253787238923,0.9185315234055025
0.16316340328960083,0.04079085082240021,0.4079085082240021,0.8973987180928046
0.16623432698467655,0.04155858174616914,0.45714439920786054,0.8727302166695519
0.16888013236829963,0.04222003309207491,0.5066403971048989,0.8444006618414982
0.17102764992360514,0.042756912480901285,0.5558398622517167,0.8123813371371242
0.17261274080084124,0.04315318520021031,0.6041445928029443,0.7767573336037856
0.1735852146410985,0.043396303660274624,0.6509445549041193,0.7377371622246686
0.17391304347826086,0.043478260869565216,0.6956521739130435,0.6956521739130435
0.1735852146410985,0.043396303660274624,0.7377371622246686,0.6509445549041193
0.17261274080084124,0.04315318520021031,0.7767573336037856,0.6041445928029443
0.17102764992360514,0.042756912480901285,0.8123813371371242,0.5558398622517167
0.16888013236829963,0.04222003309207491,0.8444006618414982,0.5066403971048989
0.16623432698467655,0.04155858174616914,0.8727302166695519,0.45714439920786054
0.16316340328960083,0.04079085082240021,0.8973987180928046,0.4079085082240021
0.15974461276617435,0.03993615319154359,0.9185315234055025,0.3594253787238923
0.1560548629281741,0.03901371573204353,0.9363291775690445,0.3121097258563482
0.1521671713817067,0.03804179284542668,0.9510448211356669,0.26629254991798673
0.14814814814814817,0.03703703703703704,0.962962962962963,0.22222222222222224
0.14405648121312395,0.03601412030328099,0.9723812481885865,0.18007060151640494
0.13994228570826392,0.03498557142706598,0.9795959999578474,0.13994228570826392
0.13584712216226488,0.03396178054056622,0.9848916356764204,0.10188534162169867
0.13180448126378733,0.03295112031594683,0.9885336094784051,0.06590224063189366
0.12784055442011863,0.03196013860502966,0.9907642967559194,0.03196013860502966
0.12397514547474872,0.03099378636868718,0.9918011637979898,0.0
0.1277101713628202,0.0638550856814101,0.0,0.9897538280618564
0.13180448126378733,0.06590224063189366,0.03295112031594683,0.9885336094784051
0.13600408018360918,0.06800204009180459,0.06800204009180459,0.9860295813311665
0.14028612476637886,0.07014306238318943,0.10521459357478415,0.9820028733646521
0.14462030521243746,0.07231015260621873,0.14462030521243746,0.9761870601839528
0.14896778454477172,0.07448389227238586,0.18620973068096466,0.9682905995410163
0.15328033304786948,0.07664016652393474,0.22992049957180424,0.9580020815491842
0.15749984619163157,0.07874992309581579,0.2756247308353552,0.9449990771497894
0.16155847834440387,0.08077923917220194,0.32311695668880774,0.9289612504803222
0.1653796461189446,0.0826898230594723,0.3721042037676254,0.9095880536541953
0.16888013236829963,0.08444006618414981,0.4222003309207491,0.886620694933573
0.1719734321569391,0.08598671607846956,0.47292693843158257,0.8598671607846955
0.17457431218879393,0.08728715609439697,0.5237229365663818,0.8292279828967711
0.17660431427533918,0.08830215713766959,0.5739640213948524,0.7947194142390264
0.17799766379599394,0.08899883189799697,0.6229918232859788,0.7564900711329742
0.1787068206435081,0.08935341032175405,0.6701505774131554,0.7148272825740324
0.1787068206435081,0.08935341032175405,0.7148272825740324,0.6701505774131554
0.17799766379599394,0.08899883189799697,0.7564900711329742,0.6229918232859788
0.17660431427533918,0.08830215713766959,0.7947194142390264,0.5739640213948524
0.17457431218879393,0.08728715609439697,0.8292279828967711,0.5237229365663818
0.1719734321569391,0.08598671607846956,0.8598671607846955,0.47292693843158257
0.16888013236829963,0.08444006618414981,0.886620694933573,0.4222003309207491
0.1653796461189446,0.0826898230594723,0.9095880536541953,0.3721042037676254
0.1615584783444039,0.08077923917220195,0.9289612504803224,0.3231169566888078
0.15749984619163157,0.07874992309581579,0.9449990771497894,0.2756247308353552
0.15328033304786948,0.07664016652393474,0.9580020815491842,0.22992049957180424
0.14896778454477172,0.07448389227238586,0.9682905995410163,0.18620973068096466
0.14462030521243746,0.07231015260621873,0.9761870601839527,0.14462030521243746
0.14028612476637886,0.07014306238318943,0.9820028733646521,0.10521459357478415
0.13600408018360918,0.06800204009180459,0.9860295813311665,0.06800204009180459
0.13180448126378733,0.06590224063189366,0.9885336094784051,0.03295112031594683
0.1277101713628202,0.0638550856814101,0.9897538280618564,0.0
0.13151918984428584,0.09863939238321438,0.0,0.9863939238321437
0.13584712216226488,0.10188534162169867,0.03396178054056622,0.9848916356764204
0.14028612476637886,0.10521459357478415,0.07014306238318943,0.9820028733646521
0.1448097228511993,0.10860729213839948,0.10860729213839948,0.9774656292455952
0.1493827373946542,0.11203705304599067,0.1493827373946542,0.9709877930652525
0.15396007178390023,0.11547005383792516,0.19245008972987526,0.9622504486493763
0.15848577035006545,0.1188643277625491,0.2377286555250982,0.9509146221003928
0.16289259247507365,0.12216944435630524,0.2850620368313789,0.9366324067316735
0.16710239725774273,0.12532679794330706,0.33420479451548546,0.919063184917585
0.17102764992360514,0.12827073744270384,0.3848122123281115,0.8978951620989268
0.1745743121887939,0.13093073414159542,0.4364357804719847,0.8728715609439694
0.17764623667373103,0.13323467750529827,0.4885271508527603,0.8438196242002223
0.18015093964441797,0.13511320473331348,0.5404528189332539,0.8106792283998809
0.18200630207731602,0.13650472655798704,0.5915204817512771,0.7735267838285932
0.18314741859825204,0.13736056394868904,0.6410159650938821,0.7325896743930082
0.18353258709644943,0.13764944032233709,0.6882472016116854,0.6882472016116854
0.18314741859825204,0.13736056394868904,0.7325896743930082,0.6410159650938821
0.18200630207731602,0.13650472655798704,0.7735267838285932,0.5915204817512771
0.180150939644418,0.1351132047333135,0.810679228399881,0.540452818933254
0.17764623667373103,0.13323467750529827,0.8438196242002223,0.4885271508527603
0.1745743121887939,0.13093073414159542,0.8728715609439694,0.4364357804719847
0.17102764992360514,0.12827073744270384,0.8978951620989268,0.3848122123281115
0.16710239725774273,0.12532679794330706,0.919063184917585,0.33420479451548546
0.16289259247507365,0.12216944435630524,0.9366324067316735,0.2850620368313789
0.15848577035006545,0.1188643277625491,0.9509146221003928,0.2377286555250982
0.15396007178390023,0.11547005383792516,0.9622504486493763,0.19245008972987526
0.1493827373946542,0.11203705304599067,0.9709877930652525,0.1493827373946542
0.1448097228511993,0.10860729213839948,0.9774656292455952,0.10860729213839948
0.14028612476637886,0.10521459357478415,0.9820028733646521,0.07014306238318943
0.13584712216226488,0.10188534162169867,0.9848916356764204,0.03396178054056622
0.13151918984428584,0.09863939238321438,0.9863939238321437,0.0
0.13537948868448255,0.13537948868448255,0.0,0.9815012929624983
0.13994228570826392,0.13994228570826392,0.03498557142706598,0.9795959999578474
0.14462030521243746,0.14462030521243746,0.07231015260621873,0.9761870601839528
0.1493827373946542,0.1493827373946542,0.11203705304599067,0.9709877930652525
0.15418866889833996,0.15418866889833996,0.15418866889833996,0.9636791806146247
0.15898572670343283,0.15898572670343283,0.19873215837929106,0.9539143602205971
0.16370910181401163,0.16370910181401163,0.24556365272101743,0.9413273354305668
0.16828126476466848,0.16828126476466848,0.2944922133381699,0.9255469562056767
0.17261274080084124,0.17261274080084124,0.3452254816016825,0.9062168892044165
0.17660431427533918,0.17660431427533918,0.3973597071195132,0.8830215713766959
0.180150939644418,0.180150939644418,0.45037734911104504,0.8557169633109855
0.18314741859825204,0.18314741859825204,0.5036554011451931,0.8241633836921342
0.1854955583040673,0.1854955583040673,0.5564866749122019,0.7883561227922861
0.1871121078899952,0.1871121078899952,0.6081143506424844,0.7484484315599808
0.18793639429397585,0.18793639429397585,0.6577773800289155,0.7047614786024095
0.18793639429397585,0.18793639429397585,0.7047614786024095,0.6577773800289155
0.1871121078899952,0.1871121078899952,0.7484484315599808,0.6081143506424844
0.1854955583040673,0.1854955583040673,0.7883561227922861,0.5564866749122019
0.18314741859825204,0.18314741859825204,0.8241633836921342,0.5036554011451931
0.180150939644418,0.180150939644418,0.8557169633109855,0.45037734911104504
0.17660431427533918,0.17660431427533918,0.8830215713766959,0.3973597071195132
0.17261274080084124,0.17261274080084124,0.9062168892044165,0.3452254816016825
0.16828126476466848,0.16828126476466848,0.9255469562056767,0.2944922133381699
0.16370910181401163,0.16370910181401163,0.9413273354305668,0.24556365272101743
0.15898572670343283,0.15898572670343283,0.9539143602205971,0.19873215837929106
0.15418866889833996,0.15418866889833996,0.9636791806146247,0.15418866889833996
0.1493827373946542,0.1493827373946542,0.9709877930652525,0.11203705304599067
0.14462030521243746,0.14462030521243746,0.9761870601839528,0.07231015260621873
0.13994228570826392,0.13994228570826392,0.9795959999578475,0.03498557142706598
0.13537948868448255,0.13537948868448255,0.9815012929624983,0.0
0.1392621247645583,0.17407765595569785,0.0,0.974834873351908
0.14405648121312395,0.18007060151640494,0.03601412030328099,0.9723812481885865
0.14896778454477172,0.18620973068096466,0.07448389227238586,0.9682905995410163
0.15396007178390023,0.19245008972987526,0.11547005383792516,0.9622504486493763
0.15898572670343283,0.19873215837929106,0.15898572670343283,0.9539143602205971
0.16398401233815757,0.20498001542269695,0.20498001542269695,0.9429080709444059
0.16888013236829963,0.21110016546037455,0.25332019855244947,0.928840728025648
0.1735852146410985,0.2169815183013731,0.30377412562192235,0.911322376865767
0.17799766379599394,0.22249707974499242,0.3559953275919879,0.8899883189799697
0.18200630207731602,0.22750787759664504,0.4095141796739611,0.864529934867251
0.1854955583040673,0.23186944788008412,0.46373889576016825,0.8347300123683028
0.18835264373920443,0.23544080467400555,0.5179697702828122,0.8004987358916189
0.19047619047619047,0.23809523809523808,0.5714285714285714,0.7619047619047619
0.19178532059415365,0.23973165074269207,0.6233022919309994,0.7191949522280762
0.19222773253288508,0.24028466566610637,0.6727970638650979,0.6727970638650979
0.19178532059415365,0.23973165074269207,0.7191949522280762,0.6233022919309994
0.19047619047619047,0.23809523809523808,0.7619047619047619,0.5714285714285714
0.18835264373920443,0.23544080467400555,0.8004987358916189,0.5179697702828122
0.1854955583040673,0.23186944788008412,0.8347300123683028,0.46373889576016825
0.18200630207731602,0.22750787759664504,0.864529934867251,0.4095141796739611
0.17799766379599394,0.22249707974499242,0.8899883189799697,0.3559953275919879
0.1735852146410985,0.2169815183013731,0.911322376865767,0.30377412562192235
0.1688801323682996,0.21110016546037452,0.9288407280256479,0.2533201985524494
0.16398401233815757,0.20498001542269695,0.9429080709444059,0.20498001542269695
0.15898572670343283,0.19873215837929106,0.9539143602205971,0.15898572670343283
0.15396007178390023,0.19245008972987526,0.9622504486493763,0.11547005383792516
0.14896778454477172,0.18620973068096466,0.9682905995410163,0.07448389227238586
0.14405648121312398,0.18007060151640497,0.9723812481885867,0.036014120303280994
0.1392621247645583,0.17407765595569785,0.974834873351908,0.0
0.14313125339290264,0.21469688008935398,0.0,0.9661359604020927
0.14814814814814814,0.2222222222222222,0.037037037037037035,0.9629629629629629
0.15328033304786948,0.22992049957180424,0.07664016652393474,0.9580020815491842
0.15848577035006545,0.2377286555250982,0.1188643277625491,0.9509146221003928
0.16370910181401163,0.24556365272101743,0.16370910181401163,0.9413273354305668
0.16888013236829963,0.25332019855244947,0.21110016546037455,0.928840728025648
0.1739130434782609,0.26086956521739135,0.26086956521739135,0.9130434782608695
0.1787068206435081,0.26806023096526216,0.3127369361261392,0.8935341032175406
0.18314741859825204,0.27472112789737807,0.3662948371965041,0.869950238341697
0.1871121078899952,0.28066816183499277,0.42100224275248915,0.8420044855049783
0.19047619047619047,0.2857142857142857,0.47619047619047616,0.8095238095238094
0.19312181983410703,0.28968272975116055,0.5310850045437944,0.7724872793364281
0.19494807153143173,0.2924221072971476,0.5848442145942953,0.731055268242869
0.1958808427497567,0.29382126412463505,0.6366127389367092,0.6855829496241485
0.1958808427497567,0.29382126412463505,0.6855829496241485,0.6366127389367092
0.19494807153143173,0.2924221072971476,0.731055268242869,0.5848442145942953
0.19312181983410703,0.28968272975116055,0.7724872793364281,0.5310850045437944
0.19047619047619047,0.2857142857142857,0.8095238095238094,0.47619047619047616
0.1871121078899952,0.28066816183499277,0.8420044855049783,0.42100224275248915
0.18314741859825204,0.27472112789737807,0.869950238341697,0.3662948371965041
0.1787068206435081,0.26806023096526216,0.8935341032175406,0.3127369361261392
0.1739130434782609,0.26086956521739135,0.9130434782608695,0.26086956521739135
0.16888013236829963,0.25332019855244947,0.928840728025648,0.21110016546037455
0.16370910181401163,0.24556365272101743,0.9413273354305668,0.16370910181401163
0.15848577035006545,0.2377286555250982,0.9509146221003928,0.1188643277625491
0.15328033304786948,0.22992049957180424,0.9580020815491842,0.07664016652393474
0.14814814814814814,0.2222222222222222,0.9629629629629629,0.037037037037037035
0.14313125339290264,0.21469688008935398,0.9661359604020927,0.0
0.14694367167412903,0.2571514254297258,0.0,0.9551338658818386
0.1521671713817067,0.26629254991798673,0.03804179284542668,0.9510448211356669
0.15749984619163157,0.2756247308353552,0.07874992309581579,0.9449990771497894
0.16289259247507365,0.2850620368313789,0.12216944435630524,0.9366324067316735
0.16828126476466848,0.2944922133381699,0.16828126476466848,0.9255469562056767
0.1735852146410985,0.30377412562192235,0.2169815183013731,0.911322376865767
0.1787068206435081,0.3127369361261392,0.26806023096526216,0.8935341032175406
0.18353258709644943,0.3211820274187865,0.3211820274187865,0.8717797887081347
0.18793639429397585,0.32888869001445775,0.3758727885879517,0.8457137743228913
0.19178532059415365,0.33562431103976886,0.4315169713368457,0.8150876125251529
0.19494807153143173,0.3411591251800055,0.48737017882857936,0.7797922861257269
0.19730544946679607,0.3452845365668931,0.5425899860336891,0.7398954355004852
0.1987615979999813,0.3478327964999673,0.5962847939999439,0.6956655929999346
0.19925419255468715,0.3486948369707025,0.6475761258027333,0.6475761258027333
0.1987615979999813,0.3478327964999673,0.6956655929999346,0.5962847939999439
0.19730544946679607,0.3452845365668931,0.7398954355004852,0.5425899860336891
0.19494807153143173,0.3411591251800055,0.7797922861257269,0.48737017882857936
0.19178532059415365,0.33562431103976886,0.8150876125251529,0.4315169713368457
0.18793639429397585,0.32888869001445775,0.8457137743228913,0.3758727885879517
0.18353258709644943,0.3211820274187865,0.8717797887081347,0.3211820274187865
0.1787068206435081,0.3127369361261392,0.8935341032175406,0.26806023096526216
0.1735852146410985,0.30377412562192235,0.911322376865767,0.2169815183013731
0.16828126476466848,0.2944922133381699,0.9255469562056767,0.16828126476466848
0.16289259247507365,0.2850620368313789,0.9366324067316735,0.12216944435630524
0.15749984619163157,0.2756247308353552,0.9449990771497894,0.07874992309581579
0.1521671713817067,0.26629254991798673,0.9510448211356669,0.03804179284542668
0.14694367167412903,0.2571514254297258,0.9551338658818386,0.0
0.1506487154309419,0.3012974308618838,0.0,0.9415544714433868
0.1560548629281741,0.3121097258563482,0.03901371573204353,0.9363291775690445
0.16155847834440387,0.32311695668880774,0.08077923917220194,0.9289612504803222
0.16710239725774273,0.33420479451548546,0.12532679794330706,0.919063184917585
0.17261274080084124,0.3452254816016825,0.17261274080084124,0.9062168892044165
0.17799766379599394,0.3559953275919879,0.22249707974499242,0.8899883189799697
0.18314741859825204,0.3662948371965041,0.27472112789737807,0.869950238341697
0.18793639429397585,0.3758727885879517,0.32888869001445775,0.8457137743228913
0.19222773253288508,0.38445546506577016,0.38445546506577016,0.8169678632647617
0.1958808427497567,0.3917616854995134,0.4407318961869526,0.7835233709990268
0.1987615979999813,0.3975231959999626,0.49690399499995325,0.7453559924999299
0.20075424529139826,0.40150849058279653,0.5520741745513452,0.7026398585198939
0.20177330892212733,0.40354661784425466,0.605319926766382,0.6557632539969138
0.20177330892212733,0.40354661784425466,0.6557632539969138,0.605319926766382
0.20075424529139826,0.40150849058279653,0.7026398585198939,0.5520741745513452
0.1987615979999813,0.3975231959999626,0.7453559924999299,0.49690399499995325
0.1958808427497567,0.3917616854995134,0.7835233709990268,0.4407318961869526
0.19222773253288508,0.38445546506577016,0.8169678632647617,0.38445546506577016
0.18793639429397585,0.3758727885879517,0.8457137743228913,0.32888869001445775
0.18314741859825204,0.3662948371965041,0.869950238341697,0.27472112789737807
0.17799766379599394,0.3559953275919879,0.8899883189799697,0.22249707974499242
0.17261274080084124,0.3452254816016825,0.9062168892044165,0.17261274080084124
0.16710239725774273,0.33420479451548546,0.919063184917585,0.12532679794330706
0.16155847834440387,0.32311695668880774,0.9289612504803222,0.08077923917220194
0.1560548629281741,0.3121097258563482,0.9363291775690445,0.03901371573204353
0.1506487154309419,0.3012974308618838,0.9415544714433868,0.0
0.15418866889833993,0.3469245050212649,0.0,0.9251320133900397
0.15974461276617435,0.3594253787238923,0.03993615319154359,0.9185315234055025
0.1653796461189446,0.3721042037676254,0.0826898230594723,0.9095880536541953
0.17102764992360514,0.3848122123281115,0.12827073744270384,0.8978951620989268
0.17660431427533918,0.3973597071195132,0.17660431427533918,0.8830215713766959
0.18200630207731602,0.4095141796739611,0.22750787759664504,0.864529934867251
0.1871121078899952,0.42100224275248915,0.28066816183499277,0.8420044855049783
0.19178532059415365,0.4315169713368457,0.33562431103976886,0.8150876125251529
0.1958808427497567,0.4407318961869526,0.3917616854995134,0.7835233709990268
0.19925419255468715,0.4483219332480461,0.4483219332480461,0.7472032220800768
0.20177330892212733,0.45398994507478646,0.5044332723053183,0.7062065812274456
0.20333142711013955,0.45749571099781394,0.5591614245528838,0.6608271381079535
0.20385887657505022,0.458682472293863,0.6115766297251507,0.6115766297251507
0.20333142711013955,0.45749571099781394,0.6608271381079535,0.5591614245528838
0.20177330892212733,0.45398994507478646,0.7062065812274456,0.5044332723053183
0.19925419255468715,0.4483219332480461,0.7472032220800768,0.4483219332480461
0.1958808427497567,0.4407318961869526,0.7835233709990268,0.3917616854995134
0.19178532059415365,0.4315169713368457,0.8150876125251529,0.33562431103976886
0.1871121078899952,0.42100224275248915,0.8420044855049783,0.28066816183499277
0.18200630207731602,0.4095141796739611,0.864529934867251,0.22750787759664504
0.17660431427533918,0.3973597071195132,0.8830215713766959,0.17660431427533918
0.17102764992360514,0.3848122123281115,0.8978951620989268,0.12827073744270384
0.1653796461189446,0.3721042037676254,0.9095880536541953,0.0826898230594723
0.15974461276617438,0.35942537872389235,0.9185315234055026,0.039936153191543595
0.15418866889833993,0.3469245050212649,0.9251320133900397,0.0
0.15749984619163157,0.3937496154790789,0.0,0.9056241156018814
0.16316340328960083,0.4079085082240021,0.04079085082240021,0.8973987180928046
0.16888013236829963,0.4222003309207491,0.08444006618414981,0.886620694933573
0.1745743121887939,0.4364357804719847,0.13093073414159542,0.8728715609439694
0.180150939644418,0.45037734911104504,0.180150939644418,0.8557169633109855
0.1854955583040673,0.46373889576016825,0.23186944788008412,0.8347300123683028
0.19047619047619047,0.47619047619047616,0.2857142857142857,0.8095238095238094
0.19494807153143173,0.48737017882857936,0.3411591251800055,0.7797922861257269
0.1987615979999813,0.49690399499995325,0.3975231959999626,0.7453559924999299
0.20177330892212733,0.5044332723053183,0.45398994507478646,0.7062065812274456
0.20385887657505022,0.5096471914376255,0.5096471914376255,0.6625413488689132
0.20492620783142398,0.5123155195785599,0.5635470715364159,0.6147786234942719
0.20492620783142398,0.5123155195785599,0.6147786234942719,0.5635470715364159
0.20385887657505022,0.5096471914376255,0.6625413488689132,0.5096471914376255
0.20177330892212733,0.5044332723053183,0.7062065812274456,0.45398994507478646
0.1987615979999813,0.49690399499995325,0.7453559924999299,0.3975231959999626
0.19494807153143173,0.48737017882857936,0.7797922861257269,0.3411591251800055
0.19047619047619047,0.47619047619047616,0.8095238095238094,0.2857142857142857
0.1854955583040673,0.46373889576016825,0.8347300123683028,0.23186944788008412
0.180150939644418,0.45037734911104504,0.8557169633109855,0.180150939644418
0.1745743121887939,0.4364357804719847,0.8728715609439694,0.13093073414159542
0.16888013236829963,0.4222003309207491,0.886620694933573,0.08444006618414981
0.16316340328960083,0.4079085082240021,0.8973987180928046,0.04079085082240021
0.15749984619163157,0.3937496154790789,0.9056241156018814,0.0
0.1605144707810256,0.4414147946478204,0.0,0.8828295892956408
0.16623432698467655,0.45714439920786054,0.04155858174616914,0.8727302166695519
0.1719734321569391,0.47292693843158257,0.08598671607846956,0.8598671607846955
0.17764623667373103,0.4885271508527603,0.13323467750529827,0.8438196242002223
0.18314741859825204,0.5036554011451931,0.18314741859825204,0.8241633836921342
0.18835264373920443,0.5179697702828122,0.23544080467400555,0.8004987358916189
0.19312181983410703,0.5310850045437944,0.28968272975116055,0.7724872793364281
0.19730544946679607,0.5425899860336891,0.3452845365668931,0.7398954355004852
0.20075424529139826,0.5520741745513452,0.40150849058279653,0.7026398585198939
0.20333142711013955,0.5591614245528838,0.45749571099781394,0.6608271381079535
0.20492620783142398,0.5635470715364159,0.5123155195785599,0.6147786234942719
0.20546619877500566,0.5650320466312655,0.5650320466312655,0.5650320466312655
0.20492620783142398,0.5635470715364159,0.6147786234942719,0.5123155195785599
0.20333142711013955,0.5591614245528838,0.6608271381079535,0.45749571099781394
0.20075424529139826,0.5520741745513452,0.7026398585198939,0.40150849058279653
0.19730544946679607,0.5425899860336891,0.7398954355004852,0.3452845365668931
0.19312181983410703,0.5310850045437944,0.7724872793364281,0.28968272975116055
0.18835264373920443,0.5179697702828122,0.8004987358916189,0.23544080467400555
0.18314741859825204,0.5036554011451931,0.8241633836921342,0.18314741859825204
0.17764623667373103,0.4885271508527603,0.8438196242002223,0.13323467750529827
0.1719734321569391,0.47292693843158257,0.8598671607846955,0.08598671607846956
0.16623432698467655,0.45714439920786054,0.8727302166695519,0.04155858174616914
0.1605144707810256,0.4414147946478204,0.8828295892956408,0.0
0.16316340328960083,0.48949020986880254,0.0,0.8566078672704043
0.16888013236829963,0.5066403971048989,0.04222003309207491,0.8444006618414982
0.17457431218879393,0.5237229365663818,0.08728715609439697,0.8292279828967711
0.18015093964441797,0.5404528189332539,0.13511320473331348,0.8106792283998809
0.1854955583040673,0.5564866749122019,0.1854955583040673,0.7883561227922861
0.19047619047619047,0.5714285714285714,0.23809523809523808,0.7619047619047619
0.19494807153143173,0.5848442145942953,0.2924221072971476,0.731055268242869
0.1987615979999813,0.5962847939999439,0.3478327964999673,0.6956655929999346
0.20177330892212733,0.605319926766382,0.40354661784425466,0.6557632539969138
0.20385887657505022,0.6115766297251507,0.458682472293863,0.6115766297251507
0.20492620783142398,0.6147786234942719,0.5123155195785599,0.5635470715364159
0.20492620783142398,0.6147786234942719,0.5635470715364159,0.5123155195785599
0.20385887657505022,0.6115766297251507,0.6115766297251507,0.458682472293863
0.20177330892212733,0.605319926766382,0.6557632539969138,0.40354661784425466
0.1987615979999813,0.5962847939999439,0.6956655929999346,0.3478327964999673
0.19494807153143173,0.5848442145942953,0.731055268242869,0.2924221072971476
0.19047619047619047,0.5714285714285714,0.7619047619047619,0.23809523809523808
0.18549555830406733,0.556486674912202,0.7883561227922862,0.18549555830406733
0.180150939644418,0.540452818933254,0.810679228399881,0.1351132047333135
0.17457431218879393,0.5237229365663818,0.8292279828967711,0.08728715609439697
0.16888013236829963,0.5066403971048989,0.8444006618414982,0.04222003309207491
0.16316340328960083,0.48949020986880254,0.8566078672704043,0.0
0.1653796461189446,0.5374838498865699,0.0,0.826898230594723
0.17102764992360514,0.5558398622517167,0.042756912480901285,0.8123813371371242
0.17660431427533918,0.5739640213948524,0.08830215713766959,0.7947194142390264
0.18200630207731602,0.5915204817512771,0.13650472655798704,0.7735267838285932
0.1871121078899952,0.6081143506424844,0.1871121078899952,0.7484484315599808
0.19178532059415365,0.6233022919309994,0.23973165074269207,0.7191949522280762
0.1958808427497567,0.6366127389367092,0.29382126412463505,0.6855829496241485
0.19925419255468715,0.6475761258027333,0.3486948369707025,0.6475761258027333
0.20177330892212733,0.6557632539969138,0.40354661784425466,0.605319926766382
0.20333142711013955,0.6608271381079535,0.45749571099781394,0.5591614245528838
0.20385887657505022,0.6625413488689132,0.5096471914376255,0.5096471914376255
0.20333142711013955,0.6608271381079535,0.5591614245528838,0.45749571099781394
0.20177330892212733,0.6557632539969138,0.605319926766382,0.40354661784425466
0.19925419255468715,0.6475761258027333,0.6475761258027333,0.3486948369707025
0.1958808427497567,0.6366127389367092,0.6855829496241485,0.29382126412463505
0.19178532059415365,0.6233022919309994,0.7191949522280762,0.23973165074269207
0.1871121078899952,0.6081143506424844,0.7484484315599808,0.1871121078899952
0.18200630207731602,0.5915204817512771,0.7735267838285932,0.13650472655798704
0.17660431427533918,0.5739640213948524,0.7947194142390264,0.08830215713766959
0.17102764992360514,0.5558398622517167,0.8123813371371242,0.042756912480901285
0.1653796461189446,0.5374838498865699,0.826898230594723,0.0
0.16710239725774276,0.5848583904020996,0.0,0.7937363869742781
0.17261274080084124,0.6041445928029443,0.04315318520021031,0.7767573336037856
0.17799766379599394,0.6229918232859788,0.08899883189799697,0.7564900711329742
0.18314741859825204,0.6410159650938821,0.13736056394868904,0.7325896743930082
0.18793639429397585,0.6577773800289155,0.18793639429397585,0.7047614786024095
0.19222773253288508,0.6727970638650979,0.24028466566610637,0.6727970638650979
0.1958808427497567,0.6855829496241485,0.29382126412463505,0.6366127389367092
0.1987615979999813,0.6956655929999346,0.3478327964999673,0.5962847939999439
0.20075424529139826,0.7026398585198939,0.40150849058279653,0.5520741745513452
0.20177330892212733,0.7062065812274456,0.45398994507478646,0.5044332723053183
0.20177330892212733,0.7062065812274456,0.5044332723053183,0.45398994507478646
0.20075424529139826,0.7026398585198939,0.5520741745513452,0.40150849058279653
0.1987615979999813,0.6956655929999346,0.5962847939999439,0.3478327964999673
0.1958808427497567,0.6855829496241485,0.6366127389367092,0.29382126412463505
0.19222773253288508,0.6727970638650979,0.6727970638650979,0.24028466566610637
0.18793639429397585,0.6577773800289155,0.7047614786024095,0.18793639429397585
0.18314741859825204,0.6410159650938821,0.7325896743930082,0.13736056394868904
0.17799766379599394,0.6229918232859788,0.7564900711329742,0.08899883189799697
0.17261274080084124,0.6041445928029443,0.7767573336037856,0.04315318520021031
0.16710239725774276,0.5848583904020996,0.7937363869742781,0.0
0.16828126476466848,0.6310547428675068,0.0,0.7572656914410082
0.1735852146410985,0.6509445549041193,0.043396303660274624,0.7377371622246686
0.1787068206435081,0.6701505774131554,0.08935341032175405,0.7148272825740324
0.18353258709644943,0.6882472016116854,0.13764944032233709,0.6882472016116854
0.18793639429397585,0.7047614786024095,0.18793639429397585,0.6577773800289155
0.19178532059415365,0.7191949522280762,0.23973165074269207,0.6233022919309994
0.19494807153143173,0.731055268242869,0.2924221072971476,0.5848442145942953
0.19730544946679607,0.7398954355004852,0.3452845365668931,0.5425899860336891
0.1987615979999813,0.7453559924999299,0.3975231959999626,0.49690399499995325
0.19925419255468715,0.7472032220800768,0.4483219332480461,0.4483219332480461
0.1987615979999813,0.7453559924999299,0.49690399499995325,0.3975231959999626
0.197305449466796,0.7398954355004851,0.542589986033689,0.345284536566893
0.19494807153143173,0.731055268242869,0.5848442145942953,0.2924221072971476
0.19178532059415365,0.7191949522280762,0.6233022919309994,0.23973165074269207
0.18793639429397585,0.7047614786024095,0.6577773800289155,0.18793639429397585
0.18353258709644943,0.6882472016116854,0.6882472016116854,0.13764944032233709
0.1787068206435081,0.6701505774131554,0.7148272825740324,0.08935341032175405
0.1735852146410985,0.6509445549041193,0.7377371622246686,0.043396303660274624
0.16828126476466848,0.6310547428675068,0.7572656914410082,0.0
0.16888013236829963,0.6755205294731985,0.0,0.7177405625652734
0.17391304347826086,0.6956521739130435,0.043478260869565216,0.6956521739130435
0.1787068206435081,0.7148272825740324,0.08935341032175405,0.6701505774131554
0.18314741859825204,0.7325896743930082,0.13736056394868904,0.6410159650938821
0.1871121078899952,0.7484484315599808,0.1871121078899952,0.6081143506424844
0.19047619047619047,0.7619047619047619,0.23809523809523808,0.5714285714285714
0.19312181983410703,0.7724872793364281,0.28968272975116055,0.5310850045437944
0.19494807153143173,0.7797922861257269,0.3411591251800055,0.48737017882857936
0.1958808427497567,0.7835233709990268,0.3917616854995134,0.4407318961869526
0.1958808427497567,0.7835233709990268,0.4407318961869526,0.3917616854995134
0.19494807153143173,0.7797922861257269,0.48737017882857936,0.3411591251800055
0.19312181983410703,0.7724872793364281,0.5310850045437944,0.28968272975116055
0.19047619047619047,0.7619047619047619,0.5714285714285714,0.23809523809523808
0.1871121078899952,0.7484484315599808,0.6081143506424844,0.1871121078899952
0.18314741859825204,0.7325896743930082,0.6410159650938821,0.13736056394868904
0.1787068206435081,0.7148272825740324,0.6701505774131554,0.08935341032175405
0.17391304347826086,0.6956521739130435,0.6956521739130435,0.043478260869565216
0.16888013236829963,0.6755205294731985,0.7177405625652734,0.0
0.16888013236829963,0.7177405625652734,0.0,0.6755205294731985
0.1735852146410985,0.7377371622246686,0.043396303660274624,0.6509445549041193
0.17799766379599394,0.7564900711329742,0.08899883189799697,0.6229918232859788
0.18200630207731602,0.7735267838285932,0.13650472655798704,0.5915204817512771
0.1854955583040673,0.7883561227922861,0.1854955583040673,0.5564866749122019
0.18835264373920443,0.8004987358916189,0.23544080467400555,0.5179697702828122
0.19047619047619047,0.8095238095238094,0.2857142857142857,0.47619047619047616
0.19178532059415365,0.8150876125251529,0.33562431103976886,0.4315169713368457
0.19222773253288508,0.8169678632647617,0.38445546506577016,0.38445546506577016
0.19178532059415365,0.8150876125251529,0.4315169713368457,0.33562431103976886
0.19047619047619047,0.8095238095238094,0.47619047619047616,0.2857142857142857
0.18835264373920443,0.8004987358916189,0.5179697702828122,0.23544080467400555
0.1854955583040673,0.7883561227922861,0.5564866749122019,0.1854955583040673
0.18200630207731602,0.7735267838285932,0.5915204817512771,0.13650472655798704
0.17799766379599394,0.7564900711329742,0.6229918232859788,0.08899883189799697
0.1735852146410985,0.7377371622246686,0.6509445549041193,0.043396303660274624
0.16888013236829963,0.7177405625652734,0.6755205294731985,0.0
0.16828126476466848,0.7572656914410082,0.0,0.6310547428675068
0.17261274080084124,0.7767573336037856,0.04315318520021031,0.6041445928029443
0.17660431427533918,0.7947194142390264,0.08830215713766959,0.5739640213948524
0.18015093964441797,0.8106792283998809,0.13511320473331348,0.5404528189332539
0.18314741859825204,0.8241633836921342,0.18314741859825204,0.5036554011451931
0.1854955583040673,0.8347300123683028,0.23186944788008412,0.46373889576016825
0.1871121078899952,0.8420044855049783,0.28066816183499277,0.42100224275248915
0.18793639429397585,0.8457137743228913,0.32888869001445775,0.3758727885879517
0.18793639429397585,0.8457137743228913,0.3758727885879517,0.32888869001445775
0.1871121078899952,0.8420044855049783,0.42100224275248915,0.28066816183499277
0.1854955583040673,0.8347300123683028,0.46373889576016825,0.23186944788008412
0.18314741859825204,0.8241633836921342,0.5036554011451931,0.18314741859825204
0.18015093964441797,0.8106792283998809,0.5404528189332539,0.13511320473331348
0.17660431427533918,0.7947194142390264,0.5739640213948524,0.08830215713766959
0.17261274080084124,0.7767573336037856,0.6041445928029443,0.04315318520021031
0.16828126476466848,0.7572656914410082,0.6310547428675068,0.0
0.16710239725774276,0.7937363869742781,0.0,0.5848583904020996
0.17102764992360514,0.8123813371371242,0.042756912480901285,0.5558398622517167
0.17457431218879393,0.8292279828967711,0.08728715609439697,0.5237229365663818
0.17764623667373103,0.8438196242002223,0.13323467750529827,0.4885271508527603
0.180150939644418,0.8557169633109855,0.180150939644418,0.45037734911104504
0.18200630207731602,0.864529934867251,0.22750787759664504,0.4095141796739611
0.18314741859825204,0.869950238341697,0.27472112789737807,0.3662948371965041
0.18353258709644946,0.8717797887081349,0.32118202741878654,0.32118202741878654
0.18314741859825204,0.869950238341697,0.3662948371965041,0.27472112789737807
0.18200630207731608,0.8645299348672513,0.40951417967396114,0.2275078775966451
0.180150939644418,0.8557169633109855,0.45037734911104504,0.180150939644418
0.17764623667373103,0.8438196242002223,0.4885271508527603,0.13323467750529827
0.17457431218879393,0.8292279828967711,0.5237229365663818,0.08728715609439697
0.17102764992360514,0.8123813371371242,0.5558398622517167,0.042756912480901285
0.16710239725774276,0.7937363869742781,0.5848583904020996,0.0
0.1653796461189446,0.826898230594723,0.0,0.5374838498865699
0.16888013236829963,0.8444006618414982,0.04222003309207491,0.5066403971048989
0.1719734321569391,0.8598671607846955,0.08598671607846956,0.47292693843158257
0.1745743121887939,0.8728715609439694,0.13093073414159542,0.4364357804719847
0.17660431427533918,0.8830215713766959,0.17660431427533918,0.3973597071195132
0.17799766379599394,0.8899883189799697,0.22249707974499242,0.3559953275919879
0.1787068206435081,0.8935341032175406,0.26806023096526216,0.3127369361261392
0.1787068206435081,0.8935341032175406,0.3127369361261392,0.26806023096526216
0.17799766379599394,0.8899883189799697,0.3559953275919879,0.22249707974499242
0.17660431427533918,0.8830215713766959,0.3973597071195132,0.17660431427533918
0.1745743121887939,0.8728715609439694,0.4364357804719847,0.13093073414159542
0.1719734321569391,0.8598671607846955,0.47292693843158257,0.08598671607846956
0.16888013236829963,0.8444006618414982,0.5066403971048989,0.04222003309207491
0.1653796461189446,0.826898230594723,0.5374838498865699,0.0
0.16316340328960083,0.8566078672704043,0.0,0.48949020986880254
0.16623432698467655,0.8727302166695519,0.04155858174616914,0.45714439920786054
0.16888013236829963,0.886620694933573,0.08444006618414981,0.4222003309207491
0.17102764992360514,0.8978951620989268,0.12827073744270384,0.3848122123281115
0.17261274080084124,0.9062168892044165,0.17261274080084124,0.3452254816016825
0.17358521464109852,0.9113223768657671,0.21698151830137316,0.3037741256219224
0.1739130434782609,0.9130434782608695,0.26086956521739135,0.26086956521739135
0.1735852146410985,0.911322376865767,0.30377412562192235,0.2169815183013731
0.17261274080084127,0.9062168892044166,0.34522548160168254,0.17261274080084127
0.17102764992360514,0.8978951620989268,0.3848122123281115,0.12827073744270384
0.16888013236829963,0.886620694933573,0.4222003309207491,0.08444006618414981
0.16623432698467655,0.8727302166695519,0.45714439920786054,0.04155858174616914
0.16316340328960083,0.8566078672704043,0.48949020986880254,0.0
0.1605144707810256,0.8828295892956408,0.0,0.4414147946478204
0.16316340328960083,0.8973987180928046,0.04079085082240021,0.4079085082240021
0.1653796461189446,0.9095880536541953,0.0826898230594723,0.3721042037676254
0.16710239725774273,0.919063184917585,0.12532679794330706,0.33420479451548546
0.16828126476466848,0.9255469562056767,0.16828126476466848,0.2944922133381699
0.1688801323682996,0.9288407280256479,0.21110016546037452,0.2533201985524494
0.16888013236829963,0.928840728025648,0.25332019855244947,0.21110016546037455
0.1682812647646685,0.9255469562056768,0.2944922133381699,0.1682812647646685
0.16710239725774273,0.919063184917585,0.33420479451548546,0.12532679794330706
0.1653796461189446,0.9095880536541953,0.3721042037676254,0.0826898230594723
0.16316340328960083,0.8973987180928046,0.4079085082240021,0.04079085082240021
0.1605144707810256,0.8828295892956408,0.4414147946478204,0.0
0.15749984619163157,0.9056241156018814,0.0,0.3937496154790789
0.15974461276617438,0.9185315234055026,0.039936153191543595,0.35942537872389235
0.1615584783444039,0.9289612504803224,0.08077923917220195,0.3231169566888078
0.16289259247507365,0.9366324067316735,0.12216944435630524,0.2850620368313789
0.16370910181401163,0.9413273354305668,0.16370910181401163,0.24556365272101743
0.16398401233815757,0.9429080709444059,0.20498001542269695,0.20498001542269695
0.16370910181401163,0.9413273354305668,0.24556365272101743,0.16370910181401163
0.16289259247507365,0.9366324067316735,0.2850620368313789,0.12216944435630524
0.1615584783444039,0.9289612504803224,0.3231169566888078,0.08077923917220195
0.15974461276617438,0.9185315234055026,0.35942537872389235,0.039936153191543595
0.15749984619163157,0.9056241156018814,0.3937496154790789,0.0
0.15418866889833993,0.9251320133900397,0.0,0.3469245050212649
0.1560548629281741,0.9363291775690445,0.03901371573204353,0.3121097258563482
0.15749984619163157,0.9449990771497894,0.07874992309581579,0.2756247308353552
0.15848577035006545,0.9509146221003928,0.1188643277625491,0.2377286555250982
0.15898572670343286,0.9539143602205973,0.15898572670343286,0.1987321583792911
0.15898572670343283,0.9539143602205971,0.19873215837929106,0.15898572670343283
0.15848577035006545,0.9509146221003928,0.2377286555250982,0.1188643277625491
0.15749984619163157,0.9449990771497894,0.2756247308353552,0.07874992309581579
0.1560548629281741,0.9363291775690445,0.3121097258563482,0.03901371573204353
0.15418866889833993,0.9251320133900397,0.3469245050212649,0.0
0.1506487154309419,0.9415544714433868,0.0,0.3012974308618838
0.1521671713817067,0.9510448211356669,0.03804179284542668,0.26629254991798673
0.15328033304786948,0.9580020815491842,0.07664016652393474,0.22992049957180424
0.15396007178390023,0.9622504486493763,0.11547005383792516,0.19245008972987526
0.15418866889833996,0.9636791806146247,0.15418866889833996,0.15418866889833996
0.15396007178390023,0.9622504486493763,0.19245008972987526,0.11547005383792516
0.15328033304786948,0.9580020815491842,0.22992049957180424,0.07664016652393474
0.1521671713817067,0.9510448211356669,0.26629254991798673,0.03804179284542668
0.1506487154309419,0.9415544714433868,0.3012974308618838,0.0
0.14694367167412903,0.9551338658818386,0.0,0.2571514254297258
0.14814814814814817,0.962962962962963,0.03703703703703704,0.22222222222222224
0.14896778454477172,0.9682905995410163,0.07448389227238586,0.18620973068096466
0.1493827373946542,0.9709877930652525,0.11203705304599067,0.1493827373946542
0.1493827373946542,0.9709877930652525,0.1493827373946542,0.11203705304599067
0.14896778454477172,0.9682905995410163,0.18620973068096466,0.07448389227238586
0.14814814814814817,0.962962962962963,0.22222222222222224,0.03703703703703704
0.14694367167412903,0.9551338658818386,0.2571514254297258,0.0
0.14313125339290264,0.9661359604020927,0.0,0.21469688008935398
0.14405648121312395,0.9723812481885865,0.03601412030328099,0.18007060151640494
0.14462030521243746,0.9761870601839527,0.07231015260621873,0.14462030521243746
0.1448097228511993,0.9774656292455952,0.10860729213839948,0.10860729213839948
0.14462030521243746,0.9761870601839527,0.14462030521243746,0.07231015260621873
0.14405648121312395,0.9723812481885865,0.18007060151640494,0.03601412030328099
0.14313125339290264,0.9661359604020927,0.21469688008935398,0.0
0.13926212476455826,0.9748348733519078,0.0,0.17407765595569782
0.13994228570826392,0.9795959999578474,0.03498557142706598,0.13994228570826392
0.14028612476637886,0.9820028733646521,0.07014306238318943,0.10521459357478415
0.14028612476637886,0.9820028733646521,0.10521459357478415,0.07014306238318943
0.13994228570826392,0.9795959999578474,0.13994228570826392,0.03498557142706598
0.13926212476455826,0.9748348733519078,0.17407765595569782,0.0
0.13537948868448255,0.9815012929624983,0.0,0.13537948868448255
0.13584712216226488,0.9848916356764204,0.03396178054056622,0.10188534162169867
0.13600408018360918,0.9860295813311665,0.06800204009180459,0.06800204009180459
0.13584712216226488,0.9848916356764204,0.10188534162169867,0.03396178054056622
0.13537948868448255,0.9815012929624983,0.13537948868448255,0.0
0.13151918984428584,0.9863939238321437,0.0,0.09863939238321438
0.13180448126378733,0.9885336094784051,0.03295112031594683,0.06590224063189366
0.13180448126378733,0.9885336094784051,0.06590224063189366,0.03295112031594683
0.13151918984428584,0.9863939238321437,0.09863939238321438,0.0
0.1277101713628202,0.9897538280618564,0.0,0.0638550856814101
0.12784055442011863,0.9907642967559194,0.03196013860502966,0.03196013860502966
0.1277101713628202,0.9897538280618564,0.0638550856814101,0.0
0.12397514547474872,0.9918011637979898,0.0,0.03099378636868718
0.12397514547474872,0.9918011637979898,0.03099378636868718,0.0
0.12033136751923737,0.9927337820337082,0.0,0.0
0.1543768802736096,0.0,0.0,0.9880120337511015
0.1591517535198076,0.0,0.03183035070396152,0.986740871822807
0.16404467873119666,0.0,0.06561787149247866,0.9842680723871801
0.16903085094570333,0.0,0.101418510567422,0.9803789354850793
0.17407765595569785,0.0,0.1392621247645583,0.974834873351908
0.17914359097500468,0.0,0.17914359097500468,0.9673753912650251
0.18417736717093933,0.0,0.2210128406051272,0.9577223092888845
0.18911736861805847,0.0,0.26476431606528184,0.9455868430902923
0.19389168358237033,0.0,0.3102266937317925,0.9306800811953776
0.19841894753313627,0.0,0.35715410555964533,0.9127271586524268
0.20261022461827696,0.0,0.4052204492365539,0.8914849883204187
0.20637208585324904,0.0,0.4540185888771479,0.8667627605836459
0.20961090407515928,0.0,0.5030661697803822,0.8384436163006371
0.21223817998900446,0.0,0.5518192679714116,0.8065050839582169
0.2141764684390597,0.0,0.5996941116293671,0.7710352863806149
0.21536524612697402,0.0,0.646095738380922,0.7322418368317117
0.21576592600105152,0.0,0.6904509632033649,0.6904509632033649
0.21536524612697402,0.0,0.7322418368317117,0.646095738380922
0.2141764684390597,0.0,0.7710352863806149,0.5996941116293671
0.21223817998900446,0.0,0.8065050839582169,0.5518192679714116
0.20961090407515928,0.0,0.8384436163006371,0.5030661697803822
0.206372085853249,0.0,0.8667627605836458,0.4540185888771478
0.20261022461827696,0.0,0.8914849883204187,0.4052204492365539
0.19841894753313627,0.0,0.9127271586524268,0.35715410555964533
0.19389168358237033,0.0,0.9306800811953776,0.3102266937317925
0.18911736861805847,0.0,0.9455868430902923,0.26476431606528184
0.18417736717093935,0.0,0.9577223092888846,0.22101284060512721
0.17914359097500468,0.0,0.9673753912650251,0.17914359097500468
0.17407765595569782,0.0,0.9748348733519078,0.13926212476455826
0.16903085094570333,0.0,0.9803789354850793,0.101418510567422
0.16404467873119666,0.0,0.9842680723871801,0.06561787149247866
0.1591517535198076,0.0,0.986740871822807,0.03183035070396152
0.1543768802736096,0.0,0.9880120337511015,0.0
0.1591517535198076,0.03183035070396152,0.0,0.986740871822807
0.16422154636071554,0.03284430927214311,0.03284430927214311,0.9853292781642933
0.1694185368929243,0.03388370737858486,0.06776741475716971,0.9826275139789609
0.17471413945365305,0.03494282789073061,0.10482848367219183,0.9783991809404571
0.18007060151640494,0.03601412030328099,0.14405648121312395,0.9723812481885865
0.18543973538807101,0.0370879470776142,0.18543973538807101,0.9642866240179693
0.19076189842912894,0.038152379685825785,0.22891427811495474,0.9538094921456446
0.19596545041740512,0.03919309008348103,0.2743516305843672,0.9406341620035447
0.2009669677645352,0.04019339355290705,0.3215471484232564,0.924448051716862
0.20567251744743179,0.04113450348948636,0.37021053140537724,0.9049590767686999
0.20998026278290402,0.0419960525565808,0.41996052556580804,0.8819171036881968
0.21378456240450638,0.04275691248090128,0.470326037289914,0.8551382496180255
0.21698151830137316,0.04339630366027463,0.5207556439232955,0.8245297695452178
0.21947564065307357,0.04389512813061472,0.5706366656979913,0.7901123063510649
0.2211869776019044,0.044237395520380876,0.6193235372853323,0.7520357238464749
0.22205779584216373,0.04441155916843274,0.6661733875264911,0.7105849466949239
0.22205779584216373,0.04441155916843274,0.7105849466949239,0.6661733875264911
0.2211869776019044,0.044237395520380876,0.7520357238464749,0.6193235372853323
0.21947564065307354,0.043895128130614705,0.7901123063510648,0.5706366656979912
0.21698151830137316,0.04339630366027463,0.8245297695452178,0.5207556439232955
0.21378456240450638,0.04275691248090128,0.8551382496180255,0.470326037289914
0.20998026278290402,0.0419960525565808,0.8819171036881968,0.41996052556580804
0.20567251744743179,0.04113450348948636,0.9049590767686999,0.37021053140537724
0.2009669677645352,0.04019339355290705,0.924448051716862,0.3215471484232564
0.19596545041740512,0.03919309008348103,0.9406341620035447,0.2743516305843672
0.19076189842912894,0.038152379685825785,0.9538094921456446,0.22891427811495474
0.18543973538807101,0.0370879470776142,0.9642866240179693,0.18543973538807101
0.18007060151640494,0.03601412030328099,0.9723812481885865,0.14405648121312395
0.17471413945365305,0.03494282789073061,0.9783991809404571,0.10482848367219183
0.1694185368929243,0.03388370737858486,0.9826275139789609,0.06776741475716971
0.16422154636071554,0.03284430927214311,0.9853292781642933,0.03284430927214311
0.1591517535198076,0.03183035070396152,0.986740871822807,0.0
0.16404467873119666,0.06561787149247866,0.0,0.9842680723871801
0.1694185368929243,0.06776741475716971,0.03388370737858486,0.9826275139789609
0.17492785713532988,0.06997114285413196,0.06997114285413196,0.9795959999578474
0.18053953616852975,0.07221581446741189,0.10832372170111784,0.9749134953100606
0.18620973068096466,0.07448389227238586,0.14896778454477172,0.9682905995410163
0.19188238911333408,0.07675295564533363,0.19188238911333408,0.9594119455666703
0.19748812638334107,0.07899525055333642,0.23698575166000926,0.9479430066400371
0.20294373961704976,0.08117749584681991,0.2841212354638697,0.9335412022384288
0.20815272356090667,0.08326108942436267,0.33304435769745067,0.9158719836679893
0.21300716142115253,0.085202864568461,0.38341289055807454,0.8946300779688405
0.21739130434782608,0.08695652173913043,0.43478260869565216,0.8695652173913043
0.22118697760190442,0.08847479104076177,0.48661135072418976,0.8405105148872367
0.22428065200812833,0.08971226080325133,0.5382735648195079,0.807410347229262
0.22657162721472188,0.09062865088588876,0.5890862307582769,0.7703435325300544
0.22798037629377657,0.09119215051751063,0.6383450536225744,0.729537204140085
0.22845583119247692,0.09138233247699076,0.6853674935774308,0.6853674935774308
0.22798037629377657,0.09119215051751063,0.729537204140085,0.6383450536225744
0.22657162721472188,0.09062865088588876,0.7703435325300544,0.5890862307582769
0.22428065200812833,0.08971226080325133,0.807410347229262,0.5382735648195079
0.22118697760190442,0.08847479104076177,0.8405105148872367,0.48661135072418976
0.2173913043478261,0.08695652173913045,0.8695652173913044,0.4347826086956522
0.21300716142115253,0.085202864568461,0.8946300779688405,0.38341289055807454
0.20815272356090667,0.08326108942436267,0.9158719836679893,0.33304435769745067
0.20294373961704976,0.08117749584681991,0.9335412022384288,0.2841212354638697
0.19748812638334107,0.07899525055333642,0.9479430066400371,0.23698575166000926
0.1918823891133341,0.07675295564533365,0.9594119455666704,0.1918823891133341
0.18620973068096466,0.07448389227238586,0.9682905995410163,0.14896778454477172
0.18053953616852975,0.07221581446741189,0.9749134953100606,0.10832372170111784
0.17492785713532988,0.06997114285413196,0.9795959999578474,0.06997114285413196
0.1694185368929243,0.06776741475716971,0.9826275139789609,0.03388370737858486
0.16404467873119666,0.06561787149247866,0.9842680723871801,0.0
0.16903085094570333,0.101418510567422,0.0,0.9803789354850793
0.17471413945365305,0.10482848367219183,0.03494282789073061,0.9783991809404571
0.18053953616852975,0.10832372170111784,0.07221581446741189,0.9749134953100606
0.1864685351570504,0.11188112109423023,0.11188112109423023,0.9696363828166621
0.19245008972987526,0.11547005383792516,0.15396007178390023,0.9622504486493763
0.19841894753313624,0.11905136851988175,0.19841894753313624,0.952410948159054
0.20429446161135922,0.12257667696681554,0.24515335393363108,0.9397545234122524
0.20998026278290402,0.12598815766974242,0.2939723678960656,0.9239131562447777
0.21536524612697402,0.12921914767618442,0.3445843938031585,0.9045340337332909
0.22032632461961588,0.13219579477176954,0.3965873843153086,0.8813052984784635
0.2247332874877474,0.13483997249264845,0.4494665749754948,0.85398649245344
0.22845583119247692,0.13707349871548616,0.5026028286234492,0.8224409922929169
0.23137240669137374,0.13882344401482424,0.555293776059297,0.7866661827506707
0.2333800140046683,0.14002800840280097,0.6067880364121375,0.7468160448149385
0.2344036154692477,0.14064216928154863,0.6563301233138936,0.7032108464077431
0.2344036154692477,0.14064216928154863,0.7032108464077431,0.6563301233138936
0.23338001400466832,0.140028008402801,0.7468160448149387,0.6067880364121376
0.23137240669137374,0.13882344401482424,0.7866661827506707,0.555293776059297
0.22845583119247692,0.13707349871548616,0.8224409922929169,0.5026028286234492
0.22473328748774737,0.13483997249264842,0.8539864924534399,0.44946657497549475
0.22032632461961588,0.13219579477176954,0.8813052984784635,0.3965873843153086
0.21536524612697402,0.12921914767618442,0.9045340337332909,0.3445843938031585
0.209980262782904,0.1259881576697424,0.9239131562447775,0.29397236789606557
0.20429446161135922,0.12257667696681554,0.9397545234122524,0.24515335393363108
0.19841894753313624,0.11905136851988175,0.952410948159054,0.19841894753313624
0.19245008972987526,0.11547005383792516,0.9622504486493763,0.15396007178390023
0.1864685351570504,0.11188112109423023,0.9696363828166621,0.11188112109423023
0.18053953616852975,0.10832372170111784,0.9749134953100606,0.07221581446741189
0.17471413945365305,0.10482848367219183,0.9783991809404571,0.03494282789073061
0.16903085094570333,0.101418510567422,0.9803789354850793,0.0
0.17407765595569785,0.1392621247645583,0.0,0.974834873351908
0.18007060151640494,0.14405648121312395,0.03601412030328099,0.9723812481885865
0.18620973068096466,0.14896778454477172,0.07448389227238586,0.9682905995410163
0.19245008972987526,0.15396007178390023,0.11547005383792516,0.9622504486493763
0.19873215837929106,0.15898572670343283,0.15898572670343283,0.9539143602205971
0.20498001542269695,0.16398401233815757,0.20498001542269695,0.9429080709444059
0.21110016546037455,0.16888013236829963,0.25332019855244947,0.928840728025648
0.2169815183013731,0.1735852146410985,0.30377412562192235,0.911322376865767
0.22249707974499242,0.17799766379599394,0.3559953275919879,0.8899883189799697
0.22750787759664504,0.18200630207731602,0.4095141796739611,0.864529934867251
0.23186944788008412,0.1854955583040673,0.46373889576016825,0.8347300123683028
0.23544080467400555,0.18835264373920443,0.5179697702828122,0.8004987358916189
0.23809523809523808,0.19047619047619047,0.5714285714285714,0.7619047619047619
0.23973165074269207,0.19178532059415365,0.6233022919309994,0.7191949522280762
0.24028466566610637,0.19222773253288508,0.6727970638650979,0.6727970638650979
0.23973165074269207,0.19178532059415365,0.7191949522280762,0.6233022919309994
0.23809523809523808,0.19047619047619047,0.7619047619047619,0.5714285714285714
0.23544080467400555,0.18835264373920443,0.8004987358916189,0.5179697702828122
0.23186944788008412,0.1854955583040673,0.8347300123683028,0.46373889576016825
0.22750787759664504,0.18200630207731602,0.864529934867251,0.4095141796739611
0.22249707974499242,0.17799766379599394,0.8899883189799697,0.3559953275919879
0.2169815183013731,0.1735852146410985,0.911322376865767,0.30377412562192235
0.21110016546037452,0.1688801323682996,0.9288407280256479,0.2533201985524494
0.20498001542269695,0.16398401233815757,0.9429080709444059,0.20498001542269695
0.19873215837929106,0.15898572670343283,0.9539143602205971,0.15898572670343283
0.19245008972987526,0.15396007178390023,0.9622504486493763,0.11547005383792516
0.18620973068096466,0.14896778454477172,0.9682905995410163,0.07448389227238586
0.18007060151640497,0.14405648121312398,0.9723812481885867,0.036014120303280994
0.17407765595569785,0.1392621247645583,0.974834873351908,0.0
0.17914359097500468,0.17914359097500468,0.0,0.9673753912650251
0.18543973538807101,0.18543973538807101,0.0370879470776142,0.9642866240179693
0.19188238911333408,0.19188238911333408,0.07675295564533363,0.9594119455666703
0.19841894753313624,0.19841894753313624,0.11905136851988175,0.952410948159054
0.20498001542269695,0.20498001542269695,0.16398401233815757,0.9429080709444059
0.21147746721890676,0.21147746721890676,0.21147746721890676,0.9305008557631897
0.21780342093451607,0.21780342093451607,0.2613641051214193,0.9147743679249675
0.22383074051792262,0.22383074051792262,0.3133630367250917,0.8953229620716905
0.2294157338705618,0.2294157338705618,0.36706517419289886,0.8717797887081347
0.2344036154692477,0.2344036154692477,0.42192650784464586,0.8438530156892917
0.23863697995167385,0.23863697995167385,0.4772739599033477,0.811365731835691
0.24196695924791362,0.24196695924791362,0.5323273103454099,0.7742942695933235
0.24426598437301578,0.24426598437301578,0.5862383624952379,0.7327979531190473
0.245440346836908,0.245440346836908,0.6381449017759608,0.6872329711433424
0.245440346836908,0.245440346836908,0.6872329711433424,0.6381449017759608
0.24426598437301578,0.24426598437301578,0.7327979531190473,0.5862383624952379
0.24196695924791362,0.24196695924791362,0.7742942695933235,0.5323273103454099
0.23863697995167385,0.23863697995167385,0.811365731835691,0.4772739599033477
0.2344036154692477,0.2344036154692477,0.8438530156892917,0.42192650784464586
0.2294157338705618,0.2294157338705618,0.8717797887081347,0.36706517419289886
0.22383074051792262,0.22383074051792262,0.8953229620716905,0.3133630367250917
0.21780342093451607,0.21780342093451607,0.9147743679249675,0.2613641051214193
0.21147746721890676,0.21147746721890676,0.9305008557631897,0.21147746721890676
0.20498001542269695,0.20498001542269695,0.9429080709444059,0.16398401233815757
0.19841894753313624,0.19841894753313624,0.952410948159054,0.11905136851988175
0.19188238911333408,0.19188238911333408,0.9594119455666703,0.07675295564533363
0.18543973538807101,0.18543973538807101,0.9642866240179693,0.0370879470776142
0.17914359097500468,0.17914359097500468,0.9673753912650251,0.0
0.18417736717093933,0.2210128406051272,0.0,0.9577223092888845
0.19076189842912894,0.22891427811495474,0.038152379685825785,0.9538094921456446
0.19748812638334107,0.23698575166000926,0.07899525055333642,0.9479430066400371
0.20429446161135922,0.24515335393363108,0.12257667696681554,0.9397545234122524
0.21110016546037455,0.25332019855244947,0.16888013236829963,0.928840728025648
0.21780342093451607,0.2613641051214193,0.21780342093451607,0.9147743679249675
0.22428065200812833,0.26913678240975397,0.26913678240975397,0.8971226080325133
0.23038783879204572,0.2764654065504549,0.322542974308864,0.8754737874097737
0.23596458909150436,0.28315750690980523,0.377543342546407,0.8494725207294157
0.24084152542954404,0.28900983051545287,0.4335147457731793,0.8188611864604498
0.24485105343719588,0.29382126412463505,0.48970210687439175,0.7835233709990268
0.24784079854830482,0.29740895825796576,0.5452497568062706,0.7435223956449145
0.24968808471946116,0.2996257016633534,0.5992514033267068,0.6991266372144912
0.2503130871608794,0.3003757045930553,0.6508140266182865,0.6508140266182865
0.24968808471946116,0.2996257016633534,0.6991266372144912,0.5992514033267068
0.24784079854830487,0.2974089582579658,0.7435223956449146,0.5452497568062707
0.24485105343719588,0.29382126412463505,0.7835233709990268,0.48970210687439175
0.24084152542954404,0.28900983051545287,0.8188611864604498,0.4335147457731793
0.23596458909150436,0.28315750690980523,0.8494725207294157,0.377543342546407
0.23038783879204572,0.2764654065504549,0.8754737874097737,0.322542974308864
0.22428065200812833,0.26913678240975397,0.8971226080325133,0.26913678240975397
0.21780342093451607,0.2613641051214193,0.9147743679249675,0.21780342093451607
0.21110016546037455,0.25332019855244947,0.928840728025648,0.16888013236829963
0.20429446161135922,0.24515335393363108,0.9397545234122524,0.12257667696681554
0.19748812638334107,0.23698575166000926,0.9479430066400371,0.07899525055333642
0.19076189842912894,0.22891427811495474,0.9538094921456446,0.038152379685825785
0.18417736717093933,0.2210128406051272,0.9577223092888845,0.0
0.18911736861805847,0.26476431606528184,0.0,0.9455868430902923
0.19596545041740512,0.2743516305843672,0.03919309008348103,0.9406341620035447
0.20294373961704976,0.2841212354638697,0.08117749584681991,0.9335412022384288
0.20998026278290402,0.2939723678960656,0.12598815766974242,0.9239131562447777
0.2169815183013731,0.30377412562192235,0.1735852146410985,0.911322376865767
0.22383074051792262,0.3133630367250917,0.22383074051792262,0.8953229620716905
0.23038783879204572,0.322542974308864,0.2764654065504549,0.8754737874097737
0.23649188492020107,0.3310886388882815,0.3310886388882815,0.8513707857127238
0.24196695924791364,0.3387537429470791,0.38714713479666185,0.8226876614429064
0.24663181183349506,0.3452845365668931,0.4439372613002911,0.7892217978671843
0.2503130871608794,0.3504383220252312,0.5006261743217588,0.7509392614826383
0.25286086871208685,0.35400521619692155,0.556293911166591,0.7080104323938431
0.2541642838876744,0.3558299974427442,0.6099942813304187,0.6608271381079535
0.2541642838876744,0.3558299974427442,0.6608271381079535,0.6099942813304187
0.25286086871208685,0.35400521619692155,0.7080104323938431,0.556293911166591
0.2503130871608794,0.3504383220252312,0.7509392614826383,0.5006261743217588
0.24663181183349506,0.3452845365668931,0.7892217978671843,0.4439372613002911
0.24196695924791364,0.3387537429470791,0.8226876614429064,0.38714713479666185
0.23649188492020107,0.3310886388882815,0.8513707857127238,0.3310886388882815
0.23038783879204572,0.322542974308864,0.8754737874097737,0.2764654065504549
0.22383074051792262,0.3133630367250917,0.8953229620716905,0.22383074051792262
0.21698151830137316,0.3037741256219224,0.9113223768657671,0.17358521464109852
0.20998026278290402,0.2939723678960656,0.9239131562447777,0.12598815766974242
0.20294373961704976,0.2841212354638697,0.9335412022384288,0.08117749584681991
0.19596545041740512,0.2743516305843672,0.9406341620035447,0.03919309008348103
0.18911736861805847,0.26476431606528184,0.9455868430902923,0.0
0.19389168358237033,0.3102266937317925,0.0,0.9306800811953776
0.2009669677645352,0.3215471484232564,0.04019339355290705,0.924448051716862
0.20815272356090667,0.33304435769745067,0.08326108942436267,0.9158719836679893
0.21536524612697402,0.3445843938031585,0.12921914767618442,0.9045340337332909
0.22249707974499242,0.3559953275919879,0.17799766379599394,0.8899883189799697
0.2294157338705618,0.36706517419289886,0.2294157338705618,0.8717797887081347
0.23596458909150436,0.377543342546407,0.28315750690980523,0.8494725207294157
0.24196695924791364,0.38714713479666185,0.3387537429470791,0.8226876614429064
0.24723408821707438,0.395574541147319,0.395574541147319,0.791149082294638
0.2515773027133138,0.40252368434130203,0.4528391448839648,0.7547319081399414
0.25482359571881275,0.40771775315010045,0.5096471914376255,0.7135060680126758
0.25683274846875703,0.4109323975500113,0.5650320466312655,0.6677651460187684
0.2575131013123024,0.4120209620996838,0.6180314431495257,0.6180314431495257
0.25683274846875703,0.4109323975500113,0.6677651460187684,0.5650320466312655
0.25482359571881275,0.40771775315010045,0.7135060680126758,0.5096471914376255
0.2515773027133138,0.40252368434130203,0.7547319081399414,0.4528391448839648
0.24723408821707438,0.395574541147319,0.791149082294638,0.395574541147319
0.24196695924791364,0.38714713479666185,0.8226876614429064,0.3387537429470791
0.23596458909150436,0.377543342546407,0.8494725207294157,0.28315750690980523
0.2294157338705618,0.36706517419289886,0.8717797887081347,0.2294157338705618
0.22249707974499242,0.3559953275919879,0.8899883189799697,0.17799766379599394
0.21536524612697402,0.3445843938031585,0.9045340337332909,0.12921914767618442
0.20815272356090667,0.33304435769745067,0.9158719836679893,0.08326108942436267
0.2009669677645352,0.3215471484232564,0.924448051716862,0.04019339355290705
0.19389168358237033,0.3102266937317925,0.9306800811953776,0.0
0.19841894753313627,0.35715410555964533,0.0,0.9127271586524268
0.20567251744743179,0.37021053140537724,0.04113450348948636,0.9049590767686999
0.21300716142115253,0.38341289055807454,0.085202864568461,0.8946300779688405
0.22032632461961588,0.3965873843153086,0.13219579477176954,0.8813052984784635
0.22750787759664504,0.4095141796739611,0.18200630207731602,0.864529934867251
0.2344036154692477,0.42192650784464586,0.2344036154692477,0.8438530156892917
0.24084152542954404,0.4335147457731793,0.28900983051545287,0.8188611864604498
0.24663181183349506,0.4439372613002911,0.3452845365668931,0.7892217978671843
0.2515773027133138,0.4528391448839648,0.40252368434130203,0.7547319081399414
0.255488065153798,0.4598785172768364,0.4598785172768364,0.7153665824306343
0.2581988897471611,0.46475800154489,0.5163977794943222,0.6713171133426189
0.2595870658255825,0.4672567184860485,0.5710915448162815,0.623008957981398
0.2595870658255825,0.4672567184860485,0.623008957981398,0.5710915448162815
0.2581988897471611,0.46475800154489,0.6713171133426189,0.5163977794943222
0.255488065153798,0.4598785172768364,0.7153665824306343,0.4598785172768364
0.2515773027133138,0.4528391448839648,0.7547319081399414,0.40252368434130203
0.24663181183349503,0.44393726130029104,0.789221797867184,0.345284536566893
0.240841525429544,0.4335147457731792,0.8188611864604496,0.2890098305154528
0.2344036154692477,0.42192650784464586,0.8438530156892917,0.2344036154692477
0.22750787759664504,0.4095141796739611,0.864529934867251,0.18200630207731602
0.22032632461961588,0.3965873843153086,0.8813052984784635,0.13219579477176954
0.21300716142115247,0.3834128905580745,0.8946300779688403,0.08520286456846099
0.20567251744743179,0.37021053140537724,0.9049590767686999,0.04113450348948636
0.19841894753313627,0.35715410555964533,0.9127271586524268,0.0
0.20261022461827696,0.4052204492365539,0.0,0.8914849883204187
0.20998026278290402,0.41996052556580804,0.0419960525565808,0.8819171036881968
0.2173913043478261,0.4347826086956522,0.08695652173913045,0.8695652173913044
0.22473328748774737,0.44946657497549475,0.13483997249264842,0.8539864924534399
0.23186944788008412,0.46373889576016825,0.1854955583040673,0.8347300123683028
0.23863697995167385,0.4772739599033477,0.23863697995167385,0.811365731835691
0.24485105343719588,0.48970210687439175,0.29382126412463505,0.7835233709990268
0.2503130871608794,0.5006261743217588,0.3504383220252312,0.7509392614826383
0.25482359571881275,0.5096471914376255,0.40771775315010045,0.7135060680126758
0.2581988897471611,0.5163977794943222,0.46475800154489,0.6713171133426189
0.26028960314767674,0.5205792062953535,0.5205792062953535,0.6246950475544242
0.2609978754859403,0.5219957509718806,0.5741953260690686,0.5741953260690686
0.26028960314767674,0.5205792062953535,0.6246950475544242,0.5205792062953535
0.2581988897471611,0.5163977794943222,0.6713171133426189,0.46475800154489
0.25482359571881275,0.5096471914376255,0.7135060680126758,0.40771775315010045
0.2503130871608794,0.5006261743217588,0.7509392614826383,0.3504383220252312
0.24485105343719588,0.48970210687439175,0.7835233709990268,0.29382126412463505
0.23863697995167385,0.4772739599033477,0.811365731835691,0.23863697995167385
0.23186944788008418,0.46373889576016836,0.834730012368303,0.18549555830406733
0.2247332874877474,0.4494665749754948,0.85398649245344,0.13483997249264845
0.21739130434782608,0.43478260869565216,0.8695652173913043,0.08695652173913043
0.20998026278290402,0.41996052556580804,0.8819171036881968,0.0419960525565808
0.20261022461827696,0.4052204492365539,0.8914849883204187,0.0
0.20637208585324904,0.4540185888771479,0.0,0.8667627605836459
0.21378456240450638,0.470326037289914,0.04275691248090128,0.8551382496180255
0.22118697760190442,0.48661135072418976,0.08847479104076177,0.8405105148872367
0.22845583119247692,0.5026028286234492,0.13707349871548616,0.8224409922929169
0.23544080467400555,0.5179697702828122,0.18835264373920443,0.8004987358916189
0.24196695924791362,0.5323273103454099,0.24196695924791362,0.7742942695933235
0.24784079854830482,0.5452497568062706,0.29740895825796576,0.7435223956449145
0.25286086871208685,0.556293911166591,0.35400521619692155,0.7080104323938431
0.25683274846875703,0.5650320466312655,0.4109323975500113,0.6677651460187684
0.2595870658255825,0.5710915448162815,0.4672567184860485,0.623008957981398
0.2609978754859403,0.5741953260690686,0.5219957509718806,0.5741953260690686
0.2609978754859403,0.5741953260690686,0.5741953260690686,0.5219957509718806
0.2595870658255825,0.5710915448162815,0.623008957981398,0.4672567184860485
0.25683274846875703,0.5650320466312655,0.6677651460187684,0.4109323975500113
0.25286086871208685,0.556293911166591,0.7080104323938431,0.35400521619692155
0.24784079854830482,0.5452497568062706,0.7435223956449145,0.29740895825796576
0.24196695924791364,0.53232731034541,0.7742942695933237,0.24196695924791364
0.23544080467400555,0.5179697702828122,0.8004987358916189,0.18835264373920443
0.22845583119247692,0.5026028286234492,0.8224409922929169,0.13707349871548616
0.22118697760190442,0.48661135072418976,0.8405105148872367,0.08847479104076177
0.2137845624045064,0.4703260372899141,0.8551382496180256,0.042756912480901285
0.20637208585324904,0.4540185888771479,0.8667627605836459,0.0
0.20961090407515928,0.5030661697803822,0.0,0.8384436163006371
0.21698151830137316,0.5207556439232955,0.04339630366027463,0.8245297695452178
0.22428065200812833,0.5382735648195079,0.08971226080325133,0.807410347229262
0.23137240669137374,0.555293776059297,0.13882344401482424,0.7866661827506707
0.23809523809523808,0.5714285714285714,0.19047619047619047,0.7619047619047619
0.24426598437301578,0.5862383624952379,0.24426598437301578,0.7327979531190473
0.24968808471946116,0.5992514033267068,0.2996257016633534,0.6991266372144912
0.2541642838876744,0.6099942813304187,0.3558299974427442,0.6608271381079535
0.2575131013123024,0.6180314431495257,0.4120209620996838,0.6180314431495257
0.2595870658255825,0.623008957981398,0.4672567184860485,0.5710915448162815
0.26028960314767674,0.6246950475544242,0.5205792062953535,0.5205792062953535
0.2595870658255825,0.623008957981398,0.5710915448162815,0.4672567184860485
0.2575131013123024,0.6180314431495257,0.6180314431495257,0.4120209620996838
0.2541642838876744,0.6099942813304187,0.6608271381079535,0.3558299974427442
0.24968808471946116,0.5992514033267068,0.6991266372144912,0.2996257016633534
0.24426598437301578,0.5862383624952379,0.7327979531190473,0.24426598437301578
0.23809523809523808,0.5714285714285714,0.7619047619047619,0.19047619047619047
0.23137240669137374,0.555293776059297,0.7866661827506707,0.13882344401482424
0.22428065200812833,0.5382735648195079,0.807410347229262,0.08971226080325133
0.21698151830137316,0.5207556439232955,0.8245297695452178,0.04339630366027463
0.20961090407515928,0.5030661697803822,0.8384436163006371,0.0
0.21223817998900446,0.5518192679714116,0.0,0.8065050839582169
0.21947564065307357,0.5706366656979913,0.04389512813061472,0.7901123063510649
0.22657162721472188,0.5890862307582769,0.09062865088588876,0.7703435325300544
0.23338001400466832,0.6067880364121376,0.140028008402801,0.7468160448149387
0.23973165074269207,0.6233022919309994,0.19178532059415365,0.7191949522280762
0.245440346836908,0.6381449017759608,0.245440346836908,0.6872329711433424
0.2503130871608794,0.6508140266182865,0.3003757045930553,0.6508140266182865
0.2541642838876744,0.6608271381079535,0.3558299974427442,0.6099942813304187
0.25683274846875703,0.6677651460187684,0.4109323975500113,0.5650320466312655
0.2581988897471611,0.6713171133426189,0.46475800154489,0.5163977794943222
0.2581988897471611,0.6713171133426189,0.5163977794943222,0.46475800154489
0.25683274846875703,0.6677651460187684,0.5650320466312655,0.4109323975500113
0.2541642838876744,0.6608271381079535,0.6099942813304187,0.3558299974427442
0.2503130871608794,0.6508140266182865,0.6508140266182865,0.3003757045930553
0.245440346836908,0.6381449017759608,0.6872329711433424,0.245440346836908
0.2397316507426921,0.6233022919309995,0.7191949522280763,0.19178532059415368
0.23338001400466832,0.6067880364121376,0.7468160448149387,0.140028008402801
0.22657162721472188,0.5890862307582769,0.7703435325300544,0.09062865088588876
0.21947564065307357,0.5706366656979913,0.7901123063510649,0.04389512813061472
0.21223817998900446,0.5518192679714116,0.8065050839582169,0.0
0.2141764684390597,0.5996941116293671,0.0,0.7710352863806149
0.2211869776019044,0.6193235372853323,0.044237395520380876,0.7520357238464749
0.22798037629377657,0.6383450536225744,0.09119215051751063,0.729537204140085
0.2344036154692477,0.6563301233138936,0.14064216928154863,0.7032108464077431
0.24028466566610637,0.6727970638650979,0.19222773253288508,0.6727970638650979
0.245440346836908,0.6872329711433424,0.245440346836908,0.6381449017759608
0.24968808471946116,0.6991266372144912,0.2996257016633534,0.5992514033267068
0.25286086871208685,0.7080104323938431,0.35400521619692155,0.556293911166591
0.25482359571881275,0.7135060680126758,0.40771775315010045,0.5096471914376255
0.255488065153798,0.7153665824306343,0.4598785172768364,0.4598785172768364
0.25482359571881275,0.7135060680126758,0.5096471914376255,0.40771775315010045
0.25286086871208685,0.7080104323938431,0.556293911166591,0.35400521619692155
0.24968808471946116,0.6991266372144912,0.5992514033267068,0.2996257016633534
0.245440346836908,0.6872329711433424,0.6381449017759608,0.245440346836908
0.24028466566610637,0.6727970638650979,0.6727970638650979,0.19222773253288508
0.2344036154692477,0.6563301233138936,0.7032108464077431,0.14064216928154863
0.22798037629377657,0.6383450536225744,0.729537204140085,0.09119215051751063
0.22118697760190442,0.6193235372853324,0.7520357238464751,0.04423739552038088
0.2141764684390597,0.5996941116293671,0.7710352863806149,0.0
0.21536524612697402,0.646095738380922,0.0,0.7322418368317117
0.22205779584216373,0.6661733875264911,0.04441155916843274,0.7105849466949239
0.22845583119247692,0.6853674935774308,0.09138233247699076,0.6853674935774308
0.2344036154692477,0.7032108464077431,0.14064216928154863,0.6563301233138936
0.23973165074269207,0.7191949522280762,0.19178532059415365,0.6233022919309994
0.24426598437301578,0.7327979531190473,0.24426598437301578,0.5862383624952379
0.24784079854830487,0.7435223956449146,0.2974089582579658,0.5452497568062707
0.2503130871608794,0.7509392614826383,0.3504383220252312,0.5006261743217588
0.2515773027133138,0.7547319081399414,0.40252368434130203,0.4528391448839648
0.2515773027133138,0.7547319081399414,0.4528391448839648,0.40252368434130203
0.2503130871608794,0.7509392614826383,0.5006261743217588,0.3504383220252312
0.24784079854830482,0.7435223956449145,0.5452497568062706,0.29740895825796576
0.24426598437301578,0.7327979531190473,0.5862383624952379,0.24426598437301578
0.23973165074269207,0.7191949522280762,0.6233022919309994,0.19178532059415365
0.2344036154692477,0.7032108464077431,0.6563301233138936,0.14064216928154863
0.22845583119247692,0.6853674935774308,0.6853674935774308,0.09138233247699076
0.22205779584216376,0.6661733875264914,0.7105849466949241,0.04441155916843276
0.21536524612697402,0.646095738380922,0.7322418368317117,0.0
0.21576592600105152,0.6904509632033649,0.0,0.6904509632033649
0.22205779584216373,0.7105849466949239,0.04441155916843274,0.6661733875264911
0.22798037629377657,0.729537204140085,0.09119215051751063,0.6383450536225744
0.23338001400466832,0.7468160448149387,0.140028008402801,0.6067880364121376
0.23809523809523808,0.7619047619047619,0.19047619047619047,0.5714285714285714
0.24196695924791362,0.7742942695933235,0.24196695924791362,0.5323273103454099
0.24485105343719588,0.7835233709990268,0.29382126412463505,0.48970210687439175
0.24663181183349506,0.7892217978671843,0.3452845365668931,0.4439372613002911
0.24723408821707438,0.791149082294638,0.395574541147319,0.395574541147319
0.24663181183349503,0.789221797867184,0.44393726130029104,0.345284536566893
0.24485105343719588,0.7835233709990268,0.48970210687439175,0.29382126412463505
0.24196695924791364,0.7742942695933237,0.53232731034541,0.24196695924791364
0.23809523809523808,0.7619047619047619,0.5714285714285714,0.19047619047619047
0.23338001400466832,0.7468160448149387,0.6067880364121376,0.140028008402801
0.22798037629377657,0.729537204140085,0.6383450536225744,0.09119215051751063
0.22205779584216376,0.7105849466949241,0.6661733875264914,0.04441155916843276
0.21576592600105152,0.6904509632033649,0.6904509632033649,0.0
0.21536524612697402,0.7322418368317117,0.0,0.646095738380922
0.2211869776019044,0.7520357238464749,0.044237395520380876,0.6193235372853323
0.22657162721472188,0.7703435325300544,0.09062865088588876,0.5890862307582769
0.23137240669137374,0.7866661827506707,0.13882344401482424,0.555293776059297
0.23544080467400555,0.8004987358916189,0.18835264373920443,0.5179697702828122
0.23863697995167385,0.811365731835691,0.23863697995167385,0.4772739599033477
0.24084152542954404,0.8188611864604498,0.28900983051545287,0.4335147457731793
0.24196695924791364,0.8226876614429064,0.3387537429470791,0.38714713479666185
0.24196695924791364,0.8226876614429064,0.38714713479666185,0.3387537429470791
0.240841525429544,0.8188611864604496,0.4335147457731792,0.2890098305154528
0.23863697995167385,0.811365731835691,0.4772739599033477,0.23863697995167385
0.23544080467400555,0.8004987358916189,0.5179697702828122,0.18835264373920443
0.23137240669137374,0.7866661827506707,0.555293776059297,0.13882344401482424
0.22657162721472188,0.7703435325300544,0.5890862307582769,0.09062865088588876
0.22118697760190442,0.7520357238464751,0.6193235372853324,0.04423739552038088
0.21536524612697402,0.7322418368317117,0.646095738380922,0.0
0.2141764684390597,0.7710352863806149,0.0,0.5996941116293671
0.21947564065307357,0.7901123063510649,0.04389512813061472,0.5706366656979913
0.22428065200812833,0.807410347229262,0.08971226080325133,0.5382735648195079
0.22845583119247692,0.8224409922929169,0.13707349871548616,0.5026028286234492
0.23186944788008418,0.834730012368303,0.18549555830406733,0.46373889576016836
0.2344036154692477,0.8438530156892917,0.2344036154692477,0.42192650784464586
0.23596458909150436,0.8494725207294157,0.28315750690980523,0.377543342546407
0.23649188492020112,0.851370785712724,0.33108863888828155,0.33108863888828155
0.23596458909150436,0.8494725207294157,0.377543342546407,0.28315750690980523
0.23440361546924776,0.8438530156892919,0.42192650784464597,0.23440361546924776
0.23186944788008418,0.834730012368303,0.46373889576016836,0.18549555830406733
0.22845583119247692,0.8224409922929169,0.5026028286234492,0.13707349871548616
0.22428065200812833,0.807410347229262,0.5382735648195079,0.08971226080325133
0.21947564065307357,0.7901123063510649,0.5706366656979913,0.04389512813061472
0.2141764684390597,0.7710352863806149,0.5996941116293671,0.0
0.21223817998900446,0.8065050839582169,0.0,0.5518192679714116
0.21698151830137316,0.8245297695452178,0.04339630366027463,0.5207556439232955
0.22118697760190442,0.8405105148872367,0.08847479104076177,0.48661135072418976
0.2247332874877474,0.85398649245344,0.13483997249264845,0.4494665749754948
0.2275078775966451,0.8645299348672513,0.18200630207731608,0.40951417967396114
0.2294157338705618,0.8717797887081347,0.2294157338705618,0.36706517419289886
0.23038783879204572,0.8754737874097737,0.2764654065504549,0.322542974308864
0.23038783879204572,0.8754737874097737,0.322542974308864,0.2764654065504549
0.2294157338705618,0.8717797887081347,0.36706517419289886,0.2294157338705618
0.2275078775966451,0.8645299348672513,0.40951417967396114,0.18200630207731608
0.2247332874877474,0.85398649245344,0.4494665749754948,0.13483997249264845
0.22118697760190442,0.8405105148872367,0.48661135072418976,0.08847479104076177
0.21698151830137316,0.8245297695452178,0.5207556439232955,0.04339630366027463
0.21223817998900446,0.8065050839582169,0.5518192679714116,0.0
0.20961090407515928,0.8384436163006371,0.0,0.5030661697803822
0.21378456240450638,0.8551382496180255,0.04275691248090128,0.470326037289914
0.21739130434782608,0.8695652173913043,0.08695652173913043,0.43478260869565216
0.22032632461961588,0.8813052984784635,0.13219579477176954,0.3965873843153086
0.22249707974499242,0.8899883189799697,0.17799766379599394,0.3559953275919879
0.22383074051792262,0.8953229620716905,0.22383074051792262,0.3133630367250917
0.22428065200812827,0.8971226080325131,0.2691367824097539,0.2691367824097539
0.22383074051792262,0.8953229620716905,0.3133630367250917,0.22383074051792262
0.2224970797449924,0.8899883189799696,0.3559953275919878,0.1779976637959939
0.22032632461961588,0.8813052984784635,0.3965873843153086,0.13219579477176954
0.21739130434782608,0.8695652173913043,0.43478260869565216,0.08695652173913043
0.21378456240450638,0.8551382496180255,0.470326037289914,0.04275691248090128
0.20961090407515928,0.8384436163006371,0.5030661697803822,0.0
0.206372085853249,0.8667627605836458,0.0,0.4540185888771478
0.20998026278290402,0.8819171036881968,0.0419960525565808,0.41996052556580804
0.21300716142115247,0.8946300779688403,0.08520286456846099,0.3834128905580745
0.21536524612697402,0.9045340337332909,0.12921914767618442,0.3445843938031585
0.2169815183013731,0.911322376865767,0.1735852146410985,0.30377412562192235
0.21780342093451605,0.9147743679249672,0.21780342093451605,0.2613641051214193
0.21780342093451607,0.9147743679249675,0.2613641051214193,0.21780342093451607
0.21698151830137316,0.9113223768657671,0.3037741256219224,0.17358521464109852
0.21536524612697402,0.9045340337332909,0.3445843938031585,0.12921914767618442
0.21300716142115247,0.8946300779688403,0.3834128905580745,0.08520286456846099
0.20998026278290402,0.8819171036881968,0.41996052556580804,0.0419960525565808
0.206372085853249,0.8667627605836458,0.4540185888771478,0.0
0.20261022461827696,0.8914849883204187,0.0,0.4052204492365539
0.20567251744743179,0.9049590767686999,0.04113450348948636,0.37021053140537724
0.20815272356090667,0.9158719836679893,0.08326108942436267,0.33304435769745067
0.20998026278290402,0.9239131562447777,0.12598815766974242,0.2939723678960656
0.21110016546037455,0.928840728025648,0.16888013236829963,0.25332019855244947
0.21147746721890676,0.9305008557631897,0.21147746721890676,0.21147746721890676
0.21110016546037455,0.928840728025648,0.25332019855244947,0.16888013236829963
0.20998026278290402,0.9239131562447777,0.2939723678960656,0.12598815766974242
0.20815272356090667,0.9158719836679893,0.33304435769745067,0.08326108942436267
0.20567251744743179,0.9049590767686999,0.37021053140537724,0.04113450348948636
0.20261022461827696,0.8914849883204187,0.4052204492365539,0.0
0.19841894753313627,0.9127271586524268,0.0,0.35715410555964533
0.2009669677645352,0.924448051716862,0.04019339355290705,0.3215471484232564
0.20294373961704976,0.9335412022384288,0.08117749584681991,0.2841212354638697
0.20429446161135922,0.9397545234122524,0.12257667696681554,0.24515335393363108
0.20498001542269695,0.9429080709444059,0.16398401233815757,0.20498001542269695
0.20498001542269695,0.9429080709444059,0.20498001542269695,0.16398401233815757
0.20429446161135922,0.9397545234122524,0.24515335393363108,0.12257667696681554
0.20294373961704976,0.9335412022384288,0.2841212354638697,0.08117749584681991
0.2009669677645352,0.924448051716862,0.3215471484232564,0.04019339355290705
0.19841894753313627,0.9127271586524268,0.35715410555964533,0.0
0.19389168358237033,0.9306800811953776,0.0,0.3102266937317925
0.19596545041740512,0.9406341620035447,0.03919309008348103,0.2743516305843672
0.19748812638334107,0.9479430066400371,0.07899525055333642,0.23698575166000926
0.19841894753313624,0.952410948159054,0.11905136851988175,0.19841894753313624
0.1987321583792911,0.9539143602205973,0.15898572670343286,0.15898572670343286
0.19841894753313624,0.952410948159054,0.19841894753313624,0.11905136851988175
0.19748812638334107,0.9479430066400371,0.23698575166000926,0.07899525055333642
0.19596545041740512,0.9406341620035447,0.2743516305843672,0.03919309008348103
0.19389168358237033,0.9306800811953776,0.3102266937317925,0.0
0.18911736861805847,0.9455868430902923,0.0,0.26476431606528184
0.19076189842912894,0.9538094921456446,0.038152379685825785,0.22891427811495474
0.19188238911333408,0.9594119455666703,0.07675295564533363,0.19188238911333408
0.19245008972987526,0.9622504486493763,0.11547005383792516,0.15396007178390023
0.19245008972987526,0.9622504486493763,0.15396007178390023,0.11547005383792516
0.19188238911333408,0.9594119455666703,0.19188238911333408,0.07675295564533363
0.19076189842912894,0.9538094921456446,0.22891427811495474,0.038152379685825785
0.18911736861805847,0.9455868430902923,0.26476431606528184,0.0
0.18417736717093935,0.9577223092888846,0.0,0.22101284060512721
0.18543973538807101,0.9642866240179693,0.0370879470776142,0.18543973538807101
0.18620973068096466,0.9682905995410163,0.07448389227238586,0.14896778454477172
0.1864685351570504,0.9696363828166621,0.11188112109423023,0.11188112109423023
0.18620973068096466,0.9682905995410163,0.14896778454477172,0.07448389227238586
0.18543973538807101,0.9642866240179693,0.18543973538807101,0.0370879470776142
0.18417736717093935,0.9577223092888846,0.22101284060512721,0.0
0.17914359097500468,0.9673753912650251,0.0,0.17914359097500468
0.18007060151640494,0.9723812481885865,0.03601412030328099,0.14405648121312395
0.18053953616852975,0.9749134953100606,0.07221581446741189,0.10832372170111784
0.18053953616852975,0.9749134953100606,0.10832372170111784,0.07221581446741189
0.18007060151640494,0.9723812481885865,0.14405648121312395,0.03601412030328099
0.17914359097500468,0.9673753912650251,0.17914359097500468,0.0
0.17407765595569782,0.9748348733519078,0.0,0.13926212476455826
0.17471413945365305,0.9783991809404571,0.03494282789073061,0.10482848367219183
0.17492785713532988,0.9795959999578474,0.06997114285413196,0.06997114285413196
0.17471413945365305,0.9783991809404571,0.10482848367219183,0.03494282789073061
0.17407765595569782,0.9748348733519078,0.13926212476455826,0.0
0.16903085094570333,0.9803789354850793,0.0,0.101418510567422
0.1694185368929243,0.9826275139789609,0.03388370737858486,0.06776741475716971
0.1694185368929243,0.9826275139789609,0.06776741475716971,0.03388370737858486
0.16903085094570333,0.9803789354850793,0.101418510567422,0.0
0.16404467873119666,0.9842680723871801,0.0,0.06561787149247866
0.16422154636071554,0.9853292781642933,0.03284430927214311,0.03284430927214311
0.16404467873119666,0.9842680723871801,0.06561787149247866,0.0
0.1591517535198076,0.986740871822807,0.0,0.03183035070396152
0.1591517535198076,0.986740871822807,0.03183035070396152,0.0
0.1543768802736096,0.9880120337511015,0.0,0.0
0.19002190656586093,0.0,0.0,0.9817798505902814
0.19601145611544032,0.0,0.03266857601924005,0.9800572805772017
0.20214513615876276,0.0,0.06738171205292091,0.9770348247673533
0.20838861349415638,0.0,0.10419430674707819,0.9724801963060631
0.21469688008935398,0.0,0.14313125339290264,0.9661359604020927
0.2210128406051272,0.0,0.18417736717093933,0.9577223092888845
0.22726620572357106,0.0,0.22726620572357106,0.9469425238482128
0.23337295247532422,0.0,0.2722684445545449,0.9334918099012969
0.23923566684867,0.0,0.31898088913156003,0.917070056253235
0.24474510493440127,0.0,0.3671176574016019,0.8973987180928046
0.249783268273088,0.0,0.41630544712181333,0.8742414389558079
0.2542281591642215,0.0,0.46608495846773934,0.8474271972140716
0.25796014823540864,0.0,0.5159202964708173,0.8168738027454606
0.2608695652173913,0.0,0.5652173913043478,0.7826086956521738
0.26286477260299407,0.0,0.6133511360736529,0.7447835223751499
0.2638796982801255,0.0,0.6596992457003137,0.703679195413668
0.2638796982801255,0.0,0.703679195413668,0.6596992457003137
0.26286477260299407,0.0,0.7447835223751499,0.6133511360736529
0.2608695652173913,0.0,0.7826086956521738,0.5652173913043478
0.25796014823540864,0.0,0.8168738027454606,0.5159202964708173
0.2542281591642215,0.0,0.8474271972140716,0.46608495846773934
0.249783268273088,0.0,0.8742414389558079,0.41630544712181333
0.24474510493440127,0.0,0.8973987180928046,0.3671176574016019
0.23923566684867,0.0,0.917070056253235,0.31898088913156003
0.23337295247532422,0.0,0.9334918099012969,0.2722684445545449
0.22726620572357106,0.0,0.9469425238482128,0.22726620572357106
0.2210128406051272,0.0,0.9577223092888845,0.18417736717093933
0.21469688008935398,0.0,0.9661359604020927,0.14313125339290264
0.20838861349415638,0.0,0.9724801963060631,0.10419430674707819
0.20214513615876276,0.0,0.9770348247673533,0.06738171205292091
0.19601145611544035,0.0,0.9800572805772018,0.03266857601924006
0.19002190656586093,0.0,0.9817798505902814,0.0
0.19601145611544032,0.03266857601924005,0.0,0.9800572805772017
0.20237497720646544,0.03372916286774424,0.03372916286774424,0.9781457231645829
0.2088931871468374,0.03481553119113957,0.06963106238227915,0.974834873351908
0.2155263624321299,0.03592106040535498,0.10776318121606494,0.9698686309445844
0.2222222222222222,0.037037037037037035,0.14814814814814814,0.9629629629629629
0.22891427811495474,0.038152379685825785,0.19076189842912894,0.9538094921456446
0.23552060159365787,0.039253433598942976,0.23552060159365787,0.9420824063746315
0.24194335156365354,0.04032389192727559,0.28226724349092913,0.9274495143273386
0.2480694691784169,0.04134491152973615,0.3307592922378892,0.9095880536541953
0.2537729606626882,0.04229549344378136,0.38065944099403226,0.8882053623194085
0.2589191112012619,0.04315318520021031,0.4315318520021031,0.8630637040042062
0.2633707687836883,0.04389512813061472,0.4828464094367619,0.8340074344816795
0.2669964956939909,0.044499415948998484,0.5339929913879818,0.8009894870819727
0.26967994498529685,0.044946657497549475,0.5843065474681431,0.764093177458341
0.2713293789876807,0.045221563164613454,0.6331018843045884,0.7235450106338153
0.27188595265766624,0.04531432544294438,0.6797148816441657,0.6797148816441657
0.2713293789876807,0.045221563164613454,0.7235450106338153,0.6331018843045884
0.26967994498529685,0.044946657497549475,0.764093177458341,0.5843065474681431
0.2669964956939909,0.044499415948998484,0.8009894870819727,0.5339929913879818
0.2633707687836883,0.04389512813061472,0.8340074344816795,0.4828464094367619
0.2589191112012619,0.04315318520021031,0.8630637040042062,0.4315318520021031
0.2537729606626882,0.04229549344378136,0.8882053623194085,0.38065944099403226
0.2480694691784169,0.04134491152973615,0.9095880536541953,0.3307592922378892
0.24194335156365354,0.04032389192727559,0.9274495143273386,0.28226724349092913
0.23552060159365787,0.039253433598942976,0.9420824063746315,0.23552060159365787
0.22891427811495474,0.038152379685825785,0.9538094921456446,0.19076189842912894
0.2222222222222222,0.037037037037037035,0.9629629629629629,0.14814814814814814
0.2155263624321299,0.03592106040535498,0.9698686309445844,0.10776318121606494
0.2088931871468374,0.03481553119113957,0.974834873351908,0.06963106238227915
0.20237497720646544,0.03372916286774424,0.9781457231645829,0.03372916286774424
0.19601145611544032,0.03266857601924005,0.9800572805772017,0.0
0.20214513615876276,0.06738171205292091,0.0,0.9770348247673533
0.2088931871468374,0.06963106238227915,0.03481553119113957,0.974834873351908
0.21580500037968192,0.07193500012656064,0.07193500012656064,0.9711225017085686
0.22283440581246222,0.07427813527082074,0.11141720290623111,0.9656157585206696
0.22992049957180424,0.07664016652393474,0.15328033304786948,0.9580020815491842
0.23698575166000926,0.07899525055333642,0.19748812638334107,0.9479430066400371
0.2439346884545225,0.08131156281817417,0.2439346884545225,0.9350829724090028
0.2506535958866141,0.08355119862887136,0.29242919520104976,0.919063184917585
0.2570117621268716,0.08567058737562387,0.3426823495024955,0.8995411674440507
0.26286477260299407,0.08762159086766469,0.39429715890449113,0.876215908676647
0.26806023096526216,0.08935341032175405,0.4467670516087703,0.8488573980566634
0.27244596551189987,0.09081532183729996,0.49948427010514973,0.8173378965356995
0.2758802939230217,0.09196009797434057,0.5517605878460434,0.7816608327818949
0.27824333745610097,0.09274777915203365,0.6028605644882187,0.7419822332162692
0.2794478596995734,0.09314928656652446,0.6520450059656713,0.6986196492489335
0.2794478596995734,0.09314928656652446,0.6986196492489335,0.6520450059656713
0.27824333745610097,0.09274777915203365,0.7419822332162692,0.6028605644882187
0.2758802939230217,0.09196009797434057,0.7816608327818949,0.5517605878460434
0.27244596551189987,0.09081532183729996,0.8173378965356995,0.49948427010514973
0.2680602309652622,0.08935341032175408,0.8488573980566636,0.44676705160877034
0.2628647726029941,0.08762159086766472,0.8762159086766471,0.3942971589044912
0.2570117621268716,0.08567058737562387,0.8995411674440507,0.3426823495024955
0.2506535958866141,0.08355119862887136,0.919063184917585,0.29242919520104976
0.2439346884545225,0.08131156281817417,0.9350829724090028,0.2439346884545225
0.23698575166000932,0.07899525055333644,0.9479430066400373,0.1974881263833411
0.22992049957180424,0.07664016652393474,0.9580020815491842,0.15328033304786948
0.22283440581246222,0.07427813527082074,0.9656157585206696,0.11141720290623111
0.21580500037968192,0.07193500012656064,0.9711225017085686,0.07193500012656064
0.2088931871468374,0.06963106238227915,0.974834873351908,0.03481553119113957
0.20214513615876276,0.06738171205292091,0.9770348247673533,0.0
0.20838861349415638,0.10419430674707819,0.0,0.9724801963060631
0.2155263624321299,0.10776318121606494,0.03592106040535498,0.9698686309445844
0.22283440581246222,0.11141720290623111,0.07427813527082074,0.9656157585206696
0.2302588669360009,0.11512943346800045,0.11512943346800045,0.9594119455666703
0.2377286555250982,0.1188643277625491,0.15848577035006545,0.9509146221003928
0.24515335393363108,0.12257667696681554,0.20429446161135922,0.9397545234122524
0.25242189714700275,0.12621094857350137,0.25242189714700275,0.9255469562056767
0.2594026207002702,0.1297013103501351,0.3026363908169819,0.9079091724509456
0.26594532430676177,0.13297266215338088,0.354593765742349,0.8864844143558726
0.27188595265766624,0.13594297632883312,0.4078289289864994,0.8609721834159431
0.2770542579237661,0.13852712896188304,0.46175709653961017,0.8311627737712983
0.28128433856309726,0.14064216928154863,0.515687954032345,0.7969722925954422
0.28442727788398636,0.14221363894199318,0.5688545557679727,0.7584727410239636
0.2863643759420086,0.1431821879710043,0.620456147874352,0.7159109398550215
0.28701892394096395,0.14350946197048198,0.6697108225289158,0.6697108225289158
0.2863643759420086,0.1431821879710043,0.7159109398550215,0.620456147874352
0.28442727788398636,0.14221363894199318,0.7584727410239636,0.5688545557679727
0.28128433856309726,0.14064216928154863,0.7969722925954422,0.515687954032345
0.2770542579237661,0.13852712896188304,0.8311627737712983,0.46175709653961017
0.27188595265766624,0.13594297632883312,0.8609721834159431,0.4078289289864994
0.26594532430676177,0.13297266215338088,0.8864844143558726,0.354593765742349
0.25940262070027015,0.12970131035013507,0.9079091724509454,0.30263639081698185
0.25242189714700275,0.12621094857350137,0.9255469562056767,0.25242189714700275
0.24515335393363108,0.12257667696681554,0.9397545234122524,0.20429446161135922
0.2377286555250982,0.1188643277625491,0.9509146221003928,0.15848577035006545
0.2302588669360009,0.11512943346800045,0.9594119455666703,0.11512943346800045
0.22283440581246222,0.11141720290623111,0.9656157585206696,0.07427813527082074
0.21552636243212991,0.10776318121606496,0.9698686309445845,0.03592106040535499
0.20838861349415638,0.10419430674707819,0.9724801963060631,0.0
0.21469688008935398,0.14313125339290264,0.0,0.9661359604020927
0.2222222222222222,0.14814814814814814,0.037037037037037035,0.9629629629629629
0.22992049957180424,0.15328033304786948,0.07664016652393474,0.9580020815491842
0.2377286555250982,0.15848577035006545,0.1188643277625491,0.9509146221003928
0.24556365272101743,0.16370910181401163,0.16370910181401163,0.9413273354305668
0.25332019855244947,0.16888013236829963,0.21110016546037455,0.928840728025648
0.26086956521739135,0.1739130434782609,0.26086956521739135,0.9130434782608695
0.26806023096526216,0.1787068206435081,0.3127369361261392,0.8935341032175406
0.27472112789737807,0.18314741859825204,0.3662948371965041,0.869950238341697
0.28066816183499277,0.1871121078899952,0.42100224275248915,0.8420044855049783
0.2857142857142857,0.19047619047619047,0.47619047619047616,0.8095238095238094
0.28968272975116055,0.19312181983410703,0.5310850045437944,0.7724872793364281
0.2924221072971476,0.19494807153143173,0.5848442145942953,0.731055268242869
0.29382126412463505,0.1958808427497567,0.6366127389367092,0.6855829496241485
0.29382126412463505,0.1958808427497567,0.6855829496241485,0.6366127389367092
0.2924221072971476,0.19494807153143173,0.731055268242869,0.5848442145942953
0.28968272975116055,0.19312181983410703,0.7724872793364281,0.5310850045437944
0.2857142857142857,0.19047619047619047,0.8095238095238094,0.47619047619047616
0.28066816183499277,0.1871121078899952,0.8420044855049783,0.42100224275248915
0.27472112789737807,0.18314741859825204,0.869950238341697,0.3662948371965041
0.26806023096526216,0.1787068206435081,0.8935341032175406,0.3127369361261392
0.26086956521739135,0.1739130434782609,0.9130434782608695,0.26086956521739135
0.25332019855244947,0.16888013236829963,0.928840728025648,0.21110016546037455
0.24556365272101743,0.16370910181401163,0.9413273354305668,0.16370910181401163
0.2377286555250982,0.15848577035006545,0.9509146221003928,0.1188643277625491
0.22992049957180424,0.15328033304786948,0.9580020815491842,0.07664016652393474
0.2222222222222222,0.14814814814814814,0.9629629629629629,0.037037037037037035
0.21469688008935398,0.14313125339290264,0.9661359604020927,0.0
0.2210128406051272,0.18417736717093933,0.0,0.9577223092888845
0.22891427811495474,0.19076189842912894,0.038152379685825785,0.9538094921456446
0.23698575166000926,0.19748812638334107,0.07899525055333642,0.9479430066400371
0.24515335393363108,0.20429446161135922,0.12257667696681554,0.9397545234122524
0.25332019855244947,0.21110016546037455,0.16888013236829963,0.928840728025648
0.2613641051214193,0.21780342093451607,0.21780342093451607,0.9147743679249675
0.26913678240975397,0.22428065200812833,0.26913678240975397,0.8971226080325133
0.2764654065504549,0.23038783879204572,0.322542974308864,0.8754737874097737
0.28315750690980523,0.23596458909150436,0.377543342546407,0.8494725207294157
0.28900983051545287,0.24084152542954404,0.4335147457731793,0.8188611864604498
0.29382126412463505,0.24485105343719588,0.48970210687439175,0.7835233709990268
0.29740895825796576,0.24784079854830482,0.5452497568062706,0.7435223956449145
0.2996257016633534,0.24968808471946116,0.5992514033267068,0.6991266372144912
0.3003757045930553,0.2503130871608794,0.6508140266182865,0.6508140266182865
0.2996257016633534,0.24968808471946116,0.6991266372144912,0.5992514033267068
0.2974089582579658,0.24784079854830487,0.7435223956449146,0.5452497568062707
0.29382126412463505,0.24485105343719588,0.7835233709990268,0.48970210687439175
0.28900983051545287,0.24084152542954404,0.8188611864604498,0.4335147457731793
0.28315750690980523,0.23596458909150436,0.8494725207294157,0.377543342546407
0.2764654065504549,0.23038783879204572,0.8754737874097737,0.322542974308864
0.26913678240975397,0.22428065200812833,0.8971226080325133,0.26913678240975397
0.2613641051214193,0.21780342093451607,0.9147743679249675,0.21780342093451607
0.25332019855244947,0.21110016546037455,0.928840728025648,0.16888013236829963
0.24515335393363108,0.20429446161135922,0.9397545234122524,0.12257667696681554
0.23698575166000926,0.19748812638334107,0.9479430066400371,0.07899525055333642
0.22891427811495474,0.19076189842912894,0.9538094921456446,0.038152379685825785
0.2210128406051272,0.18417736717093933,0.9577223092888845,0.0
0.22726620572357106,0.22726620572357106,0.0,0.9469425238482128
0.23552060159365787,0.23552060159365787,0.039253433598942976,0.9420824063746315
0.2439346884545225,0.2439346884545225,0.08131156281817417,0.9350829724090028
0.25242189714700275,0.25242189714700275,0.12621094857350137,0.9255469562056767
0.26086956521739135,0.26086956521739135,0.1739130434782609,0.9130434782608695
0.26913678240975397,0.26913678240975397,0.22428065200812833,0.8971226080325133
0.2770542579237661,0.2770542579237661,0.2770542579237661,0.8773384834252592
0.28442727788398636,0.28442727788398636,0.33183182419798407,0.8532818336519591
0.2910427500435996,0.2910427500435996,0.38805700005813276,0.8246211251235321
0.2966809058604893,0.2966809058604893,0.4450213587907339,0.791149082294638
0.3011313679370974,0.3011313679370974,0.5018856132284957,0.7528284198427434
0.30421207593803634,0.30421207593803634,0.5577221392197332,0.7098281771887515
0.30578831486257535,0.30578831486257535,0.6115766297251507,0.6625413488689132
0.30578831486257535,0.30578831486257535,0.6625413488689132,0.6115766297251507
0.30421207593803634,0.30421207593803634,0.7098281771887515,0.5577221392197332
0.3011313679370974,0.3011313679370974,0.7528284198427434,0.5018856132284957
0.2966809058604893,0.2966809058604893,0.791149082294638,0.4450213587907339
0.2910427500435996,0.2910427500435996,0.8246211251235321,0.38805700005813276
0.28442727788398636,0.28442727788398636,0.8532818336519591,0.33183182419798407
0.2770542579237661,0.2770542579237661,0.8773384834252592,0.2770542579237661
0.26913678240975397,0.26913678240975397,0.8971226080325133,0.22428065200812833
0.26086956521739135,0.26086956521739135,0.9130434782608695,0.1739130434782609
0.25242189714700275,0.25242189714700275,0.9255469562056767,0.12621094857350137
0.2439346884545225,0.2439346884545225,0.9350829724090028,0.08131156281817417
0.23552060159365787,0.23552060159365787,0.9420824063746315,0.039253433598942976
0.22726620572357106,0.22726620572357106,0.9469425238482128,0.0
0.23337295247532422,0.2722684445545449,0.0,0.9334918099012969
0.24194335156365354,0.28226724349092913,0.04032389192727559,0.9274495143273386
0.2506535958866141,0.29242919520104976,0.08355119862887136,0.919063184917585
0.2594026207002702,0.3026363908169819,0.1297013103501351,0.9079091724509456
0.26806023096526216,0.3127369361261392,0.1787068206435081,0.8935341032175406
0.2764654065504549,0.322542974308864,0.23038783879204572,0.8754737874097737
0.28442727788398636,0.33183182419798407,0.28442727788398636,0.8532818336519591
0.29172998299578917,0.3403516468284207,0.3403516468284207,0.8265682851547359
0.29814239699997197,0.3478327964999673,0.3975231959999626,0.7950463919999252
0.3034330424545042,0.35400521619692155,0.4551495636817563,0.7585826061362605
0.30738931174713596,0.35862086370499197,0.5123155195785599,0.7172417274099839
0.30983866769659335,0.36147844564602555,0.5680375574437545,0.6713171133426189
0.3106682238470987,0.3624462611549485,0.6213364476941974,0.6213364476941974
0.30983866769659335,0.36147844564602555,0.6713171133426189,0.5680375574437545
0.30738931174713596,0.35862086370499197,0.7172417274099839,0.5123155195785599
0.3034330424545042,0.35400521619692155,0.7585826061362605,0.4551495636817563
0.29814239699997197,0.3478327964999673,0.7950463919999252,0.3975231959999626
0.29172998299578917,0.3403516468284207,0.8265682851547359,0.3403516468284207
0.28442727788398636,0.33183182419798407,0.8532818336519591,0.28442727788398636
0.2764654065504549,0.322542974308864,0.8754737874097737,0.23038783879204572
0.26806023096526216,0.3127369361261392,0.8935341032175406,0.1787068206435081
0.2594026207002702,0.3026363908169819,0.9079091724509456,0.1297013103501351
0.2506535958866141,0.29242919520104976,0.919063184917585,0.08355119862887136
0.2419433515636536,0.2822672434909292,0.9274495143273387,0.0403238919272756
0.23337295247532422,0.2722684445545449,0.9334918099012969,0.0
0.23923566684867,0.31898088913156003,0.0,0.917070056253235
0.2480694691784169,0.3307592922378892,0.04134491152973615,0.9095880536541953
0.2570117621268716,0.3426823495024955,0.08567058737562387,0.8995411674440507
0.26594532430676177,0.354593765742349,0.13297266215338088,0.8864844143558726
0.27472112789737807,0.3662948371965041,0.18314741859825204,0.869950238341697
0.28315750690980523,0.377543342546407,0.23596458909150436,0.8494725207294157
0.2910427500435996,0.38805700005813276,0.2910427500435996,0.8246211251235321
0.29814239699997197,0.3975231959999626,0.3478327964999673,0.7950463919999252
0.30421207593803634,0.4056161012507151,0.4056161012507151,0.7605301898450908
0.30901572157476287,0.4120209620996838,0.4635235823621443,0.7210366836744466
0.3123475237772121,0.41646336503628284,0.5205792062953535,0.6767529681839596
0.3140543535541282,0.41873913807217095,0.575766314849235,0.6281087071082564
0.3140543535541282,0.41873913807217095,0.6281087071082564,0.575766314849235
0.3123475237772121,0.41646336503628284,0.6767529681839596,0.5205792062953535
0.30901572157476287,0.4120209620996838,0.7210366836744466,0.4635235823621443
0.30421207593803634,0.4056161012507151,0.7605301898450908,0.4056161012507151
0.29814239699997197,0.3975231959999626,0.7950463919999252,0.3478327964999673
0.2910427500435996,0.38805700005813276,0.8246211251235321,0.2910427500435996
0.28315750690980523,0.377543342546407,0.8494725207294157,0.23596458909150436
0.27472112789737807,0.3662948371965041,0.869950238341697,0.18314741859825204
0.26594532430676177,0.354593765742349,0.8864844143558726,0.13297266215338088
0.2570117621268716,0.3426823495024955,0.8995411674440507,0.08567058737562387
0.2480694691784169,0.3307592922378892,0.9095880536541953,0.04134491152973615
0.23923566684867,0.31898088913156003,0.917070056253235,0.0
0.24474510493440127,0.3671176574016019,0.0,0.8973987180928046
0.2537729606626882,0.38065944099403226,0.04229549344378136,0.8882053623194085
0.26286477260299407,0.39429715890449113,0.08762159086766469,0.876215908676647
0.27188595265766624,0.4078289289864994,0.13594297632883312,0.8609721834159431
0.28066816183499277,0.42100224275248915,0.1871121078899952,0.8420044855049783
0.28900983051545287,0.4335147457731793,0.24084152542954404,0.8188611864604498
0.2966809058604893,0.4450213587907339,0.2966809058604893,0.791149082294638
0.3034330424545042,0.4551495636817563,0.35400521619692155,0.7585826061362605
0.30901572157476287,0.4635235823621443,0.4120209620996838,0.7210366836744466
0.31319745058312837,0.4697961758746925,0.4697961758746925,0.6785944762634447
0.31578947368421056,0.4736842105263158,0.5263157894736843,0.6315789473684211
0.31666788838155574,0.47500183257233364,0.5805577953661856,0.5805577953661856
0.31578947368421056,0.4736842105263158,0.6315789473684211,0.5263157894736843
0.31319745058312837,0.4697961758746925,0.6785944762634447,0.4697961758746925
0.30901572157476287,0.4635235823621443,0.7210366836744466,0.4120209620996838
0.3034330424545042,0.4551495636817563,0.7585826061362605,0.35400521619692155
0.2966809058604893,0.4450213587907339,0.791149082294638,0.2966809058604893
0.28900983051545287,0.4335147457731793,0.8188611864604498,0.24084152542954404
0.28066816183499277,0.42100224275248915,0.8420044855049783,0.1871121078899952
0.27188595265766624,0.4078289289864994,0.8609721834159431,0.13594297632883312
0.26286477260299407,0.39429715890449113,0.876215908676647,0.08762159086766469
0.2537729606626882,0.38065944099403226,0.8882053623194085,0.04229549344378136
0.24474510493440127,0.3671176574016019,0.8973987180928046,0.0
0.249783268273088,0.41630544712181333,0.0,0.8742414389558079
0.2589191112012619,0.4315318520021031,0.04315318520021031,0.8630637040042062
0.2680602309652622,0.44676705160877034,0.08935341032175408,0.8488573980566636
0.2770542579237661,0.46175709653961017,0.13852712896188304,0.8311627737712983
0.2857142857142857,0.47619047619047616,0.19047619047619047,0.8095238095238094
0.29382126412463505,0.48970210687439175,0.24485105343719588,0.7835233709990268
0.3011313679370974,0.5018856132284957,0.3011313679370974,0.7528284198427434
0.30738931174713596,0.5123155195785599,0.35862086370499197,0.7172417274099839
0.3123475237772121,0.5205792062953535,0.41646336503628284,0.6767529681839596
0.31578947368421056,0.5263157894736843,0.4736842105263158,0.6315789473684211
0.3175536744149779,0.5292561240249631,0.5292561240249631,0.5821817364274595
0.3175536744149779,0.5292561240249631,0.5821817364274595,0.5292561240249631
0.31578947368421056,0.5263157894736843,0.6315789473684211,0.4736842105263158
0.3123475237772121,0.5205792062953535,0.6767529681839596,0.41646336503628284
0.30738931174713596,0.5123155195785599,0.7172417274099839,0.35862086370499197
0.3011313679370974,0.5018856132284957,0.7528284198427434,0.3011313679370974
0.29382126412463505,0.48970210687439175,0.7835233709990268,0.24485105343719588
0.2857142857142857,0.47619047619047616,0.8095238095238094,0.19047619047619047
0.2770542579237661,0.46175709653961017,0.8311627737712983,0.13852712896188304
0.26806023096526216,0.4467670516087703,0.8488573980566634,0.08935341032175405
0.2589191112012619,0.4315318520021031,0.8630637040042062,0.04315318520021031
0.249783268273088,0.41630544712181333,0.8742414389558079,0.0
0.2542281591642215,0.46608495846773934,0.0,0.8474271972140716
0.2633707687836883,0.4828464094367619,0.04389512813061472,0.8340074344816795
0.27244596551189987,0.49948427010514973,0.09081532183729996,0.8173378965356995
0.28128433856309726,0.515687954032345,0.14064216928154863,0.7969722925954422
0.28968272975116055,0.5310850045437944,0.19312181983410703,0.7724872793364281
0.29740895825796576,0.5452497568062706,0.24784079854830482,0.7435223956449145
0.30421207593803634,0.5577221392197332,0.30421207593803634,0.7098281771887515
0.30983866769659335,0.5680375574437545,0.36147844564602555,0.6713171133426189
0.3140543535541282,0.575766314849235,0.41873913807217095,0.6281087071082564
0.31666788838155574,0.5805577953661856,0.47500183257233364,0.5805577953661856
0.3175536744149779,0.5821817364274595,0.5292561240249631,0.5292561240249631
0.31666788838155574,0.5805577953661856,0.5805577953661856,0.47500183257233364
0.3140543535541282,0.575766314849235,0.6281087071082564,0.41873913807217095
0.30983866769659335,0.5680375574437545,0.6713171133426189,0.36147844564602555
0.30421207593803634,0.5577221392197332,0.7098281771887515,0.30421207593803634
0.29740895825796576,0.5452497568062706,0.7435223956449145,0.24784079854830482
0.28968272975116055,0.5310850045437944,0.7724872793364281,0.19312181983410703
0.28128433856309726,0.515687954032345,0.7969722925954422,0.14064216928154863
0.27244596551189987,0.49948427010514973,0.8173378965356995,0.09081532183729996
0.2633707687836883,0.4828464094367619,0.8340074344816795,0.04389512813061472
0.2542281591642215,0.46608495846773934,0.8474271972140716,0.0
0.25796014823540864,0.5159202964708173,0.0,0.8168738027454606
0.2669964956939909,0.5339929913879818,0.044499415948998484,0.8009894870819727
0.2758802939230217,0.5517605878460434,0.09196009797434057,0.7816608327818949
0.28442727788398636,0.5688545557679727,0.14221363894199318,0.7584727410239636
0.2924221072971476,0.5848442145942953,0.19494807153143173,0.731055268242869
0.2996257016633534,0.5992514033267068,0.24968808471946116,0.6991266372144912
0.30578831486257535,0.6115766297251507,0.30578831486257535,0.6625413488689132
0.31066822384709863,0.6213364476941973,0.3624462611549484,0.6213364476941973
0.3140543535541282,0.6281087071082564,0.41873913807217095,0.575766314849235
0.31578947368421056,0.6315789473684211,0.4736842105263158,0.5263157894736843
0.31578947368421056,0.6315789473684211,0.5263157894736843,0.4736842105263158
0.3140543535541282,0.6281087071082564,0.575766314849235,0.41873913807217095
0.31066822384709863,0.6213364476941973,0.6213364476941973,0.3624462611549484
0.30578831486257535,0.6115766297251507,0.6625413488689132,0.30578831486257535
0.2996257016633534,0.5992514033267068,0.6991266372144912,0.24968808471946116
0.2924221072971477,0.5848442145942954,0.7310552682428691,0.19494807153143176
0.28442727788398636,0.5688545557679727,0.7584727410239636,0.14221363894199318
0.2758802939230217,0.5517605878460434,0.7816608327818949,0.09196009797434057
0.2669964956939909,0.5339929913879818,0.8009894870819727,0.044499415948998484
0.25796014823540864,0.5159202964708173,0.8168738027454606,0.0
0.2608695652173913,0.5652173913043478,0.0,0.7826086956521738
0.26967994498529685,0.5843065474681431,0.044946657497549475,0.764093177458341
0.27824333745610097,0.6028605644882187,0.09274777915203365,0.7419822332162692
0.2863643759420086,0.620456147874352,0.1431821879710043,0.7159109398550215
0.29382126412463505,0.6366127389367092,0.1958808427497567,0.6855829496241485
0.3003757045930553,0.6508140266182865,0.2503130871608794,0.6508140266182865
0.30578831486257535,0.6625413488689132,0.30578831486257535,0.6115766297251507
0.30983866769659335,0.6713171133426189,0.36147844564602555,0.5680375574437545
0.3123475237772121,0.6767529681839596,0.41646336503628284,0.5205792062953535
0.31319745058312837,0.6785944762634447,0.4697961758746925,0.4697961758746925
0.3123475237772121,0.6767529681839596,0.5205792062953535,0.41646336503628284
0.30983866769659335,0.6713171133426189,0.5680375574437545,0.36147844564602555
0.30578831486257535,0.6625413488689132,0.6115766297251507,0.30578831486257535
0.3003757045930553,0.6508140266182865,0.6508140266182865,0.2503130871608794
0.2938212641246351,0.6366127389367094,0.6855829496241486,0.19588084274975673
0.2863643759420086,0.620456147874352,0.7159109398550215,0.1431821879710043
0.27824333745610097,0.6028605644882187,0.7419822332162692,0.09274777915203365
0.26967994498529685,0.5843065474681431,0.764093177458341,0.044946657497549475
0.2608695652173913,0.5652173913043478,0.7826086956521738,0.0
0.26286477260299407,0.6133511360736529,0.0,0.7447835223751499
0.2713293789876807,0.6331018843045884,0.045221563164613454,0.7235450106338153
0.2794478596995734,0.6520450059656713,0.09314928656652446,0.6986196492489335
0.28701892394096395,0.6697108225289158,0.14350946197048198,0.6697108225289158
0.29382126412463505,0.6855829496241485,0.1958808427497567,0.6366127389367092
0.2996257016633534,0.6991266372144912,0.24968808471946116,0.5992514033267068
0.30421207593803634,0.7098281771887515,0.30421207593803634,0.5577221392197332
0.30738931174713596,0.7172417274099839,0.35862086370499197,0.5123155195785599
0.30901572157476287,0.7210366836744466,0.4120209620996838,0.4635235823621443
0.30901572157476287,0.7210366836744466,0.4635235823621443,0.4120209620996838
0.30738931174713596,0.7172417274099839,0.5123155195785599,0.35862086370499197
0.30421207593803634,0.7098281771887515,0.5577221392197332,0.30421207593803634
0.2996257016633534,0.6991266372144912,0.5992514033267068,0.24968808471946116
0.2938212641246351,0.6855829496241486,0.6366127389367094,0.19588084274975673
0.28701892394096395,0.6697108225289158,0.6697108225289158,0.14350946197048198
0.2794478596995734,0.6520450059656713,0.6986196492489335,0.09314928656652446
0.2713293789876808,0.6331018843045885,0.7235450106338154,0.04522156316461346
0.26286477260299407,0.6133511360736529,0.7447835223751499,0.0
0.2638796982801255,0.6596992457003137,0.0,0.703679195413668
0.27188595265766624,0.6797148816441657,0.04531432544294438,0.6797148816441657
0.2794478596995734,0.6986196492489335,0.09314928656652446,0.6520450059656713
0.2863643759420086,0.7159109398550215,0.1431821879710043,0.620456147874352
0.2924221072971476,0.731055268242869,0.19494807153143173,0.5848442145942953
0.2974089582579658,0.7435223956449146,0.24784079854830487,0.5452497568062707
0.3011313679370974,0.7528284198427434,0.3011313679370974,0.5018856132284957
0.3034330424545042,0.7585826061362605,0.35400521619692155,0.4551495636817563
0.30421207593803634,0.7605301898450908,0.4056161012507151,0.4056161012507151
0.3034330424545042,0.7585826061362605,0.4551495636817563,0.35400521619692155
0.3011313679370974,0.7528284198427434,0.5018856132284957,0.3011313679370974
0.29740895825796576,0.7435223956449145,0.5452497568062706,0.24784079854830482
0.2924221072971477,0.7310552682428691,0.5848442145942954,0.19494807153143176
0.2863643759420086,0.7159109398550215,0.620456147874352,0.1431821879710043
0.2794478596995734,0.6986196492489335,0.6520450059656713,0.09314928656652446
0.27188595265766624,0.6797148816441657,0.6797148816441657,0.04531432544294438
0.2638796982801255,0.6596992457003137,0.703679195413668,0.0
0.2638796982801255,0.703679195413668,0.0,0.6596992457003137
0.2713293789876807,0.7235450106338153,0.045221563164613454,0.6331018843045884
0.27824333745610097,0.7419822332162692,0.09274777915203365,0.6028605644882187
0.28442727788398636,0.7584727410239636,0.14221363894199318,0.5688545557679727
0.28968272975116055,0.7724872793364281,0.19312181983410703,0.5310850045437944
0.29382126412463505,0.7835233709990268,0.24485105343719588,0.48970210687439175
0.2966809058604893,0.791149082294638,0.2966809058604893,0.4450213587907339
0.29814239699997197,0.7950463919999252,0.3478327964999673,0.3975231959999626
0.29814239699997197,0.7950463919999252,0.3975231959999626,0.3478327964999673
0.2966809058604893,0.791149082294638,0.4450213587907339,0.2966809058604893
0.29382126412463505,0.7835233709990268,0.48970210687439175,0.24485105343719588
0.28968272975116055,0.7724872793364281,0.5310850045437944,0.19312181983410703
0.28442727788398636,0.7584727410239636,0.5688545557679727,0.14221363894199318
0.27824333745610097,0.7419822332162692,0.6028605644882187,0.09274777915203365
0.2713293789876808,0.7235450106338154,0.6331018843045885,0.04522156316461346
0.2638796982801255,0.703679195413668,0.6596992457003137,0.0
0.26286477260299407,0.7447835223751499,0.0,0.6133511360736529
0.26967994498529685,0.764093177458341,0.044946657497549475,0.5843065474681431
0.2758802939230217,0.7816608327818949,0.09196009797434057,0.5517605878460434
0.28128433856309726,0.7969722925954422,0.14064216928154863,0.515687954032345
0.2857142857142857,0.8095238095238094,0.19047619047619047,0.47619047619047616
0.28900983051545287,0.8188611864604498,0.24084152542954404,0.4335147457731793
0.2910427500435996,0.8246211251235321,0.2910427500435996,0.38805700005813276
0.29172998299578917,0.8265682851547359,0.3403516468284207,0.3403516468284207
0.2910427500435996,0.8246211251235321,0.38805700005813276,0.2910427500435996
0.28900983051545287,0.8188611864604498,0.4335147457731793,0.24084152542954404
0.2857142857142857,0.8095238095238094,0.47619047619047616,0.19047619047619047
0.28128433856309726,0.7969722925954422,0.515687954032345,0.14064216928154863
0.2758802939230217,0.7816608327818949,0.5517605878460434,0.09196009797434057
0.26967994498529685,0.764093177458341,0.5843065474681431,0.044946657497549475
0.26286477260299407,0.7447835223751499,0.6133511360736529,0.0
0.2608695652173913,0.7826086956521738,0.0,0.5652173913043478
0.2669964956939909,0.8009894870819727,0.044499415948998484,0.5339929913879818
0.27244596551189987,0.8173378965356995,0.09081532183729996,0.49948427010514973
0.2770542579237661,0.8311627737712983,0.13852712896188304,0.46175709653961017
0.28066816183499277,0.8420044855049783,0.1871121078899952,0.42100224275248915
0.2831575069098052,0.8494725207294155,0.2359645890915043,0.37754334254640687
0.2844272778839863,0.8532818336519589,0.2844272778839863,0.331831824197984
0.28442727788398636,0.8532818336519591,0.33183182419798407,0.28442727788398636
0.2831575069098052,0.8494725207294155,0.37754334254640687,0.2359645890915043
0.28066816183499277,0.8420044855049783,0.42100224275248915,0.1871121078899952
0.2770542579237661,0.8311627737712983,0.46175709653961017,0.13852712896188304
0.27244596551189987,0.8173378965356995,0.49948427010514973,0.09081532183729996
0.2669964956939909,0.8009894870819727,0.5339929913879818,0.044499415948998484
0.2608695652173913,0.7826086956521738,0.5652173913043478,0.0
0.25796014823540864,0.8168738027454606,0.0,0.5159202964708173
0.2633707687836883,0.8340074344816795,0.04389512813061472,0.4828464094367619
0.26806023096526216,0.8488573980566634,0.08935341032175405,0.4467670516087703
0.27188595265766624,0.8609721834159431,0.13594297632883312,0.4078289289864994
0.27472112789737807,0.869950238341697,0.18314741859825204,0.3662948371965041
0.2764654065504549,0.8754737874097737,0.23038783879204572,0.322542974308864
0.2770542579237661,0.8773384834252592,0.2770542579237661,0.2770542579237661
0.2764654065504549,0.8754737874097737,0.322542974308864,0.23038783879204572
0.27472112789737807,0.869950238341697,0.3662948371965041,0.18314741859825204
0.27188595265766624,0.8609721834159431,0.4078289289864994,0.13594297632883312
0.26806023096526216,0.8488573980566634,0.4467670516087703,0.08935341032175405
0.2633707687836883,0.8340074344816795,0.4828464094367619,0.04389512813061472
0.25796014823540864,0.8168738027454606,0.5159202964708173,0.0
0.2542281591642215,0.8474271972140716,0.0,0.46608495846773934
0.2589191112012619,0.8630637040042062,0.04315318520021031,0.4315318520021031
0.26286477260299407,0.876215908676647,0.08762159086766469,0.39429715890449113
0.26594532430676177,0.8864844143558726,0.13297266215338088,0.354593765742349
0.26806023096526216,0.8935341032175406,0.1787068206435081,0.3127369361261392
0.26913678240975397,0.8971226080325133,0.22428065200812833,0.26913678240975397
0.2691367824097539,0.8971226080325131,0.2691367824097539,0.22428065200812827
0.26806023096526216,0.8935341032175406,0.3127369361261392,0.1787068206435081
0.26594532430676177,0.8864844143558726,0.354593765742349,0.13297266215338088
0.26286477260299407,0.876215908676647,0.39429715890449113,0.08762159086766469
0.2589191112012619,0.8630637040042062,0.4315318520021031,0.04315318520021031
0.2542281591642215,0.8474271972140716,0.46608495846773934,0.0
0.249783268273088,0.8742414389558079,0.0,0.41630544712181333
0.2537729606626882,0.8882053623194085,0.04229549344378136,0.38065944099403226
0.2570117621268716,0.8995411674440507,0.08567058737562387,0.3426823495024955
0.25940262070027015,0.9079091724509454,0.12970131035013507,0.30263639081698185
0.26086956521739135,0.9130434782608695,0.1739130434782609,0.26086956521739135
0.2613641051214193,0.9147743679249675,0.21780342093451607,0.21780342093451607
0.26086956521739135,0.9130434782608695,0.26086956521739135,0.1739130434782609
0.25940262070027015,0.9079091724509454,0.30263639081698185,0.12970131035013507
0.2570117621268716,0.8995411674440507,0.3426823495024955,0.08567058737562387
0.2537729606626882,0.8882053623194085,0.38065944099403226,0.04229549344378136
0.249783268273088,0.8742414389558079,0.41630544712181333,0.0
0.24474510493440127,0.8973987180928046,0.0,0.3671176574016019
0.2480694691784169,0.9095880536541953,0.04134491152973615,0.3307592922378892
0.2506535958866141,0.919063184917585,0.08355119862887136,0.29242919520104976
0.25242189714700275,0.9255469562056767,0.12621094857350137,0.25242189714700275
0.25332019855244947,0.928840728025648,0.16888013236829963,0.21110016546037455
0.2533201985524494,0.9288407280256479,0.21110016546037452,0.1688801323682996
0.25242189714700275,0.9255469562056767,0.25242189714700275,0.12621094857350137
0.2506535958866141,0.919063184917585,0.29242919520104976,0.08355119862887136
0.2480694691784169,0.9095880536541953,0.3307592922378892,0.04134491152973615
0.24474510493440127,0.8973987180928046,0.3671176574016019,0.0
0.23923566684867,0.917070056253235,0.0,0.31898088913156003
0.24194335156365354,0.9274495143273386,0.04032389192727559,0.28226724349092913
0.2439346884545225,0.9350829724090028,0.08131156281817417,0.2439346884545225
0.24515335393363108,0.9397545234122524,0.12257667696681554,0.20429446161135922
0.24556365272101743,0.9413273354305668,0.16370910181401163,0.16370910181401163
0.24515335393363108,0.9397545234122524,0.20429446161135922,0.12257667696681554
0.2439346884545225,0.9350829724090028,0.2439346884545225,0.08131156281817417
0.24194335156365354,0.9274495143273386,0.28226724349092913,0.04032389192727559
0.23923566684867,0.917070056253235,0.31898088913156003,0.0
0.23337295247532422,0.9334918099012969,0.0,0.2722684445545449
0.23552060159365787,0.9420824063746315,0.039253433598942976,0.23552060159365787
0.23698575166000926,0.9479430066400371,0.07899525055333642,0.19748812638334107
0.2377286555250982,0.9509146221003928,0.1188643277625491,0.15848577035006545
0.2377286555250982,0.9509146221003928,0.15848577035006545,0.1188643277625491
0.23698575166000926,0.9479430066400371,0.19748812638334107,0.07899525055333642
0.23552060159365787,0.9420824063746315,0.23552060159365787,0.039253433598942976
0.23337295247532422,0.9334918099012969,0.2722684445545449,0.0
0.22726620572357106,0.9469425238482128,0.0,0.22726620572357106
0.22891427811495474,0.9538094921456446,0.038152379685825785,0.19076189842912894
0.22992049957180424,0.9580020815491842,0.07664016652393474,0.15328033304786948
0.2302588669360009,0.9594119455666703,0.11512943346800045,0.11512943346800045
0.22992049957180424,0.9580020815491842,0.15328033304786948,0.07664016652393474
0.22891427811495474,0.9538094921456446,0.19076189842912894,0.038152379685825785
0.22726620572357106,0.9469425238482128,0.22726620572357106,0.0
0.2210128406051272,0.9577223092888845,0.0,0.18417736717093933
0.2222222222222222,0.9629629629629629,0.037037037037037035,0.14814814814814814
0.22283440581246222,0.9656157585206696,0.07427813527082074,0.11141720290623111
0.22283440581246222,0.9656157585206696,0.11141720290623111,0.07427813527082074
0.2222222222222222,0.9629629629629629,0.14814814814814814,0.037037037037037035
0.2210128406051272,0.9577223092888845,0.18417736717093933,0.0
0.21469688008935398,0.9661359604020927,0.0,0.14313125339290264
0.21552636243212991,0.9698686309445845,0.03592106040535499,0.10776318121606496
0.21580500037968192,0.9711225017085686,0.07193500012656064,0.07193500012656064
0.21552636243212991,0.9698686309445845,0.10776318121606496,0.03592106040535499
0.21469688008935398,0.9661359604020927,0.14313125339290264,0.0
0.20838861349415638,0.9724801963060631,0.0,0.10419430674707819
0.2088931871468374,0.974834873351908,0.03481553119113957,0.06963106238227915
0.2088931871468374,0.974834873351908,0.06963106238227915,0.03481553119113957
0.20838861349415638,0.9724801963060631,0.10419430674707819,0.0
0.20214513615876276,0.9770348247673533,0.0,0.06738171205292091
0.20237497720646547,0.978145723164583,0.033729162867744245,0.033729162867744245
0.20214513615876276,0.9770348247673533,0.06738171205292091,0.0
0.19601145611544035,0.9800572805772018,0.0,0.03266857601924006
0.19601145611544035,0.9800572805772018,0.03266857601924006,0.0
0.19002190656586093,0.9817798505902814,0.0,0.0
0.22722961560641844,0.0,0.0,0.9738412097417932
0.23450882356048283,0.0,0.033501260508640406,0.9715365547505717
0.24195539543709924,0.0,0.06913011298202835,0.9678215817483969
0.24952305202983172,0.0,0.10693845086992787,0.9624460578293508
0.2571514254297258,0.0,0.14694367167412903,0.9551338658818386
0.26476431606528184,0.0,0.18911736861805847,0.9455868430902923
0.2722684445545449,0.0,0.23337295247532422,0.9334918099012969
0.2795530723408051,0.0,0.2795530723408051,0.9185315234055025
0.2864909281745203,0.0,0.3274182036280232,0.9004000599770638
0.29294088272308105,0.0,0.3766382777868185,0.8788226481692432
0.29875271984342394,0.0,0.4267895997763199,0.8535791995526398
0.3037741256219224,0.0,0.47735934026302096,0.8245297695452178
0.30785964799347976,0.0,0.527759396560251,0.7916390948403764
0.3108809141790293,0.0,0.5773502691896258,0.7549965058633569
0.3127369361261392,0.0,0.6254738722522784,0.7148272825740324
0.3133630367250917,0.0,0.6714922215537679,0.6714922215537679
0.3127369361261392,0.0,0.7148272825740324,0.6254738722522784
0.3108809141790293,0.0,0.7549965058633569,0.5773502691896258
0.30785964799347976,0.0,0.7916390948403764,0.527759396560251
0.30377412562192235,0.0,0.8245297695452177,0.47735934026302085
0.29875271984342394,0.0,0.8535791995526398,0.4267895997763199
0.2929408827230811,0.0,0.8788226481692433,0.3766382777868186
0.2864909281745203,0.0,0.9004000599770638,0.3274182036280232
0.2795530723408052,0.0,0.9185315234055026,0.2795530723408052
0.27226844455454485,0.0,0.9334918099012967,0.23337295247532416
0.26476431606528184,0.0,0.9455868430902923,0.18911736861805847
0.25715142542972574,0.0,0.9551338658818385,0.146943671674129
0.24952305202983172,0.0,0.9624460578293508,0.10693845086992787
0.24195539543709924,0.0,0.9678215817483969,0.06913011298202835
0.23450882356048283,0.0,0.9715365547505717,0.033501260508640406
0.22722961560641844,0.0,0.9738412097417932,0.0
0.23450882356048283,0.033501260508640406,0.0,0.9715365547505717
0.24224498907209396,0.03460642701029914,0.03460642701029914,0.9689799562883759
0.25015959146215216,0.03573708449459316,0.07147416898918632,0.9649012813540153
0.2581988897471611,0.03688555567816588,0.11065666703449763,0.9590244476323128
0.26629254991798673,0.03804179284542668,0.1521671713817067,0.9510448211356669
0.2743516305843672,0.03919309008348103,0.19596545041740512,0.9406341620035447
0.28226724349092913,0.04032389192727559,0.24194335156365354,0.9274495143273386
0.2899103782969038,0.04141576832812911,0.2899103782969038,0.9111469032188405
0.2971334519846062,0.04244763599780089,0.3395810879824071,0.8914003559538186
0.30377412562192235,0.043396303660274624,0.39056673294247163,0.8679260732054924
0.3096617686426662,0.04423739552038088,0.44237395520380884,0.8405105148872367
0.3146266024828463,0.044946657497549475,0.4944132324730442,0.8090398349558905
0.31851102863530306,0.045501575519329006,0.5460189062319482,0.7735267838285932
0.32118202741878643,0.04588314677411235,0.5964809080634605,0.7341303483857976
0.322542974308864,0.04607756775840914,0.645085948617728,0.6911635163761372
0.322542974308864,0.04607756775840914,0.6911635163761372,0.645085948617728
0.32118202741878643,0.04588314677411235,0.7341303483857976,0.5964809080634605
0.31851102863530306,0.045501575519329006,0.7735267838285932,0.5460189062319482
0.3146266024828463,0.044946657497549475,0.8090398349558905,0.4944132324730442
0.3096617686426662,0.04423739552038088,0.8405105148872367,0.44237395520380884
0.30377412562192235,0.043396303660274624,0.8679260732054924,0.39056673294247163
0.2971334519846062,0.04244763599780089,0.8914003559538186,0.3395810879824071
0.2899103782969038,0.04141576832812911,0.9111469032188405,0.2899103782969038
0.28226724349092913,0.04032389192727559,0.9274495143273386,0.24194335156365354
0.2743516305843672,0.03919309008348103,0.9406341620035447,0.19596545041740512
0.26629254991798673,0.03804179284542668,0.9510448211356669,0.1521671713817067
0.2581988897471611,0.03688555567816588,0.9590244476323128,0.11065666703449763
0.25015959146215216,0.03573708449459316,0.9649012813540153,0.07147416898918632
0.24224498907209396,0.03460642701029914,0.9689799562883759,0.03460642701029914
0.23450882356048283,0.033501260508640406,0.9715365547505717,0.0
0.24195539543709924,0.06913011298202835,0.0,0.9678215817483969
0.25015959146215216,0.07147416898918632,0.03573708449459316,0.9649012813540153
0.2585508993035912,0.07387168551531177,0.07387168551531177,0.9603319116990531
0.26706665780078054,0.07630475937165157,0.11445713905747737,0.9538094921456446
0.2756247308353552,0.07874992309581579,0.15749984619163157,0.9449990771497894
0.2841212354638697,0.08117749584681991,0.20294373961704976,0.9335412022384288
0.29242919520104976,0.08355119862887136,0.2506535958866141,0.919063184917585
0.3003987527960122,0.08582821508457492,0.3003987527960122,0.9011962583880365
0.30785964799347976,0.0879598994267085,0.351839597706834,0.879598994267085
0.31462660248284635,0.08989331499509896,0.40451991747794536,0.85398649245344
0.3205079825469411,0.09157370929912602,0.4578685464956301,0.8241633836921342
0.32531758863812116,0.09294788246803462,0.5112133535741904,0.7900570009782942
0.32888869001445775,0.09396819714698793,0.5638091828819275,0.7517455771759034
0.3310886388882815,0.09459675396808043,0.6148789007925227,0.7094756547606031
0.33183182419798407,0.09480909262799544,0.6636636483959681,0.6636636483959681
0.3310886388882815,0.09459675396808043,0.7094756547606031,0.6148789007925227
0.32888869001445764,0.09396819714698791,0.7517455771759033,0.5638091828819274
0.32531758863812116,0.09294788246803462,0.7900570009782942,0.5112133535741904
0.3205079825469411,0.09157370929912602,0.8241633836921342,0.4578685464956301
0.31462660248284635,0.08989331499509896,0.85398649245344,0.40451991747794536
0.30785964799347976,0.0879598994267085,0.879598994267085,0.351839597706834
0.3003987527960122,0.08582821508457492,0.9011962583880365,0.3003987527960122
0.29242919520104976,0.08355119862887136,0.919063184917585,0.2506535958866141
0.2841212354638697,0.08117749584681991,0.9335412022384288,0.20294373961704976
0.2756247308353552,0.07874992309581579,0.9449990771497894,0.15749984619163157
0.26706665780078054,0.07630475937165157,0.9538094921456446,0.11445713905747737
0.2585508993035912,0.07387168551531177,0.9603319116990531,0.07387168551531177
0.25015959146215216,0.07147416898918632,0.9649012813540153,0.03573708449459316
0.24195539543709924,0.06913011298202835,0.9678215817483969,0.0
0.24952305202983172,0.10693845086992787,0.0,0.9624460578293508
0.2581988897471611,0.11065666703449763,0.03688555567816588,0.9590244476323128
0.26706665780078054,0.11445713905747737,0.07630475937165157,0.9538094921456446
0.27605305235378463,0.11830845100876486,0.11830845100876486,0.9464676080701189
0.2850620368313789,0.12216944435630524,0.16289259247507365,0.9366324067316735
0.2939723678960656,0.12598815766974242,0.20998026278290402,0.9239131562447777
0.3026363908169819,0.1297013103501351,0.2594026207002702,0.9079091724509456
0.3108809141790293,0.13323467750529827,0.3108809141790293,0.888231183368655
0.31851102863530306,0.13650472655798704,0.36401260415463205,0.864529934867251
0.32531758863812116,0.13942182370205192,0.41826547110615575,0.8365309422123115
0.3310886388882815,0.14189513095212064,0.47298376984040214,0.8040724087286836
0.33562431103976886,0.14383899044561524,0.5274096316339225,0.7671412823766146
0.3387537429470791,0.14518017554874818,0.5807207021949927,0.7259008777437409
0.3403516468284207,0.14586499149789459,0.6320816298242098,0.6807032936568413
0.3403516468284207,0.14586499149789459,0.6807032936568413,0.6320816298242098
0.3387537429470791,0.14518017554874818,0.7259008777437409,0.5807207021949927
0.33562431103976886,0.14383899044561524,0.7671412823766146,0.5274096316339225
0.3310886388882815,0.14189513095212064,0.8040724087286836,0.47298376984040214
0.32531758863812116,0.13942182370205192,0.8365309422123115,0.41826547110615575
0.31851102863530306,0.13650472655798704,0.864529934867251,0.36401260415463205
0.31088091417902924,0.13323467750529824,0.8882311833686549,0.31088091417902924
0.30263639081698185,0.12970131035013507,0.9079091724509454,0.25940262070027015
0.29397236789606557,0.1259881576697424,0.9239131562447775,0.209980262782904
0.2850620368313789,0.12216944435630524,0.9366324067316735,0.16289259247507365
0.27605305235378463,0.11830845100876486,0.9464676080701189,0.11830845100876486
0.26706665780078054,0.11445713905747737,0.9538094921456446,0.07630475937165157
0.2581988897471611,0.11065666703449763,0.9590244476323128,0.03688555567816588
0.24952305202983172,0.10693845086992787,0.9624460578293508,0.0
0.2571514254297258,0.14694367167412903,0.0,0.9551338658818386
0.26629254991798673,0.1521671713817067,0.03804179284542668,0.9510448211356669
0.2756247308353552,0.15749984619163157,0.07874992309581579,0.9449990771497894
0.2850620368313789,0.16289259247507365,0.12216944435630524,0.9366324067316735
0.2944922133381699,0.16828126476466848,0.16828126476466848,0.9255469562056767
0.30377412562192235,0.1735852146410985,0.2169815183013731,0.911322376865767
0.3127369361261392,0.1787068206435081,0.26806023096526216,0.8935341032175406
0.3211820274187865,0.18353258709644943,0.3211820274187865,0.8717797887081347
0.32888869001445775,0.18793639429397585,0.3758727885879517,0.8457137743228913
0.33562431103976886,0.19178532059415365,0.4315169713368457,0.8150876125251529
0.3411591251800055,0.19494807153143173,0.48737017882857936,0.7797922861257269
0.3452845365668931,0.19730544946679607,0.5425899860336891,0.7398954355004852
0.3478327964999673,0.1987615979999813,0.5962847939999439,0.6956655929999346
0.3486948369707025,0.19925419255468715,0.6475761258027333,0.6475761258027333
0.3478327964999673,0.1987615979999813,0.6956655929999346,0.5962847939999439
0.3452845365668931,0.19730544946679607,0.7398954355004852,0.5425899860336891
0.3411591251800055,0.19494807153143173,0.7797922861257269,0.48737017882857936
0.33562431103976886,0.19178532059415365,0.8150876125251529,0.4315169713368457
0.32888869001445775,0.18793639429397585,0.8457137743228913,0.3758727885879517
0.3211820274187865,0.18353258709644943,0.8717797887081347,0.3211820274187865
0.3127369361261392,0.1787068206435081,0.8935341032175406,0.26806023096526216
0.30377412562192235,0.1735852146410985,0.911322376865767,0.2169815183013731
0.2944922133381699,0.16828126476466848,0.9255469562056767,0.16828126476466848
0.2850620368313789,0.16289259247507365,0.9366324067316735,0.12216944435630524
0.2756247308353552,0.15749984619163157,0.9449990771497894,0.07874992309581579
0.26629254991798673,0.1521671713817067,0.9510448211356669,0.03804179284542668
0.2571514254297258,0.14694367167412903,0.9551338658818386,0.0
0.26476431606528184,0.18911736861805847,0.0,0.9455868430902923
0.2743516305843672,0.19596545041740512,0.03919309008348103,0.9406341620035447
0.2841212354638697,0.20294373961704976,0.08117749584681991,0.9335412022384288
0.2939723678960656,0.20998026278290402,0.12598815766974242,0.9239131562447777
0.30377412562192235,0.2169815183013731,0.1735852146410985,0.911322376865767
0.3133630367250917,0.22383074051792262,0.22383074051792262,0.8953229620716905
0.322542974308864,0.23038783879204572,0.2764654065504549,0.8754737874097737
0.3310886388882815,0.23649188492020107,0.3310886388882815,0.8513707857127238
0.3387537429470791,0.24196695924791364,0.38714713479666185,0.8226876614429064
0.3452845365668931,0.24663181183349506,0.4439372613002911,0.7892217978671843
0.3504383220252312,0.2503130871608794,0.5006261743217588,0.7509392614826383
0.35400521619692155,0.25286086871208685,0.556293911166591,0.7080104323938431
0.3558299974427442,0.2541642838876744,0.6099942813304187,0.6608271381079535
0.3558299974427442,0.2541642838876744,0.6608271381079535,0.6099942813304187
0.35400521619692155,0.25286086871208685,0.7080104323938431,0.556293911166591
0.3504383220252312,0.2503130871608794,0.7509392614826383,0.5006261743217588
0.3452845365668931,0.24663181183349506,0.7892217978671843,0.4439372613002911
0.3387537429470791,0.24196695924791364,0.8226876614429064,0.38714713479666185
0.3310886388882815,0.23649188492020107,0.8513707857127238,0.3310886388882815
0.322542974308864,0.23038783879204572,0.8754737874097737,0.2764654065504549
0.3133630367250917,0.22383074051792262,0.8953229620716905,0.22383074051792262
0.3037741256219224,0.21698151830137316,0.9113223768657671,0.17358521464109852
0.2939723678960656,0.20998026278290402,0.9239131562447777,0.12598815766974242
0.2841212354638697,0.20294373961704976,0.9335412022384288,0.08117749584681991
0.2743516305843672,0.19596545041740512,0.9406341620035447,0.03919309008348103
0.26476431606528184,0.18911736861805847,0.9455868430902923,0.0
0.2722684445545449,0.23337295247532422,0.0,0.9334918099012969
0.28226724349092913,0.24194335156365354,0.04032389192727559,0.9274495143273386
0.29242919520104976,0.2506535958866141,0.08355119862887136,0.919063184917585
0.3026363908169819,0.2594026207002702,0.1297013103501351,0.9079091724509456
0.3127369361261392,0.26806023096526216,0.1787068206435081,0.8935341032175406
0.322542974308864,0.2764654065504549,0.23038783879204572,0.8754737874097737
0.33183182419798407,0.28442727788398636,0.28442727788398636,0.8532818336519591
0.3403516468284207,0.29172998299578917,0.3403516468284207,0.8265682851547359
0.3478327964999673,0.29814239699997197,0.3975231959999626,0.7950463919999252
0.35400521619692155,0.3034330424545042,0.4551495636817563,0.7585826061362605
0.35862086370499197,0.30738931174713596,0.5123155195785599,0.7172417274099839
0.36147844564602555,0.30983866769659335,0.5680375574437545,0.6713171133426189
0.3624462611549485,0.3106682238470987,0.6213364476941974,0.6213364476941974
0.36147844564602555,0.30983866769659335,0.6713171133426189,0.5680375574437545
0.35862086370499197,0.30738931174713596,0.7172417274099839,0.5123155195785599
0.35400521619692155,0.3034330424545042,0.7585826061362605,0.4551495636817563
0.3478327964999673,0.29814239699997197,0.7950463919999252,0.3975231959999626
0.3403516468284207,0.29172998299578917,0.8265682851547359,0.3403516468284207
0.33183182419798407,0.28442727788398636,0.8532818336519591,0.28442727788398636
0.322542974308864,0.2764654065504549,0.8754737874097737,0.23038783879204572
0.3127369361261392,0.26806023096526216,0.8935341032175406,0.1787068206435081
0.3026363908169819,0.2594026207002702,0.9079091724509456,0.1297013103501351
0.29242919520104976,0.2506535958866141,0.919063184917585,0.08355119862887136
0.2822672434909292,0.2419433515636536,0.9274495143273387,0.0403238919272756
0.2722684445545449,0.23337295247532422,0.9334918099012969,0.0
0.2795530723408051,0.2795530723408051,0.0,0.9185315234055025
0.2899103782969038,0.2899103782969038,0.04141576832812911,0.9111469032188405
0.3003987527960122,0.3003987527960122,0.08582821508457492,0.9011962583880365
0.3108809141790293,0.3108809141790293,0.13323467750529827,0.888231183368655
0.3211820274187865,0.3211820274187865,0.18353258709644943,0.8717797887081347
0.3310886388882815,0.3310886388882815,0.23649188492020107,0.8513707857127238
0.3403516468284207,0.3403516468284207,0.29172998299578917,0.8265682851547359
0.3486948369707025,0.3486948369707025,0.3486948369707025,0.7970167702187486
0.3558299974427442,0.3558299974427442,0.4066628542202791,0.7624928516630233
0.36147844564602555,0.36147844564602555,0.46475800154489,0.7229568912920511
0.3653970256803164,0.3653970256803164,0.5219957509718806,0.6785944762634447
0.36740471675703457,0.36740471675703457,0.5773502691896257,0.6298366572977736
0.36740471675703457,0.36740471675703457,0.6298366572977736,0.5773502691896257
0.3653970256803164,0.3653970256803164,0.6785944762634447,0.5219957509718806
0.36147844564602555,0.36147844564602555,0.7229568912920511,0.46475800154489
0.3558299974427442,0.3558299974427442,0.7624928516630233,0.4066628542202791
0.3486948369707025,0.3486948369707025,0.7970167702187486,0.3486948369707025
0.3403516468284206,0.3403516468284206,0.8265682851547358,0.2917299829957891
0.3310886388882815,0.3310886388882815,0.8513707857127238,0.23649188492020107
0.3211820274187865,0.3211820274187865,0.8717797887081347,0.18353258709644943
0.3108809141790293,0.3108809141790293,0.888231183368655,0.13323467750529827
0.3003987527960122,0.3003987527960122,0.9011962583880365,0.08582821508457492
0.2899103782969038,0.2899103782969038,0.9111469032188405,0.04141576832812911
0.2795530723408051,0.2795530723408051,0.9185315234055025,0.0
0.2864909281745203,0.3274182036280232,0.0,0.9004000599770638
0.2971334519846062,0.3395810879824071,0.04244763599780089,0.8914003559538186
0.30785964799347976,0.351839597706834,0.0879598994267085,0.879598994267085
0.31851102863530306,0.36401260415463205,0.13650472655798704,0.864529934867251
0.32888869001445775,0.3758727885879517,0.18793639429397585,0.8457137743228913
0.3387537429470791,0.38714713479666185,0.24196695924791364,0.8226876614429064
0.3478327964999673,0.3975231959999626,0.29814239699997197,0.7950463919999252
0.3558299974427442,0.4066628542202791,0.3558299974427442,0.7624928516630233
0.3624462611549484,0.4142242984627982,0.4142242984627982,0.7248925223098968
0.36740471675703457,0.4198911048651824,0.4723774929733302,0.6823230454059214
0.3704792868174742,0.42340489921997054,0.5292561240249631,0.6351073488299558
0.3715214247039927,0.4245959139474202,0.5838193816777028,0.5838193816777028
0.3704792868174742,0.42340489921997054,0.6351073488299558,0.5292561240249631
0.36740471675703457,0.4198911048651824,0.6823230454059214,0.4723774929733302
0.3624462611549484,0.4142242984627982,0.7248925223098968,0.4142242984627982
0.3558299974427442,0.4066628542202791,0.7624928516630233,0.3558299974427442
0.3478327964999673,0.3975231959999626,0.7950463919999252,0.29814239699997197
0.3387537429470791,0.38714713479666185,0.8226876614429064,0.24196695924791364
0.32888869001445775,0.3758727885879517,0.8457137743228913,0.18793639429397585
0.31851102863530306,0.36401260415463205,0.864529934867251,0.13650472655798704
0.30785964799347976,0.351839597706834,0.879598994267085,0.0879598994267085
0.2971334519846062,0.3395810879824071,0.8914003559538186,0.04244763599780089
0.2864909281745203,0.3274182036280232,0.9004000599770638,0.0
0.29294088272308105,0.3766382777868185,0.0,0.8788226481692432
0.30377412562192235,0.39056673294247163,0.043396303660274624,0.8679260732054924
0.31462660248284635,0.40451991747794536,0.08989331499509896,0.85398649245344
0.32531758863812116,0.41826547110615575,0.13942182370205192,0.8365309422123115
0.33562431103976886,0.4315169713368457,0.19178532059415365,0.8150876125251529
0.3452845365668931,0.4439372613002911,0.24663181183349506,0.7892217978671843
0.35400521619692155,0.4551495636817563,0.3034330424545042,0.7585826061362605
0.36147844564602555,0.46475800154489,0.36147844564602555,0.7229568912920511
0.36740471675703457,0.4723774929733302,0.4198911048651824,0.6823230454059214
0.3715214247039927,0.47767040319084775,0.47767040319084775,0.6368938709211303
0.37363235887853663,0.48038446141526137,0.5337605126836238,0.5871365639519861
0.37363235887853663,0.48038446141526137,0.5871365639519861,0.5337605126836238
0.3715214247039927,0.47767040319084775,0.6368938709211303,0.47767040319084775
0.36740471675703457,0.4723774929733302,0.6823230454059214,0.4198911048651824
0.36147844564602555,0.46475800154489,0.7229568912920511,0.36147844564602555
0.35400521619692155,0.4551495636817563,0.7585826061362605,0.3034330424545042
0.345284536566893,0.44393726130029104,0.789221797867184,0.24663181183349503
0.33562431103976886,0.4315169713368457,0.8150876125251529,0.19178532059415365
0.32531758863812116,0.41826547110615575,0.8365309422123115,0.13942182370205192
0.3146266024828463,0.40451991747794525,0.8539864924534399,0.08989331499509895
0.30377412562192235,0.39056673294247163,0.8679260732054924,0.043396303660274624
0.29294088272308105,0.3766382777868185,0.8788226481692432,0.0
0.29875271984342394,0.4267895997763199,0.0,0.8535791995526398
0.3096617686426662,0.44237395520380884,0.04423739552038088,0.8405105148872367
0.3205079825469411,0.4578685464956301,0.09157370929912602,0.8241633836921342
0.3310886388882815,0.47298376984040214,0.14189513095212064,0.8040724087286836
0.3411591251800055,0.48737017882857936,0.19494807153143173,0.7797922861257269
0.3504383220252312,0.5006261743217588,0.2503130871608794,0.7509392614826383
0.35862086370499197,0.5123155195785599,0.30738931174713596,0.7172417274099839
0.3653970256803164,0.5219957509718806,0.3653970256803164,0.6785944762634447
0.3704792868174742,0.5292561240249631,0.42340489921997054,0.6351073488299558
0.37363235887853663,0.5337605126836238,0.48038446141526137,0.5871365639519861
0.3747014093005325,0.5352877275721892,0.5352877275721892,0.5352877275721892
0.37363235887853663,0.5337605126836238,0.5871365639519861,0.48038446141526137
0.3704792868174742,0.5292561240249631,0.6351073488299558,0.42340489921997054
0.3653970256803164,0.5219957509718806,0.6785944762634447,0.3653970256803164
0.35862086370499197,0.5123155195785599,0.7172417274099839,0.30738931174713596
0.3504383220252312,0.5006261743217588,0.7509392614826383,0.2503130871608794
0.34115912518000563,0.4873701788285794,0.779792286125727,0.19494807153143176
0.3310886388882815,0.47298376984040214,0.8040724087286836,0.14189513095212064
0.3205079825469411,0.4578685464956301,0.8241633836921342,0.09157370929912602
0.3096617686426662,0.44237395520380884,0.8405105148872367,0.04423739552038088
0.29875271984342394,0.4267895997763199,0.8535791995526398,0.0
0.3037741256219224,0.47735934026302096,0.0,0.8245297695452178
0.3146266024828463,0.4944132324730442,0.044946657497549475,0.8090398349558905
0.32531758863812116,0.5112133535741904,0.09294788246803462,0.7900570009782942
0.33562431103976886,0.5274096316339225,0.14383899044561524,0.7671412823766146
0.3452845365668931,0.5425899860336891,0.19730544946679607,0.7398954355004852
0.35400521619692155,0.556293911166591,0.25286086871208685,0.7080104323938431
0.36147844564602555,0.5680375574437545,0.30983866769659335,0.6713171133426189
0.36740471675703457,0.5773502691896257,0.36740471675703457,0.6298366572977736
0.3715214247039927,0.5838193816777028,0.4245959139474202,0.5838193816777028
0.37363235887853663,0.5871365639519861,0.48038446141526137,0.5337605126836238
0.37363235887853663,0.5871365639519861,0.5337605126836238,0.48038446141526137
0.3715214247039927,0.5838193816777028,0.5838193816777028,0.4245959139474202
0.36740471675703457,0.5773502691896257,0.6298366572977736,0.36740471675703457
0.36147844564602555,0.5680375574437545,0.6713171133426189,0.30983866769659335
0.35400521619692155,0.556293911166591,0.7080104323938431,0.25286086871208685
0.3452845365668931,0.5425899860336891,0.7398954355004852,0.19730544946679607
0.33562431103976886,0.5274096316339225,0.7671412823766146,0.14383899044561524
0.32531758863812116,0.5112133535741904,0.7900570009782942,0.09294788246803462
0.3146266024828463,0.4944132324730442,0.8090398349558905,0.044946657497549475
0.3037741256219224,0.47735934026302096,0.8245297695452178,0.0
0.30785964799347976,0.527759396560251,0.0,0.7916390948403764
0.31851102863530306,0.5460189062319482,0.045501575519329006,0.7735267838285932
0.32888869001445764,0.5638091828819274,0.09396819714698791,0.7517455771759033
0.3387537429470791,0.5807207021949927,0.14518017554874818,0.7259008777437409
0.3478327964999673,0.5962847939999439,0.1987615979999813,0.6956655929999346
0.3558299974427442,0.6099942813304187,0.2541642838876744,0.6608271381079535
0.3624462611549484,0.6213364476941973,0.31066822384709863,0.6213364476941973
0.36740471675703457,0.6298366572977736,0.36740471675703457,0.5773502691896257
0.3704792868174742,0.6351073488299558,0.42340489921997054,0.5292561240249631
0.3715214247039927,0.6368938709211303,0.47767040319084775,0.47767040319084775
0.3704792868174742,0.6351073488299558,0.5292561240249631,0.42340489921997054
0.3674047167570345,0.6298366572977734,0.5773502691896256,0.3674047167570345
0.3624462611549484,0.6213364476941973,0.6213364476941973,0.31066822384709863
0.3558299974427442,0.6099942813304187,0.6608271381079535,0.2541642838876744
0.3478327964999673,0.5962847939999439,0.6956655929999346,0.1987615979999813
0.3387537429470791,0.5807207021949927,0.7259008777437409,0.14518017554874818
0.32888869001445764,0.5638091828819274,0.7517455771759033,0.09396819714698791
0.31851102863530306,0.5460189062319482,0.7735267838285932,0.045501575519329006
0.30785964799347976,0.527759396560251,0.7916390948403764,0.0
0.3108809141790293,0.5773502691896258,0.0,0.7549965058633569
0.3211820274187865,0.5964809080634607,0.04588314677411236,0.7341303483857977
0.3310886388882815,0.6148789007925227,0.09459675396808043,0.7094756547606031
0.3403516468284207,0.6320816298242098,0.14586499149789459,0.6807032936568413
0.3486948369707025,0.6475761258027333,0.19925419255468715,0.6475761258027333
0.3558299974427442,0.6608271381079535,0.2541642838876744,0.6099942813304187
0.36147844564602555,0.6713171133426189,0.30983866769659335,0.5680375574437545
0.3653970256803164,0.6785944762634447,0.3653970256803164,0.5219957509718806
0.36740471675703457,0.6823230454059214,0.4198911048651824,0.4723774929733302
0.36740471675703457,0.6823230454059214,0.4723774929733302,0.4198911048651824
0.3653970256803164,0.6785944762634447,0.5219957509718806,0.3653970256803164
0.36147844564602555,0.6713171133426189,0.5680375574437545,0.30983866769659335
0.3558299974427442,0.6608271381079535,0.6099942813304187,0.2541642838876744
0.3486948369707025,0.6475761258027333,0.6475761258027333,0.19925419255468715
0.3403516468284207,0.6320816298242098,0.6807032936568413,0.14586499149789459
0.3310886388882815,0.6148789007925227,0.7094756547606031,0.09459675396808043
0.3211820274187865,0.5964809080634607,0.7341303483857977,0.04588314677411236
0.3108809141790293,0.5773502691896258,0.7549965058633569,0.0
0.3127369361261392,0.6254738722522784,0.0,0.7148272825740324
0.322542974308864,0.645085948617728,0.04607756775840914,0.6911635163761372
0.33183182419798407,0.6636636483959681,0.09480909262799544,0.6636636483959681
0.3403516468284207,0.6807032936568413,0.14586499149789459,0.6320816298242098
0.3478327964999673,0.6956655929999346,0.1987615979999813,0.5962847939999439
0.35400521619692155,0.7080104323938431,0.25286086871208685,0.556293911166591
0.35862086370499197,0.7172417274099839,0.30738931174713596,0.5123155195785599
0.36147844564602555,0.7229568912920511,0.36147844564602555,0.46475800154489
0.3624462611549484,0.7248925223098968,0.4142242984627982,0.4142242984627982
0.36147844564602555,0.7229568912920511,0.46475800154489,0.36147844564602555
0.35862086370499197,0.7172417274099839,0.5123155195785599,0.30738931174713596
0.35400521619692155,0.7080104323938431,0.556293911166591,0.25286086871208685
0.3478327964999673,0.6956655929999346,0.5962847939999439,0.1987615979999813
0.3403516468284207,0.6807032936568413,0.6320816298242098,0.14586499149789459
0.33183182419798407,0.6636636483959681,0.6636636483959681,0.09480909262799544
0.322542974308864,0.645085948617728,0.6911635163761372,0.04607756775840914
0.3127369361261392,0.6254738722522784,0.7148272825740324,0.0
0.3133630367250917,0.6714922215537679,0.0,0.6714922215537679
0.322542974308864,0.6911635163761372,0.04607756775840914,0.645085948617728
0.3310886388882815,0.7094756547606031,0.09459675396808043,0.6148789007925227
0.3387537429470791,0.7259008777437409,0.14518017554874818,0.5807207021949927
0.3452845365668931,0.7398954355004852,0.19730544946679607,0.5425899860336891
0.3504383220252312,0.7509392614826383,0.2503130871608794,0.5006261743217588
0.35400521619692155,0.7585826061362605,0.3034330424545042,0.4551495636817563
0.3558299974427442,0.7624928516630233,0.3558299974427442,0.4066628542202791
0.3558299974427442,0.7624928516630233,0.4066628542202791,0.3558299974427442
0.35400521619692155,0.7585826061362605,0.4551495636817563,0.3034330424545042
0.3504383220252312,0.7509392614826383,0.5006261743217588,0.2503130871608794
0.3452845365668931,0.7398954355004852,0.5425899860336891,0.19730544946679607
0.3387537429470791,0.7259008777437409,0.5807207021949927,0.14518017554874818
0.3310886388882815,0.7094756547606031,0.6148789007925227,0.09459675396808043
0.322542974308864,0.6911635163761372,0.645085948617728,0.04607756775840914
0.3133630367250917,0.6714922215537679,0.6714922215537679,0.0
0.3127369361261392,0.7148272825740324,0.0,0.6254738722522784
0.32118202741878643,0.7341303483857976,0.04588314677411235,0.5964809080634605
0.32888869001445764,0.7517455771759033,0.09396819714698791,0.5638091828819274
0.33562431103976886,0.7671412823766146,0.14383899044561524,0.5274096316339225
0.3411591251800055,0.7797922861257269,0.19494807153143173,0.48737017882857936
0.3452845365668931,0.7892217978671843,0.24663181183349506,0.4439372613002911
0.3478327964999673,0.7950463919999252,0.29814239699997197,0.3975231959999626
0.3486948369707025,0.7970167702187486,0.3486948369707025,0.3486948369707025
0.3478327964999673,0.7950463919999252,0.3975231959999626,0.29814239699997197
0.345284536566893,0.789221797867184,0.44393726130029104,0.24663181183349503
0.34115912518000563,0.779792286125727,0.4873701788285794,0.19494807153143176
0.33562431103976886,0.7671412823766146,0.5274096316339225,0.14383899044561524
0.32888869001445764,0.7517455771759033,0.5638091828819274,0.09396819714698791
0.3211820274187865,0.7341303483857977,0.5964809080634607,0.04588314677411236
0.3127369361261392,0.7148272825740324,0.6254738722522784,0.0
0.3108809141790293,0.7549965058633569,0.0,0.5773502691896258
0.31851102863530306,0.7735267838285932,0.045501575519329006,0.5460189062319482
0.32531758863812116,0.7900570009782942,0.09294788246803462,0.5112133535741904
0.3310886388882815,0.8040724087286836,0.14189513095212064,0.47298376984040214
0.33562431103976886,0.8150876125251529,0.19178532059415365,0.4315169713368457
0.3387537429470791,0.8226876614429064,0.24196695924791364,0.38714713479666185
0.3403516468284207,0.8265682851547359,0.29172998299578917,0.3403516468284207
0.3403516468284206,0.8265682851547358,0.3403516468284206,0.2917299829957891
0.3387537429470791,0.8226876614429064,0.38714713479666185,0.24196695924791364
0.33562431103976886,0.8150876125251529,0.4315169713368457,0.19178532059415365
0.3310886388882815,0.8040724087286836,0.47298376984040214,0.14189513095212064
0.32531758863812116,0.7900570009782942,0.5112133535741904,0.09294788246803462
0.31851102863530306,0.7735267838285932,0.5460189062319482,0.045501575519329006
0.3108809141790293,0.7549965058633569,0.5773502691896258,0.0
0.30785964799347976,0.7916390948403764,0.0,0.527759396560251
0.3146266024828463,0.8090398349558905,0.044946657497549475,0.4944132324730442
0.3205079825469411,0.8241633836921342,0.09157370929912602,0.4578685464956301
0.32531758863812116,0.8365309422123115,0.13942182370205192,0.41826547110615575
0.32888869001445775,0.8457137743228913,0.18793639429397585,0.3758727885879517
0.3310886388882815,0.8513707857127238,0.23649188492020107,0.3310886388882815
0.331831824197984,0.8532818336519589,0.2844272778839863,0.2844272778839863
0.3310886388882815,0.8513707857127238,0.3310886388882815,0.23649188492020107
0.32888869001445764,0.8457137743228912,0.37587278858795165,0.18793639429397582
0.32531758863812116,0.8365309422123115,0.41826547110615575,0.13942182370205192
0.3205079825469411,0.8241633836921342,0.4578685464956301,0.09157370929912602
0.3146266024828463,0.8090398349558905,0.4944132324730442,0.044946657497549475
0.30785964799347976,0.7916390948403764,0.527759396560251,0.0
0.30377412562192235,0.8245297695452177,0.0,0.47735934026302085
0.3096617686426662,0.8405105148872367,0.04423739552038088,0.44237395520380884
0.3146266024828463,0.8539864924534399,0.08989331499509895,0.40451991747794525
0.31851102863530306,0.864529934867251,0.13650472655798704,0.36401260415463205
0.3211820274187865,0.8717797887081347,0.18353258709644943,0.3211820274187865
0.322542974308864,0.8754737874097737,0.23038783879204572,0.2764654065504549
0.322542974308864,0.8754737874097737,0.2764654065504549,0.23038783879204572
0.3211820274187865,0.8717797887081347,0.3211820274187865,0.18353258709644943
0.31851102863530306,0.864529934867251,0.36401260415463205,0.13650472655798704
0.3146266024828463,0.8539864924534399,0.40451991747794525,0.08989331499509895
0.3096617686426662,0.8405105148872367,0.44237395520380884,0.04423739552038088
0.30377412562192235,0.8245297695452177,0.47735934026302085,0.0
0.29875271984342394,0.8535791995526398,0.0,0.4267895997763199
0.3037741256219224,0.8679260732054926,0.04339630366027463,0.3905667329424717
0.30785964799347976,0.879598994267085,0.0879598994267085,0.351839597706834
0.3108809141790293,0.888231183368655,0.13323467750529827,0.3108809141790293
0.3127369361261392,0.8935341032175406,0.1787068206435081,0.26806023096526216
0.3133630367250917,0.8953229620716905,0.22383074051792262,0.22383074051792262
0.3127369361261392,0.8935341032175406,0.26806023096526216,0.1787068206435081
0.3108809141790293,0.888231183368655,0.3108809141790293,0.13323467750529827
0.30785964799347976,0.879598994267085,0.351839597706834,0.0879598994267085
0.3037741256219224,0.8679260732054926,0.3905667329424717,0.04339630366027463
0.29875271984342394,0.8535791995526398,0.4267895997763199,0.0
0.2929408827230811,0.8788226481692433,0.0,0.3766382777868186
0.2971334519846062,0.8914003559538186,0.04244763599780089,0.3395810879824071
0.3003987527960122,0.9011962583880365,0.08582821508457492,0.3003987527960122
0.3026363908169819,0.9079091724509456,0.1297013103501351,0.2594026207002702
0.3037741256219224,0.9113223768657671,0.17358521464109852,0.21698151830137316
0.3037741256219224,0.9113223768657671,0.21698151830137316,0.17358521464109852
0.3026363908169819,0.9079091724509456,0.2594026207002702,0.1297013103501351
0.3003987527960122,0.9011962583880365,0.3003987527960122,0.08582821508457492
0.2971334519846062,0.8914003559538186,0.3395810879824071,0.04244763599780089
0.2929408827230811,0.8788226481692433,0.3766382777868186,0.0
0.2864909281745203,0.9004000599770638,0.0,0.3274182036280232
0.2899103782969038,0.9111469032188405,0.04141576832812911,0.2899103782969038
0.29242919520104976,0.919063184917585,0.08355119862887136,0.2506535958866141
0.29397236789606557,0.9239131562447775,0.1259881576697424,0.209980262782904
0.2944922133381699,0.9255469562056767,0.16828126476466848,0.16828126476466848
0.29397236789606557,0.9239131562447775,0.209980262782904,0.1259881576697424
0.29242919520104976,0.919063184917585,0.2506535958866141,0.08355119862887136
0.2899103782969038,0.9111469032188405,0.2899103782969038,0.04141576832812911
0.2864909281745203,0.9004000599770638,0.3274182036280232,0.0
0.2795530723408052,0.9185315234055026,0.0,0.2795530723408052
0.2822672434909292,0.9274495143273387,0.0403238919272756,0.2419433515636536
0.2841212354638697,0.9335412022384288,0.08117749584681991,0.20294373961704976
0.2850620368313789,0.9366324067316735,0.12216944435630524,0.16289259247507365
0.2850620368313789,0.9366324067316735,0.16289259247507365,0.12216944435630524
0.2841212354638697,0.9335412022384288,0.20294373961704976,0.08117749584681991
0.2822672434909292,0.9274495143273387,0.2419433515636536,0.0403238919272756
0.2795530723408052,0.9185315234055026,0.2795530723408052,0.0
0.27226844455454485,0.9334918099012967,0.0,0.23337295247532416
0.2743516305843672,0.9406341620035447,0.03919309008348103,0.19596545041740512
0.2756247308353552,0.9449990771497894,0.07874992309581579,0.15749984619163157
0.27605305235378463,0.9464676080701189,0.11830845100876486,0.11830845100876486
0.2756247308353552,0.9449990771497894,0.15749984619163157,0.07874992309581579
0.2743516305843672,0.9406341620035447,0.19596545041740512,0.03919309008348103
0.27226844455454485,0.9334918099012967,0.23337295247532416,0.0
0.26476431606528184,0.9455868430902923,0.0,0.18911736861805847
0.26629254991798673,0.9510448211356669,0.03804179284542668,0.1521671713817067
0.26706665780078054,0.9538094921456446,0.07630475937165157,0.11445713905747737
0.26706665780078054,0.9538094921456446,0.11445713905747737,0.07630475937165157
0.26629254991798673,0.9510448211356669,0.1521671713817067,0.03804179284542668
0.26476431606528184,0.9455868430902923,0.18911736861805847,0.0
0.25715142542972574,0.9551338658818385,0.0,0.146943671674129
0.2581988897471611,0.9590244476323128,0.03688555567816588,0.11065666703449763
0.2585508993035912,0.9603319116990531,0.07387168551531177,0.07387168551531177
0.2581988897471611,0.9590244476323128,0.11065666703449763,0.03688555567816588
0.25715142542972574,0.9551338658818385,0.146943671674129,0.0
0.24952305202983172,0.9624460578293508,0.0,0.10693845086992787
0.25015959146215216,0.9649012813540153,0.03573708449459316,0.07147416898918632
0.25015959146215216,0.9649012813540153,0.07147416898918632,0.03573708449459316
0.24952305202983172,0.9624460578293508,0.10693845086992787,0.0
0.24195539543709924,0.9678215817483969,0.0,0.06913011298202835
0.24224498907209396,0.9689799562883759,0.03460642701029914,0.03460642701029914
0.24195539543709924,0.9678215817483969,0.06913011298202835,0.0
0.23450882356048283,0.9715365547505717,0.0,0.033501260508640406
0.23450882356048283,0.9715365547505717,0.033501260508640406,0.0
0.22722961560641844,0.9738412097417932,0.0,0.0
0.26592899812581344,0.0,0.0,0.9639926182060737
0.2745592892218321,0.0,0.03431991115272901,0.9609575122764124
0.2833745387903258,0.0,0.07084363469758145,0.9563890684173496
0.2923136380967479,0.0,0.10961761428628046,0.9500193238144305
0.3012974308618838,0.0,0.1506487154309419,0.9415544714433868
0.3102266937317925,0.0,0.19389168358237033,0.9306800811953776
0.31898088913156003,0.0,0.23923566684867,0.917070056253235
0.3274182036280232,0.0,0.2864909281745203,0.9004000599770638
0.33537744652025486,0.0,0.33537744652025486,0.8803657971156689
0.34268234950249543,0.0,0.38551764319030735,0.8567058737562386
0.34914862437758787,0.0,0.43643578047198484,0.8292279828967711
0.354593765742349,0.0,0.4875664278957299,0.7978359729202853
0.3588490432130053,0.0,0.5382735648195079,0.7625542168276362
0.36177250531690763,0.0,0.5878803211399749,0.7235450106338153
0.3632612873491998,0.0,0.6357072528610996,0.6811149137797496
0.3632612873491998,0.0,0.6811149137797496,0.6357072528610996
0.36177250531690763,0.0,0.7235450106338153,0.5878803211399749
0.3588490432130053,0.0,0.7625542168276362,0.5382735648195079
0.354593765742349,0.0,0.7978359729202853,0.4875664278957299
0.34914862437758787,0.0,0.8292279828967711,0.43643578047198484
0.34268234950249543,0.0,0.8567058737562386,0.38551764319030735
0.33537744652025486,0.0,0.8803657971156689,0.33537744652025486
0.32741820362802326,0.0,0.900400059977064,0.2864909281745203
0.31898088913156003,0.0,0.917070056253235,0.23923566684867
0.3102266937317925,0.0,0.9306800811953776,0.19389168358237033
0.30129743086188376,0.0,0.9415544714433867,0.15064871543094188
0.2923136380967479,0.0,0.9500193238144305,0.10961761428628046
0.2833745387903258,0.0,0.9563890684173496,0.07084363469758145
0.2745592892218321,0.0,0.9609575122764124,0.03431991115272901
0.26592899812581344,0.0,0.9639926182060737,0.0
0.2745592892218321,0.03431991115272901,0.0,0.9609575122764124
0.2837307608527635,0.03546634510659544,0.03546634510659544,0.9575913178780766
0.2930973221789247,0.03663716527236559,0.07327433054473118,0.9525662970815053
0.30258778978889356,0.037823473723611695,0.11347042117083508,0.9455868430902923
0.3121097258563482,0.03901371573204353,0.1560548629281741,0.9363291775690445
0.3215471484232564,0.04019339355290705,0.2009669677645352,0.924448051716862
0.3307592922378892,0.04134491152973615,0.2480694691784169,0.9095880536541953
0.3395810879824071,0.04244763599780089,0.2971334519846062,0.8914003559538186
0.34782608695652173,0.043478260869565216,0.34782608695652173,0.8695652173913043
0.35529247334746206,0.04441155916843276,0.39970403251589476,0.8438196242002223
0.36177250531690763,0.045221563164613454,0.45221563164613454,0.8139881369630422
0.3670651741928988,0.04588314677411235,0.5047146145152358,0.7800134951599099
0.3709911166081346,0.046373889576016826,0.5564866749122019,0.7419822332162692
0.37340802240746923,0.046676002800933654,0.6067880364121375,0.7001400420140048
0.3742242157799904,0.0467780269724988,0.6548923776149832,0.6548923776149832
0.37340802240746934,0.04667600280093367,0.7001400420140049,0.6067880364121376
0.3709911166081346,0.046373889576016826,0.7419822332162692,0.5564866749122019
0.3670651741928988,0.04588314677411235,0.7800134951599099,0.5047146145152358
0.36177250531690763,0.045221563164613454,0.8139881369630422,0.45221563164613454
0.35529247334746206,0.04441155916843276,0.8438196242002223,0.39970403251589476
0.34782608695652173,0.043478260869565216,0.8695652173913043,0.34782608695652173
0.3395810879824071,0.04244763599780089,0.8914003559538186,0.2971334519846062
0.3307592922378892,0.04134491152973615,0.9095880536541953,0.2480694691784169
0.3215471484232564,0.04019339355290705,0.924448051716862,0.2009669677645352
0.3121097258563482,0.03901371573204353,0.9363291775690445,0.1560548629281741
0.30258778978889356,0.037823473723611695,0.9455868430902923,0.11347042117083508
0.2930973221789247,0.03663716527236559,0.9525662970815053,0.07327433054473118
0.2837307608527635,0.03546634510659544,0.9575913178780766,0.03546634510659544
0.2745592892218321,0.03431991115272901,0.9609575122764124,0.0
0.2833745387903258,0.07084363469758145,0.0,0.9563890684173496
0.2930973221789247,0.07327433054473118,0.03663716527236559,0.9525662970815053
0.3030216076314281,0.07575540190785703,0.07575540190785703,0.9469425238482128
0.31306419207793296,0.07826604801948324,0.11739907202922485,0.9391925762337988
0.32311695668880774,0.08077923917220194,0.16155847834440387,0.9289612504803222
0.33304435769745067,0.08326108942436267,0.20815272356090667,0.9158719836679893
0.3426823495024955,0.08567058737562387,0.2570117621268716,0.8995411674440507
0.351839597706834,0.0879598994267085,0.30785964799347976,0.879598994267085
0.360301879288836,0.090075469822209,0.360301879288836,0.8557169633109855
0.3678403918973623,0.09196009797434057,0.41382044088453257,0.8276408817690651
0.3742242157799904,0.0935560539449976,0.467780269724988,0.7952264585324795
0.3792363705119818,0.09480909262799544,0.521450009453975,0.7584727410239636
0.3826918985879519,0.09567297464698797,0.5740378478819279,0.7175473098524098
0.38445546506577016,0.09611386626644254,0.6247401307318765,0.6727970638650979
0.38445546506577016,0.09611386626644254,0.6727970638650979,0.6247401307318765
0.3826918985879519,0.09567297464698797,0.7175473098524098,0.5740378478819279
0.3792363705119818,0.09480909262799544,0.7584727410239636,0.521450009453975
0.3742242157799904,0.0935560539449976,0.7952264585324795,0.467780269724988
0.3678403918973623,0.09196009797434057,0.8276408817690651,0.41382044088453257
0.360301879288836,0.090075469822209,0.8557169633109855,0.360301879288836
0.351839597706834,0.0879598994267085,0.879598994267085,0.30785964799347976
0.3426823495024955,0.08567058737562387,0.8995411674440507,0.2570117621268716
0.33304435769745067,0.08326108942436267,0.9158719836679893,0.20815272356090667
0.3231169566888078,0.08077923917220195,0.9289612504803224,0.1615584783444039
0.31306419207793296,0.07826604801948324,0.9391925762337988,0.11739907202922485
0.3030216076314281,0.07575540190785703,0.9469425238482128,0.07575540190785703
0.2930973221789247,0.07327433054473118,0.9525662970815053,0.03663716527236559
0.2833745387903258,0.07084363469758145,0.9563890684173496,0.0
0.2923136380967479,0.10961761428628046,0.0,0.9500193238144305
0.30258778978889356,0.11347042117083508,0.037823473723611695,0.9455868430902923
0.31306419207793296,0.11739907202922485,0.07826604801948324,0.9391925762337988
0.323645357625094,0.12136700910941024,0.12136700910941024,0.9304804031721452
0.33420479451548546,0.12532679794330706,0.16710239725774273,0.919063184917585
0.3445843938031585,0.12921914767618442,0.21536524612697402,0.9045340337332909
0.354593765742349,0.13297266215338088,0.26594532430676177,0.8864844143558726
0.36401260415463205,0.13650472655798704,0.31851102863530306,0.864529934867251
0.37259714626609786,0.1397239298497867,0.37259714626609786,0.8383435790987203
0.38009147051646386,0.14253430144367396,0.4276029043310218,0.8076943748474857
0.38624363966821407,0.14484136487558028,0.4828045495852676,0.7724872793364281
0.39082557499682524,0.14655959062380947,0.5373851656206347,0.7327979531190473
0.3936542650440983,0.14762034939153687,0.5904813975661475,0.6888949638271721
0.39461089893359214,0.14797908710009705,0.6412427107670872,0.6412427107670872
0.3936542650440983,0.14762034939153687,0.6888949638271721,0.5904813975661475
0.39082557499682524,0.14655959062380947,0.7327979531190473,0.5373851656206347
0.38624363966821407,0.14484136487558028,0.7724872793364281,0.4828045495852676
0.38009147051646386,0.14253430144367396,0.8076943748474857,0.4276029043310218
0.37259714626609786,0.1397239298497867,0.8383435790987203,0.37259714626609786
0.36401260415463205,0.13650472655798704,0.864529934867251,0.31851102863530306
0.354593765742349,0.13297266215338088,0.8864844143558726,0.26594532430676177
0.3445843938031585,0.12921914767618442,0.9045340337332909,0.21536524612697402
0.33420479451548546,0.12532679794330706,0.919063184917585,0.16710239725774273
0.323645357625094,0.12136700910941024,0.9304804031721452,0.12136700910941024
0.3130641920779329,0.11739907202922484,0.9391925762337987,0.07826604801948323
0.30258778978889356,0.11347042117083508,0.9455868430902923,0.037823473723611695
0.2923136380967479,0.10961761428628046,0.9500193238144305,0.0
0.3012974308618838,0.1506487154309419,0.0,0.9415544714433868
0.3121097258563482,0.1560548629281741,0.03901371573204353,0.9363291775690445
0.32311695668880774,0.16155847834440387,0.08077923917220194,0.9289612504803222
0.33420479451548546,0.16710239725774273,0.12532679794330706,0.919063184917585
0.3452254816016825,0.17261274080084124,0.17261274080084124,0.9062168892044165
0.3559953275919879,0.17799766379599394,0.22249707974499242,0.8899883189799697
0.3662948371965041,0.18314741859825204,0.27472112789737807,0.869950238341697
0.3758727885879517,0.18793639429397585,0.32888869001445775,0.8457137743228913
0.38445546506577016,0.19222773253288508,0.38445546506577016,0.8169678632647617
0.3917616854995134,0.1958808427497567,0.4407318961869526,0.7835233709990268
0.3975231959999626,0.1987615979999813,0.49690399499995325,0.7453559924999299
0.40150849058279653,0.20075424529139826,0.5520741745513452,0.7026398585198939
0.40354661784425466,0.20177330892212733,0.605319926766382,0.6557632539969138
0.40354661784425466,0.20177330892212733,0.6557632539969138,0.605319926766382
0.40150849058279653,0.20075424529139826,0.7026398585198939,0.5520741745513452
0.3975231959999626,0.1987615979999813,0.7453559924999299,0.49690399499995325
0.3917616854995134,0.1958808427497567,0.7835233709990268,0.4407318961869526
0.38445546506577016,0.19222773253288508,0.8169678632647617,0.38445546506577016
0.3758727885879517,0.18793639429397585,0.8457137743228913,0.32888869001445775
0.3662948371965041,0.18314741859825204,0.869950238341697,0.27472112789737807
0.3559953275919879,0.17799766379599394,0.8899883189799697,0.22249707974499242
0.3452254816016825,0.17261274080084124,0.9062168892044165,0.17261274080084124
0.33420479451548546,0.16710239725774273,0.919063184917585,0.12532679794330706
0.32311695668880774,0.16155847834440387,0.9289612504803222,0.08077923917220194
0.3121097258563482,0.1560548629281741,0.9363291775690445,0.03901371573204353
0.3012974308618838,0.1506487154309419,0.9415544714433868,0.0
0.3102266937317925,0.19389168358237033,0.0,0.9306800811953776
0.3215471484232564,0.2009669677645352,0.04019339355290705,0.924448051716862
0.33304435769745067,0.20815272356090667,0.08326108942436267,0.9158719836679893
0.3445843938031585,0.21536524612697402,0.12921914767618442,0.9045340337332909
0.3559953275919879,0.22249707974499242,0.17799766379599394,0.8899883189799697
0.36706517419289886,0.2294157338705618,0.2294157338705618,0.8717797887081347
0.377543342546407,0.23596458909150436,0.28315750690980523,0.8494725207294157
0.38714713479666185,0.24196695924791364,0.3387537429470791,0.8226876614429064
0.395574541147319,0.24723408821707438,0.395574541147319,0.791149082294638
0.40252368434130203,0.2515773027133138,0.4528391448839648,0.7547319081399414
0.40771775315010045,0.25482359571881275,0.5096471914376255,0.7135060680126758
0.4109323975500113,0.25683274846875703,0.5650320466312655,0.6677651460187684
0.4120209620996838,0.2575131013123024,0.6180314431495257,0.6180314431495257
0.4109323975500113,0.25683274846875703,0.6677651460187684,0.5650320466312655
0.40771775315010045,0.25482359571881275,0.7135060680126758,0.5096471914376255
0.40252368434130203,0.2515773027133138,0.7547319081399414,0.4528391448839648
0.395574541147319,0.24723408821707438,0.791149082294638,0.395574541147319
0.38714713479666185,0.24196695924791364,0.8226876614429064,0.3387537429470791
0.377543342546407,0.23596458909150436,0.8494725207294157,0.28315750690980523
0.36706517419289886,0.2294157338705618,0.8717797887081347,0.2294157338705618
0.3559953275919879,0.22249707974499242,0.8899883189799697,0.17799766379599394
0.3445843938031585,0.21536524612697402,0.9045340337332909,0.12921914767618442
0.33304435769745067,0.20815272356090667,0.9158719836679893,0.08326108942436267
0.3215471484232564,0.2009669677645352,0.924448051716862,0.04019339355290705
0.3102266937317925,0.19389168358237033,0.9306800811953776,0.0
0.31898088913156003,0.23923566684867,0.0,0.917070056253235
0.3307592922378892,0.2480694691784169,0.04134491152973615,0.9095880536541953
0.3426823495024955,0.2570117621268716,0.08567058737562387,0.8995411674440507
0.354593765742349,0.26594532430676177,0.13297266215338088,0.8864844143558726
0.3662948371965041,0.27472112789737807,0.18314741859825204,0.869950238341697
0.377543342546407,0.28315750690980523,0.23596458909150436,0.8494725207294157
0.38805700005813276,0.2910427500435996,0.2910427500435996,0.8246211251235321
0.3975231959999626,0.29814239699997197,0.3478327964999673,0.7950463919999252
0.4056161012507151,0.30421207593803634,0.4056161012507151,0.7605301898450908
0.4120209620996838,0.30901572157476287,0.4635235823621443,0.7210366836744466
0.41646336503628284,0.3123475237772121,0.5205792062953535,0.6767529681839596
0.41873913807217095,0.3140543535541282,0.575766314849235,0.6281087071082564
0.41873913807217095,0.3140543535541282,0.6281087071082564,0.575766314849235
0.41646336503628284,0.3123475237772121,0.6767529681839596,0.5205792062953535
0.4120209620996838,0.30901572157476287,0.7210366836744466,0.4635235823621443
0.4056161012507151,0.30421207593803634,0.7605301898450908,0.4056161012507151
0.3975231959999626,0.29814239699997197,0.7950463919999252,0.3478327964999673
0.38805700005813276,0.2910427500435996,0.8246211251235321,0.2910427500435996
0.377543342546407,0.28315750690980523,0.8494725207294157,0.23596458909150436
0.3662948371965041,0.27472112789737807,0.869950238341697,0.18314741859825204
0.354593765742349,0.26594532430676177,0.8864844143558726,0.13297266215338088
0.3426823495024955,0.2570117621268716,0.8995411674440507,0.08567058737562387
0.3307592922378892,0.2480694691784169,0.9095880536541953,0.04134491152973615
0.31898088913156003,0.23923566684867,0.917070056253235,0.0
0.3274182036280232,0.2864909281745203,0.0,0.9004000599770638
0.3395810879824071,0.2971334519846062,0.04244763599780089,0.8914003559538186
0.351839597706834,0.30785964799347976,0.0879598994267085,0.879598994267085
0.36401260415463205,0.31851102863530306,0.13650472655798704,0.864529934867251
0.3758727885879517,0.32888869001445775,0.18793639429397585,0.8457137743228913
0.38714713479666185,0.3387537429470791,0.24196695924791364,0.8226876614429064
0.3975231959999626,0.3478327964999673,0.29814239699997197,0.7950463919999252
0.4066628542202791,0.3558299974427442,0.3558299974427442,0.7624928516630233
0.4142242984627982,0.3624462611549484,0.4142242984627982,0.7248925223098968
0.4198911048651824,0.36740471675703457,0.4723774929733302,0.6823230454059214
0.42340489921997054,0.3704792868174742,0.5292561240249631,0.6351073488299558
0.4245959139474202,0.3715214247039927,0.5838193816777028,0.5838193816777028
0.42340489921997054,0.3704792868174742,0.6351073488299558,0.5292561240249631
0.4198911048651824,0.36740471675703457,0.6823230454059214,0.4723774929733302
0.4142242984627982,0.3624462611549484,0.7248925223098968,0.4142242984627982
0.4066628542202791,0.3558299974427442,0.7624928516630233,0.3558299974427442
0.3975231959999626,0.3478327964999673,0.7950463919999252,0.29814239699997197
0.38714713479666185,0.3387537429470791,0.8226876614429064,0.24196695924791364
0.3758727885879517,0.32888869001445775,0.8457137743228913,0.18793639429397585
0.36401260415463205,0.31851102863530306,0.864529934867251,0.13650472655798704
0.351839597706834,0.30785964799347976,0.879598994267085,0.0879598994267085
0.3395810879824071,0.2971334519846062,0.8914003559538186,0.04244763599780089
0.3274182036280232,0.2864909281745203,0.9004000599770638,0.0
0.33537744652025486,0.33537744652025486,0.0,0.8803657971156689
0.34782608695652173,0.34782608695652173,0.043478260869565216,0.8695652173913043
0.360301879288836,0.360301879288836,0.090075469822209,0.8557169633109855
0.37259714626609786,0.37259714626609786,0.1397239298497867,0.8383435790987203
0.38445546506577016,0.38445546506577016,0.19222773253288508,0.8169678632647617
0.395574541147319,0.395574541147319,0.24723408821707438,0.791149082294638
0.4056161012507151,0.4056161012507151,0.30421207593803634,0.7605301898450908
0.4142242984627982,0.4142242984627982,0.3624462611549484,0.7248925223098968
0.4210526315789474,0.4210526315789474,0.4210526315789474,0.6842105263157896
0.42579703632987964,0.42579703632987964,0.47902166587111455,0.6386955544948194
0.4282301820577514,0.4282301820577514,0.5352877275721892,0.5888165003294081
0.4282301820577514,0.4282301820577514,0.5888165003294081,0.5352877275721892
0.42579703632987964,0.42579703632987964,0.6386955544948194,0.47902166587111455
0.4210526315789474,0.4210526315789474,0.6842105263157896,0.4210526315789474
0.4142242984627982,0.4142242984627982,0.7248925223098968,0.3624462611549484
0.4056161012507151,0.4056161012507151,0.7605301898450908,0.30421207593803634
0.395574541147319,0.395574541147319,0.791149082294638,0.24723408821707438
0.38445546506577016,0.38445546506577016,0.8169678632647617,0.19222773253288508
0.37259714626609786,0.37259714626609786,0.8383435790987203,0.1397239298497867
0.360301879288836,0.360301879288836,0.8557169633109855,0.090075469822209
0.3478260869565218,0.3478260869565218,0.8695652173913044,0.04347826086956522
0.33537744652025486,0.33537744652025486,0.8803657971156689,0.0
0.34268234950249543,0.38551764319030735,0.0,0.8567058737562386
0.35529247334746206,0.39970403251589476,0.04441155916843276,0.8438196242002223
0.3678403918973623,0.41382044088453257,0.09196009797434057,0.8276408817690651
0.38009147051646386,0.4276029043310218,0.14253430144367396,0.8076943748474857
0.3917616854995134,0.4407318961869526,0.1958808427497567,0.7835233709990268
0.40252368434130203,0.4528391448839648,0.2515773027133138,0.7547319081399414
0.4120209620996838,0.4635235823621443,0.30901572157476287,0.7210366836744466
0.4198911048651824,0.4723774929733302,0.36740471675703457,0.6823230454059214
0.42579703632987964,0.47902166587111455,0.42579703632987964,0.6386955544948194
0.42946250167601513,0.483145314385517,0.483145314385517,0.5905109398045207
0.4307055216465324,0.48454371185234896,0.5383819020581655,0.5383819020581655
0.42946250167601513,0.483145314385517,0.5905109398045207,0.483145314385517
0.42579703632987964,0.47902166587111455,0.6386955544948194,0.42579703632987964
0.4198911048651824,0.4723774929733302,0.6823230454059214,0.36740471675703457
0.4120209620996838,0.4635235823621443,0.7210366836744466,0.30901572157476287
0.40252368434130203,0.4528391448839648,0.7547319081399414,0.2515773027133138
0.3917616854995134,0.4407318961869526,0.7835233709990268,0.1958808427497567
0.38009147051646386,0.4276029043310218,0.8076943748474857,0.14253430144367396
0.3678403918973623,0.41382044088453257,0.8276408817690651,0.09196009797434057
0.35529247334746206,0.39970403251589476,0.8438196242002223,0.04441155916843276
0.34268234950249543,0.38551764319030735,0.8567058737562386,0.0
0.34914862437758787,0.43643578047198484,0.0,0.8292279828967711
0.36177250531690763,0.45221563164613454,0.045221563164613454,0.8139881369630422
0.3742242157799904,0.467780269724988,0.0935560539449976,0.7952264585324795
0.38624363966821407,0.4828045495852676,0.14484136487558028,0.7724872793364281
0.3975231959999626,0.49690399499995325,0.1987615979999813,0.7453559924999299
0.40771775315010045,0.5096471914376255,0.25482359571881275,0.7135060680126758
0.41646336503628284,0.5205792062953535,0.3123475237772121,0.6767529681839596
0.42340489921997054,0.5292561240249631,0.3704792868174742,0.6351073488299558
0.4282301820577514,0.5352877275721892,0.4282301820577514,0.5888165003294081
0.4307055216465324,0.5383819020581655,0.48454371185234896,0.5383819020581655
0.4307055216465324,0.5383819020581655,0.5383819020581655,0.48454371185234896
0.4282301820577514,0.5352877275721892,0.5888165003294081,0.4282301820577514
0.42340489921997054,0.5292561240249631,0.6351073488299558,0.3704792868174742
0.41646336503628284,0.5205792062953535,0.6767529681839596,0.3123475237772121
0.40771775315010045,0.5096471914376255,0.7135060680126758,0.25482359571881275
0.3975231959999626,0.49690399499995325,0.7453559924999299,0.1987615979999813
0.38624363966821407,0.4828045495852676,0.7724872793364281,0.14484136487558028
0.3742242157799904,0.467780269724988,0.7952264585324795,0.0935560539449976
0.3617725053169077,0.45221563164613465,0.8139881369630424,0.04522156316461346
0.34914862437758787,0.43643578047198484,0.8292279828967711,0.0
0.354593765742349,0.4875664278957299,0.0,0.7978359729202853
0.36706517419289886,0.5047146145152359,0.04588314677411236,0.7800134951599101
0.3792363705119818,0.521450009453975,0.09480909262799544,0.7584727410239636
0.39082557499682524,0.5373851656206347,0.14655959062380947,0.7327979531190473
0.40150849058279653,0.5520741745513452,0.20075424529139826,0.7026398585198939
0.4109323975500113,0.5650320466312655,0.25683274846875703,0.6677651460187684
0.41873913807217095,0.575766314849235,0.3140543535541282,0.6281087071082564
0.4245959139474202,0.5838193816777028,0.3715214247039927,0.5838193816777028
0.4282301820577514,0.5888165003294081,0.4282301820577514,0.5352877275721892
0.4294625016760152,0.5905109398045209,0.4831453143855171,0.4831453143855171
0.4282301820577514,0.5888165003294081,0.5352877275721892,0.4282301820577514
0.4245959139474202,0.5838193816777028,0.5838193816777028,0.3715214247039927
0.41873913807217095,0.575766314849235,0.6281087071082564,0.3140543535541282
0.4109323975500113,0.5650320466312655,0.6677651460187684,0.25683274846875703
0.40150849058279653,0.5520741745513452,0.7026398585198939,0.20075424529139826
0.39082557499682524,0.5373851656206347,0.7327979531190473,0.14655959062380947
0.3792363705119818,0.521450009453975,0.7584727410239636,0.09480909262799544
0.36706517419289886,0.5047146145152359,0.7800134951599101,0.04588314677411236
0.354593765742349,0.4875664278957299,0.7978359729202853,0.0
0.3588490432130053,0.5382735648195079,0.0,0.7625542168276362
0.3709911166081346,0.5564866749122019,0.046373889576016826,0.7419822332162692
0.38269189858795183,0.5740378478819278,0.09567297464698796,0.7175473098524097
0.3936542650440983,0.5904813975661475,0.14762034939153687,0.6888949638271721
0.40354661784425466,0.605319926766382,0.20177330892212733,0.6557632539969138
0.4120209620996838,0.6180314431495257,0.2575131013123024,0.6180314431495257
0.41873913807217095,0.6281087071082564,0.3140543535541282,0.575766314849235
0.42340489921997054,0.6351073488299558,0.3704792868174742,0.5292561240249631
0.42579703632987953,0.6386955544948193,0.42579703632987953,0.47902166587111444
0.42579703632987964,0.6386955544948194,0.47902166587111455,0.42579703632987964
0.42340489921997054,0.6351073488299558,0.5292561240249631,0.3704792868174742
0.41873913807217095,0.6281087071082564,0.575766314849235,0.3140543535541282
0.4120209620996838,0.6180314431495257,0.6180314431495257,0.2575131013123024
0.40354661784425466,0.605319926766382,0.6557632539969138,0.20177330892212733
0.3936542650440983,0.5904813975661475,0.6888949638271721,0.14762034939153687
0.38269189858795183,0.5740378478819278,0.7175473098524097,0.09567297464698796
0.3709911166081346,0.5564866749122019,0.7419822332162692,0.046373889576016826
0.3588490432130053,0.5382735648195079,0.7625542168276362,0.0
0.36177250531690763,0.5878803211399749,0.0,0.7235450106338153
0.37340802240746934,0.6067880364121376,0.04667600280093367,0.7001400420140049
0.38445546506577016,0.6247401307318765,0.09611386626644254,0.6727970638650979
0.39461089893359214,0.6412427107670872,0.14797908710009705,0.6412427107670872
0.40354661784425466,0.6557632539969138,0.20177330892212733,0.605319926766382
0.4109323975500113,0.6677651460187684,0.25683274846875703,0.5650320466312655
0.41646336503628284,0.6767529681839596,0.3123475237772121,0.5205792062953535
0.4198911048651824,0.6823230454059214,0.36740471675703457,0.4723774929733302
0.4210526315789474,0.6842105263157896,0.4210526315789474,0.4210526315789474
0.4198911048651824,0.6823230454059214,0.4723774929733302,0.36740471675703457
0.41646336503628284,0.6767529681839596,0.5205792062953535,0.3123475237772121
0.4109323975500113,0.6677651460187684,0.5650320466312655,0.25683274846875703
0.40354661784425466,0.6557632539969138,0.605319926766382,0.20177330892212733
0.39461089893359214,0.6412427107670872,0.6412427107670872,0.14797908710009705
0.38445546506577016,0.6247401307318765,0.6727970638650979,0.09611386626644254
0.37340802240746934,0.6067880364121376,0.7001400420140049,0.04667600280093367
0.36177250531690763,0.5878803211399749,0.7235450106338153,0.0
0.3632612873491998,0.6357072528610996,0.0,0.6811149137797496
0.3742242157799904,0.6548923776149832,0.0467780269724988,0.6548923776149832
0.38445546506577016,0.6727970638650979,0.09611386626644254,0.6247401307318765
0.3936542650440983,0.6888949638271721,0.14762034939153687,0.5904813975661475
0.40150849058279653,0.7026398585198939,0.20075424529139826,0.5520741745513452
0.40771775315010045,0.7135060680126758,0.25482359571881275,0.5096471914376255
0.4120209620996838,0.7210366836744466,0.30901572157476287,0.4635235823621443
0.4142242984627982,0.7248925223098968,0.3624462611549484,0.4142242984627982
0.4142242984627982,0.7248925223098968,0.4142242984627982,0.3624462611549484
0.4120209620996838,0.7210366836744466,0.4635235823621443,0.30901572157476287
0.40771775315010045,0.7135060680126758,0.5096471914376255,0.25482359571881275
0.40150849058279653,0.7026398585198939,0.5520741745513452,0.20075424529139826
0.3936542650440983,0.6888949638271721,0.5904813975661475,0.14762034939153687
0.38445546506577016,0.6727970638650979,0.6247401307318765,0.09611386626644254
0.3742242157799904,0.6548923776149832,0.6548923776149832,0.0467780269724988
0.3632612873491998,0.6357072528610996,0.6811149137797496,0.0
0.3632612873491998,0.6811149137797496,0.0,0.6357072528610996
0.37340802240746934,0.7001400420140049,0.04667600280093367,0.6067880364121376
0.3826918985879519,0.7175473098524098,0.09567297464698797,0.5740378478819279
0.39082557499682524,0.7327979531190473,0.14655959062380947,0.5373851656206347
0.3975231959999626,0.7453559924999299,0.1987615979999813,0.49690399499995325
0.40252368434130203,0.7547319081399414,0.2515773027133138,0.4528391448839648
0.4056161012507151,0.7605301898450908,0.30421207593803634,0.4056161012507151
0.4066628542202791,0.7624928516630233,0.3558299974427442,0.3558299974427442
0.4056161012507151,0.7605301898450908,0.4056161012507151,0.30421207593803634
0.40252368434130203,0.7547319081399414,0.4528391448839648,0.2515773027133138
0.3975231959999626,0.7453559924999299,0.49690399499995325,0.1987615979999813
0.39082557499682524,0.7327979531190473,0.5373851656206347,0.14655959062380947
0.3826918985879519,0.7175473098524098,0.5740378478819279,0.09567297464698797
0.37340802240746934,0.7001400420140049,0.6067880364121376,0.04667600280093367
0.3632612873491998,0.6811149137797496,0.6357072528610996,0.0
0.36177250531690763,0.7235450106338153,0.0,0.5878803211399749
0.3709911166081346,0.7419822332162692,0.046373889576016826,0.5564866749122019
0.3792363705119818,0.7584727410239636,0.09480909262799544,0.521450009453975
0.38624363966821407,0.7724872793364281,0.14484136487558028,0.4828045495852676
0.3917616854995134,0.7835233709990268,0.1958808427497567,0.4407318961869526
0.395574541147319,0.791149082294638,0.24723408821707438,0.395574541147319
0.3975231959999626,0.7950463919999252,0.29814239699997197,0.3478327964999673
0.3975231959999626,0.7950463919999252,0.3478327964999673,0.29814239699997197
0.395574541147319,0.791149082294638,0.395574541147319,0.24723408821707438
0.3917616854995134,0.7835233709990268,0.4407318961869526,0.1958808427497567
0.38624363966821407,0.7724872793364281,0.4828045495852676,0.14484136487558028
0.3792363705119818,0.7584727410239636,0.521450009453975,0.09480909262799544
0.3709911166081346,0.7419822332162692,0.5564866749122019,0.046373889576016826
0.36177250531690763,0.7235450106338153,0.5878803211399749,0.0
0.3588490432130053,0.7625542168276362,0.0,0.5382735648195079
0.36706517419289886,0.7800134951599101,0.04588314677411236,0.5047146145152359
0.3742242157799904,0.7952264585324795,0.0935560539449976,0.467780269724988
0.3800914705164639,0.8076943748474859,0.142534301443674,0.42760290433102194
0.3844554650657703,0.8169678632647618,0.19222773253288514,0.3844554650657703
0.38714713479666185,0.8226876614429064,0.24196695924791364,0.3387537429470791
0.38805700005813276,0.8246211251235321,0.2910427500435996,0.2910427500435996
0.38714713479666185,0.8226876614429064,0.3387537429470791,0.24196695924791364
0.38445546506577016,0.8169678632647617,0.38445546506577016,0.19222773253288508
0.3800914705164639,0.8076943748474859,0.42760290433102194,0.142534301443674
0.3742242157799904,0.7952264585324795,0.467780269724988,0.0935560539449976
0.36706517419289886,0.7800134951599101,0.5047146145152359,0.04588314677411236
0.3588490432130053,0.7625542168276362,0.5382735648195079,0.0
0.354593765742349,0.7978359729202853,0.0,0.4875664278957299
0.3617725053169077,0.8139881369630424,0.04522156316461346,0.45221563164613465
0.3678403918973623,0.8276408817690651,0.09196009797434057,0.41382044088453257
0.37259714626609786,0.8383435790987203,0.1397239298497867,0.37259714626609786
0.3758727885879517,0.8457137743228913,0.18793639429397585,0.32888869001445775
0.377543342546407,0.8494725207294157,0.23596458909150436,0.28315750690980523
0.377543342546407,0.8494725207294157,0.28315750690980523,0.23596458909150436
0.3758727885879517,0.8457137743228913,0.32888869001445775,0.18793639429397585
0.37259714626609786,0.8383435790987203,0.37259714626609786,0.1397239298497867
0.3678403918973623,0.8276408817690651,0.41382044088453257,0.09196009797434057
0.3617725053169077,0.8139881369630424,0.45221563164613465,0.04522156316461346
0.354593765742349,0.7978359729202853,0.4875664278957299,0.0
0.34914862437758787,0.8292279828967711,0.0,0.43643578047198484
0.3552924733474621,0.8438196242002224,0.044411559168432764,0.39970403251589487
0.360301879288836,0.8557169633109855,0.090075469822209,0.360301879288836
0.36401260415463216,0.8645299348672513,0.13650472655798707,0.3185110286353031
0.3662948371965041,0.869950238341697,0.18314741859825204,0.27472112789737807
0.36706517419289886,0.8717797887081347,0.2294157338705618,0.2294157338705618
0.3662948371965041,0.869950238341697,0.27472112789737807,0.18314741859825204
0.36401260415463216,0.8645299348672513,0.3185110286353031,0.13650472655798707
0.360301879288836,0.8557169633109855,0.360301879288836,0.090075469822209
0.3552924733474621,0.8438196242002224,0.39970403251589487,0.044411559168432764
0.34914862437758787,0.8292279828967711,0.43643578047198484,0.0
0.34268234950249543,0.8567058737562386,0.0,0.38551764319030735
0.34782608695652173,0.8695652173913043,0.043478260869565216,0.34782608695652173
0.351839597706834,0.879598994267085,0.0879598994267085,0.30785964799347976
0.354593765742349,0.8864844143558726,0.13297266215338088,0.26594532430676177
0.3559953275919879,0.8899883189799697,0.17799766379599394,0.22249707974499242
0.3559953275919878,0.8899883189799696,0.2224970797449924,0.1779976637959939
0.354593765742349,0.8864844143558726,0.26594532430676177,0.13297266215338088
0.351839597706834,0.879598994267085,0.30785964799347976,0.0879598994267085
0.34782608695652173,0.8695652173913043,0.34782608695652173,0.043478260869565216
0.34268234950249543,0.8567058737562386,0.38551764319030735,0.0
0.33537744652025486,0.8803657971156689,0.0,0.33537744652025486
0.3395810879824071,0.8914003559538186,0.04244763599780089,0.2971334519846062
0.34268234950249543,0.8995411674440504,0.08567058737562386,0.2570117621268716
0.3445843938031585,0.9045340337332909,0.12921914767618442,0.21536524612697402
0.3452254816016825,0.9062168892044165,0.17261274080084124,0.17261274080084124
0.3445843938031585,0.9045340337332909,0.21536524612697402,0.12921914767618442
0.34268234950249543,0.8995411674440504,0.2570117621268716,0.08567058737562386
0.3395810879824071,0.8914003559538186,0.2971334519846062,0.04244763599780089
0.33537744652025486,0.8803657971156689,0.33537744652025486,0.0
0.32741820362802326,0.900400059977064,0.0,0.2864909281745203
0.3307592922378892,0.9095880536541953,0.04134491152973615,0.2480694691784169
0.33304435769745067,0.9158719836679893,0.08326108942436267,0.20815272356090667
0.33420479451548546,0.919063184917585,0.12532679794330706,0.16710239725774273
0.33420479451548546,0.919063184917585,0.16710239725774273,0.12532679794330706
0.33304435769745067,0.9158719836679893,0.20815272356090667,0.08326108942436267
0.3307592922378892,0.9095880536541953,0.2480694691784169,0.04134491152973615
0.32741820362802326,0.900400059977064,0.2864909281745203,0.0
0.31898088913156003,0.917070056253235,0.0,0.23923566684867
0.3215471484232564,0.924448051716862,0.04019339355290705,0.2009669677645352
0.32311695668880774,0.9289612504803222,0.08077923917220194,0.16155847834440387
0.323645357625094,0.9304804031721452,0.12136700910941024,0.12136700910941024
0.32311695668880774,0.9289612504803222,0.16155847834440387,0.08077923917220194
0.3215471484232564,0.924448051716862,0.2009669677645352,0.04019339355290705
0.31898088913156003,0.917070056253235,0.23923566684867,0.0
0.3102266937317925,0.9306800811953776,0.0,0.19389168358237033
0.3121097258563482,0.9363291775690445,0.03901371573204353,0.1560548629281741
0.31306419207793296,0.9391925762337988,0.07826604801948324,0.11739907202922485
0.31306419207793296,0.9391925762337988,0.11739907202922485,0.07826604801948324
0.3121097258563482,0.9363291775690445,0.1560548629281741,0.03901371573204353
0.3102266937317925,0.9306800811953776,0.19389168358237033,0.0
0.30129743086188376,0.9415544714433867,0.0,0.15064871543094188
0.30258778978889356,0.9455868430902923,0.037823473723611695,0.11347042117083508
0.3030216076314281,0.9469425238482128,0.07575540190785703,0.07575540190785703
0.30258778978889356,0.9455868430902923,0.11347042117083508,0.037823473723611695
0.30129743086188376,0.9415544714433867,0.15064871543094188,0.0
0.2923136380967479,0.9500193238144305,0.0,0.10961761428628046
0.2930973221789247,0.9525662970815053,0.03663716527236559,0.07327433054473118
0.2930973221789247,0.9525662970815053,0.07327433054473118,0.03663716527236559
0.2923136380967479,0.9500193238144305,0.10961761428628046,0.0
0.2833745387903258,0.9563890684173496,0.0,0.07084363469758145
0.2837307608527635,0.9575913178780766,0.03546634510659544,0.03546634510659544
0.2833745387903258,0.9563890684173496,0.07084363469758145,0.0
0.2745592892218321,0.9609575122764124,0.0,0.03431991115272901
0.2745592892218321,0.9609575122764124,0.03431991115272901,0.0
0.26592899812581344,0.9639926182060737,0.0,0.0
0.30600918041312064,0.0,0.0,0.9520285612852643
0.31603274424928063,0.0,0.03511474936103118,0.9480982327478418
0.32624974511748617,0.0,0.07249994335944138,0.9424992636727378
0.3365809164030446,0.0,0.11219363880101486,0.9349469900084572
0.3469245050212649,0.0,0.15418866889833993,0.9251320133900397
0.35715410555964533,0.0,0.19841894753313627,0.9127271586524268
0.3671176574016019,0.0,0.24474510493440127,0.8973987180928046
0.3766382777868185,0.0,0.29294088272308105,0.8788226481692432
0.38551764319030735,0.0,0.34268234950249543,0.8567058737562386
0.3935425225019635,0.0,0.3935425225019635,0.8308119919485895
0.40049474354098635,0.0,0.44499415948998483,0.8009894870819727
0.40616431416587173,0.0,0.49642305064717657,0.7671992600910911
0.41036467732879783,0.0,0.5471529031050638,0.729537204140085
0.41294832096701123,0.0,0.5964809080634607,0.6882472016116854
0.41382044088453257,0.0,0.643720685820384,0.643720685820384
0.4129483209670111,0.0,0.6882472016116853,0.5964809080634605
0.41036467732879794,0.0,0.7295372041400852,0.5471529031050639
0.40616431416587173,0.0,0.7671992600910911,0.49642305064717657
0.40049474354098635,0.0,0.8009894870819727,0.44499415948998483
0.3935425225019635,0.0,0.8308119919485895,0.3935425225019635
0.38551764319030746,0.0,0.8567058737562387,0.3426823495024955
0.3766382777868185,0.0,0.8788226481692432,0.29294088272308105
0.3671176574016019,0.0,0.8973987180928046,0.24474510493440127
0.35715410555964533,0.0,0.9127271586524268,0.19841894753313627
0.3469245050212649,0.0,0.9251320133900397,0.15418866889833993
0.3365809164030446,0.0,0.9349469900084572,0.11219363880101486
0.32624974511748617,0.0,0.9424992636727378,0.07249994335944138
0.31603274424928063,0.0,0.9480982327478418,0.03511474936103118
0.30600918041312064,0.0,0.9520285612852643,0.0
0.31603274424928063,0.03511474936103118,0.0,0.9480982327478418
0.3266793038882824,0.036297700432031385,0.036297700432031385,0.9437402112328159
0.3375263702778072,0.037502930030867465,0.07500586006173493,0.9375732507716865
0.34848139169806486,0.038720154633118314,0.11616046389935496,0.9292837111948397
0.3594253787238923,0.03993615319154359,0.15974461276617435,0.9185315234055025
0.37021053140537724,0.04113450348948636,0.20567251744743179,0.9049590767686999
0.38065944099403226,0.04229549344378136,0.2537729606626882,0.8882053623194085
0.39056673294247163,0.043396303660274624,0.30377412562192235,0.8679260732054924
0.39970403251589476,0.04441155916843276,0.35529247334746206,0.8438196242002223
0.4078289289864994,0.04531432544294438,0.4078289289864994,0.8156578579729988
0.4146981098256823,0.04607756775840914,0.46077567758409144,0.7833186518929555
0.4200840252084029,0.046676002800933654,0.5134360308102702,0.7468160448149385
0.42379344841321,0.04708816093480111,0.5650579312176134,0.7063224140220167
0.4256853928563619,0.047298376984040214,0.6148789007925227,0.662177277776563
0.4256853928563619,0.047298376984040214,0.662177277776563,0.6148789007925227
0.42379344841321,0.04708816093480111,0.7063224140220167,0.5650579312176134
0.4200840252084029,0.046676002800933654,0.7468160448149385,0.5134360308102702
0.4146981098256823,0.04607756775840914,0.7833186518929555,0.46077567758409144
0.4078289289864994,0.04531432544294438,0.8156578579729988,0.4078289289864994
0.39970403251589476,0.04441155916843276,0.8438196242002223,0.35529247334746206
0.39056673294247163,0.043396303660274624,0.8679260732054924,0.30377412562192235
0.3806594409940322,0.042295493443781355,0.8882053623194084,0.2537729606626881
0.37021053140537724,0.04113450348948636,0.9049590767686999,0.20567251744743179
0.3594253787238923,0.03993615319154359,0.9185315234055025,0.15974461276617435
0.34848139169806486,0.038720154633118314,0.9292837111948397,0.11616046389935496
0.3375263702778072,0.037502930030867465,0.9375732507716865,0.07500586006173493
0.3266793038882825,0.036297700432031385,0.943740211232816,0.036297700432031385
0.31603274424928063,0.03511474936103118,0.9480982327478418,0.0
0.32624974511748617,0.07249994335944138,0.0,0.9424992636727378
0.3375263702778072,0.07500586006173493,0.037502930030867465,0.9375732507716865
0.3490050304482666,0.07755667343294813,0.07755667343294813,0.9306800811953776
0.3605773860967518,0.0801283080215004,0.12019246203225059,0.9214755422472545
0.3721042037676254,0.0826898230594723,0.1653796461189446,0.9095880536541953
0.38341289055807454,0.085202864568461,0.21300716142115253,0.8946300779688405
0.39429715890449113,0.08762159086766469,0.26286477260299407,0.876215908676647
0.40451991747794536,0.08989331499509896,0.31462660248284635,0.85398649245344
0.41382044088453257,0.09196009797434057,0.3678403918973623,0.8276408817690651
0.42192650784464586,0.09376144618769909,0.42192650784464586,0.7969722925954422
0.42857142857142855,0.09523809523809523,0.47619047619047616,0.7619047619047619
0.4335147457731793,0.09633661017181762,0.5298513559449969,0.7225245762886321
0.4365641250653994,0.09701425001453319,0.5820855000871992,0.6790997501017324
0.4375949744936836,0.09724332766526303,0.6320816298242097,0.6320816298242097
0.4365641250653994,0.09701425001453319,0.6790997501017324,0.5820855000871992
0.4335147457731793,0.09633661017181762,0.7225245762886321,0.5298513559449969
0.42857142857142855,0.09523809523809523,0.7619047619047619,0.47619047619047616
0.42192650784464586,0.09376144618769909,0.7969722925954422,0.42192650784464586
0.41382044088453257,0.09196009797434057,0.8276408817690651,0.3678403918973623
0.40451991747794536,0.08989331499509896,0.85398649245344,0.31462660248284635
0.39429715890449113,0.08762159086766469,0.876215908676647,0.26286477260299407
0.38341289055807454,0.085202864568461,0.8946300779688405,0.21300716142115253
0.3721042037676254,0.0826898230594723,0.9095880536541953,0.1653796461189446
0.3605773860967518,0.0801283080215004,0.9214755422472545,0.12019246203225059
0.3490050304482666,0.07755667343294813,0.9306800811953776,0.07755667343294813
0.3375263702778072,0.07500586006173493,0.9375732507716865,0.037502930030867465
0.32624974511748617,0.07249994335944138,0.9424992636727378,0.0
0.3365809164030446,0.11219363880101486,0.0,0.9349469900084572
0.34848139169806486,0.11616046389935496,0.038720154633118314,0.9292837111948397
0.3605773860967518,0.12019246203225059,0.0801283080215004,0.9214755422472545
0.37274191495316195,0.12424730498438732,0.12424730498438732,0.9111469032188404
0.3848122123281115,0.12827073744270384,0.17102764992360514,0.8978951620989268
0.3965873843153086,0.13219579477176954,0.22032632461961588,0.8813052984784635
0.4078289289864994,0.13594297632883312,0.27188595265766624,0.8609721834159431
0.41826547110615575,0.13942182370205192,0.32531758863812116,0.8365309422123115
0.4276029043310218,0.14253430144367396,0.38009147051646386,0.8076943748474857
0.4355405266462445,0.14518017554874815,0.4355405266462445,0.7742942695933235
0.4417926243064344,0.1472642081021448,0.490880693673816,0.736321040510724
0.44611343738694875,0.1487044791289829,0.5452497568062707,0.6939542359352536
0.4483219332480461,0.14944064441601537,0.5977625776640615,0.6475761258027333
0.4483219332480461,0.14944064441601537,0.6475761258027333,0.5977625776640615
0.44611343738694875,0.1487044791289829,0.6939542359352536,0.5452497568062707
0.4417926243064344,0.1472642081021448,0.736321040510724,0.490880693673816
0.4355405266462445,0.14518017554874815,0.7742942695933235,0.4355405266462445
0.4276029043310218,0.14253430144367396,0.8076943748474857,0.38009147051646386
0.41826547110615586,0.13942182370205194,0.8365309422123117,0.3253175886381212
0.4078289289864994,0.13594297632883312,0.8609721834159431,0.27188595265766624
0.39658738431530854,0.13219579477176951,0.8813052984784634,0.22032632461961585
0.3848122123281115,0.12827073744270384,0.8978951620989268,0.17102764992360514
0.372741914953162,0.12424730498438734,0.9111469032188405,0.12424730498438734
0.3605773860967517,0.12019246203225058,0.9214755422472544,0.08012830802150038
0.34848139169806486,0.11616046389935496,0.9292837111948397,0.038720154633118314
0.3365809164030446,0.11219363880101486,0.9349469900084572,0.0
0.3469245050212649,0.15418866889833993,0.0,0.9251320133900397
0.3594253787238923,0.15974461276617435,0.03993615319154359,0.9185315234055025
0.3721042037676254,0.1653796461189446,0.0826898230594723,0.9095880536541953
0.3848122123281115,0.17102764992360514,0.12827073744270384,0.8978951620989268
0.3973597071195132,0.17660431427533918,0.17660431427533918,0.8830215713766959
0.4095141796739611,0.18200630207731602,0.22750787759664504,0.864529934867251
0.42100224275248915,0.1871121078899952,0.28066816183499277,0.8420044855049783
0.4315169713368457,0.19178532059415365,0.33562431103976886,0.8150876125251529
0.4407318961869526,0.1958808427497567,0.3917616854995134,0.7835233709990268
0.4483219332480461,0.19925419255468715,0.4483219332480461,0.7472032220800768
0.45398994507478646,0.20177330892212733,0.5044332723053183,0.7062065812274456
0.45749571099781394,0.20333142711013955,0.5591614245528838,0.6608271381079535
0.458682472293863,0.20385887657505022,0.6115766297251507,0.6115766297251507
0.45749571099781394,0.20333142711013955,0.6608271381079535,0.5591614245528838
0.45398994507478646,0.20177330892212733,0.7062065812274456,0.5044332723053183
0.4483219332480461,0.19925419255468715,0.7472032220800768,0.4483219332480461
0.4407318961869526,0.1958808427497567,0.7835233709990268,0.3917616854995134
0.4315169713368457,0.19178532059415365,0.8150876125251529,0.33562431103976886
0.42100224275248915,0.1871121078899952,0.8420044855049783,0.28066816183499277
0.4095141796739611,0.18200630207731602,0.864529934867251,0.22750787759664504
0.3973597071195132,0.17660431427533918,0.8830215713766959,0.17660431427533918
0.3848122123281115,0.17102764992360514,0.8978951620989268,0.12827073744270384
0.3721042037676254,0.1653796461189446,0.9095880536541953,0.0826898230594723
0.35942537872389235,0.15974461276617438,0.9185315234055026,0.039936153191543595
0.3469245050212649,0.15418866889833993,0.9251320133900397,0.0
0.35715410555964533,0.19841894753313627,0.0,0.9127271586524268
0.37021053140537724,0.20567251744743179,0.04113450348948636,0.9049590767686999
0.38341289055807454,0.21300716142115253,0.085202864568461,0.8946300779688405
0.3965873843153086,0.22032632461961588,0.13219579477176954,0.8813052984784635
0.4095141796739611,0.22750787759664504,0.18200630207731602,0.864529934867251
0.42192650784464586,0.2344036154692477,0.2344036154692477,0.8438530156892917
0.4335147457731793,0.24084152542954404,0.28900983051545287,0.8188611864604498
0.4439372613002911,0.24663181183349506,0.3452845365668931,0.7892217978671843
0.4528391448839648,0.2515773027133138,0.40252368434130203,0.7547319081399414
0.4598785172768364,0.255488065153798,0.4598785172768364,0.7153665824306343
0.46475800154489,0.2581988897471611,0.5163977794943222,0.6713171133426189
0.4672567184860485,0.2595870658255825,0.5710915448162815,0.623008957981398
0.4672567184860485,0.2595870658255825,0.623008957981398,0.5710915448162815
0.46475800154489,0.2581988897471611,0.6713171133426189,0.5163977794943222
0.4598785172768364,0.255488065153798,0.7153665824306343,0.4598785172768364
0.4528391448839648,0.2515773027133138,0.7547319081399414,0.40252368434130203
0.44393726130029104,0.24663181183349503,0.789221797867184,0.345284536566893
0.4335147457731792,0.240841525429544,0.8188611864604496,0.2890098305154528
0.42192650784464586,0.2344036154692477,0.8438530156892917,0.2344036154692477
0.4095141796739611,0.22750787759664504,0.864529934867251,0.18200630207731602
0.3965873843153086,0.22032632461961588,0.8813052984784635,0.13219579477176954
0.3834128905580745,0.21300716142115247,0.8946300779688403,0.08520286456846099
0.37021053140537724,0.20567251744743179,0.9049590767686999,0.04113450348948636
0.35715410555964533,0.19841894753313627,0.9127271586524268,0.0
0.3671176574016019,0.24474510493440127,0.0,0.8973987180928046
0.38065944099403226,0.2537729606626882,0.04229549344378136,0.8882053623194085
0.39429715890449113,0.26286477260299407,0.08762159086766469,0.876215908676647
0.4078289289864994,0.27188595265766624,0.13594297632883312,0.8609721834159431
0.42100224275248915,0.28066816183499277,0.1871121078899952,0.8420044855049783
0.4335147457731793,0.28900983051545287,0.24084152542954404,0.8188611864604498
0.4450213587907339,0.2966809058604893,0.2966809058604893,0.791149082294638
0.4551495636817563,0.3034330424545042,0.35400521619692155,0.7585826061362605
0.4635235823621443,0.30901572157476287,0.4120209620996838,0.7210366836744466
0.4697961758746925,0.31319745058312837,0.4697961758746925,0.6785944762634447
0.4736842105263158,0.31578947368421056,0.5263157894736843,0.6315789473684211
0.47500183257233364,0.31666788838155574,0.5805577953661856,0.5805577953661856
0.4736842105263158,0.31578947368421056,0.6315789473684211,0.5263157894736843
0.4697961758746925,0.31319745058312837,0.6785944762634447,0.4697961758746925
0.4635235823621443,0.30901572157476287,0.7210366836744466,0.4120209620996838
0.4551495636817563,0.3034330424545042,0.7585826061362605,0.35400521619692155
0.4450213587907339,0.2966809058604893,0.791149082294638,0.2966809058604893
0.4335147457731793,0.28900983051545287,0.8188611864604498,0.24084152542954404
0.42100224275248915,0.28066816183499277,0.8420044855049783,0.1871121078899952
0.4078289289864994,0.27188595265766624,0.8609721834159431,0.13594297632883312
0.39429715890449113,0.26286477260299407,0.876215908676647,0.08762159086766469
0.38065944099403226,0.2537729606626882,0.8882053623194085,0.04229549344378136
0.3671176574016019,0.24474510493440127,0.8973987180928046,0.0
0.3766382777868185,0.29294088272308105,0.0,0.8788226481692432
0.39056673294247163,0.30377412562192235,0.043396303660274624,0.8679260732054924
0.40451991747794536,0.31462660248284635,0.08989331499509896,0.85398649245344
0.41826547110615575,0.32531758863812116,0.13942182370205192,0.8365309422123115
0.4315169713368457,0.33562431103976886,0.19178532059415365,0.8150876125251529
0.4439372613002911,0.3452845365668931,0.24663181183349506,0.7892217978671843
0.4551495636817563,0.35400521619692155,0.3034330424545042,0.7585826061362605
0.46475800154489,0.36147844564602555,0.36147844564602555,0.7229568912920511
0.4723774929733302,0.36740471675703457,0.4198911048651824,0.6823230454059214
0.47767040319084775,0.3715214247039927,0.47767040319084775,0.6368938709211303
0.48038446141526137,0.37363235887853663,0.5337605126836238,0.5871365639519861
0.48038446141526137,0.37363235887853663,0.5871365639519861,0.5337605126836238
0.47767040319084775,0.3715214247039927,0.6368938709211303,0.47767040319084775
0.4723774929733302,0.36740471675703457,0.6823230454059214,0.4198911048651824
0.46475800154489,0.36147844564602555,0.7229568912920511,0.36147844564602555
0.4551495636817563,0.35400521619692155,0.7585826061362605,0.3034330424545042
0.44393726130029104,0.345284536566893,0.789221797867184,0.24663181183349503
0.4315169713368457,0.33562431103976886,0.8150876125251529,0.19178532059415365
0.41826547110615575,0.32531758863812116,0.8365309422123115,0.13942182370205192
0.40451991747794525,0.3146266024828463,0.8539864924534399,0.08989331499509895
0.39056673294247163,0.30377412562192235,0.8679260732054924,0.043396303660274624
0.3766382777868185,0.29294088272308105,0.8788226481692432,0.0
0.38551764319030735,0.34268234950249543,0.0,0.8567058737562386
0.39970403251589476,0.35529247334746206,0.04441155916843276,0.8438196242002223
0.41382044088453257,0.3678403918973623,0.09196009797434057,0.8276408817690651
0.4276029043310218,0.38009147051646386,0.14253430144367396,0.8076943748474857
0.4407318961869526,0.3917616854995134,0.1958808427497567,0.7835233709990268
0.4528391448839648,0.40252368434130203,0.2515773027133138,0.7547319081399414
0.4635235823621443,0.4120209620996838,0.30901572157476287,0.7210366836744466
0.4723774929733302,0.4198911048651824,0.36740471675703457,0.6823230454059214
0.47902166587111455,0.42579703632987964,0.42579703632987964,0.6386955544948194
0.483145314385517,0.42946250167601513,0.483145314385517,0.5905109398045207
0.48454371185234896,0.4307055216465324,0.5383819020581655,0.5383819020581655
0.483145314385517,0.42946250167601513,0.5905109398045207,0.483145314385517
0.47902166587111455,0.42579703632987964,0.6386955544948194,0.42579703632987964
0.4723774929733302,0.4198911048651824,0.6823230454059214,0.36740471675703457
0.4635235823621443,0.4120209620996838,0.7210366836744466,0.30901572157476287
0.4528391448839648,0.40252368434130203,0.7547319081399414,0.2515773027133138
0.4407318961869526,0.3917616854995134,0.7835233709990268,0.1958808427497567
0.4276029043310218,0.38009147051646386,0.8076943748474857,0.14253430144367396
0.41382044088453257,0.3678403918973623,0.8276408817690651,0.09196009797434057
0.39970403251589476,0.35529247334746206,0.8438196242002223,0.04441155916843276
0.38551764319030735,0.34268234950249543,0.8567058737562386,0.0
0.3935425225019635,0.3935425225019635,0.0,0.8308119919485895
0.4078289289864994,0.4078289289864994,0.04531432544294438,0.8156578579729988
0.42192650784464586,0.42192650784464586,0.09376144618769909,0.7969722925954422
0.4355405266462445,0.4355405266462445,0.14518017554874815,0.7742942695933235
0.4483219332480461,0.4483219332480461,0.19925419255468715,0.7472032220800768
0.4598785172768364,0.4598785172768364,0.255488065153798,0.7153665824306343
0.4697961758746925,0.4697961758746925,0.31319745058312837,0.6785944762634447
0.47767040319084775,0.47767040319084775,0.3715214247039927,0.6368938709211303
0.483145314385517,0.483145314385517,0.42946250167601513,0.5905109398045207
0.48595432244043496,0.48595432244043496,0.48595432244043496,0.5399492471560389
0.48595432244043496,0.48595432244043496,0.5399492471560389,0.48595432244043496
0.483145314385517,0.483145314385517,0.5905109398045207,0.42946250167601513
0.47767040319084775,0.47767040319084775,0.6368938709211303,0.3715214247039927
0.4697961758746925,0.4697961758746925,0.6785944762634447,0.31319745058312837
0.4598785172768364,0.4598785172768364,0.7153665824306343,0.255488065153798
0.4483219332480461,0.4483219332480461,0.7472032220800768,0.19925419255468715
0.4355405266462446,0.4355405266462446,0.7742942695933237,0.14518017554874818
0.42192650784464586,0.42192650784464586,0.7969722925954422,0.09376144618769909
0.4078289289864994,0.4078289289864994,0.8156578579729988,0.04531432544294438
0.3935425225019635,0.3935425225019635,0.8308119919485895,0.0
0.40049474354098635,0.44499415948998483,0.0,0.8009894870819727
0.4146981098256823,0.46077567758409144,0.04607756775840914,0.7833186518929555
0.42857142857142855,0.47619047619047616,0.09523809523809523,0.7619047619047619
0.4417926243064344,0.490880693673816,0.1472642081021448,0.736321040510724
0.45398994507478646,0.5044332723053183,0.20177330892212733,0.7062065812274456
0.46475800154489,0.5163977794943222,0.2581988897471611,0.6713171133426189
0.4736842105263158,0.5263157894736843,0.31578947368421056,0.6315789473684211
0.48038446141526137,0.5337605126836238,0.37363235887853663,0.5871365639519861
0.48454371185234896,0.5383819020581655,0.4307055216465324,0.5383819020581655
0.48595432244043507,0.539949247156039,0.48595432244043507,0.48595432244043507
0.48454371185234896,0.5383819020581655,0.5383819020581655,0.4307055216465324
0.48038446141526137,0.5337605126836238,0.5871365639519861,0.37363235887853663
0.4736842105263158,0.5263157894736843,0.6315789473684211,0.31578947368421056
0.46475800154489,0.5163977794943222,0.6713171133426189,0.2581988897471611
0.45398994507478646,0.5044332723053183,0.7062065812274456,0.20177330892212733
0.4417926243064344,0.490880693673816,0.736321040510724,0.1472642081021448
0.42857142857142855,0.47619047619047616,0.7619047619047619,0.09523809523809523
0.4146981098256823,0.46077567758409144,0.7833186518929555,0.04607756775840914
0.40049474354098635,0.44499415948998483,0.8009894870819727,0.0
0.40616431416587173,0.49642305064717657,0.0,0.7671992600910911
0.4200840252084029,0.5134360308102702,0.046676002800933654,0.7468160448149385
0.4335147457731793,0.5298513559449969,0.09633661017181762,0.7225245762886321
0.44611343738694875,0.5452497568062707,0.1487044791289829,0.6939542359352536
0.45749571099781394,0.5591614245528838,0.20333142711013955,0.6608271381079535
0.4672567184860485,0.5710915448162815,0.2595870658255825,0.623008957981398
0.47500183257233364,0.5805577953661856,0.31666788838155574,0.5805577953661856
0.48038446141526137,0.5871365639519861,0.37363235887853663,0.5337605126836238
0.483145314385517,0.5905109398045207,0.42946250167601513,0.483145314385517
0.483145314385517,0.5905109398045207,0.483145314385517,0.42946250167601513
0.48038446141526137,0.5871365639519861,0.5337605126836238,0.37363235887853663
0.4750018325723335,0.5805577953661855,0.5805577953661855,0.3166678883815557
0.4672567184860486,0.5710915448162817,0.6230089579813981,0.25958706582558255
0.45749571099781394,0.5591614245528838,0.6608271381079535,0.20333142711013955
0.44611343738694875,0.5452497568062707,0.6939542359352536,0.1487044791289829
0.4335147457731793,0.5298513559449969,0.7225245762886321,0.09633661017181762
0.420084025208403,0.5134360308102703,0.7468160448149387,0.04667600280093367
0.40616431416587173,0.49642305064717657,0.7671992600910911,0.0
0.41036467732879783,0.5471529031050638,0.0,0.729537204140085
0.42379344841321,0.5650579312176134,0.04708816093480111,0.7063224140220167
0.4365641250653994,0.5820855000871992,0.09701425001453319,0.6790997501017324
0.4483219332480461,0.5977625776640615,0.14944064441601537,0.6475761258027333
0.458682472293863,0.6115766297251507,0.20385887657505022,0.6115766297251507
0.4672567184860485,0.623008957981398,0.2595870658255825,0.5710915448162815
0.4736842105263158,0.6315789473684211,0.31578947368421056,0.5263157894736843
0.47767040319084775,0.6368938709211303,0.3715214247039927,0.47767040319084775
0.47902166587111455,0.6386955544948194,0.42579703632987964,0.42579703632987964
0.47767040319084775,0.6368938709211303,0.47767040319084775,0.3715214247039927
0.4736842105263158,0.6315789473684211,0.5263157894736843,0.31578947368421056
0.4672567184860486,0.6230089579813981,0.5710915448162817,0.25958706582558255
0.458682472293863,0.6115766297251507,0.6115766297251507,0.20385887657505022
0.4483219332480461,0.5977625776640615,0.6475761258027333,0.14944064441601537
0.4365641250653994,0.5820855000871992,0.6790997501017324,0.09701425001453319
0.42379344841321,0.5650579312176134,0.7063224140220167,0.04708816093480111
0.41036467732879783,0.5471529031050638,0.729537204140085,0.0
0.41294832096701123,0.5964809080634607,0.0,0.6882472016116854
0.4256853928563619,0.6148789007925227,0.047298376984040214,0.662177277776563
0.4375949744936836,0.6320816298242097,0.09724332766526303,0.6320816298242097
0.4483219332480461,0.6475761258027333,0.14944064441601537,0.5977625776640615
0.45749571099781394,0.6608271381079535,0.20333142711013955,0.5591614245528838
0.46475800154489,0.6713171133426189,0.2581988897471611,0.5163977794943222
0.4697961758746925,0.6785944762634447,0.31319745058312837,0.4697961758746925
0.4723774929733302,0.6823230454059214,0.36740471675703457,0.4198911048651824
0.4723774929733302,0.6823230454059214,0.4198911048651824,0.36740471675703457
0.4697961758746925,0.6785944762634447,0.4697961758746925,0.31319745058312837
0.46475800154489,0.6713171133426189,0.5163977794943222,0.2581988897471611
0.45749571099781394,0.6608271381079535,0.5591614245528838,0.20333142711013955
0.4483219332480461,0.6475761258027333,0.5977625776640615,0.14944064441601537
0.4375949744936836,0.6320816298242097,0.6320816298242097,0.09724332766526303
0.4256853928563619,0.6148789007925227,0.662177277776563,0.047298376984040214
0.41294832096701123,0.5964809080634607,0.6882472016116854,0.0
0.41382044088453257,0.643720685820384,0.0,0.643720685820384
0.4256853928563619,0.662177277776563,0.047298376984040214,0.6148789007925227
0.4365641250653994,0.6790997501017324,0.09701425001453319,0.5820855000871992
0.44611343738694875,0.6939542359352536,0.1487044791289829,0.5452497568062707
0.45398994507478646,0.7062065812274456,0.20177330892212733,0.5044332723053183
0.4598785172768364,0.7153665824306343,0.255488065153798,0.4598785172768364
0.4635235823621443,0.7210366836744466,0.30901572157476287,0.4120209620996838
0.46475800154489,0.7229568912920511,0.36147844564602555,0.36147844564602555
0.4635235823621443,0.7210366836744466,0.4120209620996838,0.30901572157476287
0.4598785172768364,0.7153665824306343,0.4598785172768364,0.255488065153798
0.45398994507478646,0.7062065812274456,0.5044332723053183,0.20177330892212733
0.44611343738694875,0.6939542359352536,0.5452497568062707,0.1487044791289829
0.4365641250653994,0.6790997501017324,0.5820855000871992,0.09701425001453319
0.4256853928563619,0.662177277776563,0.6148789007925227,0.047298376984040214
0.41382044088453257,0.643720685820384,0.643720685820384,0.0
0.4129483209670111,0.6882472016116853,0.0,0.5964809080634605
0.42379344841321,0.7063224140220167,0.04708816093480111,0.5650579312176134
0.4335147457731792,0.722524576288632,0.0963366101718176,0.5298513559449968
0.4417926243064344,0.736321040510724,0.1472642081021448,0.490880693673816
0.4483219332480461,0.7472032220800768,0.19925419255468715,0.4483219332480461
0.4528391448839648,0.7547319081399414,0.2515773027133138,0.40252368434130203
0.4551495636817563,0.7585826061362605,0.3034330424545042,0.35400521619692155
0.4551495636817562,0.7585826061362603,0.3540052161969215,0.30343304245450414
0.4528391448839648,0.7547319081399414,0.40252368434130203,0.2515773027133138
0.4483219332480461,0.7472032220800768,0.4483219332480461,0.19925419255468715
0.4417926243064344,0.736321040510724,0.490880693673816,0.1472642081021448
0.4335147457731792,0.722524576288632,0.5298513559449968,0.0963366101718176
0.42379344841321,0.7063224140220167,0.5650579312176134,0.04708816093480111
0.4129483209670111,0.6882472016116853,0.5964809080634605,0.0
0.41036467732879794,0.7295372041400852,0.0,0.5471529031050639
0.420084025208403,0.7468160448149387,0.04667600280093367,0.5134360308102703
0.42857142857142855,0.7619047619047619,0.09523809523809523,0.47619047619047616
0.4355405266462446,0.7742942695933237,0.14518017554874818,0.4355405266462446
0.4407318961869526,0.7835233709990268,0.1958808427497567,0.3917616854995134
0.4439372613002911,0.7892217978671843,0.24663181183349506,0.3452845365668931
0.4450213587907339,0.791149082294638,0.2966809058604893,0.2966809058604893
0.44393726130029104,0.789221797867184,0.345284536566893,0.24663181183349503
0.44073189618695263,0.7835233709990269,0.39176168549951346,0.19588084274975673
0.4355405266462446,0.7742942695933237,0.4355405266462446,0.14518017554874818
0.42857142857142855,0.7619047619047619,0.47619047619047616,0.09523809523809523
0.420084025208403,0.7468160448149387,0.5134360308102703,0.04667600280093367
0.41036467732879794,0.7295372041400852,0.5471529031050639,0.0
0.40616431416587173,0.7671992600910911,0.0,0.49642305064717657
0.4146981098256823,0.7833186518929555,0.04607756775840914,0.46077567758409144
0.42192650784464586,0.7969722925954422,0.09376144618769909,0.42192650784464586
0.4276029043310218,0.8076943748474857,0.14253430144367396,0.38009147051646386
0.4315169713368457,0.8150876125251529,0.19178532059415365,0.33562431103976886
0.4335147457731792,0.8188611864604496,0.240841525429544,0.2890098305154528
0.4335147457731793,0.8188611864604498,0.28900983051545287,0.24084152542954404
0.4315169713368458,0.8150876125251532,0.3356243110397689,0.19178532059415368
0.4276029043310218,0.8076943748474857,0.38009147051646386,0.14253430144367396
0.42192650784464586,0.7969722925954422,0.42192650784464586,0.09376144618769909
0.4146981098256823,0.7833186518929555,0.46077567758409144,0.04607756775840914
0.40616431416587173,0.7671992600910911,0.49642305064717657,0.0
0.40049474354098635,0.8009894870819727,0.0,0.44499415948998483
0.4078289289864994,0.8156578579729988,0.04531432544294438,0.4078289289864994
0.41382044088453257,0.8276408817690651,0.09196009797434057,0.3678403918973623
0.41826547110615586,0.8365309422123117,0.13942182370205194,0.3253175886381212
0.42100224275248915,0.8420044855049783,0.1871121078899952,0.28066816183499277
0.42192650784464586,0.8438530156892917,0.2344036154692477,0.2344036154692477
0.42100224275248915,0.8420044855049783,0.28066816183499277,0.1871121078899952
0.41826547110615586,0.8365309422123117,0.3253175886381212,0.13942182370205194
0.41382044088453257,0.8276408817690651,0.3678403918973623,0.09196009797434057
0.4078289289864994,0.8156578579729988,0.4078289289864994,0.04531432544294438
0.40049474354098635,0.8009894870819727,0.44499415948998483,0.0
0.3935425225019635,0.8308119919485895,0.0,0.3935425225019635
0.39970403251589476,0.8438196242002223,0.04441155916843276,0.35529247334746206
0.40451991747794536,0.85398649245344,0.08989331499509896,0.31462660248284635
0.4078289289864994,0.8609721834159431,0.13594297632883312,0.27188595265766624
0.40951417967396114,0.8645299348672513,0.18200630207731608,0.2275078775966451
0.4095141796739611,0.864529934867251,0.22750787759664504,0.18200630207731602
0.4078289289864994,0.8609721834159431,0.27188595265766624,0.13594297632883312
0.40451991747794536,0.85398649245344,0.31462660248284635,0.08989331499509896
0.39970403251589476,0.8438196242002223,0.35529247334746206,0.04441155916843276
0.3935425225019635,0.8308119919485895,0.3935425225019635,0.0
0.38551764319030746,0.8567058737562387,0.0,0.3426823495024955
0.39056673294247163,0.8679260732054924,0.043396303660274624,0.30377412562192235
0.39429715890449113,0.876215908676647,0.08762159086766469,0.26286477260299407
0.3965873843153086,0.8813052984784635,0.13219579477176954,0.22032632461961588
0.3973597071195132,0.8830215713766959,0.17660431427533918,0.17660431427533918
0.3965873843153086,0.8813052984784635,0.22032632461961588,0.13219579477176954
0.39429715890449113,0.876215908676647,0.26286477260299407,0.08762159086766469
0.39056673294247163,0.8679260732054924,0.30377412562192235,0.043396303660274624
0.38551764319030746,0.8567058737562387,0.3426823495024955,0.0
0.3766382777868185,0.8788226481692432,0.0,0.29294088272308105
0.38065944099403226,0.8882053623194085,0.04229549344378136,0.2537729606626882
0.38341289055807454,0.8946300779688405,0.085202864568461,0.21300716142115253
0.3848122123281115,0.8978951620989268,0.12827073744270384,0.17102764992360514
0.3848122123281115,0.8978951620989268,0.17102764992360514,0.12827073744270384
0.38341289055807454,0.8946300779688405,0.21300716142115253,0.085202864568461
0.38065944099403226,0.8882053623194085,0.2537729606626882,0.04229549344378136
0.3766382777868185,0.8788226481692432,0.29294088272308105,0.0
0.3671176574016019,0.8973987180928046,0.0,0.24474510493440127
0.37021053140537724,0.9049590767686999,0.04113450348948636,0.20567251744743179
0.3721042037676254,0.9095880536541953,0.0826898230594723,0.1653796461189446
0.372741914953162,0.9111469032188405,0.12424730498438734,0.12424730498438734
0.3721042037676254,0.9095880536541953,0.1653796461189446,0.0826898230594723
0.37021053140537724,0.9049590767686999,0.20567251744743179,0.04113450348948636
0.3671176574016019,0.8973987180928046,0.24474510493440127,0.0
0.35715410555964533,0.9127271586524268,0.0,0.19841894753313627
0.35942537872389235,0.9185315234055026,0.039936153191543595,0.15974461276617438
0.3605773860967518,0.9214755422472545,0.0801283080215004,0.12019246203225059
0.3605773860967518,0.9214755422472545,0.12019246203225059,0.0801283080215004
0.35942537872389235,0.9185315234055026,0.15974461276617438,0.039936153191543595
0.35715410555964533,0.9127271586524268,0.19841894753313627,0.0
0.3469245050212649,0.9251320133900397,0.0,0.15418866889833993
0.34848139169806486,0.9292837111948397,0.038720154633118314,0.11616046389935496
0.3490050304482666,0.9306800811953776,0.07755667343294813,0.07755667343294813
0.34848139169806486,0.9292837111948397,0.11616046389935496,0.038720154633118314
0.3469245050212649,0.9251320133900397,0.15418866889833993,0.0
0.3365809164030446,0.9349469900084572,0.0,0.11219363880101486
0.3375263702778072,0.9375732507716865,0.037502930030867465,0.07500586006173493
0.3375263702778072,0.9375732507716865,0.07500586006173493,0.037502930030867465
0.3365809164030446,0.9349469900084572,0.11219363880101486,0.0
0.32624974511748617,0.9424992636727378,0.0,0.07249994335944138
0.3266793038882825,0.943740211232816,0.036297700432031385,0.036297700432031385
0.32624974511748617,0.9424992636727378,0.07249994335944138,0.0
0.31603274424928063,0.9480982327478418,0.0,0.03511474936103118
0.31603274424928063,0.9480982327478418,0.03511474936103118,0.0
0.30600918041312064,0.9520285612852643,0.0,0.0
0.347314355823594,0.0,0.0,0.9377487607237036
0.35874800166708765,0.0,0.03587480016670876,0.9327448043344279
0.3703703703703704,0.0,0.07407407407407408,0.9259259259259259
0.382080359950435,0.0,0.11462410798513051,0.9169928638810441
0.3937496154790789,0.0,0.15749984619163157,0.9056241156018814
0.4052204492365539,0.0,0.20261022461827696,0.8914849883204187
0.41630544712181333,0.0,0.249783268273088,0.8742414389558079
0.4267895997763199,0.0,0.29875271984342394,0.8535791995526398
0.43643578047198484,0.0,0.34914862437758787,0.8292279828967711
0.44499415948998483,0.0,0.40049474354098635,0.8009894870819727
0.45221563164613454,0.0,0.45221563164613454,0.7687665737984287
0.4578685464956301,0.0,0.5036554011451931,0.7325896743930082
0.46175709653961017,0.0,0.5541085158475322,0.6926356448094152
0.46373889576016825,0.0,0.6028605644882187,0.6492344540642355
0.46373889576016825,0.0,0.6492344540642355,0.6028605644882187
0.46175709653961017,0.0,0.6926356448094152,0.5541085158475322
0.4578685464956301,0.0,0.7325896743930082,0.5036554011451931
0.45221563164613454,0.0,0.7687665737984287,0.45221563164613454
0.44499415948998483,0.0,0.8009894870819727,0.40049474354098635
0.43643578047198484,0.0,0.8292279828967711,0.34914862437758787
0.4267895997763199,0.0,0.8535791995526398,0.29875271984342394
0.41630544712181333,0.0,0.8742414389558079,0.249783268273088
0.4052204492365539,0.0,0.8914849883204187,0.20261022461827696
0.3937496154790789,0.0,0.9056241156018814,0.15749984619163157
0.382080359950435,0.0,0.9169928638810441,0.11462410798513051
0.3703703703703704,0.0,0.9259259259259259,0.07407407407407408
0.35874800166708765,0.0,0.9327448043344279,0.03587480016670876
0.347314355823594,0.0,0.9377487607237036,0.0
0.35874800166708765,0.03587480016670876,0.0,0.9327448043344279
0.3708794707761421,0.03708794707761421,0.03708794707761421,0.9271986769403552
0.3832008326196737,0.03832008326196737,0.07664016652393474,0.9196819982872168
0.39559388606461776,0.03955938860646178,0.11867816581938534,0.9098659379486208
0.4079085082240021,0.04079085082240021,0.16316340328960083,0.8973987180928046
0.41996052556580804,0.0419960525565808,0.20998026278290402,0.8819171036881968
0.4315318520021031,0.04315318520021031,0.2589191112012619,0.8630637040042062
0.44237395520380884,0.04423739552038088,0.3096617686426662,0.8405105148872367
0.45221563164613454,0.045221563164613454,0.36177250531690763,0.8139881369630422
0.46077567758409144,0.04607756775840914,0.4146981098256823,0.7833186518929555
0.467780269724988,0.0467780269724988,0.467780269724988,0.7484484315599808
0.47298376984040214,0.047298376984040214,0.5202821468244423,0.7094756547606031
0.47619047619047616,0.047619047619047616,0.5714285714285714,0.6666666666666666
0.4772739599033477,0.047727395990334764,0.620456147874352,0.620456147874352
0.47619047619047616,0.047619047619047616,0.6666666666666666,0.5714285714285714
0.47298376984040214,0.047298376984040214,0.7094756547606031,0.5202821468244423
0.467780269724988,0.0467780269724988,0.7484484315599808,0.467780269724988
0.46077567758409144,0.04607756775840914,0.7833186518929555,0.4146981098256823
0.45221563164613454,0.045221563164613454,0.8139881369630422,0.36177250531690763
0.44237395520380884,0.04423739552038088,0.8405105148872367,0.3096617686426662
0.4315318520021031,0.04315318520021031,0.8630637040042062,0.2589191112012619
0.41996052556580804,0.0419960525565808,0.8819171036881968,0.20998026278290402
0.4079085082240021,0.04079085082240021,0.8973987180928046,0.16316340328960083
0.3955938860646179,0.039559388606461784,0.9098659379486209,0.11867816581938535
0.3832008326196737,0.03832008326196737,0.9196819982872168,0.07664016652393474
0.3708794707761421,0.03708794707761421,0.9271986769403552,0.03708794707761421
0.35874800166708765,0.03587480016670876,0.9327448043344279,0.0
0.3703703703703704,0.07407407407407408,0.0,0.9259259259259259
0.3832008326196737,0.07664016652393474,0.03832008326196737,0.9196819982872168
0.3962144258751637,0.07924288517503274,0.07924288517503274,0.9112931795128765
0.409272754535029,0.0818545509070058,0.1227818263605087,0.9004000599770638
0.4222003309207491,0.08444006618414981,0.16888013236829963,0.886620694933573
0.4347826086956522,0.08695652173913045,0.2173913043478261,0.8695652173913044
0.44676705160877034,0.08935341032175408,0.2680602309652622,0.8488573980566636
0.4578685464956301,0.09157370929912602,0.3205079825469411,0.8241633836921342
0.467780269724988,0.0935560539449976,0.3742242157799904,0.7952264585324795
0.47619047619047616,0.09523809523809523,0.42857142857142855,0.7619047619047619
0.4828045495852676,0.09656090991705352,0.4828045495852676,0.7242068243779014
0.48737017882857936,0.09747403576571587,0.5361071967114373,0.682318250360011
0.48970210687439175,0.09794042137487835,0.5876425282492701,0.6366127389367092
0.48970210687439175,0.09794042137487835,0.6366127389367092,0.5876425282492701
0.48737017882857936,0.09747403576571587,0.682318250360011,0.5361071967114373
0.4828045495852676,0.09656090991705352,0.7242068243779014,0.4828045495852676
0.47619047619047616,0.09523809523809523,0.7619047619047619,0.42857142857142855
0.467780269724988,0.0935560539449976,0.7952264585324795,0.3742242157799904
0.4578685464956301,0.09157370929912602,0.8241633836921342,0.3205079825469411
0.4467670516087703,0.08935341032175405,0.8488573980566634,0.26806023096526216
0.43478260869565216,0.08695652173913043,0.8695652173913043,0.21739130434782608
0.4222003309207491,0.08444006618414981,0.886620694933573,0.16888013236829963
0.409272754535029,0.0818545509070058,0.9004000599770638,0.1227818263605087
0.3962144258751637,0.07924288517503274,0.9112931795128765,0.07924288517503274
0.3832008326196737,0.07664016652393474,0.9196819982872168,0.03832008326196737
0.3703703703703704,0.07407407407407408,0.9259259259259259,0.0
0.382080359950435,0.11462410798513051,0.0,0.9169928638810441
0.39559388606461776,0.11867816581938534,0.03955938860646178,0.9098659379486208
0.409272754535029,0.1227818263605087,0.0818545509070058,0.9004000599770638
0.4229549344378136,0.1268864803313441,0.1268864803313441,0.8882053623194085
0.4364357804719847,0.13093073414159542,0.1745743121887939,0.8728715609439694
0.44946657497549475,0.13483997249264842,0.22473328748774737,0.8539864924534399
0.46175709653961017,0.13852712896188304,0.2770542579237661,0.8311627737712983
0.47298376984040214,0.14189513095212064,0.3310886388882815,0.8040724087286836
0.4828045495852676,0.14484136487558028,0.38624363966821407,0.7724872793364281
0.490880693673816,0.1472642081021448,0.4417926243064344,0.736321040510724
0.49690399499995325,0.14907119849998599,0.49690399499995325,0.6956655929999346
0.5006261743217588,0.15018785229652765,0.5506887917539347,0.6508140266182865
0.5018856132284957,0.1505656839685487,0.6022627358741948,0.6022627358741948
0.5006261743217588,0.15018785229652765,0.6508140266182865,0.5506887917539347
0.49690399499995325,0.14907119849998599,0.6956655929999346,0.49690399499995325
0.490880693673816,0.1472642081021448,0.736321040510724,0.4417926243064344
0.4828045495852676,0.14484136487558028,0.7724872793364281,0.38624363966821407
0.47298376984040214,0.14189513095212064,0.8040724087286836,0.3310886388882815
0.46175709653961017,0.13852712896188304,0.8311627737712983,0.2770542579237661
0.4494665749754948,0.13483997249264845,0.85398649245344,0.2247332874877474
0.4364357804719847,0.13093073414159542,0.8728715609439694,0.1745743121887939
0.4229549344378136,0.1268864803313441,0.8882053623194085,0.1268864803313441
0.409272754535029,0.1227818263605087,0.9004000599770638,0.0818545509070058
0.3955938860646179,0.11867816581938535,0.9098659379486209,0.039559388606461784
0.382080359950435,0.11462410798513051,0.9169928638810441,0.0
0.3937496154790789,0.15749984619163157,0.0,0.9056241156018814
0.4079085082240021,0.16316340328960083,0.04079085082240021,0.8973987180928046
0.4222003309207491,0.16888013236829963,0.08444006618414981,0.886620694933573
0.4364357804719847,0.1745743121887939,0.13093073414159542,0.8728715609439694
0.45037734911104504,0.180150939644418,0.180150939644418,0.8557169633109855
0.46373889576016825,0.1854955583040673,0.23186944788008412,0.8347300123683028
0.47619047619047616,0.19047619047619047,0.2857142857142857,0.8095238095238094
0.48737017882857936,0.19494807153143173,0.3411591251800055,0.7797922861257269
0.49690399499995325,0.1987615979999813,0.3975231959999626,0.7453559924999299
0.5044332723053183,0.20177330892212733,0.45398994507478646,0.7062065812274456
0.5096471914376255,0.20385887657505022,0.5096471914376255,0.6625413488689132
0.5123155195785599,0.20492620783142398,0.5635470715364159,0.6147786234942719
0.5123155195785599,0.20492620783142398,0.6147786234942719,0.5635470715364159
0.5096471914376255,0.20385887657505022,0.6625413488689132,0.5096471914376255
0.5044332723053183,0.20177330892212733,0.7062065812274456,0.45398994507478646
0.49690399499995325,0.1987615979999813,0.7453559924999299,0.3975231959999626
0.48737017882857936,0.19494807153143173,0.7797922861257269,0.3411591251800055
0.47619047619047616,0.19047619047619047,0.8095238095238094,0.2857142857142857
0.46373889576016825,0.1854955583040673,0.8347300123683028,0.23186944788008412
0.45037734911104504,0.180150939644418,0.8557169633109855,0.180150939644418
0.4364357804719847,0.1745743121887939,0.8728715609439694,0.13093073414159542
0.4222003309207491,0.16888013236829963,0.886620694933573,0.08444006618414981
0.4079085082240021,0.16316340328960083,0.8973987180928046,0.04079085082240021
0.3937496154790789,0.15749984619163157,0.9056241156018814,0.0
0.4052204492365539,0.20261022461827696,0.0,0.8914849883204187
0.41996052556580804,0.20998026278290402,0.0419960525565808,0.8819171036881968
0.4347826086956522,0.2173913043478261,0.08695652173913045,0.8695652173913044
0.44946657497549475,0.22473328748774737,0.13483997249264842,0.8539864924534399
0.46373889576016825,0.23186944788008412,0.1854955583040673,0.8347300123683028
0.4772739599033477,0.23863697995167385,0.23863697995167385,0.811365731835691
0.48970210687439175,0.24485105343719588,0.29382126412463505,0.7835233709990268
0.5006261743217588,0.2503130871608794,0.3504383220252312,0.7509392614826383
0.5096471914376255,0.25482359571881275,0.40771775315010045,0.7135060680126758
0.5163977794943222,0.2581988897471611,0.46475800154489,0.6713171133426189
0.5205792062953535,0.26028960314767674,0.5205792062953535,0.6246950475544242
0.5219957509718806,0.2609978754859403,0.5741953260690686,0.5741953260690686
0.5205792062953535,0.26028960314767674,0.6246950475544242,0.5205792062953535
0.5163977794943222,0.2581988897471611,0.6713171133426189,0.46475800154489
0.5096471914376255,0.25482359571881275,0.7135060680126758,0.40771775315010045
0.5006261743217588,0.2503130871608794,0.7509392614826383,0.3504383220252312
0.48970210687439175,0.24485105343719588,0.7835233709990268,0.29382126412463505
0.4772739599033477,0.23863697995167385,0.811365731835691,0.23863697995167385
0.46373889576016836,0.23186944788008418,0.834730012368303,0.18549555830406733
0.4494665749754948,0.2247332874877474,0.85398649245344,0.13483997249264845
0.43478260869565216,0.21739130434782608,0.8695652173913043,0.08695652173913043
0.41996052556580804,0.20998026278290402,0.8819171036881968,0.0419960525565808
0.4052204492365539,0.20261022461827696,0.8914849883204187,0.0
0.41630544712181333,0.249783268273088,0.0,0.8742414389558079
0.4315318520021031,0.2589191112012619,0.04315318520021031,0.8630637040042062
0.44676705160877034,0.2680602309652622,0.08935341032175408,0.8488573980566636
0.46175709653961017,0.2770542579237661,0.13852712896188304,0.8311627737712983
0.47619047619047616,0.2857142857142857,0.19047619047619047,0.8095238095238094
0.48970210687439175,0.29382126412463505,0.24485105343719588,0.7835233709990268
0.5018856132284957,0.3011313679370974,0.3011313679370974,0.7528284198427434
0.5123155195785599,0.30738931174713596,0.35862086370499197,0.7172417274099839
0.5205792062953535,0.3123475237772121,0.41646336503628284,0.6767529681839596
0.5263157894736843,0.31578947368421056,0.4736842105263158,0.6315789473684211
0.5292561240249631,0.3175536744149779,0.5292561240249631,0.5821817364274595
0.5292561240249631,0.3175536744149779,0.5821817364274595,0.5292561240249631
0.5263157894736843,0.31578947368421056,0.6315789473684211,0.4736842105263158
0.5205792062953535,0.3123475237772121,0.6767529681839596,0.41646336503628284
0.5123155195785599,0.30738931174713596,0.7172417274099839,0.35862086370499197
0.5018856132284957,0.3011313679370974,0.7528284198427434,0.3011313679370974
0.48970210687439175,0.29382126412463505,0.7835233709990268,0.24485105343719588
0.47619047619047616,0.2857142857142857,0.8095238095238094,0.19047619047619047
0.46175709653961017,0.2770542579237661,0.8311627737712983,0.13852712896188304
0.4467670516087703,0.26806023096526216,0.8488573980566634,0.08935341032175405
0.4315318520021031,0.2589191112012619,0.8630637040042062,0.04315318520021031
0.41630544712181333,0.249783268273088,0.8742414389558079,0.0
0.4267895997763199,0.29875271984342394,0.0,0.8535791995526398
0.44237395520380884,0.3096617686426662,0.04423739552038088,0.8405105148872367
0.4578685464956301,0.3205079825469411,0.09157370929912602,0.8241633836921342
0.47298376984040214,0.3310886388882815,0.14189513095212064,0.8040724087286836
0.48737017882857936,0.3411591251800055,0.19494807153143173,0.7797922861257269
0.5006261743217588,0.3504383220252312,0.2503130871608794,0.7509392614826383
0.5123155195785599,0.35862086370499197,0.30738931174713596,0.7172417274099839
0.5219957509718806,0.3653970256803164,0.3653970256803164,0.6785944762634447
0.5292561240249631,0.3704792868174742,0.42340489921997054,0.6351073488299558
0.5337605126836238,0.37363235887853663,0.48038446141526137,0.5871365639519861
0.5352877275721892,0.3747014093005325,0.5352877275721892,0.5352877275721892
0.5337605126836238,0.37363235887853663,0.5871365639519861,0.48038446141526137
0.5292561240249631,0.3704792868174742,0.6351073488299558,0.42340489921997054
0.5219957509718806,0.3653970256803164,0.6785944762634447,0.3653970256803164
0.5123155195785599,0.35862086370499197,0.7172417274099839,0.30738931174713596
0.5006261743217588,0.3504383220252312,0.7509392614826383,0.2503130871608794
0.4873701788285794,0.34115912518000563,0.779792286125727,0.19494807153143176
0.47298376984040214,0.3310886388882815,0.8040724087286836,0.14189513095212064
0.4578685464956301,0.3205079825469411,0.8241633836921342,0.09157370929912602
0.44237395520380884,0.3096617686426662,0.8405105148872367,0.04423739552038088
0.4267895997763199,0.29875271984342394,0.8535791995526398,0.0
0.43643578047198484,0.34914862437758787,0.0,0.8292279828967711
0.45221563164613454,0.36177250531690763,0.045221563164613454,0.8139881369630422
0.467780269724988,0.3742242157799904,0.0935560539449976,0.7952264585324795
0.4828045495852676,0.38624363966821407,0.14484136487558028,0.7724872793364281
0.49690399499995325,0.3975231959999626,0.1987615979999813,0.7453559924999299
0.5096471914376255,0.40771775315010045,0.25482359571881275,0.7135060680126758
0.5205792062953535,0.41646336503628284,0.3123475237772121,0.6767529681839596
0.5292561240249631,0.42340489921997054,0.3704792868174742,0.6351073488299558
0.5352877275721892,0.4282301820577514,0.4282301820577514,0.5888165003294081
0.5383819020581655,0.4307055216465324,0.48454371185234896,0.5383819020581655
0.5383819020581655,0.4307055216465324,0.5383819020581655,0.48454371185234896
0.5352877275721892,0.4282301820577514,0.5888165003294081,0.4282301820577514
0.5292561240249631,0.42340489921997054,0.6351073488299558,0.3704792868174742
0.5205792062953535,0.41646336503628284,0.6767529681839596,0.3123475237772121
0.5096471914376255,0.40771775315010045,0.7135060680126758,0.25482359571881275
0.49690399499995325,0.3975231959999626,0.7453559924999299,0.1987615979999813
0.4828045495852676,0.38624363966821407,0.7724872793364281,0.14484136487558028
0.467780269724988,0.3742242157799904,0.7952264585324795,0.0935560539449976
0.45221563164613465,0.3617725053169077,0.8139881369630424,0.04522156316461346
0.43643578047198484,0.34914862437758787,0.8292279828967711,0.0
0.44499415948998483,0.40049474354098635,0.0,0.8009894870819727
0.46077567758409144,0.4146981098256823,0.04607756775840914,0.7833186518929555
0.47619047619047616,0.42857142857142855,0.09523809523809523,0.7619047619047619
0.490880693673816,0.4417926243064344,0.1472642081021448,0.736321040510724
0.5044332723053183,0.45398994507478646,0.20177330892212733,0.7062065812274456
0.5163977794943222,0.46475800154489,0.2581988897471611,0.6713171133426189
0.5263157894736843,0.4736842105263158,0.31578947368421056,0.6315789473684211
0.5337605126836238,0.48038446141526137,0.37363235887853663,0.5871365639519861
0.5383819020581655,0.48454371185234896,0.4307055216465324,0.5383819020581655
0.539949247156039,0.48595432244043507,0.48595432244043507,0.48595432244043507
0.5383819020581655,0.48454371185234896,0.5383819020581655,0.4307055216465324
0.5337605126836238,0.48038446141526137,0.5871365639519861,0.37363235887853663
0.5263157894736843,0.4736842105263158,0.6315789473684211,0.31578947368421056
0.5163977794943222,0.46475800154489,0.6713171133426189,0.2581988897471611
0.5044332723053183,0.45398994507478646,0.7062065812274456,0.20177330892212733
0.490880693673816,0.4417926243064344,0.736321040510724,0.1472642081021448
0.47619047619047616,0.42857142857142855,0.7619047619047619,0.09523809523809523
0.46077567758409144,0.4146981098256823,0.7833186518929555,0.04607756775840914
0.44499415948998483,0.40049474354098635,0.8009894870819727,0.0
0.45221563164613454,0.45221563164613454,0.0,0.7687665737984287
0.467780269724988,0.467780269724988,0.0467780269724988,0.7484484315599808
0.4828045495852676,0.4828045495852676,0.09656090991705352,0.7242068243779014
0.49690399499995325,0.49690399499995325,0.14907119849998599,0.6956655929999346
0.5096471914376255,0.5096471914376255,0.20385887657505022,0.6625413488689132
0.5205792062953535,0.5205792062953535,0.26028960314767674,0.6246950475544242
0.5292561240249631,0.5292561240249631,0.3175536744149779,0.5821817364274595
0.5352877275721892,0.5352877275721892,0.3747014093005325,0.5352877275721892
0.5383819020581655,0.5383819020581655,0.4307055216465324,0.48454371185234896
0.5383819020581655,0.5383819020581655,0.48454371185234896,0.4307055216465324
0.5352877275721892,0.5352877275721892,0.5352877275721892,0.3747014093005325
0.529256124024963,0.529256124024963,0.5821817364274594,0.31755367441497784
0.5205792062953535,0.5205792062953535,0.6246950475544242,0.26028960314767674
0.5096471914376255,0.5096471914376255,0.6625413488689132,0.20385887657505022
0.49690399499995325,0.49690399499995325,0.6956655929999346,0.14907119849998599
0.4828045495852676,0.4828045495852676,0.7242068243779014,0.09656090991705352
0.467780269724988,0.467780269724988,0.7484484315599808,0.0467780269724988
0.45221563164613454,0.45221563164613454,0.7687665737984287,0.0
0.4578685464956301,0.5036554011451931,0.0,0.7325896743930082
0.47298376984040214,0.5202821468244423,0.047298376984040214,0.7094756547606031
0.48737017882857936,0.5361071967114373,0.09747403576571587,0.682318250360011
0.5006261743217588,0.5506887917539347,0.15018785229652765,0.6508140266182865
0.5123155195785599,0.5635470715364159,0.20492620783142398,0.6147786234942719
0.5219957509718806,0.5741953260690686,0.2609978754859403,0.5741953260690686
0.5292561240249631,0.5821817364274595,0.3175536744149779,0.5292561240249631
0.5337605126836238,0.5871365639519861,0.37363235887853663,0.48038446141526137
0.5352877275721892,0.5888165003294081,0.4282301820577514,0.4282301820577514
0.5337605126836238,0.5871365639519861,0.48038446141526137,0.37363235887853663
0.529256124024963,0.5821817364274594,0.529256124024963,0.31755367441497784
0.5219957509718804,0.5741953260690685,0.5741953260690685,0.2609978754859402
0.5123155195785599,0.5635470715364159,0.6147786234942719,0.20492620783142398
0.5006261743217588,0.5506887917539347,0.6508140266182865,0.15018785229652765
0.48737017882857936,0.5361071967114373,0.682318250360011,0.09747403576571587
0.47298376984040214,0.5202821468244423,0.7094756547606031,0.047298376984040214
0.4578685464956301,0.5036554011451931,0.7325896743930082,0.0
0.46175709653961017,0.5541085158475322,0.0,0.6926356448094152
0.4761904761904762,0.5714285714285715,0.04761904761904762,0.6666666666666667
0.48970210687439175,0.5876425282492701,0.09794042137487835,0.6366127389367092
0.5018856132284957,0.6022627358741948,0.1505656839685487,0.6022627358741948
0.5123155195785599,0.6147786234942719,0.20492620783142398,0.5635470715364159
0.5205792062953535,0.6246950475544242,0.26028960314767674,0.5205792062953535
0.5263157894736843,0.6315789473684211,0.31578947368421056,0.4736842105263158
0.5292561240249631,0.6351073488299558,0.3704792868174742,0.42340489921997054
0.5292561240249631,0.6351073488299558,0.42340489921997054,0.3704792868174742
0.5263157894736843,0.6315789473684211,0.4736842105263158,0.31578947368421056
0.5205792062953535,0.6246950475544242,0.5205792062953535,0.26028960314767674
0.5123155195785599,0.6147786234942719,0.5635470715364159,0.20492620783142398
0.5018856132284957,0.6022627358741948,0.6022627358741948,0.1505656839685487
0.48970210687439175,0.5876425282492701,0.6366127389367092,0.09794042137487835
0.4761904761904762,0.5714285714285715,0.6666666666666667,0.04761904761904762
0.46175709653961017,0.5541085158475322,0.6926356448094152,0.0
0.46373889576016825,0.6028605644882187,0.0,0.6492344540642355
0.4772739599033477,0.620456147874352,0.047727395990334764,0.620456147874352
0.48970210687439175,0.6366127389367092,0.09794042137487835,0.5876425282492701
0.5006261743217588,0.6508140266182865,0.15018785229652765,0.5506887917539347
0.5096471914376255,0.6625413488689132,0.20385887657505022,0.5096471914376255
0.5163977794943222,0.6713171133426189,0.2581988897471611,0.46475800154489
0.5205792062953535,0.6767529681839596,0.3123475237772121,0.41646336503628284
0.5219957509718806,0.6785944762634447,0.3653970256803164,0.3653970256803164
0.5205792062953535,0.6767529681839596,0.41646336503628284,0.3123475237772121
0.5163977794943222,0.6713171133426189,0.46475800154489,0.2581988897471611
0.5096471914376255,0.6625413488689132,0.5096471914376255,0.20385887657505022
0.5006261743217588,0.6508140266182865,0.5506887917539347,0.15018785229652765
0.48970210687439175,0.6366127389367092,0.5876425282492701,0.09794042137487835
0.4772739599033477,0.620456147874352,0.620456147874352,0.047727395990334764
0.46373889576016825,0.6028605644882187,0.6492344540642355,0.0
0.46373889576016825,0.6492344540642355,0.0,0.6028605644882187
0.47619047619047616,0.6666666666666666,0.047619047619047616,0.5714285714285714
0.48737017882857936,0.682318250360011,0.09747403576571587,0.5361071967114373
0.49690399499995325,0.6956655929999346,0.14907119849998599,0.49690399499995325
0.5044332723053183,0.7062065812274456,0.20177330892212733,0.45398994507478646
0.5096471914376255,0.7135060680126758,0.25482359571881275,0.40771775315010045
0.5123155195785599,0.7172417274099839,0.30738931174713596,0.35862086370499197
0.5123155195785599,0.7172417274099839,0.35862086370499197,0.30738931174713596
0.5096471914376255,0.7135060680126758,0.40771775315010045,0.25482359571881275
0.5044332723053183,0.7062065812274456,0.45398994507478646,0.20177330892212733
0.49690399499995325,0.6956655929999346,0.49690399499995325,0.14907119849998599
0.48737017882857936,0.682318250360011,0.5361071967114373,0.09747403576571587
0.4761904761904762,0.6666666666666667,0.5714285714285715,0.04761904761904762
0.46373889576016825,0.6492344540642355,0.6028605644882187,0.0
0.46175709653961017,0.6926356448094152,0.0,0.5541085158475322
0.47298376984040214,0.7094756547606031,0.047298376984040214,0.5202821468244423
0.4828045495852676,0.7242068243779014,0.09656090991705352,0.4828045495852676
0.490880693673816,0.736321040510724,0.1472642081021448,0.4417926243064344
0.49690399499995325,0.7453559924999299,0.1987615979999813,0.3975231959999626
0.5006261743217588,0.7509392614826383,0.2503130871608794,0.3504383220252312
0.5018856132284957,0.7528284198427434,0.3011313679370974,0.3011313679370974
0.5006261743217588,0.7509392614826383,0.3504383220252312,0.2503130871608794
0.49690399499995325,0.7453559924999299,0.3975231959999626,0.1987615979999813
0.490880693673816,0.736321040510724,0.4417926243064344,0.1472642081021448
0.4828045495852676,0.7242068243779014,0.4828045495852676,0.09656090991705352
0.47298376984040214,0.7094756547606031,0.5202821468244423,0.047298376984040214
0.46175709653961017,0.6926356448094152,0.5541085158475322,0.0
0.4578685464956301,0.7325896743930082,0.0,0.5036554011451931
0.467780269724988,0.7484484315599808,0.0467780269724988,0.467780269724988
0.47619047619047616,0.7619047619047619,0.09523809523809523,0.42857142857142855
0.4828045495852676,0.7724872793364281,0.14484136487558028,0.38624363966821407
0.48737017882857936,0.7797922861257269,0.19494807153143173,0.3411591251800055
0.48970210687439175,0.7835233709990268,0.24485105343719588,0.29382126412463505
0.48970210687439175,0.7835233709990268,0.29382126412463505,0.24485105343719588
0.4873701788285794,0.779792286125727,0.34115912518000563,0.19494807153143176
0.4828045495852676,0.7724872793364281,0.38624363966821407,0.14484136487558028
0.47619047619047616,0.7619047619047619,0.42857142857142855,0.09523809523809523
0.467780269724988,0.7484484315599808,0.467780269724988,0.0467780269724988
0.4578685464956301,0.7325896743930082,0.5036554011451931,0.0
0.45221563164613454,0.7687665737984287,0.0,0.45221563164613454
0.46077567758409144,0.7833186518929555,0.04607756775840914,0.4146981098256823
0.467780269724988,0.7952264585324795,0.0935560539449976,0.3742242157799904
0.47298376984040214,0.8040724087286836,0.14189513095212064,0.3310886388882815
0.47619047619047616,0.8095238095238094,0.19047619047619047,0.2857142857142857
0.4772739599033477,0.811365731835691,0.23863697995167385,0.23863697995167385
0.47619047619047616,0.8095238095238094,0.2857142857142857,0.19047619047619047
0.47298376984040214,0.8040724087286836,0.3310886388882815,0.14189513095212064
0.467780269724988,0.7952264585324795,0.3742242157799904,0.0935560539449976
0.46077567758409144,0.7833186518929555,0.4146981098256823,0.04607756775840914
0.45221563164613454,0.7687665737984287,0.45221563164613454,0.0
0.44499415948998483,0.8009894870819727,0.0,0.40049474354098635
0.45221563164613465,0.8139881369630424,0.04522156316461346,0.3617725053169077
0.4578685464956301,0.8241633836921342,0.09157370929912602,0.3205079825469411
0.46175709653961017,0.8311627737712983,0.13852712896188304,0.2770542579237661
0.46373889576016825,0.8347300123683028,0.1854955583040673,0.23186944788008412
0.46373889576016836,0.834730012368303,0.23186944788008418,0.18549555830406733
0.46175709653961017,0.8311627737712983,0.2770542579237661,0.13852712896188304
0.4578685464956301,0.8241633836921342,0.3205079825469411,0.09157370929912602
0.45221563164613465,0.8139881369630424,0.3617725053169077,0.04522156316461346
0.44499415948998483,0.8009894870819727,0.40049474354098635,0.0
0.43643578047198484,0.8292279828967711,0.0,0.34914862437758787
0.44237395520380884,0.8405105148872367,0.04423739552038088,0.3096617686426662
0.4467670516087703,0.8488573980566634,0.08935341032175405,0.26806023096526216
0.4494665749754948,0.85398649245344,0.13483997249264845,0.2247332874877474
0.45037734911104504,0.8557169633109855,0.180150939644418,0.180150939644418
0.4494665749754948,0.85398649245344,0.2247332874877474,0.13483997249264845
0.4467670516087703,0.8488573980566634,0.26806023096526216,0.08935341032175405
0.44237395520380884,0.8405105148872367,0.3096617686426662,0.04423739552038088
0.43643578047198484,0.8292279828967711,0.34914862437758787,0.0
0.4267895997763199,0.8535791995526398,0.0,0.29875271984342394
0.4315318520021031,0.8630637040042062,0.04315318520021031,0.2589191112012619
0.43478260869565216,0.8695652173913043,0.08695652173913043,0.21739130434782608
0.4364357804719847,0.8728715609439694,0.13093073414159542,0.1745743121887939
0.4364357804719847,0.8728715609439694,0.1745743121887939,0.13093073414159542
0.43478260869565216,0.8695652173913043,0.21739130434782608,0.08695652173913043
0.4315318520021031,0.8630637040042062,0.2589191112012619,0.04315318520021031
0.4267895997763199,0.8535791995526398,0.29875271984342394,0.0
0.41630544712181333,0.8742414389558079,0.0,0.249783268273088
0.41996052556580804,0.8819171036881968,0.0419960525565808,0.20998026278290402
0.4222003309207491,0.886620694933573,0.08444006618414981,0.16888013236829963
0.4229549344378136,0.8882053623194085,0.1268864803313441,0.1268864803313441
0.4222003309207491,0.886620694933573,0.16888013236829963,0.08444006618414981
0.41996052556580804,0.8819171036881968,0.20998026278290402,0.0419960525565808
0.41630544712181333,0.8742414389558079,0.249783268273088,0.0
0.4052204492365539,0.8914849883204187,0.0,0.20261022461827696
0.4079085082240021,0.8973987180928046,0.04079085082240021,0.16316340328960083
0.409272754535029,0.9004000599770638,0.0818545509070058,0.1227818263605087
0.409272754535029,0.9004000599770638,0.1227818263605087,0.0818545509070058
0.4079085082240021,0.8973987180928046,0.16316340328960083,0.04079085082240021
0.4052204492365539,0.8914849883204187,0.20261022461827696,0.0
0.3937496154790789,0.9056241156018814,0.0,0.15749984619163157
0.3955938860646179,0.9098659379486209,0.039559388606461784,0.11867816581938535
0.3962144258751637,0.9112931795128765,0.07924288517503274,0.07924288517503274
0.3955938860646179,0.9098659379486209,0.11867816581938535,0.039559388606461784
0.3937496154790789,0.9056241156018814,0.15749984619163157,0.0
0.382080359950435,0.9169928638810441,0.0,0.11462410798513051
0.3832008326196737,0.9196819982872168,0.03832008326196737,0.07664016652393474
0.3832008326196737,0.9196819982872168,0.07664016652393474,0.03832008326196737
0.382080359950435,0.9169928638810441,0.11462410798513051,0.0
0.3703703703703704,0.9259259259259259,0.0,0.07407407407407408
0.3708794707761421,0.9271986769403552,0.03708794707761421,0.03708794707761421
0.3703703703703704,0.9259259259259259,0.07407407407407408,0.0
0.35874800166708765,0.9327448043344279,0.0,0.03587480016670876
0.35874800166708765,0.9327448043344279,0.03587480016670876,0.0
0.347314355823594,0.9377487607237036,0.0,0.0
0.38963999083669804,0.0,0.0,0.9209672510685589
0.40246895329553134,0.0,0.03658808666323012,0.914702166580753
0.4154642660302739,0.0,0.0755389574600498,0.9064674895205976
0.42849916292239093,0.0,0.11686340806974298,0.8959527952013627
0.4414147946478204,0.0,0.1605144707810256,0.8828295892956408
0.4540185888771479,0.0,0.20637208585324904,0.8667627605836459
0.46608495846773934,0.0,0.2542281591642215,0.8474271972140716
0.47735934026302096,0.0,0.3037741256219224,0.8245297695452178
0.4875664278957299,0.0,0.354593765742349,0.7978359729202853
0.49642305064717657,0.0,0.40616431416587173,0.7671992600910911
0.5036554011451931,0.0,0.4578685464956301,0.7325896743930082
0.5090192947210223,0.0,0.5090192947210223,0.6941172200741212
0.5123210761158846,0.0,0.5588957193991468,0.6520450059656713
0.5134360308102703,0.0,0.6067880364121376,0.6067880364121376
0.5123210761158846,0.0,0.6520450059656713,0.5588957193991468
0.5090192947210223,0.0,0.6941172200741212,0.5090192947210223
0.5036554011451931,0.0,0.7325896743930082,0.4578685464956301
0.49642305064717657,0.0,0.7671992600910911,0.40616431416587173
0.4875664278957299,0.0,0.7978359729202853,0.354593765742349
0.47735934026302085,0.0,0.8245297695452177,0.30377412562192235
0.46608495846773934,0.0,0.8474271972140716,0.2542281591642215
0.4540185888771478,0.0,0.8667627605836458,0.206372085853249
0.4414147946478204,0.0,0.8828295892956408,0.1605144707810256
0.42849916292239093,0.0,0.8959527952013627,0.11686340806974298
0.4154642660302739,0.0,0.9064674895205976,0.0755389574600498
0.40246895329553134,0.0,0.914702166580753,0.03658808666323012
0.38963999083669804,0.0,0.9209672510685589,0.0
0.40246895329553134,0.03658808666323012,0.0,0.914702166580753
0.41605821095972856,0.03782347372361169,0.03782347372361169,0.9077633693666805
0.42980556584051,0.03907323325822818,0.07814646651645636,0.8986843649392481
0.4435628112000315,0.04032389192727559,0.12097167578182677,0.887125622400063
0.45714439920786054,0.04155858174616914,0.16623432698467655,0.8727302166695519
0.470326037289914,0.04275691248090128,0.21378456240450638,0.8551382496180255
0.4828464094367619,0.04389512813061472,0.2633707687836883,0.8340074344816795
0.4944132324730442,0.044946657497549475,0.3146266024828463,0.8090398349558905
0.5047146145152358,0.04588314677411235,0.3670651741928988,0.7800134951599099
0.5134360308102702,0.046676002800933654,0.4200840252084029,0.7468160448149385
0.5202821468244423,0.047298376984040214,0.47298376984040214,0.7094756547606031
0.5250013558936825,0.047727395990334764,0.5250013558936825,0.6681835438646867
0.5274096316339225,0.04794633014853841,0.575355961782461,0.6233022919309994
0.5274096316339225,0.04794633014853841,0.6233022919309994,0.575355961782461
0.5250013558936825,0.047727395990334764,0.6681835438646867,0.5250013558936825
0.5202821468244423,0.047298376984040214,0.7094756547606031,0.47298376984040214
0.5134360308102703,0.04667600280093367,0.7468160448149387,0.420084025208403
0.5047146145152359,0.04588314677411236,0.7800134951599101,0.36706517419289886
0.4944132324730442,0.044946657497549475,0.8090398349558905,0.3146266024828463
0.4828464094367619,0.04389512813061472,0.8340074344816795,0.2633707687836883
0.470326037289914,0.04275691248090128,0.8551382496180255,0.21378456240450638
0.45714439920786054,0.04155858174616914,0.8727302166695519,0.16623432698467655
0.4435628112000315,0.04032389192727559,0.887125622400063,0.12097167578182677
0.42980556584051,0.03907323325822818,0.8986843649392481,0.07814646651645636
0.41605821095972856,0.03782347372361169,0.9077633693666805,0.03782347372361169
0.40246895329553134,0.03658808666323012,0.914702166580753,0.0
0.4154642660302739,0.0755389574600498,0.0,0.9064674895205976
0.42980556584051,0.07814646651645636,0.03907323325822818,0.8986843649392481
0.44428581544711065,0.08077923917220194,0.08077923917220194,0.8885716308942213
0.4587317109255645,0.0834057656228299,0.12510864843424485,0.875760539039714
0.47292693843158257,0.08598671607846956,0.1719734321569391,0.8598671607846955
0.48661135072418976,0.08847479104076177,0.22118697760190442,0.8405105148872367
0.49948427010514973,0.09081532183729996,0.27244596551189987,0.8173378965356995
0.5112133535741904,0.09294788246803462,0.32531758863812116,0.7900570009782942
0.521450009453975,0.09480909262799544,0.3792363705119818,0.7584727410239636
0.5298513559449969,0.09633661017181762,0.4335147457731793,0.7225245762886321
0.5361071967114373,0.09747403576571587,0.48737017882857936,0.682318250360011
0.5399687630411976,0.0981761387347632,0.5399687630411976,0.6381449017759608
0.5412746144356352,0.09841356626102457,0.5904813975661475,0.5904813975661475
0.5399687630411976,0.0981761387347632,0.6381449017759608,0.5399687630411976
0.5361071967114373,0.09747403576571587,0.682318250360011,0.48737017882857936
0.5298513559449969,0.09633661017181762,0.7225245762886321,0.4335147457731793
0.5214500094539749,0.09480909262799543,0.7584727410239634,0.3792363705119817
0.5112133535741905,0.09294788246803463,0.7900570009782943,0.3253175886381212
0.49948427010514973,0.09081532183729996,0.8173378965356995,0.27244596551189987
0.48661135072418976,0.08847479104076177,0.8405105148872367,0.22118697760190442
0.47292693843158257,0.08598671607846956,0.8598671607846955,0.1719734321569391
0.4587317109255645,0.0834057656228299,0.875760539039714,0.12510864843424485
0.44428581544711065,0.08077923917220194,0.8885716308942213,0.08077923917220194
0.42980556584051,0.07814646651645636,0.8986843649392481,0.03907323325822818
0.4154642660302739,0.0755389574600498,0.9064674895205976,0.0
0.42849916292239093,0.11686340806974298,0.0,0.8959527952013627
0.4435628112000315,0.12097167578182677,0.04032389192727559,0.887125622400063
0.4587317109255645,0.12510864843424485,0.0834057656228299,0.875760539039714
0.4738035414793429,0.12921914767618442,0.12921914767618442,0.8614609845078961
0.4885271508527603,0.13323467750529827,0.17764623667373103,0.8438196242002223
0.5026028286234492,0.13707349871548616,0.22845583119247692,0.8224409922929169
0.515687954032345,0.14064216928154863,0.28128433856309726,0.7969722925954422
0.5274096316339225,0.14383899044561524,0.33562431103976886,0.7671412823766146
0.5373851656206347,0.14655959062380947,0.39082557499682524,0.7327979531190473
0.5452497568062707,0.1487044791289829,0.44611343738694875,0.6939542359352536
0.5506887917539347,0.15018785229652765,0.5006261743217588,0.6508140266182865
0.5534700659692903,0.15094638162798826,0.5534700659692903,0.603785526511953
0.5534700659692903,0.15094638162798826,0.603785526511953,0.5534700659692903
0.5506887917539347,0.15018785229652765,0.6508140266182865,0.5006261743217588
0.5452497568062707,0.1487044791289829,0.6939542359352536,0.44611343738694875
0.5373851656206345,0.14655959062380944,0.7327979531190472,0.39082557499682513
0.5274096316339225,0.14383899044561524,0.7671412823766146,0.33562431103976886
0.515687954032345,0.14064216928154863,0.7969722925954422,0.28128433856309726
0.5026028286234492,0.13707349871548616,0.8224409922929169,0.22845583119247692
0.4885271508527603,0.13323467750529827,0.8438196242002223,0.17764623667373103
0.4738035414793429,0.12921914767618442,0.8614609845078961,0.12921914767618442
0.4587317109255645,0.12510864843424485,0.875760539039714,0.0834057656228299
0.4435628112000315,0.12097167578182677,0.887125622400063,0.04032389192727559
0.42849916292239093,0.11686340806974298,0.8959527952013627,0.0
0.4414147946478204,0.1605144707810256,0.0,0.8828295892956408
0.45714439920786054,0.16623432698467655,0.04155858174616914,0.8727302166695519
0.47292693843158257,0.1719734321569391,0.08598671607846956,0.8598671607846955
0.4885271508527603,0.17764623667373103,0.13323467750529827,0.8438196242002223
0.5036554011451931,0.18314741859825204,0.18314741859825204,0.8241633836921342
0.5179697702828122,0.18835264373920443,0.23544080467400555,0.8004987358916189
0.5310850045437944,0.19312181983410703,0.28968272975116055,0.7724872793364281
0.5425899860336891,0.19730544946679607,0.3452845365668931,0.7398954355004852
0.5520741745513452,0.20075424529139826,0.40150849058279653,0.7026398585198939
0.5591614245528838,0.20333142711013955,0.45749571099781394,0.6608271381079535
0.5635470715364159,0.20492620783142398,0.5123155195785599,0.6147786234942719
0.5650320466312655,0.20546619877500566,0.5650320466312655,0.5650320466312655
0.5635470715364159,0.20492620783142398,0.6147786234942719,0.5123155195785599
0.5591614245528838,0.20333142711013955,0.6608271381079535,0.45749571099781394
0.5520741745513452,0.20075424529139826,0.7026398585198939,0.40150849058279653
0.5425899860336891,0.19730544946679607,0.7398954355004852,0.3452845365668931
0.5310850045437944,0.19312181983410703,0.7724872793364281,0.28968272975116055
0.5179697702828122,0.18835264373920443,0.8004987358916189,0.23544080467400555
0.5036554011451931,0.18314741859825204,0.8241633836921342,0.18314741859825204
0.4885271508527603,0.17764623667373103,0.8438196242002223,0.13323467750529827
0.47292693843158257,0.1719734321569391,0.8598671607846955,0.08598671607846956
0.45714439920786054,0.16623432698467655,0.8727302166695519,0.04155858174616914
0.4414147946478204,0.1605144707810256,0.8828295892956408,0.0
0.4540185888771479,0.20637208585324904,0.0,0.8667627605836459
0.470326037289914,0.21378456240450638,0.04275691248090128,0.8551382496180255
0.48661135072418976,0.22118697760190442,0.08847479104076177,0.8405105148872367
0.5026028286234492,0.22845583119247692,0.13707349871548616,0.8224409922929169
0.5179697702828122,0.23544080467400555,0.18835264373920443,0.8004987358916189
0.5323273103454099,0.24196695924791362,0.24196695924791362,0.7742942695933235
0.5452497568062706,0.24784079854830482,0.29740895825796576,0.7435223956449145
0.556293911166591,0.25286086871208685,0.35400521619692155,0.7080104323938431
0.5650320466312655,0.25683274846875703,0.4109323975500113,0.6677651460187684
0.5710915448162815,0.2595870658255825,0.4672567184860485,0.623008957981398
0.5741953260690686,0.2609978754859403,0.5219957509718806,0.5741953260690686
0.5741953260690686,0.2609978754859403,0.5741953260690686,0.5219957509718806
0.5710915448162815,0.2595870658255825,0.623008957981398,0.4672567184860485
0.5650320466312655,0.25683274846875703,0.6677651460187684,0.4109323975500113
0.556293911166591,0.25286086871208685,0.7080104323938431,0.35400521619692155
0.5452497568062706,0.24784079854830482,0.7435223956449145,0.29740895825796576
0.53232731034541,0.24196695924791364,0.7742942695933237,0.24196695924791364
0.5179697702828122,0.23544080467400555,0.8004987358916189,0.18835264373920443
0.5026028286234492,0.22845583119247692,0.8224409922929169,0.13707349871548616
0.48661135072418976,0.22118697760190442,0.8405105148872367,0.08847479104076177
0.4703260372899141,0.2137845624045064,0.8551382496180256,0.042756912480901285
0.4540185888771479,0.20637208585324904,0.8667627605836459,0.0
0.46608495846773934,0.2542281591642215,0.0,0.8474271972140716
0.4828464094367619,0.2633707687836883,0.04389512813061472,0.8340074344816795
0.49948427010514973,0.27244596551189987,0.09081532183729996,0.8173378965356995
0.515687954032345,0.28128433856309726,0.14064216928154863,0.7969722925954422
0.5310850045437944,0.28968272975116055,0.19312181983410703,0.7724872793364281
0.5452497568062706,0.29740895825796576,0.24784079854830482,0.7435223956449145
0.5577221392197332,0.30421207593803634,0.30421207593803634,0.7098281771887515
0.5680375574437545,0.30983866769659335,0.36147844564602555,0.6713171133426189
0.575766314849235,0.3140543535541282,0.41873913807217095,0.6281087071082564
0.5805577953661856,0.31666788838155574,0.47500183257233364,0.5805577953661856
0.5821817364274595,0.3175536744149779,0.5292561240249631,0.5292561240249631
0.5805577953661856,0.31666788838155574,0.5805577953661856,0.47500183257233364
0.575766314849235,0.3140543535541282,0.6281087071082564,0.41873913807217095
0.5680375574437545,0.30983866769659335,0.6713171133426189,0.36147844564602555
0.5577221392197332,0.30421207593803634,0.7098281771887515,0.30421207593803634
0.5452497568062706,0.29740895825796576,0.7435223956449145,0.24784079854830482
0.5310850045437944,0.28968272975116055,0.7724872793364281,0.19312181983410703
0.515687954032345,0.28128433856309726,0.7969722925954422,0.14064216928154863
0.49948427010514973,0.27244596551189987,0.8173378965356995,0.09081532183729996
0.4828464094367619,0.2633707687836883,0.8340074344816795,0.04389512813061472
0.46608495846773934,0.2542281591642215,0.8474271972140716,0.0
0.47735934026302096,0.3037741256219224,0.0,0.8245297695452178
0.4944132324730442,0.3146266024828463,0.044946657497549475,0.8090398349558905
0.5112133535741904,0.32531758863812116,0.09294788246803462,0.7900570009782942
0.5274096316339225,0.33562431103976886,0.14383899044561524,0.7671412823766146
0.5425899860336891,0.3452845365668931,0.19730544946679607,0.7398954355004852
0.556293911166591,0.35400521619692155,0.25286086871208685,0.7080104323938431
0.5680375574437545,0.36147844564602555,0.30983866769659335,0.6713171133426189
0.5773502691896257,0.36740471675703457,0.36740471675703457,0.6298366572977736
0.5838193816777028,0.3715214247039927,0.4245959139474202,0.5838193816777028
0.5871365639519861,0.37363235887853663,0.48038446141526137,0.5337605126836238
0.5871365639519861,0.37363235887853663,0.5337605126836238,0.48038446141526137
0.5838193816777028,0.3715214247039927,0.5838193816777028,0.4245959139474202
0.5773502691896257,0.36740471675703457,0.6298366572977736,0.36740471675703457
0.5680375574437545,0.36147844564602555,0.6713171133426189,0.30983866769659335
0.556293911166591,0.35400521619692155,0.7080104323938431,0.25286086871208685
0.5425899860336891,0.3452845365668931,0.7398954355004852,0.19730544946679607
0.5274096316339225,0.33562431103976886,0.7671412823766146,0.14383899044561524
0.5112133535741904,0.32531758863812116,0.7900570009782942,0.09294788246803462
0.4944132324730442,0.3146266024828463,0.8090398349558905,0.044946657497549475
0.47735934026302096,0.3037741256219224,0.8245297695452178,0.0
0.4875664278957299,0.354593765742349,0.0,0.7978359729202853
0.5047146145152359,0.36706517419289886,0.04588314677411236,0.7800134951599101
0.521450009453975,0.3792363705119818,0.09480909262799544,0.7584727410239636
0.5373851656206347,0.39082557499682524,0.14655959062380947,0.7327979531190473
0.5520741745513452,0.40150849058279653,0.20075424529139826,0.7026398585198939
0.5650320466312655,0.4109323975500113,0.25683274846875703,0.6677651460187684
0.575766314849235,0.41873913807217095,0.3140543535541282,0.6281087071082564
0.5838193816777028,0.4245959139474202,0.3715214247039927,0.5838193816777028
0.5888165003294081,0.4282301820577514,0.4282301820577514,0.5352877275721892
0.5905109398045209,0.4294625016760152,0.4831453143855171,0.4831453143855171
0.5888165003294081,0.4282301820577514,0.5352877275721892,0.4282301820577514
0.5838193816777028,0.4245959139474202,0.5838193816777028,0.3715214247039927
0.575766314849235,0.41873913807217095,0.6281087071082564,0.3140543535541282
0.5650320466312655,0.4109323975500113,0.6677651460187684,0.25683274846875703
0.5520741745513452,0.40150849058279653,0.7026398585198939,0.20075424529139826
0.5373851656206347,0.39082557499682524,0.7327979531190473,0.14655959062380947
0.521450009453975,0.3792363705119818,0.7584727410239636,0.09480909262799544
0.5047146145152359,0.36706517419289886,0.7800134951599101,0.04588314677411236
0.4875664278957299,0.354593765742349,0.7978359729202853,0.0
0.49642305064717657,0.40616431416587173,0.0,0.7671992600910911
0.5134360308102702,0.4200840252084029,0.046676002800933654,0.7468160448149385
0.5298513559449969,0.4335147457731793,0.09633661017181762,0.7225245762886321
0.5452497568062707,0.44611343738694875,0.1487044791289829,0.6939542359352536
0.5591614245528838,0.45749571099781394,0.20333142711013955,0.6608271381079535
0.5710915448162815,0.4672567184860485,0.2595870658255825,0.623008957981398
0.5805577953661856,0.47500183257233364,0.31666788838155574,0.5805577953661856
0.5871365639519861,0.48038446141526137,0.37363235887853663,0.5337605126836238
0.5905109398045207,0.483145314385517,0.42946250167601513,0.483145314385517
0.5905109398045207,0.483145314385517,0.483145314385517,0.42946250167601513
0.5871365639519861,0.48038446141526137,0.5337605126836238,0.37363235887853663
0.5805577953661855,0.4750018325723335,0.5805577953661855,0.3166678883815557
0.5710915448162817,0.4672567184860486,0.6230089579813981,0.25958706582558255
0.5591614245528838,0.45749571099781394,0.6608271381079535,0.20333142711013955
0.5452497568062707,0.44611343738694875,0.6939542359352536,0.1487044791289829
0.5298513559449969,0.4335147457731793,0.7225245762886321,0.09633661017181762
0.5134360308102703,0.420084025208403,0.7468160448149387,0.04667600280093367
0.49642305064717657,0.40616431416587173,0.7671992600910911,0.0
0.5036554011451931,0.4578685464956301,0.0,0.7325896743930082
0.5202821468244423,0.47298376984040214,0.047298376984040214,0.7094756547606031
0.5361071967114373,0.48737017882857936,0.09747403576571587,0.682318250360011
0.5506887917539347,0.5006261743217588,0.15018785229652765,0.6508140266182865
0.5635470715364159,0.5123155195785599,0.20492620783142398,0.6147786234942719
0.5741953260690686,0.5219957509718806,0.2609978754859403,0.5741953260690686
0.5821817364274595,0.5292561240249631,0.3175536744149779,0.5292561240249631
0.5871365639519861,0.5337605126836238,0.37363235887853663,0.48038446141526137
0.5888165003294081,0.5352877275721892,0.4282301820577514,0.4282301820577514
0.5871365639519861,0.5337605126836238,0.48038446141526137,0.37363235887853663
0.5821817364274594,0.529256124024963,0.529256124024963,0.31755367441497784
0.5741953260690685,0.5219957509718804,0.5741953260690685,0.2609978754859402
0.5635470715364159,0.5123155195785599,0.6147786234942719,0.20492620783142398
0.5506887917539347,0.5006261743217588,0.6508140266182865,0.15018785229652765
0.5361071967114373,0.48737017882857936,0.682318250360011,0.09747403576571587
0.5202821468244423,0.47298376984040214,0.7094756547606031,0.047298376984040214
0.5036554011451931,0.4578685464956301,0.7325896743930082,0.0
0.5090192947210223,0.5090192947210223,0.0,0.6941172200741212
0.5250013558936825,0.5250013558936825,0.047727395990334764,0.6681835438646867
0.5399687630411976,0.5399687630411976,0.0981761387347632,0.6381449017759608
0.5534700659692903,0.5534700659692903,0.15094638162798826,0.603785526511953
0.5650320466312655,0.5650320466312655,0.20546619877500566,0.5650320466312655
0.5741953260690686,0.5741953260690686,0.2609978754859403,0.5219957509718806
0.5805577953661856,0.5805577953661856,0.31666788838155574,0.47500183257233364
0.5838193816777028,0.5838193816777028,0.3715214247039927,0.4245959139474202
0.5838193816777028,0.5838193816777028,0.4245959139474202,0.3715214247039927
0.5805577953661855,0.5805577953661855,0.4750018325723335,0.3166678883815557
0.5741953260690686,0.5741953260690686,0.5219957509718806,0.2609978754859403
0.5650320466312655,0.5650320466312655,0.5650320466312655,0.20546619877500566
0.5534700659692903,0.5534700659692903,0.603785526511953,0.15094638162798826
0.5399687630411976,0.5399687630411976,0.6381449017759608,0.0981761387347632
0.5250013558936825,0.5250013558936825,0.6681835438646867,0.047727395990334764
0.5090192947210223,0.5090192947210223,0.6941172200741212,0.0
0.5123210761158846,0.5588957193991468,0.0,0.6520450059656713
0.5274096316339225,0.575355961782461,0.04794633014853841,0.6233022919309994
0.5412746144356352,0.5904813975661475,0.09841356626102457,0.5904813975661475
0.5534700659692903,0.603785526511953,0.15094638162798826,0.5534700659692903
0.5635470715364159,0.6147786234942719,0.20492620783142398,0.5123155195785599
0.5710915448162815,0.623008957981398,0.2595870658255825,0.4672567184860485
0.575766314849235,0.6281087071082564,0.3140543535541282,0.41873913807217095
0.5773502691896257,0.6298366572977736,0.36740471675703457,0.36740471675703457
0.575766314849235,0.6281087071082564,0.41873913807217095,0.3140543535541282
0.5710915448162817,0.6230089579813981,0.4672567184860486,0.25958706582558255
0.5635470715364159,0.6147786234942719,0.5123155195785599,0.20492620783142398
0.5534700659692903,0.603785526511953,0.5534700659692903,0.15094638162798826
0.5412746144356352,0.5904813975661475,0.5904813975661475,0.09841356626102457
0.5274096316339225,0.575355961782461,0.6233022919309994,0.04794633014853841
0.5123210761158846,0.5588957193991468,0.6520450059656713,0.0
0.5134360308102703,0.6067880364121376,0.0,0.6067880364121376
0.5274096316339225,0.6233022919309994,0.04794633014853841,0.575355961782461
0.5399687630411976,0.6381449017759608,0.0981761387347632,0.5399687630411976
0.5506887917539347,0.6508140266182865,0.15018785229652765,0.5006261743217588
0.5591614245528838,0.6608271381079535,0.20333142711013955,0.45749571099781394
0.5650320466312655,0.6677651460187684,0.25683274846875703,0.4109323975500113
0.5680375574437545,0.6713171133426189,0.30983866769659335,0.36147844564602555
0.5680375574437545,0.6713171133426189,0.36147844564602555,0.30983866769659335
0.5650320466312655,0.6677651460187684,0.4109323975500113,0.25683274846875703
0.5591614245528838,0.6608271381079535,0.45749571099781394,0.20333142711013955
0.5506887917539347,0.6508140266182865,0.5006261743217588,0.15018785229652765
0.5399687630411976,0.6381449017759608,0.5399687630411976,0.0981761387347632
0.5274096316339225,0.6233022919309994,0.575355961782461,0.04794633014853841
0.5134360308102703,0.6067880364121376,0.6067880364121376,0.0
0.5123210761158846,0.6520450059656713,0.0,0.5588957193991468
0.5250013558936825,0.6681835438646867,0.047727395990334764,0.5250013558936825
0.5361071967114373,0.682318250360011,0.09747403576571587,0.48737017882857936
0.5452497568062707,0.6939542359352536,0.1487044791289829,0.44611343738694875
0.5520741745513452,0.7026398585198939,0.20075424529139826,0.40150849058279653
0.556293911166591,0.7080104323938431,0.25286086871208685,0.35400521619692155
0.5577221392197331,0.7098281771887512,0.3042120759380363,0.3042120759380363
0.556293911166591,0.7080104323938431,0.35400521619692155,0.25286086871208685
0.5520741745513452,0.7026398585198939,0.40150849058279653,0.20075424529139826
0.5452497568062707,0.6939542359352536,0.44611343738694875,0.1487044791289829
0.5361071967114373,0.682318250360011,0.48737017882857936,0.09747403576571587
0.5250013558936825,0.6681835438646867,0.5250013558936825,0.047727395990334764
0.5123210761158846,0.6520450059656713,0.5588957193991468,0.0
0.5090192947210223,0.6941172200741212,0.0,0.5090192947210223
0.5202821468244423,0.7094756547606031,0.047298376984040214,0.47298376984040214
0.5298513559449969,0.7225245762886321,0.09633661017181762,0.4335147457731793
0.5373851656206347,0.7327979531190473,0.14655959062380947,0.39082557499682524
0.5425899860336891,0.7398954355004852,0.19730544946679607,0.3452845365668931
0.5452497568062707,0.7435223956449146,0.24784079854830487,0.2974089582579658
0.5452497568062706,0.7435223956449145,0.29740895825796576,0.24784079854830482
0.5425899860336891,0.7398954355004852,0.3452845365668931,0.19730544946679607
0.5373851656206347,0.7327979531190473,0.39082557499682524,0.14655959062380947
0.5298513559449969,0.7225245762886321,0.4335147457731793,0.09633661017181762
0.5202821468244423,0.7094756547606031,0.47298376984040214,0.047298376984040214
0.5090192947210223,0.6941172200741212,0.5090192947210223,0.0
0.5036554011451931,0.7325896743930082,0.0,0.4578685464956301
0.5134360308102703,0.7468160448149387,0.04667600280093367,0.420084025208403
0.5214500094539749,0.7584727410239634,0.09480909262799543,0.3792363705119817
0.5274096316339225,0.7671412823766146,0.14383899044561524,0.33562431103976886
0.5310850045437944,0.7724872793364281,0.19312181983410703,0.28968272975116055
0.5323273103454099,0.7742942695933235,0.24196695924791362,0.24196695924791362
0.5310850045437944,0.7724872793364281,0.28968272975116055,0.19312181983410703
0.5274096316339225,0.7671412823766146,0.33562431103976886,0.14383899044561524
0.5214500094539749,0.7584727410239634,0.3792363705119817,0.09480909262799543
0.5134360308102703,0.7468160448149387,0.420084025208403,0.04667600280093367
0.5036554011451931,0.7325896743930082,0.4578685464956301,0.0
0.49642305064717657,0.7671992600910911,0.0,0.40616431416587173
0.5047146145152359,0.7800134951599101,0.04588314677411236,0.36706517419289886
0.5112133535741904,0.7900570009782942,0.09294788246803462,0.32531758863812116
0.515687954032345,0.7969722925954422,0.14064216928154863,0.28128433856309726
0.5179697702828122,0.8004987358916189,0.18835264373920443,0.23544080467400555
0.5179697702828122,0.8004987358916189,0.23544080467400555,0.18835264373920443
0.515687954032345,0.7969722925954422,0.28128433856309726,0.14064216928154863
0.5112133535741904,0.7900570009782942,0.32531758863812116,0.09294788246803462
0.5047146145152359,0.7800134951599101,0.36706517419289886,0.04588314677411236
0.49642305064717657,0.7671992600910911,0.40616431416587173,0.0
0.4875664278957299,0.7978359729202853,0.0,0.354593765742349
0.4944132324730442,0.8090398349558905,0.044946657497549475,0.3146266024828463
0.49948427010514973,0.8173378965356995,0.09081532183729996,0.27244596551189987
0.5026028286234492,0.8224409922929169,0.13707349871548616,0.22845583119247692
0.5036554011451931,0.8241633836921342,0.18314741859825204,0.18314741859825204
0.5026028286234492,0.8224409922929169,0.22845583119247692,0.13707349871548616
0.49948427010514973,0.8173378965356995,0.27244596551189987,0.09081532183729996
0.4944132324730442,0.8090398349558905,0.3146266024828463,0.044946657497549475
0.4875664278957299,0.7978359729202853,0.354593765742349,0.0
0.47735934026302085,0.8245297695452177,0.0,0.30377412562192235
0.4828464094367619,0.8340074344816795,0.04389512813061472,0.2633707687836883
0.48661135072418976,0.8405105148872367,0.08847479104076177,0.22118697760190442
0.4885271508527603,0.8438196242002223,0.13323467750529827,0.17764623667373103
0.4885271508527603,0.8438196242002223,0.17764623667373103,0.13323467750529827
0.48661135072418976,0.8405105148872367,0.22118697760190442,0.08847479104076177
0.4828464094367619,0.8340074344816795,0.2633707687836883,0.04389512813061472
0.47735934026302085,0.8245297695452177,0.30377412562192235,0.0
0.46608495846773934,0.8474271972140716,0.0,0.2542281591642215
0.470326037289914,0.8551382496180255,0.04275691248090128,0.21378456240450638
0.47292693843158257,0.8598671607846955,0.08598671607846956,0.1719734321569391
0.4738035414793429,0.8614609845078961,0.12921914767618442,0.12921914767618442
0.47292693843158257,0.8598671607846955,0.1719734321569391,0.08598671607846956
0.470326037289914,0.8551382496180255,0.21378456240450638,0.04275691248090128
0.46608495846773934,0.8474271972140716,0.2542281591642215,0.0
0.4540185888771478,0.8667627605836458,0.0,0.206372085853249
0.45714439920786054,0.8727302166695519,0.04155858174616914,0.16623432698467655
0.4587317109255645,0.875760539039714,0.0834057656228299,0.12510864843424485
0.4587317109255645,0.875760539039714,0.12510864843424485,0.0834057656228299
0.45714439920786054,0.8727302166695519,0.16623432698467655,0.04155858174616914
0.4540185888771478,0.8667627605836458,0.206372085853249,0.0
0.4414147946478204,0.8828295892956408,0.0,0.1605144707810256
0.4435628112000315,0.887125622400063,0.04032389192727559,0.12097167578182677
0.44428581544711065,0.8885716308942213,0.08077923917220194,0.08077923917220194
0.4435628112000315,0.887125622400063,0.12097167578182677,0.04032389192727559
0.4414147946478204,0.8828295892956408,0.1605144707810256,0.0
0.42849916292239093,0.8959527952013627,0.0,0.11686340806974298
0.42980556584051,0.8986843649392481,0.03907323325822818,0.07814646651645636
0.42980556584051,0.8986843649392481,0.07814646651645636,0.03907323325822818
0.42849916292239093,0.8959527952013627,0.11686340806974298,0.0
0.4154642660302739,0.9064674895205976,0.0,0.0755389574600498
0.4160582109597286,0.9077633693666807,0.037823473723611695,0.037823473723611695
0.4154642660302739,0.9064674895205976,0.0755389574600498,0.0
0.40246895329553134,0.914702166580753,0.0,0.03658808666323012
0.40246895329553134,0.914702166580753,0.03658808666323012,0.0
0.38963999083669804,0.9209672510685589,0.0,0.0
0.43273106758477137,0.0,0.0,0.9015230574682737
0.44690335363431516,0.0,0.03724194613619293,0.8938067072686303
0.46119746521445276,0.0,0.0768662442024088,0.8839618083277011
0.4754573110501964,0.0,0.1188643277625491,0.87167173692536
0.48949020986880254,0.0,0.16316340328960083,0.8566078672704043
0.5030661697803822,0.0,0.20961090407515928,0.8384436163006371
0.5159202964708173,0.0,0.25796014823540864,0.8168738027454606
0.527759396560251,0.0,0.30785964799347976,0.7916390948403764
0.5382735648195079,0.0,0.3588490432130053,0.7625542168276362
0.5471529031050638,0.0,0.41036467732879783,0.729537204140085
0.5541085158475322,0.0,0.46175709653961017,0.6926356448094152
0.5588957193991468,0.0,0.5123210761158846,0.6520450059656713
0.5613363236699855,0.0,0.5613363236699855,0.6081143506424844
0.5613363236699855,0.0,0.6081143506424844,0.5613363236699855
0.5588957193991468,0.0,0.6520450059656713,0.5123210761158846
0.5541085158475322,0.0,0.6926356448094152,0.46175709653961017
0.5471529031050639,0.0,0.7295372041400852,0.41036467732879794
0.5382735648195079,0.0,0.7625542168276362,0.3588490432130053
0.527759396560251,0.0,0.7916390948403764,0.30785964799347976
0.5159202964708173,0.0,0.8168738027454606,0.25796014823540864
0.5030661697803822,0.0,0.8384436163006371,0.20961090407515928
0.48949020986880254,0.0,0.8566078672704043,0.16316340328960083
0.4754573110501964,0.0,0.87167173692536,0.1188643277625491
0.46119746521445276,0.0,0.8839618083277011,0.0768662442024088
0.44690335363431516,0.0,0.8938067072686303,0.03724194613619293
0.43273106758477137,0.0,0.9015230574682737,0.0
0.44690335363431516,0.03724194613619293,0.0,0.8938067072686303
0.46188021535170065,0.03849001794597506,0.03849001794597506,0.8852704127574261
0.47695718011029853,0.03974643167585821,0.07949286335171642,0.8744214968688807
0.4919520370144727,0.04099600308453939,0.12298800925361818,0.8609160647753271
0.5066403971048989,0.04222003309207491,0.16888013236829963,0.8444006618414982
0.5207556439232955,0.04339630366027463,0.21698151830137316,0.8245297695452178
0.5339929913879818,0.044499415948998484,0.2669964956939909,0.8009894870819727
0.5460189062319482,0.045501575519329006,0.31851102863530306,0.7735267838285932
0.5564866749122019,0.046373889576016826,0.3709911166081346,0.7419822332162692
0.5650579312176134,0.04708816093480111,0.42379344841321,0.7063224140220167
0.5714285714285714,0.047619047619047616,0.47619047619047616,0.6666666666666666
0.575355961782461,0.04794633014853841,0.5274096316339225,0.6233022919309994
0.5766831975986553,0.04805693313322127,0.5766831975986553,0.5766831975986553
0.575355961782461,0.04794633014853841,0.6233022919309994,0.5274096316339225
0.5714285714285714,0.047619047619047616,0.6666666666666666,0.47619047619047616
0.5650579312176134,0.04708816093480111,0.7063224140220167,0.42379344841321
0.5564866749122019,0.046373889576016826,0.7419822332162692,0.3709911166081346
0.5460189062319482,0.045501575519329006,0.7735267838285932,0.31851102863530306
0.5339929913879817,0.04449941594899848,0.8009894870819726,0.26699649569399087
0.5207556439232954,0.043396303660274624,0.8245297695452177,0.2169815183013731
0.5066403971048989,0.04222003309207491,0.8444006618414982,0.16888013236829963
0.4919520370144727,0.04099600308453939,0.8609160647753271,0.12298800925361818
0.47695718011029853,0.03974643167585821,0.8744214968688807,0.07949286335171642
0.46188021535170065,0.03849001794597506,0.8852704127574261,0.03849001794597506
0.44690335363431516,0.03724194613619293,0.8938067072686303,0.0
0.46119746521445276,0.0768662442024088,0.0,0.8839618083277011
0.47695718011029853,0.07949286335171642,0.03974643167585821,0.8744214968688807
0.4927809374119091,0.08213015623531818,0.08213015623531818,0.8623666404708409
0.508456318328443,0.08474271972140716,0.12711407958211074,0.8474271972140716
0.5237229365663818,0.08728715609439697,0.17457431218879393,0.8292279828967711
0.5382735648195079,0.08971226080325133,0.22428065200812833,0.807410347229262
0.5517605878460434,0.09196009797434057,0.2758802939230217,0.7816608327818949
0.5638091828819275,0.09396819714698793,0.32888869001445775,0.7517455771759034
0.5740378478819279,0.09567297464698797,0.3826918985879519,0.7175473098524098
0.5820855000871992,0.09701425001453319,0.4365641250653994,0.6790997501017324
0.5876425282492701,0.09794042137487835,0.48970210687439175,0.6366127389367092
0.5904813975661475,0.09841356626102457,0.5412746144356352,0.5904813975661475
0.5904813975661475,0.09841356626102457,0.5904813975661475,0.5412746144356352
0.5876425282492701,0.09794042137487835,0.6366127389367092,0.48970210687439175
0.5820855000871992,0.09701425001453319,0.6790997501017324,0.4365641250653994
0.5740378478819278,0.09567297464698796,0.7175473098524097,0.38269189858795183
0.5638091828819275,0.09396819714698793,0.7517455771759034,0.32888869001445775
0.5517605878460434,0.09196009797434057,0.7816608327818949,0.2758802939230217
0.5382735648195079,0.08971226080325133,0.807410347229262,0.22428065200812833
0.5237229365663818,0.08728715609439697,0.8292279828967711,0.17457431218879393
0.508456318328443,0.08474271972140716,0.8474271972140716,0.12711407958211074
0.4927809374119091,0.08213015623531818,0.8623666404708409,0.08213015623531818
0.47695718011029853,0.07949286335171642,0.8744214968688807,0.03974643167585821
0.46119746521445276,0.0768662442024088,0.8839618083277011,0.0
0.4754573110501964,0.1188643277625491,0.0,0.87167173692536
0.4919520370144727,0.12298800925361818,0.04099600308453939,0.8609160647753271
0.508456318328443,0.12711407958211074,0.08474271972140716,0.8474271972140716
0.5247233633359513,0.13118084083398782,0.13118084083398782,0.8308119919485895
0.5404528189332539,0.13511320473331348,0.18015093964441797,0.8106792283998809
0.555293776059297,0.13882344401482424,0.23137240669137374,0.7866661827506707
0.5688545557679727,0.14221363894199318,0.28442727788398636,0.7584727410239636
0.5807207021949927,0.14518017554874818,0.3387537429470791,0.7259008777437409
0.5904813975661475,0.14762034939153687,0.3936542650440983,0.6888949638271721
0.5977625776640615,0.14944064441601537,0.4483219332480461,0.6475761258027333
0.6022627358741948,0.1505656839685487,0.5018856132284957,0.6022627358741948
0.603785526511953,0.15094638162798826,0.5534700659692903,0.5534700659692903
0.6022627358741948,0.1505656839685487,0.6022627358741948,0.5018856132284957
0.5977625776640615,0.14944064441601537,0.6475761258027333,0.4483219332480461
0.5904813975661475,0.14762034939153687,0.6888949638271721,0.3936542650440983
0.5807207021949927,0.14518017554874818,0.7259008777437409,0.3387537429470791
0.5688545557679727,0.14221363894199318,0.7584727410239636,0.28442727788398636
0.555293776059297,0.13882344401482424,0.7866661827506707,0.23137240669137374
0.5404528189332539,0.13511320473331348,0.8106792283998809,0.18015093964441797
0.5247233633359513,0.13118084083398782,0.8308119919485895,0.13118084083398782
0.508456318328443,0.12711407958211074,0.8474271972140716,0.08474271972140716
0.4919520370144727,0.12298800925361818,0.8609160647753271,0.04099600308453939
0.4754573110501964,0.1188643277625491,0.87167173692536,0.0
0.48949020986880254,0.16316340328960083,0.0,0.8566078672704043
0.5066403971048989,0.16888013236829963,0.04222003309207491,0.8444006618414982
0.5237229365663818,0.17457431218879393,0.08728715609439697,0.8292279828967711
0.5404528189332539,0.18015093964441797,0.13511320473331348,0.8106792283998809
0.5564866749122019,0.1854955583040673,0.1854955583040673,0.7883561227922861
0.5714285714285714,0.19047619047619047,0.23809523809523808,0.7619047619047619
0.5848442145942953,0.19494807153143173,0.2924221072971476,0.731055268242869
0.5962847939999439,0.1987615979999813,0.3478327964999673,0.6956655929999346
0.605319926766382,0.20177330892212733,0.40354661784425466,0.6557632539969138
0.6115766297251507,0.20385887657505022,0.458682472293863,0.6115766297251507
0.6147786234942719,0.20492620783142398,0.5123155195785599,0.5635470715364159
0.6147786234942719,0.20492620783142398,0.5635470715364159,0.5123155195785599
0.6115766297251507,0.20385887657505022,0.6115766297251507,0.458682472293863
0.605319926766382,0.20177330892212733,0.6557632539969138,0.40354661784425466
0.5962847939999439,0.1987615979999813,0.6956655929999346,0.3478327964999673
0.5848442145942953,0.19494807153143173,0.731055268242869,0.2924221072971476
0.5714285714285714,0.19047619047619047,0.7619047619047619,0.23809523809523808
0.556486674912202,0.18549555830406733,0.7883561227922862,0.18549555830406733
0.540452818933254,0.180150939644418,0.810679228399881,0.1351132047333135
0.5237229365663818,0.17457431218879393,0.8292279828967711,0.08728715609439697
0.5066403971048989,0.16888013236829963,0.8444006618414982,0.04222003309207491
0.48949020986880254,0.16316340328960083,0.8566078672704043,0.0
0.5030661697803822,0.20961090407515928,0.0,0.8384436163006371
0.5207556439232955,0.21698151830137316,0.04339630366027463,0.8245297695452178
0.5382735648195079,0.22428065200812833,0.08971226080325133,0.807410347229262
0.555293776059297,0.23137240669137374,0.13882344401482424,0.7866661827506707
0.5714285714285714,0.23809523809523808,0.19047619047619047,0.7619047619047619
0.5862383624952379,0.24426598437301578,0.24426598437301578,0.7327979531190473
0.5992514033267068,0.24968808471946116,0.2996257016633534,0.6991266372144912
0.6099942813304187,0.2541642838876744,0.3558299974427442,0.6608271381079535
0.6180314431495257,0.2575131013123024,0.4120209620996838,0.6180314431495257
0.623008957981398,0.2595870658255825,0.4672567184860485,0.5710915448162815
0.6246950475544242,0.26028960314767674,0.5205792062953535,0.5205792062953535
0.623008957981398,0.2595870658255825,0.5710915448162815,0.4672567184860485
0.6180314431495257,0.2575131013123024,0.6180314431495257,0.4120209620996838
0.6099942813304187,0.2541642838876744,0.6608271381079535,0.3558299974427442
0.5992514033267068,0.24968808471946116,0.6991266372144912,0.2996257016633534
0.5862383624952379,0.24426598437301578,0.7327979531190473,0.24426598437301578
0.5714285714285714,0.23809523809523808,0.7619047619047619,0.19047619047619047
0.555293776059297,0.23137240669137374,0.7866661827506707,0.13882344401482424
0.5382735648195079,0.22428065200812833,0.807410347229262,0.08971226080325133
0.5207556439232955,0.21698151830137316,0.8245297695452178,0.04339630366027463
0.5030661697803822,0.20961090407515928,0.8384436163006371,0.0
0.5159202964708173,0.25796014823540864,0.0,0.8168738027454606
0.5339929913879818,0.2669964956939909,0.044499415948998484,0.8009894870819727
0.5517605878460434,0.2758802939230217,0.09196009797434057,0.7816608327818949
0.5688545557679727,0.28442727788398636,0.14221363894199318,0.7584727410239636
0.5848442145942953,0.2924221072971476,0.19494807153143173,0.731055268242869
0.5992514033267068,0.2996257016633534,0.24968808471946116,0.6991266372144912
0.6115766297251507,0.30578831486257535,0.30578831486257535,0.6625413488689132
0.6213364476941973,0.31066822384709863,0.3624462611549484,0.6213364476941973
0.6281087071082564,0.3140543535541282,0.41873913807217095,0.575766314849235
0.6315789473684211,0.31578947368421056,0.4736842105263158,0.5263157894736843
0.6315789473684211,0.31578947368421056,0.5263157894736843,0.4736842105263158
0.6281087071082564,0.3140543535541282,0.575766314849235,0.41873913807217095
0.6213364476941973,0.31066822384709863,0.6213364476941973,0.3624462611549484
0.6115766297251507,0.30578831486257535,0.6625413488689132,0.30578831486257535
0.5992514033267068,0.2996257016633534,0.6991266372144912,0.24968808471946116
0.5848442145942954,0.2924221072971477,0.7310552682428691,0.19494807153143176
0.5688545557679727,0.28442727788398636,0.7584727410239636,0.14221363894199318
0.5517605878460434,0.2758802939230217,0.7816608327818949,0.09196009797434057
0.5339929913879818,0.2669964956939909,0.8009894870819727,0.044499415948998484
0.5159202964708173,0.25796014823540864,0.8168738027454606,0.0
0.527759396560251,0.30785964799347976,0.0,0.7916390948403764
0.5460189062319482,0.31851102863530306,0.045501575519329006,0.7735267838285932
0.5638091828819274,0.32888869001445764,0.09396819714698791,0.7517455771759033
0.5807207021949927,0.3387537429470791,0.14518017554874818,0.7259008777437409
0.5962847939999439,0.3478327964999673,0.1987615979999813,0.6956655929999346
0.6099942813304187,0.3558299974427442,0.2541642838876744,0.6608271381079535
0.6213364476941973,0.3624462611549484,0.31066822384709863,0.6213364476941973
0.6298366572977736,0.36740471675703457,0.36740471675703457,0.5773502691896257
0.6351073488299558,0.3704792868174742,0.42340489921997054,0.5292561240249631
0.6368938709211303,0.3715214247039927,0.47767040319084775,0.47767040319084775
0.6351073488299558,0.3704792868174742,0.5292561240249631,0.42340489921997054
0.6298366572977734,0.3674047167570345,0.5773502691896256,0.3674047167570345
0.6213364476941973,0.3624462611549484,0.6213364476941973,0.31066822384709863
0.6099942813304187,0.3558299974427442,0.6608271381079535,0.2541642838876744
0.5962847939999439,0.3478327964999673,0.6956655929999346,0.1987615979999813
0.5807207021949927,0.3387537429470791,0.7259008777437409,0.14518017554874818
0.5638091828819274,0.32888869001445764,0.7517455771759033,0.09396819714698791
0.5460189062319482,0.31851102863530306,0.7735267838285932,0.045501575519329006
0.527759396560251,0.30785964799347976,0.7916390948403764,0.0
0.5382735648195079,0.3588490432130053,0.0,0.7625542168276362
0.5564866749122019,0.3709911166081346,0.046373889576016826,0.7419822332162692
0.5740378478819278,0.38269189858795183,0.09567297464698796,0.7175473098524097
0.5904813975661475,0.3936542650440983,0.14762034939153687,0.6888949638271721
0.605319926766382,0.40354661784425466,0.20177330892212733,0.6557632539969138
0.6180314431495257,0.4120209620996838,0.2575131013123024,0.6180314431495257
0.6281087071082564,0.41873913807217095,0.3140543535541282,0.575766314849235
0.6351073488299558,0.42340489921997054,0.3704792868174742,0.5292561240249631
0.6386955544948193,0.42579703632987953,0.42579703632987953,0.47902166587111444
0.6386955544948194,0.42579703632987964,0.47902166587111455,0.42579703632987964
0.6351073488299558,0.42340489921997054,0.5292561240249631,0.3704792868174742
0.6281087071082564,0.41873913807217095,0.575766314849235,0.3140543535541282
0.6180314431495257,0.4120209620996838,0.6180314431495257,0.2575131013123024
0.605319926766382,0.40354661784425466,0.6557632539969138,0.20177330892212733
0.5904813975661475,0.3936542650440983,0.6888949638271721,0.14762034939153687
0.5740378478819278,0.38269189858795183,0.7175473098524097,0.09567297464698796
0.5564866749122019,0.3709911166081346,0.7419822332162692,0.046373889576016826
0.5382735648195079,0.3588490432130053,0.7625542168276362,0.0
0.5471529031050638,0.41036467732879783,0.0,0.729537204140085
0.5650579312176134,0.42379344841321,0.04708816093480111,0.7063224140220167
0.5820855000871992,0.4365641250653994,0.09701425001453319,0.6790997501017324
0.5977625776640615,0.4483219332480461,0.14944064441601537,0.6475761258027333
0.6115766297251507,0.458682472293863,0.20385887657505022,0.6115766297251507
0.623008957981398,0.4672567184860485,0.2595870658255825,0.5710915448162815
0.6315789473684211,0.4736842105263158,0.31578947368421056,0.5263157894736843
0.6368938709211303,0.47767040319084775,0.3715214247039927,0.47767040319084775
0.6386955544948194,0.47902166587111455,0.42579703632987964,0.42579703632987964
0.6368938709211303,0.47767040319084775,0.47767040319084775,0.3715214247039927
0.6315789473684211,0.4736842105263158,0.5263157894736843,0.31578947368421056
0.6230089579813981,0.4672567184860486,0.5710915448162817,0.25958706582558255
0.6115766297251507,0.458682472293863,0.6115766297251507,0.20385887657505022
0.5977625776640615,0.4483219332480461,0.6475761258027333,0.14944064441601537
0.5820855000871992,0.4365641250653994,0.6790997501017324,0.09701425001453319
0.5650579312176134,0.42379344841321,0.7063224140220167,0.04708816093480111
0.5471529031050638,0.41036467732879783,0.729537204140085,0.0
0.5541085158475322,0.46175709653961017,0.0,0.6926356448094152
0.5714285714285715,0.4761904761904762,0.04761904761904762,0.6666666666666667
0.5876425282492701,0.48970210687439175,0.09794042137487835,0.6366127389367092
0.6022627358741948,0.5018856132284957,0.1505656839685487,0.6022627358741948
0.6147786234942719,0.5123155195785599,0.20492620783142398,0.5635470715364159
0.6246950475544242,0.5205792062953535,0.26028960314767674,0.5205792062953535
0.6315789473684211,0.5263157894736843,0.31578947368421056,0.4736842105263158
0.6351073488299558,0.5292561240249631,0.3704792868174742,0.42340489921997054
0.6351073488299558,0.5292561240249631,0.42340489921997054,0.3704792868174742
0.6315789473684211,0.5263157894736843,0.4736842105263158,0.31578947368421056
0.6246950475544242,0.5205792062953535,0.5205792062953535,0.26028960314767674
0.6147786234942719,0.5123155195785599,0.5635470715364159,0.20492620783142398
0.6022627358741948,0.5018856132284957,0.6022627358741948,0.1505656839685487
0.5876425282492701,0.48970210687439175,0.6366127389367092,0.09794042137487835
0.5714285714285715,0.4761904761904762,0.6666666666666667,0.04761904761904762
0.5541085158475322,0.46175709653961017,0.6926356448094152,0.0
0.5588957193991468,0.5123210761158846,0.0,0.6520450059656713
0.575355961782461,0.5274096316339225,0.04794633014853841,0.6233022919309994
0.5904813975661475,0.5412746144356352,0.09841356626102457,0.5904813975661475
0.603785526511953,0.5534700659692903,0.15094638162798826,0.5534700659692903
0.6147786234942719,0.5635470715364159,0.20492620783142398,0.5123155195785599
0.623008957981398,0.5710915448162815,0.2595870658255825,0.4672567184860485
0.6281087071082564,0.575766314849235,0.3140543535541282,0.41873913807217095
0.6298366572977736,0.5773502691896257,0.36740471675703457,0.36740471675703457
0.6281087071082564,0.575766314849235,0.41873913807217095,0.3140543535541282
0.6230089579813981,0.5710915448162817,0.4672567184860486,0.25958706582558255
0.6147786234942719,0.5635470715364159,0.5123155195785599,0.20492620783142398
0.603785526511953,0.5534700659692903,0.5534700659692903,0.15094638162798826
0.5904813975661475,0.5412746144356352,0.5904813975661475,0.09841356626102457
0.575355961782461,0.5274096316339225,0.6233022919309994,0.04794633014853841
0.5588957193991468,0.5123210761158846,0.6520450059656713,0.0
0.5613363236699855,0.5613363236699855,0.0,0.6081143506424844
0.5766831975986553,0.5766831975986553,0.04805693313322127,0.5766831975986553
0.5904813975661475,0.5904813975661475,0.09841356626102457,0.5412746144356352
0.6022627358741948,0.6022627358741948,0.1505656839685487,0.5018856132284957
0.6115766297251507,0.6115766297251507,0.20385887657505022,0.458682472293863
0.6180314431495257,0.6180314431495257,0.2575131013123024,0.4120209620996838
0.6213364476941973,0.6213364476941973,0.31066822384709863,0.3624462611549484
0.6213364476941973,0.6213364476941973,0.3624462611549484,0.31066822384709863
0.6180314431495257,0.6180314431495257,0.4120209620996838,0.2575131013123024
0.6115766297251507,0.6115766297251507,0.458682472293863,0.20385887657505022
0.6022627358741948,0.6022627358741948,0.5018856132284957,0.1505656839685487
0.5904813975661475,0.5904813975661475,0.5412746144356352,0.09841356626102457
0.5766831975986553,0.5766831975986553,0.5766831975986553,0.04805693313322127
0.5613363236699855,0.5613363236699855,0.6081143506424844,0.0
0.5613363236699855,0.6081143506424844,0.0,0.5613363236699855
0.575355961782461,0.6233022919309994,0.04794633014853841,0.5274096316339225
0.5876425282492701,0.6366127389367092,0.09794042137487835,0.48970210687439175
0.5977625776640615,0.6475761258027333,0.14944064441601537,0.4483219332480461
0.605319926766382,0.6557632539969138,0.20177330892212733,0.40354661784425466
0.6099942813304187,0.6608271381079535,0.2541642838876744,0.3558299974427442
0.6115766297251507,0.6625413488689132,0.30578831486257535,0.30578831486257535
0.6099942813304187,0.6608271381079535,0.3558299974427442,0.2541642838876744
0.605319926766382,0.6557632539969138,0.40354661784425466,0.20177330892212733
0.5977625776640615,0.6475761258027333,0.4483219332480461,0.14944064441601537
0.5876425282492701,0.6366127389367092,0.48970210687439175,0.09794042137487835
0.575355961782461,0.6233022919309994,0.5274096316339225,0.04794633014853841
0.5613363236699855,0.6081143506424844,0.5613363236699855,0.0
0.5588957193991468,0.6520450059656713,0.0,0.5123210761158846
0.5714285714285715,0.6666666666666667,0.04761904761904762,0.4761904761904762
0.5820855000871992,0.6790997501017324,0.09701425001453319,0.4365641250653994
0.5904813975661475,0.6888949638271721,0.14762034939153687,0.3936542650440983
0.5962847939999439,0.6956655929999346,0.1987615979999813,0.3478327964999673
0.5992514033267068,0.6991266372144912,0.24968808471946116,0.2996257016633534
0.5992514033267068,0.6991266372144912,0.2996257016633534,0.24968808471946116
0.596284793999944,0.6956655929999347,0.34783279649996734,0.19876159799998136
0.5904813975661475,0.6888949638271721,0.3936542650440983,0.14762034939153687
0.5820855000871992,0.6790997501017324,0.4365641250653994,0.09701425001453319
0.5714285714285715,0.6666666666666667,0.4761904761904762,0.04761904761904762
0.5588957193991468,0.6520450059656713,0.5123210761158846,0.0
0.5541085158475322,0.6926356448094152,0.0,0.46175709653961017
0.5650579312176134,0.7063224140220167,0.04708816093480111,0.42379344841321
0.5740378478819278,0.7175473098524097,0.09567297464698796,0.38269189858795183
0.5807207021949927,0.7259008777437409,0.14518017554874818,0.3387537429470791
0.5848442145942953,0.731055268242869,0.19494807153143173,0.2924221072971476
0.5862383624952378,0.7327979531190472,0.24426598437301572,0.24426598437301572
0.5848442145942953,0.731055268242869,0.2924221072971476,0.19494807153143173
0.5807207021949927,0.7259008777437409,0.3387537429470791,0.14518017554874818
0.5740378478819278,0.7175473098524097,0.38269189858795183,0.09567297464698796
0.5650579312176134,0.7063224140220167,0.42379344841321,0.04708816093480111
0.5541085158475322,0.6926356448094152,0.46175709653961017,0.0
0.5471529031050639,0.7295372041400852,0.0,0.41036467732879794
0.5564866749122019,0.7419822332162692,0.046373889576016826,0.3709911166081346
0.5638091828819275,0.7517455771759034,0.09396819714698793,0.32888869001445775
0.5688545557679727,0.7584727410239636,0.14221363894199318,0.28442727788398636
0.5714285714285715,0.761904761904762,0.1904761904761905,0.2380952380952381
0.5714285714285714,0.7619047619047619,0.23809523809523808,0.19047619047619047
0.5688545557679727,0.7584727410239636,0.28442727788398636,0.14221363894199318
0.5638091828819275,0.7517455771759034,0.32888869001445775,0.09396819714698793
0.5564866749122019,0.7419822332162692,0.3709911166081346,0.046373889576016826
0.5471529031050639,0.7295372041400852,0.41036467732879794,0.0
0.5382735648195079,0.7625542168276362,0.0,0.3588490432130053
0.5460189062319482,0.7735267838285932,0.045501575519329006,0.31851102863530306
0.5517605878460434,0.7816608327818949,0.09196009797434057,0.2758802939230217
0.5552937760592971,0.7866661827506709,0.13882344401482427,0.2313724066913738
0.556486674912202,0.7883561227922862,0.18549555830406733,0.18549555830406733
0.5552937760592971,0.7866661827506709,0.2313724066913738,0.13882344401482427
0.5517605878460434,0.7816608327818949,0.2758802939230217,0.09196009797434057
0.5460189062319482,0.7735267838285932,0.31851102863530306,0.045501575519329006
0.5382735648195079,0.7625542168276362,0.3588490432130053,0.0
0.527759396560251,0.7916390948403764,0.0,0.30785964799347976
0.5339929913879818,0.8009894870819727,0.044499415948998484,0.2669964956939909
0.5382735648195079,0.807410347229262,0.08971226080325133,0.22428065200812833
0.540452818933254,0.810679228399881,0.1351132047333135,0.180150939644418
0.540452818933254,0.810679228399881,0.180150939644418,0.1351132047333135
0.5382735648195079,0.807410347229262,0.22428065200812833,0.08971226080325133
0.5339929913879818,0.8009894870819727,0.2669964956939909,0.044499415948998484
0.527759396560251,0.7916390948403764,0.30785964799347976,0.0
0.5159202964708173,0.8168738027454606,0.0,0.25796014823540864
0.5207556439232955,0.8245297695452178,0.04339630366027463,0.21698151830137316
0.5237229365663818,0.8292279828967711,0.08728715609439697,0.17457431218879393
0.5247233633359513,0.8308119919485895,0.13118084083398782,0.13118084083398782
0.5237229365663818,0.8292279828967711,0.17457431218879393,0.08728715609439697
0.5207556439232955,0.8245297695452178,0.21698151830137316,0.04339630366027463
0.5159202964708173,0.8168738027454606,0.25796014823540864,0.0
0.5030661697803822,0.8384436163006371,0.0,0.20961090407515928
0.5066403971048989,0.8444006618414982,0.04222003309207491,0.16888013236829963
0.508456318328443,0.8474271972140716,0.08474271972140716,0.12711407958211074
0.508456318328443,0.8474271972140716,0.12711407958211074,0.08474271972140716
0.5066403971048989,0.8444006618414982,0.16888013236829963,0.04222003309207491
0.5030661697803822,0.8384436163006371,0.20961090407515928,0.0
0.48949020986880254,0.8566078672704043,0.0,0.16316340328960083
0.4919520370144727,0.8609160647753271,0.04099600308453939,0.12298800925361818
0.4927809374119091,0.8623666404708409,0.08213015623531818,0.08213015623531818
0.4919520370144727,0.8609160647753271,0.12298800925361818,0.04099600308453939
0.48949020986880254,0.8566078672704043,0.16316340328960083,0.0
0.4754573110501964,0.87167173692536,0.0,0.1188643277625491
0.47695718011029853,0.8744214968688807,0.03974643167585821,0.07949286335171642
0.47695718011029853,0.8744214968688807,0.07949286335171642,0.03974643167585821
0.4754573110501964,0.87167173692536,0.1188643277625491,0.0
0.46119746521445276,0.8839618083277011,0.0,0.0768662442024088
0.46188021535170065,0.8852704127574261,0.03849001794597506,0.03849001794597506
0.46119746521445276,0.8839618083277011,0.0768662442024088,0.0
0.44690335363431516,0.8938067072686303,0.0,0.03724194613619293
0.44690335363431516,0.8938067072686303,0.03724194613619293,0.0
0.43273106758477137,0.9015230574682737,0.0,0.0
0.47628314854075265,0.0,0.0,0.8792919665367741
0.491705158406952,0.0,0.037823473723611695,0.8699398956430688
0.5071783045165659,0.0,0.07802743146408705,0.8583017461049576
0.5225141161877915,0.0,0.12058018065872113,0.8440612646110478
0.5374838498865699,0.0,0.1653796461189446,0.826898230594723
0.5518192679714116,0.0,0.21223817998900446,0.8065050839582169
0.5652173913043478,0.0,0.2608695652173913,0.7826086956521738
0.5773502691896258,0.0,0.3108809141790293,0.7549965058633569
0.5878803211399749,0.0,0.36177250531690763,0.7235450106338153
0.5964809080634607,0.0,0.41294832096701123,0.6882472016116854
0.6028605644882187,0.0,0.46373889576016825,0.6492344540642355
0.6067880364121376,0.0,0.5134360308102703,0.6067880364121376
0.6081143506424844,0.0,0.5613363236699855,0.5613363236699855
0.6067880364121376,0.0,0.6067880364121376,0.5134360308102703
0.6028605644882187,0.0,0.6492344540642355,0.46373889576016825
0.5964809080634607,0.0,0.6882472016116854,0.41294832096701123
0.5878803211399749,0.0,0.7235450106338153,0.36177250531690763
0.5773502691896257,0.0,0.7549965058633566,0.31088091417902924
0.5652173913043478,0.0,0.7826086956521738,0.2608695652173913
0.5518192679714116,0.0,0.8065050839582169,0.21223817998900446
0.5374838498865699,0.0,0.826898230594723,0.1653796461189446
0.5225141161877915,0.0,0.8440612646110478,0.12058018065872113
0.5071783045165658,0.0,0.8583017461049575,0.07802743146408704
0.491705158406952,0.0,0.8699398956430688,0.037823473723611695
0.47628314854075265,0.0,0.8792919665367741,0.0
0.491705158406952,0.037823473723611695,0.0,0.8699398956430688
0.5079520323569663,0.039073233258228174,0.039073233258228174,0.8596111316810199
0.5242105950545827,0.04032389192727559,0.08064778385455118,0.8468017304727874
0.5402615627001989,0.04155858174616914,0.12467574523850743,0.8311716349233828
0.5558398622517167,0.042756912480901285,0.17102764992360514,0.8123813371371242
0.5706366656979912,0.043895128130614705,0.21947564065307354,0.7901123063510648
0.5843065474681431,0.044946657497549475,0.26967994498529685,0.764093177458341
0.5964809080634605,0.04588314677411235,0.32118202741878643,0.7341303483857976
0.6067880364121375,0.046676002800933654,0.37340802240746923,0.7001400420140048
0.6148789007925227,0.047298376984040214,0.4256853928563619,0.662177277776563
0.620456147874352,0.047727395990334764,0.4772739599033477,0.620456147874352
0.6233022919309994,0.04794633014853841,0.5274096316339225,0.575355961782461
0.6233022919309994,0.04794633014853841,0.575355961782461,0.5274096316339225
0.620456147874352,0.047727395990334764,0.620456147874352,0.4772739599033477
0.6148789007925227,0.047298376984040214,0.662177277776563,0.4256853928563619
0.6067880364121375,0.046676002800933654,0.7001400420140048,0.37340802240746923
0.5964809080634607,0.04588314677411236,0.7341303483857977,0.3211820274187865
0.5843065474681431,0.044946657497549475,0.764093177458341,0.26967994498529685
0.5706366656979913,0.04389512813061472,0.7901123063510649,0.21947564065307357
0.5558398622517167,0.042756912480901285,0.8123813371371242,0.17102764992360514
0.5402615627001989,0.04155858174616914,0.8311716349233828,0.12467574523850743
0.5242105950545827,0.04032389192727559,0.8468017304727874,0.08064778385455118
0.5079520323569663,0.039073233258228174,0.8596111316810199,0.039073233258228174
0.491705158406952,0.037823473723611695,0.8699398956430688,0.0
0.5071783045165659,0.07802743146408705,0.0,0.8583017461049576
0.5242105950545827,0.08064778385455118,0.04032389192727559,0.8468017304727874
0.5411970812583573,0.08326108942436267,0.08326108942436267,0.8326108942436267
0.557883398049737,0.08582821508457492,0.12874232262686236,0.8153680433034616
0.5739640213948524,0.08830215713766959,0.17660431427533918,0.7947194142390264
0.5890862307582769,0.09062865088588876,0.22657162721472188,0.7703435325300544
0.6028605644882187,0.09274777915203365,0.27824333745610097,0.7419822332162692
0.6148789007925227,0.09459675396808043,0.3310886388882815,0.7094756547606031
0.6247401307318765,0.09611386626644254,0.38445546506577016,0.6727970638650979
0.6320816298242097,0.09724332766526303,0.4375949744936836,0.6320816298242097
0.6366127389367092,0.09794042137487835,0.48970210687439175,0.5876425282492701
0.6381449017759608,0.0981761387347632,0.5399687630411976,0.5399687630411976
0.6366127389367092,0.09794042137487835,0.5876425282492701,0.48970210687439175
0.6320816298242098,0.09724332766526304,0.6320816298242098,0.43759497449368373
0.6247401307318765,0.09611386626644254,0.6727970638650979,0.38445546506577016
0.6148789007925227,0.09459675396808043,0.7094756547606031,0.3310886388882815
0.6028605644882187,0.09274777915203365,0.7419822332162692,0.27824333745610097
0.5890862307582769,0.09062865088588876,0.7703435325300544,0.22657162721472188
0.5739640213948524,0.08830215713766959,0.7947194142390264,0.17660431427533918
0.557883398049737,0.08582821508457492,0.8153680433034616,0.12874232262686236
0.5411970812583573,0.08326108942436267,0.8326108942436267,0.08326108942436267
0.5242105950545827,0.08064778385455118,0.8468017304727874,0.04032389192727559
0.5071783045165659,0.07802743146408705,0.8583017461049576,0.0
0.5225141161877915,0.12058018065872113,0.0,0.8440612646110478
0.5402615627001989,0.12467574523850743,0.04155858174616914,0.8311716349233828
0.557883398049737,0.12874232262686236,0.08582821508457492,0.8153680433034616
0.5750861417649514,0.13271218656114264,0.13271218656114264,0.7962731193668559
0.5915204817512771,0.13650472655798704,0.18200630207731602,0.7735267838285932
0.6067880364121375,0.14002800840280097,0.2333800140046683,0.7468160448149385
0.620456147874352,0.1431821879710043,0.2863643759420086,0.7159109398550215
0.6320816298242098,0.14586499149789459,0.3403516468284207,0.6807032936568413
0.6412427107670872,0.14797908710009705,0.39461089893359214,0.6412427107670872
0.6475761258027333,0.14944064441601537,0.4483219332480461,0.5977625776640615
0.6508140266182865,0.15018785229652765,0.5006261743217588,0.5506887917539347
0.6508140266182865,0.15018785229652765,0.5506887917539347,0.5006261743217588
0.6475761258027333,0.14944064441601537,0.5977625776640615,0.4483219332480461
0.641242710767087,0.14797908710009702,0.641242710767087,0.394610898933592
0.6320816298242098,0.14586499149789459,0.6807032936568413,0.3403516468284207
0.620456147874352,0.1431821879710043,0.7159109398550215,0.2863643759420086
0.6067880364121375,0.14002800840280097,0.7468160448149385,0.2333800140046683
0.5915204817512771,0.13650472655798704,0.7735267838285932,0.18200630207731602
0.5750861417649514,0.13271218656114264,0.7962731193668559,0.13271218656114264
0.557883398049737,0.12874232262686236,0.8153680433034616,0.08582821508457492
0.5402615627001989,0.12467574523850743,0.8311716349233828,0.04155858174616914
0.5225141161877915,0.12058018065872113,0.8440612646110478,0.0
0.5374838498865699,0.1653796461189446,0.0,0.826898230594723
0.5558398622517167,0.17102764992360514,0.042756912480901285,0.8123813371371242
0.5739640213948524,0.17660431427533918,0.08830215713766959,0.7947194142390264
0.5915204817512771,0.18200630207731602,0.13650472655798704,0.7735267838285932
0.6081143506424844,0.1871121078899952,0.1871121078899952,0.7484484315599808
0.6233022919309994,0.19178532059415365,0.23973165074269207,0.7191949522280762
0.6366127389367092,0.1958808427497567,0.29382126412463505,0.6855829496241485
0.6475761258027333,0.19925419255468715,0.3486948369707025,0.6475761258027333
0.6557632539969138,0.20177330892212733,0.40354661784425466,0.605319926766382
0.6608271381079535,0.20333142711013955,0.45749571099781394,0.5591614245528838
0.6625413488689132,0.20385887657505022,0.5096471914376255,0.5096471914376255
0.6608271381079535,0.20333142711013955,0.5591614245528838,0.45749571099781394
0.6557632539969138,0.20177330892212733,0.605319926766382,0.40354661784425466
0.6475761258027333,0.19925419255468715,0.6475761258027333,0.3486948369707025
0.6366127389367092,0.1958808427497567,0.6855829496241485,0.29382126412463505
0.6233022919309994,0.19178532059415365,0.7191949522280762,0.23973165074269207
0.6081143506424844,0.1871121078899952,0.7484484315599808,0.1871121078899952
0.5915204817512771,0.18200630207731602,0.7735267838285932,0.13650472655798704
0.5739640213948524,0.17660431427533918,0.7947194142390264,0.08830215713766959
0.5558398622517167,0.17102764992360514,0.8123813371371242,0.042756912480901285
0.5374838498865699,0.1653796461189446,0.826898230594723,0.0
0.5518192679714116,0.21223817998900446,0.0,0.8065050839582169
0.5706366656979913,0.21947564065307357,0.04389512813061472,0.7901123063510649
0.5890862307582769,0.22657162721472188,0.09062865088588876,0.7703435325300544
0.6067880364121376,0.23338001400466832,0.140028008402801,0.7468160448149387
0.6233022919309994,0.23973165074269207,0.19178532059415365,0.7191949522280762
0.6381449017759608,0.245440346836908,0.245440346836908,0.6872329711433424
0.6508140266182865,0.2503130871608794,0.3003757045930553,0.6508140266182865
0.6608271381079535,0.2541642838876744,0.3558299974427442,0.6099942813304187
0.6677651460187684,0.25683274846875703,0.4109323975500113,0.5650320466312655
0.6713171133426189,0.2581988897471611,0.46475800154489,0.5163977794943222
0.6713171133426189,0.2581988897471611,0.5163977794943222,0.46475800154489
0.6677651460187684,0.25683274846875703,0.5650320466312655,0.4109323975500113
0.6608271381079535,0.2541642838876744,0.6099942813304187,0.3558299974427442
0.6508140266182865,0.2503130871608794,0.6508140266182865,0.3003757045930553
0.6381449017759608,0.245440346836908,0.6872329711433424,0.245440346836908
0.6233022919309995,0.2397316507426921,0.7191949522280763,0.19178532059415368
0.6067880364121376,0.23338001400466832,0.7468160448149387,0.140028008402801
0.5890862307582769,0.22657162721472188,0.7703435325300544,0.09062865088588876
0.5706366656979913,0.21947564065307357,0.7901123063510649,0.04389512813061472
0.5518192679714116,0.21223817998900446,0.8065050839582169,0.0
0.5652173913043478,0.2608695652173913,0.0,0.7826086956521738
0.5843065474681431,0.26967994498529685,0.044946657497549475,0.764093177458341
0.6028605644882187,0.27824333745610097,0.09274777915203365,0.7419822332162692
0.620456147874352,0.2863643759420086,0.1431821879710043,0.7159109398550215
0.6366127389367092,0.29382126412463505,0.1958808427497567,0.6855829496241485
0.6508140266182865,0.3003757045930553,0.2503130871608794,0.6508140266182865
0.6625413488689132,0.30578831486257535,0.30578831486257535,0.6115766297251507
0.6713171133426189,0.30983866769659335,0.36147844564602555,0.5680375574437545
0.6767529681839596,0.3123475237772121,0.41646336503628284,0.5205792062953535
0.6785944762634447,0.31319745058312837,0.4697961758746925,0.4697961758746925
0.6767529681839596,0.3123475237772121,0.5205792062953535,0.41646336503628284
0.6713171133426189,0.30983866769659335,0.5680375574437545,0.36147844564602555
0.6625413488689132,0.30578831486257535,0.6115766297251507,0.30578831486257535
0.6508140266182865,0.3003757045930553,0.6508140266182865,0.2503130871608794
0.6366127389367094,0.2938212641246351,0.6855829496241486,0.19588084274975673
0.620456147874352,0.2863643759420086,0.7159109398550215,0.1431821879710043
0.6028605644882187,0.27824333745610097,0.7419822332162692,0.09274777915203365
0.5843065474681431,0.26967994498529685,0.764093177458341,0.044946657497549475
0.5652173913043478,0.2608695652173913,0.7826086956521738,0.0
0.5773502691896258,0.3108809141790293,0.0,0.7549965058633569
0.5964809080634607,0.3211820274187865,0.04588314677411236,0.7341303483857977
0.6148789007925227,0.3310886388882815,0.09459675396808043,0.7094756547606031
0.6320816298242098,0.3403516468284207,0.14586499149789459,0.6807032936568413
0.6475761258027333,0.3486948369707025,0.19925419255468715,0.6475761258027333
0.6608271381079535,0.3558299974427442,0.2541642838876744,0.6099942813304187
0.6713171133426189,0.36147844564602555,0.30983866769659335,0.5680375574437545
0.6785944762634447,0.3653970256803164,0.3653970256803164,0.5219957509718806
0.6823230454059214,0.36740471675703457,0.4198911048651824,0.4723774929733302
0.6823230454059214,0.36740471675703457,0.4723774929733302,0.4198911048651824
0.6785944762634447,0.3653970256803164,0.5219957509718806,0.3653970256803164
0.6713171133426189,0.36147844564602555,0.5680375574437545,0.30983866769659335
0.6608271381079535,0.3558299974427442,0.6099942813304187,0.2541642838876744
0.6475761258027333,0.3486948369707025,0.6475761258027333,0.19925419255468715
0.6320816298242098,0.3403516468284207,0.6807032936568413,0.14586499149789459
0.6148789007925227,0.3310886388882815,0.7094756547606031,0.09459675396808043
0.5964809080634607,0.3211820274187865,0.7341303483857977,0.04588314677411236
0.5773502691896258,0.3108809141790293,0.7549965058633569,0.0
0.5878803211399749,0.36177250531690763,0.0,0.7235450106338153
0.6067880364121376,0.37340802240746934,0.04667600280093367,0.7001400420140049
0.6247401307318765,0.38445546506577016,0.09611386626644254,0.6727970638650979
0.6412427107670872,0.39461089893359214,0.14797908710009705,0.6412427107670872
0.6557632539969138,0.40354661784425466,0.20177330892212733,0.605319926766382
0.6677651460187684,0.4109323975500113,0.25683274846875703,0.5650320466312655
0.6767529681839596,0.41646336503628284,0.3123475237772121,0.5205792062953535
0.6823230454059214,0.4198911048651824,0.36740471675703457,0.4723774929733302
0.6842105263157896,0.4210526315789474,0.4210526315789474,0.4210526315789474
0.6823230454059214,0.4198911048651824,0.4723774929733302,0.36740471675703457
0.6767529681839596,0.41646336503628284,0.5205792062953535,0.3123475237772121
0.6677651460187684,0.4109323975500113,0.5650320466312655,0.25683274846875703
0.6557632539969138,0.40354661784425466,0.605319926766382,0.20177330892212733
0.6412427107670872,0.39461089893359214,0.6412427107670872,0.14797908710009705
0.6247401307318765,0.38445546506577016,0.6727970638650979,0.09611386626644254
0.6067880364121376,0.37340802240746934,0.7001400420140049,0.04667600280093367
0.5878803211399749,0.36177250531690763,0.7235450106338153,0.0
0.5964809080634607,0.41294832096701123,0.0,0.6882472016116854
0.6148789007925227,0.4256853928563619,0.047298376984040214,0.662177277776563
0.6320816298242097,0.4375949744936836,0.09724332766526303,0.6320816298242097
0.6475761258027333,0.4483219332480461,0.14944064441601537,0.5977625776640615
0.6608271381079535,0.45749571099781394,0.20333142711013955,0.5591614245528838
0.6713171133426189,0.46475800154489,0.2581988897471611,0.5163977794943222
0.6785944762634447,0.4697961758746925,0.31319745058312837,0.4697961758746925
0.6823230454059214,0.4723774929733302,0.36740471675703457,0.4198911048651824
0.6823230454059214,0.4723774929733302,0.4198911048651824,0.36740471675703457
0.6785944762634447,0.4697961758746925,0.4697961758746925,0.31319745058312837
0.6713171133426189,0.46475800154489,0.5163977794943222,0.2581988897471611
0.6608271381079535,0.45749571099781394,0.5591614245528838,0.20333142711013955
0.6475761258027333,0.4483219332480461,0.5977625776640615,0.14944064441601537
0.6320816298242097,0.4375949744936836,0.6320816298242097,0.09724332766526303
0.6148789007925227,0.4256853928563619,0.662177277776563,0.047298376984040214
0.5964809080634607,0.41294832096701123,0.6882472016116854,0.0
0.6028605644882187,0.46373889576016825,0.0,0.6492344540642355
0.620456147874352,0.4772739599033477,0.047727395990334764,0.620456147874352
0.6366127389367092,0.48970210687439175,0.09794042137487835,0.5876425282492701
0.6508140266182865,0.5006261743217588,0.15018785229652765,0.5506887917539347
0.6625413488689132,0.5096471914376255,0.20385887657505022,0.5096471914376255
0.6713171133426189,0.5163977794943222,0.2581988897471611,0.46475800154489
0.6767529681839596,0.5205792062953535,0.3123475237772121,0.41646336503628284
0.6785944762634447,0.5219957509718806,0.3653970256803164,0.3653970256803164
0.6767529681839596,0.5205792062953535,0.41646336503628284,0.3123475237772121
0.6713171133426189,0.5163977794943222,0.46475800154489,0.2581988897471611
0.6625413488689132,0.5096471914376255,0.5096471914376255,0.20385887657505022
0.6508140266182865,0.5006261743217588,0.5506887917539347,0.15018785229652765
0.6366127389367092,0.48970210687439175,0.5876425282492701,0.09794042137487835
0.620456147874352,0.4772739599033477,0.620456147874352,0.047727395990334764
0.6028605644882187,0.46373889576016825,0.6492344540642355,0.0
0.6067880364121376,0.5134360308102703,0.0,0.6067880364121376
0.6233022919309994,0.5274096316339225,0.04794633014853841,0.575355961782461
0.6381449017759608,0.5399687630411976,0.0981761387347632,0.5399687630411976
0.6508140266182865,0.5506887917539347,0.15018785229652765,0.5006261743217588
0.6608271381079535,0.5591614245528838,0.20333142711013955,0.45749571099781394
0.6677651460187684,0.5650320466312655,0.25683274846875703,0.4109323975500113
0.6713171133426189,0.5680375574437545,0.30983866769659335,0.36147844564602555
0.6713171133426189,0.5680375574437545,0.36147844564602555,0.30983866769659335
0.6677651460187684,0.5650320466312655,0.4109323975500113,0.25683274846875703
0.6608271381079535,0.5591614245528838,0.45749571099781394,0.20333142711013955
0.6508140266182865,0.5506887917539347,0.5006261743217588,0.15018785229652765
0.6381449017759608,0.5399687630411976,0.5399687630411976,0.0981761387347632
0.6233022919309994,0.5274096316339225,0.575355961782461,0.04794633014853841
0.6067880364121376,0.5134360308102703,0.6067880364121376,0.0
0.6081143506424844,0.5613363236699855,0.0,0.5613363236699855
0.6233022919309994,0.575355961782461,0.04794633014853841,0.5274096316339225
0.6366127389367092,0.5876425282492701,0.09794042137487835,0.48970210687439175
0.6475761258027333,0.5977625776640615,0.14944064441601537,0.4483219332480461
0.6557632539969138,0.605319926766382,0.20177330892212733,0.40354661784425466
0.6608271381079535,0.6099942813304187,0.2541642838876744,0.3558299974427442
0.6625413488689132,0.6115766297251507,0.30578831486257535,0.30578831486257535
0.6608271381079535,0.6099942813304187,0.3558299974427442,0.2541642838876744
0.6557632539969138,0.605319926766382,0.40354661784425466,0.20177330892212733
0.6475761258027333,0.5977625776640615,0.4483219332480461,0.14944064441601537
0.6366127389367092,0.5876425282492701,0.48970210687439175,0.09794042137487835
0.6233022919309994,0.575355961782461,0.5274096316339225,0.04794633014853841
0.6081143506424844,0.5613363236699855,0.5613363236699855,0.0
0.6067880364121376,0.6067880364121376,0.0,0.5134360308102703
0.620456147874352,0.620456147874352,0.047727395990334764,0.4772739599033477
0.6320816298242097,0.6320816298242097,0.09724332766526303,0.4375949744936836
0.641242710767087,0.641242710767087,0.14797908710009702,0.394610898933592
0.6475761258027333,0.6475761258027333,0.19925419255468715,0.3486948369707025
0.6508140266182865,0.6508140266182865,0.2503130871608794,0.3003757045930553
0.6508140266182865,0.6508140266182865,0.3003757045930553,0.2503130871608794
0.6475761258027333,0.6475761258027333,0.3486948369707025,0.19925419255468715
0.6412427107670872,0.6412427107670872,0.39461089893359214,0.14797908710009705
0.6320816298242097,0.6320816298242097,0.4375949744936836,0.09724332766526303
0.620456147874352,0.620456147874352,0.4772739599033477,0.047727395990334764
0.6067880364121376,0.6067880364121376,0.5134360308102703,0.0
0.6028605644882187,0.6492344540642355,0.0,0.46373889576016825
0.6148789007925227,0.662177277776563,0.047298376984040214,0.4256853928563619
0.6247401307318765,0.6727970638650979,0.09611386626644254,0.38445546506577016
0.6320816298242098,0.6807032936568413,0.14586499149789459,0.3403516468284207
0.6366127389367092,0.6855829496241485,0.1958808427497567,0.29382126412463505
0.6381449017759607,0.6872329711433423,0.24544034683690796,0.24544034683690796
0.6366127389367092,0.6855829496241485,0.29382126412463505,0.1958808427497567
0.6320816298242098,0.6807032936568413,0.3403516468284207,0.14586499149789459
0.6247401307318765,0.6727970638650979,0.38445546506577016,0.09611386626644254
0.6148789007925227,0.662177277776563,0.4256853928563619,0.047298376984040214
0.6028605644882187,0.6492344540642355,0.46373889576016825,0.0
0.5964809080634607,0.6882472016116854,0.0,0.41294832096701123
0.6067880364121376,0.7001400420140049,0.04667600280093367,0.37340802240746934
0.6148789007925227,0.7094756547606031,0.09459675396808043,0.3310886388882815
0.620456147874352,0.7159109398550215,0.1431821879710043,0.2863643759420086
0.6233022919309994,0.7191949522280762,0.19178532059415365,0.23973165074269207
0.6233022919309995,0.7191949522280763,0.2397316507426921,0.19178532059415368
0.620456147874352,0.7159109398550215,0.2863643759420086,0.1431821879710043
0.6148789007925227,0.7094756547606031,0.3310886388882815,0.09459675396808043
0.6067880364121376,0.7001400420140049,0.37340802240746934,0.04667600280093367
0.5964809080634607,0.6882472016116854,0.41294832096701123,0.0
0.5878803211399749,0.7235450106338153,0.0,0.36177250531690763
0.5964809080634607,0.7341303483857977,0.04588314677411236,0.3211820274187865
0.6028605644882187,0.7419822332162692,0.09274777915203365,0.27824333745610097
0.6067880364121375,0.7468160448149385,0.14002800840280097,0.2333800140046683
0.6081143506424844,0.7484484315599808,0.1871121078899952,0.1871121078899952
0.6067880364121375,0.7468160448149385,0.2333800140046683,0.14002800840280097
0.6028605644882187,0.7419822332162692,0.27824333745610097,0.09274777915203365
0.5964809080634607,0.7341303483857977,0.3211820274187865,0.04588314677411236
0.5878803211399749,0.7235450106338153,0.36177250531690763,0.0
0.5773502691896257,0.7549965058633566,0.0,0.31088091417902924
0.5843065474681431,0.764093177458341,0.044946657497549475,0.26967994498529685
0.5890862307582769,0.7703435325300544,0.09062865088588876,0.22657162721472188
0.5915204817512771,0.7735267838285932,0.13650472655798704,0.18200630207731602
0.5915204817512771,0.7735267838285932,0.18200630207731602,0.13650472655798704
0.5890862307582769,0.7703435325300544,0.22657162721472188,0.09062865088588876
0.5843065474681431,0.764093177458341,0.26967994498529685,0.044946657497549475
0.5773502691896257,0.7549965058633566,0.31088091417902924,0.0
0.5652173913043478,0.7826086956521738,0.0,0.2608695652173913
0.5706366656979913,0.7901123063510649,0.04389512813061472,0.21947564065307357
0.5739640213948524,0.7947194142390264,0.08830215713766959,0.17660431427533918
0.5750861417649514,0.7962731193668559,0.13271218656114264,0.13271218656114264
0.5739640213948524,0.7947194142390264,0.17660431427533918,0.08830215713766959
0.5706366656979913,0.7901123063510649,0.21947564065307357,0.04389512813061472
0.5652173913043478,0.7826086956521738,0.2608695652173913,0.0
0.5518192679714116,0.8065050839582169,0.0,0.21223817998900446
0.5558398622517167,0.8123813371371242,0.042756912480901285,0.17102764992360514
0.557883398049737,0.8153680433034616,0.08582821508457492,0.12874232262686236
0.557883398049737,0.8153680433034616,0.12874232262686236,0.08582821508457492
0.5558398622517167,0.8123813371371242,0.17102764992360514,0.042756912480901285
0.5518192679714116,0.8065050839582169,0.21223817998900446,0.0
0.5374838498865699,0.826898230594723,0.0,0.1653796461189446
0.5402615627001989,0.8311716349233828,0.04155858174616914,0.12467574523850743
0.5411970812583573,0.8326108942436267,0.08326108942436267,0.08326108942436267
0.5402615627001989,0.8311716349233828,0.12467574523850743,0.04155858174616914
0.5374838498865699,0.826898230594723,0.1653796461189446,0.0
0.5225141161877915,0.8440612646110478,0.0,0.12058018065872113
0.5242105950545827,0.8468017304727874,0.04032389192727559,0.08064778385455118
0.5242105950545827,0.8468017304727874,0.08064778385455118,0.04032389192727559
0.5225141161877915,0.8440612646110478,0.12058018065872113,0.0
0.5071783045165658,0.8583017461049575,0.0,0.07802743146408704
0.5079520323569663,0.8596111316810199,0.039073233258228174,0.039073233258228174
0.5071783045165658,0.8583017461049575,0.07802743146408704,0.0
0.491705158406952,0.8699398956430688,0.0,0.037823473723611695
0.491705158406952,0.8699398956430688,0.037823473723611695,0.0
0.47628314854075265,0.8792919665367741,0.0,0.0
0.5199469468957453,0.0,0.0,0.8541985556144386
0.5364811656675431,0.0,0.03832008326196737,0.8430418317632821
0.552966753873355,0.0,0.07899525055333644,0.8294501308100325
0.5691809397272192,0.0,0.12196734422726126,0.8131156281817418
0.5848583904020996,0.0,0.16710239725774276,0.7937363869742781
0.5996941116293671,0.0,0.2141764684390597,0.7710352863806149
0.6133511360736529,0.0,0.26286477260299407,0.7447835223751499
0.6254738722522784,0.0,0.3127369361261392,0.7148272825740324
0.6357072528610996,0.0,0.3632612873491998,0.6811149137797496
0.643720685820384,0.0,0.41382044088453257,0.643720685820384
0.6492344540642355,0.0,0.46373889576016825,0.6028605644882187
0.6520450059656713,0.0,0.5123210761158846,0.5588957193991468
0.6520450059656713,0.0,0.5588957193991468,0.5123210761158846
0.6492344540642355,0.0,0.6028605644882187,0.46373889576016825
0.643720685820384,0.0,0.643720685820384,0.41382044088453257
0.6357072528610996,0.0,0.6811149137797496,0.3632612873491998
0.6254738722522784,0.0,0.7148272825740324,0.3127369361261392
0.6133511360736529,0.0,0.7447835223751499,0.26286477260299407
0.5996941116293671,0.0,0.7710352863806149,0.2141764684390597
0.5848583904020996,0.0,0.7937363869742781,0.16710239725774276
0.5691809397272192,0.0,0.8131156281817418,0.12196734422726126
0.552966753873355,0.0,0.8294501308100325,0.07899525055333644
0.5364811656675431,0.0,0.8430418317632821,0.03832008326196737
0.5199469468957453,0.0,0.8541985556144386,0.0
0.5364811656675431,0.03832008326196737,0.0,0.8430418317632821
0.5538314404904648,0.03955938860646178,0.03955938860646178,0.8307471607356972
0.5710719115136029,0.04079085082240021,0.08158170164480041,0.8158170164480042
0.5879447357921312,0.0419960525565808,0.12598815766974242,0.7979249985750352
0.6041445928029443,0.04315318520021031,0.17261274080084124,0.7767573336037856
0.6193235372853323,0.044237395520380876,0.2211869776019044,0.7520357238464749
0.6331018843045884,0.045221563164613454,0.2713293789876807,0.7235450106338153
0.645085948617728,0.04607756775840914,0.322542974308864,0.6911635163761372
0.6548923776149832,0.0467780269724988,0.3742242157799904,0.6548923776149832
0.662177277776563,0.047298376984040214,0.4256853928563619,0.6148789007925227
0.6666666666666666,0.047619047619047616,0.47619047619047616,0.5714285714285714
0.6681835438646867,0.047727395990334764,0.5250013558936825,0.5250013558936825
0.6666666666666666,0.047619047619047616,0.5714285714285714,0.47619047619047616
0.662177277776563,0.047298376984040214,0.6148789007925227,0.4256853928563619
0.6548923776149832,0.0467780269724988,0.6548923776149832,0.3742242157799904
0.645085948617728,0.04607756775840914,0.6911635163761372,0.322542974308864
0.6331018843045884,0.045221563164613454,0.7235450106338153,0.2713293789876807
0.6193235372853323,0.044237395520380876,0.7520357238464749,0.2211869776019044
0.6041445928029443,0.04315318520021031,0.7767573336037856,0.17261274080084124
0.5879447357921312,0.0419960525565808,0.7979249985750352,0.12598815766974242
0.5710719115136029,0.04079085082240021,0.8158170164480042,0.08158170164480041
0.553831440490465,0.039559388606461784,0.8307471607356974,0.039559388606461784
0.5364811656675431,0.03832008326196737,0.8430418317632821,0.0
0.552966753873355,0.07899525055333644,0.0,0.8294501308100325
0.5710719115136029,0.08158170164480041,0.04079085082240021,0.8158170164480042
0.5889844266763398,0.08414063238233425,0.08414063238233425,0.7993360076321754
0.606407314553894,0.086629616364842,0.129944424547263,0.779666547283578
0.6229918232859788,0.08899883189799697,0.17799766379599394,0.7564900711329742
0.6383450536225744,0.09119215051751063,0.22798037629377657,0.729537204140085
0.6520450059656713,0.09314928656652446,0.2794478596995734,0.6986196492489335
0.6636636483959681,0.09480909262799544,0.33183182419798407,0.6636636483959681
0.6727970638650979,0.09611386626644254,0.38445546506577016,0.6247401307318765
0.6790997501017324,0.09701425001453319,0.4365641250653994,0.5820855000871992
0.682318250360011,0.09747403576571587,0.48737017882857936,0.5361071967114373
0.682318250360011,0.09747403576571587,0.5361071967114373,0.48737017882857936
0.6790997501017324,0.09701425001453319,0.5820855000871992,0.4365641250653994
0.6727970638650979,0.09611386626644254,0.6247401307318765,0.38445546506577016
0.6636636483959681,0.09480909262799544,0.6636636483959681,0.33183182419798407
0.6520450059656712,0.09314928656652445,0.6986196492489334,0.27944785969957336
0.6383450536225744,0.09119215051751063,0.729537204140085,0.22798037629377657
0.6229918232859788,0.08899883189799697,0.7564900711329742,0.17799766379599394
0.606407314553894,0.086629616364842,0.779666547283578,0.129944424547263
0.5889844266763398,0.08414063238233425,0.7993360076321754,0.08414063238233425
0.5710719115136029,0.08158170164480041,0.8158170164480042,0.04079085082240021
0.552966753873355,0.07899525055333644,0.8294501308100325,0.0
0.5691809397272192,0.12196734422726126,0.0,0.8131156281817418
0.5879447357921312,0.12598815766974242,0.0419960525565808,0.7979249985750352
0.606407314553894,0.129944424547263,0.086629616364842,0.779666547283578
0.6242291468947937,0.13376338862031295,0.13376338862031295,0.7579925355151067
0.6410159650938821,0.13736056394868904,0.18314741859825204,0.7325896743930082
0.6563301233138936,0.14064216928154863,0.2344036154692477,0.7032108464077431
0.6697108225289158,0.14350946197048198,0.28701892394096395,0.6697108225289158
0.6807032936568413,0.14586499149789459,0.3403516468284207,0.6320816298242098
0.6888949638271721,0.14762034939153687,0.3936542650440983,0.5904813975661475
0.6939542359352536,0.1487044791289829,0.44611343738694875,0.5452497568062707
0.6956655929999346,0.14907119849998599,0.49690399499995325,0.49690399499995325
0.6939542359352536,0.1487044791289829,0.5452497568062707,0.44611343738694875
0.6888949638271721,0.14762034939153687,0.5904813975661475,0.3936542650440983
0.6807032936568413,0.14586499149789459,0.6320816298242098,0.3403516468284207
0.6697108225289158,0.14350946197048198,0.6697108225289158,0.28701892394096395
0.6563301233138936,0.14064216928154863,0.7032108464077431,0.2344036154692477
0.6410159650938821,0.13736056394868904,0.7325896743930082,0.18314741859825204
0.6242291468947937,0.13376338862031295,0.7579925355151067,0.13376338862031295
0.606407314553894,0.129944424547263,0.779666547283578,0.086629616364842
0.5879447357921314,0.12598815766974245,0.7979249985750353,0.04199605255658081
0.5691809397272192,0.12196734422726126,0.8131156281817418,0.0
0.5848583904020996,0.16710239725774276,0.0,0.7937363869742781
0.6041445928029443,0.17261274080084124,0.04315318520021031,0.7767573336037856
0.6229918232859788,0.17799766379599394,0.08899883189799697,0.7564900711329742
0.6410159650938821,0.18314741859825204,0.13736056394868904,0.7325896743930082
0.6577773800289155,0.18793639429397585,0.18793639429397585,0.7047614786024095
0.6727970638650979,0.19222773253288508,0.24028466566610637,0.6727970638650979
0.6855829496241485,0.1958808427497567,0.29382126412463505,0.6366127389367092
0.6956655929999346,0.1987615979999813,0.3478327964999673,0.5962847939999439
0.7026398585198939,0.20075424529139826,0.40150849058279653,0.5520741745513452
0.7062065812274456,0.20177330892212733,0.45398994507478646,0.5044332723053183
0.7062065812274456,0.20177330892212733,0.5044332723053183,0.45398994507478646
0.7026398585198939,0.20075424529139826,0.5520741745513452,0.40150849058279653
0.6956655929999346,0.1987615979999813,0.5962847939999439,0.3478327964999673
0.6855829496241485,0.1958808427497567,0.6366127389367092,0.29382126412463505
0.6727970638650979,0.19222773253288508,0.6727970638650979,0.24028466566610637
0.6577773800289155,0.18793639429397585,0.7047614786024095,0.18793639429397585
0.6410159650938821,0.18314741859825204,0.7325896743930082,0.13736056394868904
0.6229918232859788,0.17799766379599394,0.7564900711329742,0.08899883189799697
0.6041445928029443,0.17261274080084124,0.7767573336037856,0.04315318520021031
0.5848583904020996,0.16710239725774276,0.7937363869742781,0.0
0.5996941116293671,0.2141764684390597,0.0,0.7710352863806149
0.6193235372853323,0.2211869776019044,0.044237395520380876,0.7520357238464749
0.6383450536225744,0.22798037629377657,0.09119215051751063,0.729537204140085
0.6563301233138936,0.2344036154692477,0.14064216928154863,0.7032108464077431
0.6727970638650979,0.24028466566610637,0.19222773253288508,0.6727970638650979
0.6872329711433424,0.245440346836908,0.245440346836908,0.6381449017759608
0.6991266372144912,0.24968808471946116,0.2996257016633534,0.5992514033267068
0.7080104323938431,0.25286086871208685,0.35400521619692155,0.556293911166591
0.7135060680126758,0.25482359571881275,0.40771775315010045,0.5096471914376255
0.7153665824306343,0.255488065153798,0.4598785172768364,0.4598785172768364
0.7135060680126758,0.25482359571881275,0.5096471914376255,0.40771775315010045
0.7080104323938431,0.25286086871208685,0.556293911166591,0.35400521619692155
0.6991266372144912,0.24968808471946116,0.5992514033267068,0.2996257016633534
0.6872329711433424,0.245440346836908,0.6381449017759608,0.245440346836908
0.6727970638650979,0.24028466566610637,0.6727970638650979,0.19222773253288508
0.6563301233138936,0.2344036154692477,0.7032108464077431,0.14064216928154863
0.6383450536225744,0.22798037629377657,0.729537204140085,0.09119215051751063
0.6193235372853324,0.22118697760190442,0.7520357238464751,0.04423739552038088
0.5996941116293671,0.2141764684390597,0.7710352863806149,0.0
0.6133511360736529,0.26286477260299407,0.0,0.7447835223751499
0.6331018843045884,0.2713293789876807,0.045221563164613454,0.7235450106338153
0.6520450059656713,0.2794478596995734,0.09314928656652446,0.6986196492489335
0.6697108225289158,0.28701892394096395,0.14350946197048198,0.6697108225289158
0.6855829496241485,0.29382126412463505,0.1958808427497567,0.6366127389367092
0.6991266372144912,0.2996257016633534,0.24968808471946116,0.5992514033267068
0.7098281771887515,0.30421207593803634,0.30421207593803634,0.5577221392197332
0.7172417274099839,0.30738931174713596,0.35862086370499197,0.5123155195785599
0.7210366836744466,0.30901572157476287,0.4120209620996838,0.4635235823621443
0.7210366836744466,0.30901572157476287,0.4635235823621443,0.4120209620996838
0.7172417274099839,0.30738931174713596,0.5123155195785599,0.35862086370499197
0.7098281771887515,0.30421207593803634,0.5577221392197332,0.30421207593803634
0.6991266372144912,0.2996257016633534,0.5992514033267068,0.24968808471946116
0.6855829496241486,0.2938212641246351,0.6366127389367094,0.19588084274975673
0.6697108225289158,0.28701892394096395,0.6697108225289158,0.14350946197048198
0.6520450059656713,0.2794478596995734,0.6986196492489335,0.09314928656652446
0.6331018843045885,0.2713293789876808,0.7235450106338154,0.04522156316461346
0.6133511360736529,0.26286477260299407,0.7447835223751499,0.0
0.6254738722522784,0.3127369361261392,0.0,0.7148272825740324
0.645085948617728,0.322542974308864,0.04607756775840914,0.6911635163761372
0.6636636483959681,0.33183182419798407,0.09480909262799544,0.6636636483959681
0.6807032936568413,0.3403516468284207,0.14586499149789459,0.6320816298242098
0.6956655929999346,0.3478327964999673,0.1987615979999813,0.5962847939999439
0.7080104323938431,0.35400521619692155,0.25286086871208685,0.556293911166591
0.7172417274099839,0.35862086370499197,0.30738931174713596,0.5123155195785599
0.7229568912920511,0.36147844564602555,0.36147844564602555,0.46475800154489
0.7248925223098968,0.3624462611549484,0.4142242984627982,0.4142242984627982
0.7229568912920511,0.36147844564602555,0.46475800154489,0.36147844564602555
0.7172417274099839,0.35862086370499197,0.5123155195785599,0.30738931174713596
0.7080104323938431,0.35400521619692155,0.556293911166591,0.25286086871208685
0.6956655929999346,0.3478327964999673,0.5962847939999439,0.1987615979999813
0.6807032936568413,0.3403516468284207,0.6320816298242098,0.14586499149789459
0.6636636483959681,0.33183182419798407,0.6636636483959681,0.09480909262799544
0.645085948617728,0.322542974308864,0.6911635163761372,0.04607756775840914
0.6254738722522784,0.3127369361261392,0.7148272825740324,0.0
0.6357072528610996,0.3632612873491998,0.0,0.6811149137797496
0.6548923776149832,0.3742242157799904,0.0467780269724988,0.6548923776149832
0.6727970638650979,0.38445546506577016,0.09611386626644254,0.6247401307318765
0.6888949638271721,0.3936542650440983,0.14762034939153687,0.5904813975661475
0.7026398585198939,0.40150849058279653,0.20075424529139826,0.5520741745513452
0.7135060680126758,0.40771775315010045,0.25482359571881275,0.5096471914376255
0.7210366836744466,0.4120209620996838,0.30901572157476287,0.4635235823621443
0.7248925223098968,0.4142242984627982,0.3624462611549484,0.4142242984627982
0.7248925223098968,0.4142242984627982,0.4142242984627982,0.3624462611549484
0.7210366836744466,0.4120209620996838,0.4635235823621443,0.30901572157476287
0.7135060680126758,0.40771775315010045,0.5096471914376255,0.25482359571881275
0.7026398585198939,0.40150849058279653,0.5520741745513452,0.20075424529139826
0.6888949638271721,0.3936542650440983,0.5904813975661475,0.14762034939153687
0.6727970638650979,0.38445546506577016,0.6247401307318765,0.09611386626644254
0.6548923776149832,0.3742242157799904,0.6548923776149832,0.0467780269724988
0.6357072528610996,0.3632612873491998,0.6811149137797496,0.0
0.643720685820384,0.41382044088453257,0.0,0.643720685820384
0.662177277776563,0.4256853928563619,0.047298376984040214,0.6148789007925227
0.6790997501017324,0.4365641250653994,0.09701425001453319,0.5820855000871992
0.6939542359352536,0.44611343738694875,0.1487044791289829,0.5452497568062707
0.7062065812274456,0.45398994507478646,0.20177330892212733,0.5044332723053183
0.7153665824306343,0.4598785172768364,0.255488065153798,0.4598785172768364
0.7210366836744466,0.4635235823621443,0.30901572157476287,0.4120209620996838
0.7229568912920511,0.46475800154489,0.36147844564602555,0.36147844564602555
0.7210366836744466,0.4635235823621443,0.4120209620996838,0.30901572157476287
0.7153665824306343,0.4598785172768364,0.4598785172768364,0.255488065153798
0.7062065812274456,0.45398994507478646,0.5044332723053183,0.20177330892212733
0.6939542359352536,0.44611343738694875,0.5452497568062707,0.1487044791289829
0.6790997501017324,0.4365641250653994,0.5820855000871992,0.09701425001453319
0.662177277776563,0.4256853928563619,0.6148789007925227,0.047298376984040214
0.643720685820384,0.41382044088453257,0.643720685820384,0.0
0.6492344540642355,0.46373889576016825,0.0,0.6028605644882187
0.6666666666666666,0.47619047619047616,0.047619047619047616,0.5714285714285714
0.682318250360011,0.48737017882857936,0.09747403576571587,0.5361071967114373
0.6956655929999346,0.49690399499995325,0.14907119849998599,0.49690399499995325
0.7062065812274456,0.5044332723053183,0.20177330892212733,0.45398994507478646
0.7135060680126758,0.5096471914376255,0.25482359571881275,0.40771775315010045
0.7172417274099839,0.5123155195785599,0.30738931174713596,0.35862086370499197
0.7172417274099839,0.5123155195785599,0.35862086370499197,0.30738931174713596
0.7135060680126758,0.5096471914376255,0.40771775315010045,0.25482359571881275
0.7062065812274456,0.5044332723053183,0.45398994507478646,0.20177330892212733
0.6956655929999346,0.49690399499995325,0.49690399499995325,0.14907119849998599
0.682318250360011,0.48737017882857936,0.5361071967114373,0.09747403576571587
0.6666666666666667,0.4761904761904762,0.5714285714285715,0.04761904761904762
0.6492344540642355,0.46373889576016825,0.6028605644882187,0.0
0.6520450059656713,0.5123210761158846,0.0,0.5588957193991468
0.6681835438646867,0.5250013558936825,0.047727395990334764,0.5250013558936825
0.682318250360011,0.5361071967114373,0.09747403576571587,0.48737017882857936
0.6939542359352536,0.5452497568062707,0.1487044791289829,0.44611343738694875
0.7026398585198939,0.5520741745513452,0.20075424529139826,0.40150849058279653
0.7080104323938431,0.556293911166591,0.25286086871208685,0.35400521619692155
0.7098281771887512,0.5577221392197331,0.3042120759380363,0.3042120759380363
0.7080104323938431,0.556293911166591,0.35400521619692155,0.25286086871208685
0.7026398585198939,0.5520741745513452,0.40150849058279653,0.20075424529139826
0.6939542359352536,0.5452497568062707,0.44611343738694875,0.1487044791289829
0.682318250360011,0.5361071967114373,0.48737017882857936,0.09747403576571587
0.6681835438646867,0.5250013558936825,0.5250013558936825,0.047727395990334764
0.6520450059656713,0.5123210761158846,0.5588957193991468,0.0
0.6520450059656713,0.5588957193991468,0.0,0.5123210761158846
0.6666666666666667,0.5714285714285715,0.04761904761904762,0.4761904761904762
0.6790997501017324,0.5820855000871992,0.09701425001453319,0.4365641250653994
0.6888949638271721,0.5904813975661475,0.14762034939153687,0.3936542650440983
0.6956655929999346,0.5962847939999439,0.1987615979999813,0.3478327964999673
0.6991266372144912,0.5992514033267068,0.24968808471946116,0.2996257016633534
0.6991266372144912,0.5992514033267068,0.2996257016633534,0.24968808471946116
0.6956655929999347,0.596284793999944,0.34783279649996734,0.19876159799998136
0.6888949638271721,0.5904813975661475,0.3936542650440983,0.14762034939153687
0.6790997501017324,0.5820855000871992,0.4365641250653994,0.09701425001453319
0.6666666666666667,0.5714285714285715,0.4761904761904762,0.04761904761904762
0.6520450059656713,0.5588957193991468,0.5123210761158846,0.0
0.6492344540642355,0.6028605644882187,0.0,0.46373889576016825
0.662177277776563,0.6148789007925227,0.047298376984040214,0.4256853928563619
0.6727970638650979,0.6247401307318765,0.09611386626644254,0.38445546506577016
0.6807032936568413,0.6320816298242098,0.14586499149789459,0.3403516468284207
0.6855829496241485,0.6366127389367092,0.1958808427497567,0.29382126412463505
0.6872329711433423,0.6381449017759607,0.24544034683690796,0.24544034683690796
0.6855829496241485,0.6366127389367092,0.29382126412463505,0.1958808427497567
0.6807032936568413,0.6320816298242098,0.3403516468284207,0.14586499149789459
0.6727970638650979,0.6247401307318765,0.38445546506577016,0.09611386626644254
0.662177277776563,0.6148789007925227,0.4256853928563619,0.047298376984040214
0.6492344540642355,0.6028605644882187,0.46373889576016825,0.0
0.643720685820384,0.643720685820384,0.0,0.41382044088453257
0.6548923776149832,0.6548923776149832,0.0467780269724988,0.3742242157799904
0.6636636483959681,0.6636636483959681,0.09480909262799544,0.33183182419798407
0.6697108225289158,0.6697108225289158,0.14350946197048198,0.28701892394096395
0.672797063865098,0.672797063865098,0.19222773253288514,0.2402846656661064
0.6727970638650979,0.6727970638650979,0.24028466566610637,0.19222773253288508
0.6697108225289158,0.6697108225289158,0.28701892394096395,0.14350946197048198
0.6636636483959681,0.6636636483959681,0.33183182419798407,0.09480909262799544
0.6548923776149832,0.6548923776149832,0.3742242157799904,0.0467780269724988
0.643720685820384,0.643720685820384,0.41382044088453257,0.0
0.6357072528610996,0.6811149137797496,0.0,0.3632612873491998
0.645085948617728,0.6911635163761372,0.04607756775840914,0.322542974308864
0.6520450059656712,0.6986196492489334,0.09314928656652445,0.27944785969957336
0.6563301233138936,0.7032108464077431,0.14064216928154863,0.2344036154692477
0.6577773800289155,0.7047614786024095,0.18793639429397585,0.18793639429397585
0.6563301233138936,0.7032108464077431,0.2344036154692477,0.14064216928154863
0.6520450059656712,0.6986196492489334,0.27944785969957336,0.09314928656652445
0.645085948617728,0.6911635163761372,0.322542974308864,0.04607756775840914
0.6357072528610996,0.6811149137797496,0.3632612873491998,0.0
0.6254738722522784,0.7148272825740324,0.0,0.3127369361261392
0.6331018843045884,0.7235450106338153,0.045221563164613454,0.2713293789876807
0.6383450536225744,0.729537204140085,0.09119215051751063,0.22798037629377657
0.6410159650938821,0.7325896743930082,0.13736056394868904,0.18314741859825204
0.6410159650938821,0.7325896743930082,0.18314741859825204,0.13736056394868904
0.6383450536225744,0.729537204140085,0.22798037629377657,0.09119215051751063
0.6331018843045884,0.7235450106338153,0.2713293789876807,0.045221563164613454
0.6254738722522784,0.7148272825740324,0.3127369361261392,0.0
0.6133511360736529,0.7447835223751499,0.0,0.26286477260299407
0.6193235372853324,0.7520357238464751,0.04423739552038088,0.22118697760190442
0.6229918232859788,0.7564900711329742,0.08899883189799697,0.17799766379599394
0.6242291468947937,0.7579925355151067,0.13376338862031295,0.13376338862031295
0.6229918232859788,0.7564900711329742,0.17799766379599394,0.08899883189799697
0.6193235372853324,0.7520357238464751,0.22118697760190442,0.04423739552038088
0.6133511360736529,0.7447835223751499,0.26286477260299407,0.0
0.5996941116293671,0.7710352863806149,0.0,0.2141764684390597
0.6041445928029443,0.7767573336037856,0.04315318520021031,0.17261274080084124
0.606407314553894,0.779666547283578,0.086629616364842,0.129944424547263
0.606407314553894,0.779666547283578,0.129944424547263,0.086629616364842
0.6041445928029443,0.7767573336037856,0.17261274080084124,0.04315318520021031
0.5996941116293671,0.7710352863806149,0.2141764684390597,0.0
0.5848583904020996,0.7937363869742781,0.0,0.16710239725774276
0.5879447357921314,0.7979249985750353,0.04199605255658081,0.12598815766974245
0.5889844266763398,0.7993360076321754,0.08414063238233425,0.08414063238233425
0.5879447357921314,0.7979249985750353,0.12598815766974245,0.04199605255658081
0.5848583904020996,0.7937363869742781,0.16710239725774276,0.0
0.5691809397272192,0.8131156281817418,0.0,0.12196734422726126
0.5710719115136029,0.8158170164480042,0.04079085082240021,0.08158170164480041
0.5710719115136029,0.8158170164480042,0.08158170164480041,0.04079085082240021
0.5691809397272192,0.8131156281817418,0.12196734422726126,0.0
0.552966753873355,0.8294501308100325,0.0,0.07899525055333644
0.553831440490465,0.8307471607356974,0.039559388606461784,0.039559388606461784
0.552966753873355,0.8294501308100325,0.07899525055333644,0.0
0.5364811656675431,0.8430418317632821,0.0,0.03832008326196737
0.5364811656675431,0.8430418317632821,0.03832008326196737,0.0
0.5199469468957453,0.8541985556144386,0.0,0.0
0.5633368246415098,0.0,0.0,0.8262273428075477
0.5808023194967747,0.0,0.038720154633118314,0.8131232472954846
0.5980891671216749,0.0,0.07974522228289,0.7974522228288999
0.6149400462680908,0.0,0.12298800925361818,0.7789240586062484
0.6310547428675068,0.0,0.16828126476466848,0.7572656914410082
0.646095738380922,0.0,0.21536524612697402,0.7322418368317117
0.6596992457003137,0.0,0.2638796982801255,0.703679195413668
0.6714922215537679,0.0,0.3133630367250917,0.6714922215537679
0.6811149137797496,0.0,0.3632612873491998,0.6357072528610996
0.6882472016116853,0.0,0.4129483209670111,0.5964809080634605
0.6926356448094152,0.0,0.46175709653961017,0.5541085158475322
0.6941172200741212,0.0,0.5090192947210223,0.5090192947210223
0.6926356448094152,0.0,0.5541085158475322,0.46175709653961017
0.6882472016116854,0.0,0.5964809080634607,0.41294832096701123
0.6811149137797496,0.0,0.6357072528610996,0.3632612873491998
0.6714922215537679,0.0,0.6714922215537679,0.3133630367250917
0.6596992457003136,0.0,0.7036791954136679,0.2638796982801254
0.646095738380922,0.0,0.7322418368317117,0.21536524612697402
0.631054742867507,0.0,0.7572656914410083,0.1682812647646685
0.6149400462680908,0.0,0.7789240586062484,0.12298800925361818
0.5980891671216749,0.0,0.7974522228288999,0.07974522228289
0.5808023194967747,0.0,0.8131232472954846,0.038720154633118314
0.5633368246415098,0.0,0.8262273428075477,0.0
0.5808023194967747,0.038720154633118314,0.0,0.8131232472954846
0.5990422978731538,0.03993615319154359,0.03993615319154359,0.7987230638308718
0.6170175523422954,0.04113450348948636,0.08226900697897271,0.7815555663002407
0.6344324016567203,0.042295493443781355,0.12688648033134406,0.7613188819880644
0.6509445549041193,0.043396303660274624,0.1735852146410985,0.7377371622246686
0.6661733875264911,0.04441155916843274,0.22205779584216373,0.7105849466949239
0.6797148816441657,0.04531432544294438,0.27188595265766624,0.6797148816441657
0.6911635163761372,0.04607756775840914,0.322542974308864,0.645085948617728
0.7001400420140049,0.04667600280093367,0.37340802240746934,0.6067880364121376
0.7063224140220167,0.04708816093480111,0.42379344841321,0.5650579312176134
0.7094756547606031,0.047298376984040214,0.47298376984040214,0.5202821468244423
0.7094756547606031,0.047298376984040214,0.5202821468244423,0.47298376984040214
0.7063224140220167,0.04708816093480111,0.5650579312176134,0.42379344841321
0.7001400420140048,0.046676002800933654,0.6067880364121375,0.37340802240746923
0.6911635163761372,0.04607756775840914,0.645085948617728,0.322542974308864
0.6797148816441655,0.04531432544294437,0.6797148816441655,0.27188595265766624
0.6661733875264911,0.04441155916843274,0.7105849466949239,0.22205779584216373
0.6509445549041193,0.043396303660274624,0.7377371622246686,0.1735852146410985
0.6344324016567203,0.042295493443781355,0.7613188819880644,0.12688648033134406
0.6170175523422954,0.04113450348948636,0.7815555663002407,0.08226900697897271
0.5990422978731538,0.03993615319154359,0.7987230638308718,0.03993615319154359
0.5808023194967747,0.038720154633118314,0.8131232472954846,0.0
0.5980891671216749,0.07974522228289,0.0,0.7974522228288999
0.6170175523422954,0.08226900697897271,0.04113450348948636,0.7815555663002407
0.6355703979105537,0.08474271972140716,0.08474271972140716,0.7626844774926644
0.6534102628035483,0.08712136837380643,0.13068205256070964,0.7405316311773547
0.6701505774131554,0.08935341032175405,0.1787068206435081,0.7148272825740324
0.6853674935774308,0.09138233247699076,0.22845583119247692,0.6853674935774308
0.6986196492489335,0.09314928656652446,0.2794478596995734,0.6520450059656713
0.7094756547606031,0.09459675396808043,0.3310886388882815,0.6148789007925227
0.7175473098524098,0.09567297464698797,0.3826918985879519,0.5740378478819279
0.722524576288632,0.0963366101718176,0.4335147457731792,0.5298513559449968
0.7242068243779014,0.09656090991705352,0.4828045495852676,0.4828045495852676
0.7225245762886321,0.09633661017181762,0.5298513559449969,0.4335147457731793
0.7175473098524097,0.09567297464698796,0.5740378478819278,0.38269189858795183
0.7094756547606031,0.09459675396808043,0.6148789007925227,0.3310886388882815
0.6986196492489334,0.09314928656652445,0.6520450059656712,0.27944785969957336
0.6853674935774308,0.09138233247699076,0.6853674935774308,0.22845583119247692
0.6701505774131554,0.08935341032175405,0.7148272825740324,0.1787068206435081
0.6534102628035483,0.08712136837380643,0.7405316311773547,0.13068205256070964
0.6355703979105537,0.08474271972140716,0.7626844774926644,0.08474271972140716
0.6170175523422954,0.08226900697897271,0.7815555663002407,0.04113450348948636
0.5980891671216749,0.07974522228289,0.7974522228288999,0.0
0.6149400462680908,0.12298800925361818,0.0,0.7789240586062484
0.6344324016567203,0.12688648033134406,0.042295493443781355,0.7613188819880644
0.6534102628035483,0.13068205256070964,0.08712136837380643,0.7405316311773547
0.6714922215537679,0.13429844431075358,0.13429844431075358,0.7162583696573525
0.6882472016116854,0.13764944032233709,0.18353258709644943,0.6882472016116854
0.7032108464077431,0.14064216928154863,0.2344036154692477,0.6563301233138936
0.7159109398550215,0.1431821879710043,0.2863643759420086,0.620456147874352
0.7259008777437409,0.14518017554874818,0.3387537429470791,0.5807207021949927
0.7327979531190473,0.14655959062380947,0.39082557499682524,0.5373851656206347
0.736321040510724,0.1472642081021448,0.4417926243064344,0.490880693673816
0.736321040510724,0.1472642081021448,0.490880693673816,0.4417926243064344
0.7327979531190473,0.14655959062380947,0.5373851656206347,0.39082557499682524
0.7259008777437409,0.14518017554874818,0.5807207021949927,0.3387537429470791
0.7159109398550215,0.1431821879710043,0.620456147874352,0.2863643759420086
0.7032108464077431,0.14064216928154863,0.6563301233138936,0.2344036154692477
0.6882472016116854,0.13764944032233709,0.6882472016116854,0.18353258709644943
0.6714922215537679,0.13429844431075358,0.7162583696573525,0.13429844431075358
0.6534102628035483,0.13068205256070964,0.7405316311773547,0.08712136837380643
0.6344324016567204,0.1268864803313441,0.7613188819880645,0.04229549344378136
0.6149400462680908,0.12298800925361818,0.7789240586062484,0.0
0.6310547428675068,0.16828126476466848,0.0,0.7572656914410082
0.6509445549041193,0.1735852146410985,0.043396303660274624,0.7377371622246686
0.6701505774131554,0.1787068206435081,0.08935341032175405,0.7148272825740324
0.6882472016116854,0.18353258709644943,0.13764944032233709,0.6882472016116854
0.7047614786024095,0.18793639429397585,0.18793639429397585,0.6577773800289155
0.7191949522280762,0.19178532059415365,0.23973165074269207,0.6233022919309994
0.731055268242869,0.19494807153143173,0.2924221072971476,0.5848442145942953
0.7398954355004852,0.19730544946679607,0.3452845365668931,0.5425899860336891
0.7453559924999299,0.1987615979999813,0.3975231959999626,0.49690399499995325
0.7472032220800768,0.19925419255468715,0.4483219332480461,0.4483219332480461
0.7453559924999299,0.1987615979999813,0.49690399499995325,0.3975231959999626
0.7398954355004851,0.197305449466796,0.542589986033689,0.345284536566893
0.731055268242869,0.19494807153143173,0.5848442145942953,0.2924221072971476
0.7191949522280762,0.19178532059415365,0.6233022919309994,0.23973165074269207
0.7047614786024095,0.18793639429397585,0.6577773800289155,0.18793639429397585
0.6882472016116854,0.18353258709644943,0.6882472016116854,0.13764944032233709
0.6701505774131554,0.1787068206435081,0.7148272825740324,0.08935341032175405
0.6509445549041193,0.1735852146410985,0.7377371622246686,0.043396303660274624
0.6310547428675068,0.16828126476466848,0.7572656914410082,0.0
0.646095738380922,0.21536524612697402,0.0,0.7322418368317117
0.6661733875264911,0.22205779584216373,0.04441155916843274,0.7105849466949239
0.6853674935774308,0.22845583119247692,0.09138233247699076,0.6853674935774308
0.7032108464077431,0.2344036154692477,0.14064216928154863,0.6563301233138936
0.7191949522280762,0.23973165074269207,0.19178532059415365,0.6233022919309994
0.7327979531190473,0.24426598437301578,0.24426598437301578,0.5862383624952379
0.7435223956449146,0.24784079854830487,0.2974089582579658,0.5452497568062707
0.7509392614826383,0.2503130871608794,0.3504383220252312,0.5006261743217588
0.7547319081399414,0.2515773027133138,0.40252368434130203,0.4528391448839648
0.7547319081399414,0.2515773027133138,0.4528391448839648,0.40252368434130203
0.7509392614826383,0.2503130871608794,0.5006261743217588,0.3504383220252312
0.7435223956449145,0.24784079854830482,0.5452497568062706,0.29740895825796576
0.7327979531190473,0.24426598437301578,0.5862383624952379,0.24426598437301578
0.7191949522280762,0.23973165074269207,0.6233022919309994,0.19178532059415365
0.7032108464077431,0.2344036154692477,0.6563301233138936,0.14064216928154863
0.6853674935774308,0.22845583119247692,0.6853674935774308,0.09138233247699076
0.6661733875264914,0.22205779584216376,0.7105849466949241,0.04441155916843276
0.646095738380922,0.21536524612697402,0.7322418368317117,0.0
0.6596992457003137,0.2638796982801255,0.0,0.703679195413668
0.6797148816441657,0.27188595265766624,0.04531432544294438,0.6797148816441657
0.6986196492489335,0.2794478596995734,0.09314928656652446,0.6520450059656713
0.7159109398550215,0.2863643759420086,0.1431821879710043,0.620456147874352
0.731055268242869,0.2924221072971476,0.19494807153143173,0.5848442145942953
0.7435223956449146,0.2974089582579658,0.24784079854830487,0.5452497568062707
0.7528284198427434,0.3011313679370974,0.3011313679370974,0.5018856132284957
0.7585826061362605,0.3034330424545042,0.35400521619692155,0.4551495636817563
0.7605301898450908,0.30421207593803634,0.4056161012507151,0.4056161012507151
0.7585826061362605,0.3034330424545042,0.4551495636817563,0.35400521619692155
0.7528284198427434,0.3011313679370974,0.5018856132284957,0.3011313679370974
0.7435223956449145,0.29740895825796576,0.5452497568062706,0.24784079854830482
0.7310552682428691,0.2924221072971477,0.5848442145942954,0.19494807153143176
0.7159109398550215,0.2863643759420086,0.620456147874352,0.1431821879710043
0.6986196492489335,0.2794478596995734,0.6520450059656713,0.09314928656652446
0.6797148816441657,0.27188595265766624,0.6797148816441657,0.04531432544294438
0.6596992457003137,0.2638796982801255,0.703679195413668,0.0
0.6714922215537679,0.3133630367250917,0.0,0.6714922215537679
0.6911635163761372,0.322542974308864,0.04607756775840914,0.645085948617728
0.7094756547606031,0.3310886388882815,0.09459675396808043,0.6148789007925227
0.7259008777437409,0.3387537429470791,0.14518017554874818,0.5807207021949927
0.7398954355004852,0.3452845365668931,0.19730544946679607,0.5425899860336891
0.7509392614826383,0.3504383220252312,0.2503130871608794,0.5006261743217588
0.7585826061362605,0.35400521619692155,0.3034330424545042,0.4551495636817563
0.7624928516630233,0.3558299974427442,0.3558299974427442,0.4066628542202791
0.7624928516630233,0.3558299974427442,0.4066628542202791,0.3558299974427442
0.7585826061362605,0.35400521619692155,0.4551495636817563,0.3034330424545042
0.7509392614826383,0.3504383220252312,0.5006261743217588,0.2503130871608794
0.7398954355004852,0.3452845365668931,0.5425899860336891,0.19730544946679607
0.7259008777437409,0.3387537429470791,0.5807207021949927,0.14518017554874818
0.7094756547606031,0.3310886388882815,0.6148789007925227,0.09459675396808043
0.6911635163761372,0.322542974308864,0.645085948617728,0.04607756775840914
0.6714922215537679,0.3133630367250917,0.6714922215537679,0.0
0.6811149137797496,0.3632612873491998,0.0,0.6357072528610996
0.7001400420140049,0.37340802240746934,0.04667600280093367,0.6067880364121376
0.7175473098524098,0.3826918985879519,0.09567297464698797,0.5740378478819279
0.7327979531190473,0.39082557499682524,0.14655959062380947,0.5373851656206347
0.7453559924999299,0.3975231959999626,0.1987615979999813,0.49690399499995325
0.7547319081399414,0.40252368434130203,0.2515773027133138,0.4528391448839648
0.7605301898450908,0.4056161012507151,0.30421207593803634,0.4056161012507151
0.7624928516630233,0.4066628542202791,0.3558299974427442,0.3558299974427442
0.7605301898450908,0.4056161012507151,0.4056161012507151,0.30421207593803634
0.7547319081399414,0.40252368434130203,0.4528391448839648,0.2515773027133138
0.7453559924999299,0.3975231959999626,0.49690399499995325,0.1987615979999813
0.7327979531190473,0.39082557499682524,0.5373851656206347,0.14655959062380947
0.7175473098524098,0.3826918985879519,0.5740378478819279,0.09567297464698797
0.7001400420140049,0.37340802240746934,0.6067880364121376,0.04667600280093367
0.6811149137797496,0.3632612873491998,0.6357072528610996,0.0
0.6882472016116853,0.4129483209670111,0.0,0.5964809080634605
0.7063224140220167,0.42379344841321,0.04708816093480111,0.5650579312176134
0.722524576288632,0.4335147457731792,0.0963366101718176,0.5298513559449968
0.736321040510724,0.4417926243064344,0.1472642081021448,0.490880693673816
0.7472032220800768,0.4483219332480461,0.19925419255468715,0.4483219332480461
0.7547319081399414,0.4528391448839648,0.2515773027133138,0.40252368434130203
0.7585826061362605,0.4551495636817563,0.3034330424545042,0.35400521619692155
0.7585826061362603,0.4551495636817562,0.3540052161969215,0.30343304245450414
0.7547319081399414,0.4528391448839648,0.40252368434130203,0.2515773027133138
0.7472032220800768,0.4483219332480461,0.4483219332480461,0.19925419255468715
0.736321040510724,0.4417926243064344,0.490880693673816,0.1472642081021448
0.722524576288632,0.4335147457731792,0.5298513559449968,0.0963366101718176
0.7063224140220167,0.42379344841321,0.5650579312176134,0.04708816093480111
0.6882472016116853,0.4129483209670111,0.5964809080634605,0.0
0.6926356448094152,0.46175709653961017,0.0,0.5541085158475322
0.7094756547606031,0.47298376984040214,0.047298376984040214,0.5202821468244423
0.7242068243779014,0.4828045495852676,0.09656090991705352,0.4828045495852676
0.736321040510724,0.490880693673816,0.1472642081021448,0.4417926243064344
0.7453559924999299,0.49690399499995325,0.1987615979999813,0.3975231959999626
0.7509392614826383,0.5006261743217588,0.2503130871608794,0.3504383220252312
0.7528284198427434,0.5018856132284957,0.3011313679370974,0.3011313679370974
0.7509392614826383,0.5006261743217588,0.3504383220252312,0.2503130871608794
0.7453559924999299,0.49690399499995325,0.3975231959999626,0.1987615979999813
0.736321040510724,0.490880693673816,0.4417926243064344,0.1472642081021448
0.7242068243779014,0.4828045495852676,0.4828045495852676,0.09656090991705352
0.7094756547606031,0.47298376984040214,0.5202821468244423,0.047298376984040214
0.6926356448094152,0.46175709653961017,0.5541085158475322,0.0
0.6941172200741212,0.5090192947210223,0.0,0.5090192947210223
0.7094756547606031,0.5202821468244423,0.047298376984040214,0.47298376984040214
0.7225245762886321,0.5298513559449969,0.09633661017181762,0.4335147457731793
0.7327979531190473,0.5373851656206347,0.14655959062380947,0.39082557499682524
0.7398954355004852,0.5425899860336891,0.19730544946679607,0.3452845365668931
0.7435223956449146,0.5452497568062707,0.24784079854830487,0.2974089582579658
0.7435223956449145,0.5452497568062706,0.29740895825796576,0.24784079854830482
0.7398954355004852,0.5425899860336891,0.3452845365668931,0.19730544946679607
0.7327979531190473,0.5373851656206347,0.39082557499682524,0.14655959062380947
0.7225245762886321,0.5298513559449969,0.4335147457731793,0.09633661017181762
0.7094756547606031,0.5202821468244423,0.47298376984040214,0.047298376984040214
0.6941172200741212,0.5090192947210223,0.5090192947210223,0.0
0.6926356448094152,0.5541085158475322,0.0,0.46175709653961017
0.7063224140220167,0.5650579312176134,0.04708816093480111,0.42379344841321
0.7175473098524097,0.5740378478819278,0.09567297464698796,0.38269189858795183
0.7259008777437409,0.5807207021949927,0.14518017554874818,0.3387537429470791
0.731055268242869,0.5848442145942953,0.19494807153143173,0.2924221072971476
0.7327979531190472,0.5862383624952378,0.24426598437301572,0.24426598437301572
0.731055268242869,0.5848442145942953,0.2924221072971476,0.19494807153143173
0.7259008777437409,0.5807207021949927,0.3387537429470791,0.14518017554874818
0.7175473098524097,0.5740378478819278,0.38269189858795183,0.09567297464698796
0.7063224140220167,0.5650579312176134,0.42379344841321,0.04708816093480111
0.6926356448094152,0.5541085158475322,0.46175709653961017,0.0
0.6882472016116854,0.5964809080634607,0.0,0.41294832096701123
0.7001400420140049,0.6067880364121376,0.04667600280093367,0.37340802240746934
0.7094756547606031,0.6148789007925227,0.09459675396808043,0.3310886388882815
0.7159109398550215,0.620456147874352,0.1431821879710043,0.2863643759420086
0.7191949522280762,0.6233022919309994,0.19178532059415365,0.23973165074269207
0.7191949522280763,0.6233022919309995,0.2397316507426921,0.19178532059415368
0.7159109398550215,0.620456147874352,0.2863643759420086,0.1431821879710043
0.7094756547606031,0.6148789007925227,0.3310886388882815,0.09459675396808043
0.7001400420140049,0.6067880364121376,0.37340802240746934,0.04667600280093367
0.6882472016116854,0.5964809080634607,0.41294832096701123,0.0
0.6811149137797496,0.6357072528610996,0.0,0.3632612873491998
0.6911635163761372,0.645085948617728,0.04607756775840914,0.322542974308864
0.6986196492489334,0.6520450059656712,0.09314928656652445,0.27944785969957336
0.7032108464077431,0.6563301233138936,0.14064216928154863,0.2344036154692477
0.7047614786024095,0.6577773800289155,0.18793639429397585,0.18793639429397585
0.7032108464077431,0.6563301233138936,0.2344036154692477,0.14064216928154863
0.6986196492489334,0.6520450059656712,0.27944785969957336,0.09314928656652445
0.6911635163761372,0.645085948617728,0.322542974308864,0.04607756775840914
0.6811149137797496,0.6357072528610996,0.3632612873491998,0.0
0.6714922215537679,0.6714922215537679,0.0,0.3133630367250917
0.6797148816441657,0.6797148816441657,0.04531432544294438,0.27188595265766624
0.6853674935774308,0.6853674935774308,0.09138233247699076,0.22845583119247692
0.6882472016116854,0.6882472016116854,0.13764944032233709,0.18353258709644943
0.6882472016116854,0.6882472016116854,0.18353258709644943,0.13764944032233709
0.6853674935774308,0.6853674935774308,0.22845583119247692,0.09138233247699076
0.6797148816441657,0.6797148816441657,0.27188595265766624,0.04531432544294438
0.6714922215537679,0.6714922215537679,0.3133630367250917,0.0
0.6596992457003136,0.7036791954136679,0.0,0.2638796982801254
0.6661733875264911,0.7105849466949239,0.04441155916843274,0.22205779584216373
0.6701505774131554,0.7148272825740324,0.08935341032175405,0.1787068206435081
0.6714922215537679,0.7162583696573525,0.13429844431075358,0.13429844431075358
0.6701505774131554,0.7148272825740324,0.1787068206435081,0.08935341032175405
0.6661733875264911,0.7105849466949239,0.22205779584216373,0.04441155916843274
0.6596992457003136,0.7036791954136679,0.2638796982801254,0.0
0.646095738380922,0.7322418368317117,0.0,0.21536524612697402
0.6509445549041195,0.7377371622246687,0.04339630366027463,0.17358521464109852
0.6534102628035483,0.7405316311773547,0.08712136837380643,0.13068205256070964
0.6534102628035483,0.7405316311773547,0.13068205256070964,0.08712136837380643
0.6509445549041195,0.7377371622246687,0.17358521464109852,0.04339630366027463
0.646095738380922,0.7322418368317117,0.21536524612697402,0.0
0.631054742867507,0.7572656914410083,0.0,0.1682812647646685
0.6344324016567204,0.7613188819880645,0.04229549344378136,0.1268864803313441
0.6355703979105537,0.7626844774926644,0.08474271972140716,0.08474271972140716
0.6344324016567204,0.7613188819880645,0.1268864803313441,0.04229549344378136
0.631054742867507,0.7572656914410083,0.1682812647646685,0.0
0.6149400462680908,0.7789240586062484,0.0,0.12298800925361818
0.6170175523422954,0.7815555663002407,0.04113450348948636,0.08226900697897271
0.6170175523422954,0.7815555663002407,0.08226900697897271,0.04113450348948636
0.6149400462680908,0.7789240586062484,0.12298800925361818,0.0
0.5980891671216749,0.7974522228288999,0.0,0.07974522228289
0.5990422978731538,0.7987230638308718,0.03993615319154359,0.03993615319154359
0.5980891671216749,0.7974522228288999,0.07974522228289,0.0
0.5808023194967747,0.8131232472954846,0.0,0.038720154633118314
0.5808023194967747,0.8131232472954846,0.038720154633118314,0.0
0.5633368246415098,0.8262273428075477,0.0,0.0
0.6060432152628562,0.0,0.0,0.7954317200324986
0.6242194517126964,0.0,0.03901371573204353,0.7802743146408705
0.6420578831241024,0.0,0.0802572353905128,0.7624437362098715
0.6592685147442633,0.0,0.12361284651454937,0.7416770790872963
0.6755205294731985,0.0,0.16888013236829963,0.7177405625652734
0.6904509632033649,0.0,0.21576592600105152,0.6904509632033649
0.703679195413668,0.0,0.2638796982801255,0.6596992457003137
0.7148272825740324,0.0,0.3127369361261392,0.6254738722522784
0.7235450106338153,0.0,0.36177250531690763,0.5878803211399749
0.7295372041400852,0.0,0.41036467732879794,0.5471529031050639
0.7325896743930082,0.0,0.4578685464956301,0.5036554011451931
0.7325896743930082,0.0,0.5036554011451931,0.4578685464956301
0.7295372041400852,0.0,0.5471529031050639,0.41036467732879794
0.7235450106338153,0.0,0.5878803211399749,0.36177250531690763
0.7148272825740324,0.0,0.6254738722522784,0.3127369361261392
0.7036791954136679,0.0,0.6596992457003136,0.2638796982801254
0.6904509632033649,0.0,0.6904509632033649,0.21576592600105152
0.6755205294731985,0.0,0.7177405625652734,0.16888013236829963
0.6592685147442633,0.0,0.7416770790872963,0.12361284651454937
0.6420578831241024,0.0,0.7624437362098715,0.0802572353905128
0.6242194517126964,0.0,0.7802743146408705,0.03901371573204353
0.6060432152628562,0.0,0.7954317200324986,0.0
0.6242194517126964,0.03901371573204353,0.0,0.7802743146408705
0.6430942968465128,0.04019339355290705,0.04019339355290705,0.7636744775052338
0.6615185844757784,0.04134491152973615,0.0826898230594723,0.7442084075352507
0.6791621759648141,0.04244763599780088,0.12734290799340264,0.721609811962615
0.6956521739130435,0.043478260869565216,0.17391304347826086,0.6956521739130435
0.7105849466949239,0.04441155916843274,0.22205779584216373,0.6661733875264911
0.7235450106338153,0.045221563164613454,0.2713293789876807,0.6331018843045884
0.7341303483857976,0.04588314677411235,0.32118202741878643,0.5964809080634605
0.7419822332162692,0.046373889576016826,0.3709911166081346,0.5564866749122019
0.7468160448149385,0.046676002800933654,0.4200840252084029,0.5134360308102702
0.7484484315599808,0.0467780269724988,0.467780269724988,0.467780269724988
0.7468160448149387,0.04667600280093367,0.5134360308102703,0.420084025208403
0.7419822332162692,0.046373889576016826,0.5564866749122019,0.3709911166081346
0.7341303483857977,0.04588314677411236,0.5964809080634607,0.3211820274187865
0.7235450106338153,0.045221563164613454,0.6331018843045884,0.2713293789876807
0.7105849466949239,0.04441155916843274,0.6661733875264911,0.22205779584216373
0.6956521739130436,0.04347826086956522,0.6956521739130436,0.1739130434782609
0.6791621759648141,0.04244763599780088,0.721609811962615,0.12734290799340264
0.6615185844757784,0.04134491152973615,0.7442084075352507,0.0826898230594723
0.6430942968465128,0.04019339355290705,0.7636744775052338,0.04019339355290705
0.6242194517126964,0.03901371573204353,0.7802743146408705,0.0
0.6420578831241024,0.0802572353905128,0.0,0.7624437362098715
0.6615185844757784,0.0826898230594723,0.04134491152973615,0.7442084075352507
0.6803892089000996,0.08504865111251245,0.08504865111251245,0.7229135344563558
0.6982972487551756,0.08728715609439695,0.13093073414159542,0.6982972487551756
0.7148272825740324,0.08935341032175405,0.1787068206435081,0.6701505774131554
0.729537204140085,0.09119215051751063,0.22798037629377657,0.6383450536225744
0.7419822332162692,0.09274777915203365,0.27824333745610097,0.6028605644882187
0.7517455771759033,0.09396819714698791,0.32888869001445764,0.5638091828819274
0.7584727410239636,0.09480909262799544,0.3792363705119818,0.521450009453975
0.7619047619047619,0.09523809523809523,0.42857142857142855,0.47619047619047616
0.7619047619047619,0.09523809523809523,0.47619047619047616,0.42857142857142855
0.7584727410239634,0.09480909262799543,0.5214500094539749,0.3792363705119817
0.7517455771759034,0.09396819714698793,0.5638091828819275,0.32888869001445775
0.7419822332162692,0.09274777915203365,0.6028605644882187,0.27824333745610097
0.729537204140085,0.09119215051751063,0.6383450536225744,0.22798037629377657
0.7148272825740324,0.08935341032175405,0.6701505774131554,0.1787068206435081
0.6982972487551756,0.08728715609439695,0.6982972487551756,0.13093073414159542
0.6803892089000996,0.08504865111251245,0.7229135344563558,0.08504865111251245
0.6615185844757784,0.0826898230594723,0.7442084075352507,0.04134491152973615
0.6420578831241024,0.0802572353905128,0.7624437362098715,0.0
0.6592685147442633,0.12361284651454937,0.0,0.7416770790872963
0.6791621759648141,0.12734290799340264,0.04244763599780088,0.721609811962615
0.6982972487551756,0.13093073414159542,0.08728715609439695,0.6982972487551756
0.7162583696573525,0.13429844431075358,0.13429844431075358,0.6714922215537679
0.7325896743930082,0.13736056394868904,0.18314741859825204,0.6410159650938821
0.7468160448149387,0.140028008402801,0.23338001400466832,0.6067880364121376
0.7584727410239636,0.14221363894199318,0.28442727788398636,0.5688545557679727
0.7671412823766146,0.14383899044561524,0.33562431103976886,0.5274096316339225
0.7724872793364281,0.14484136487558028,0.38624363966821407,0.4828045495852676
0.7742942695933237,0.14518017554874818,0.4355405266462446,0.4355405266462446
0.7724872793364281,0.14484136487558028,0.4828045495852676,0.38624363966821407
0.7671412823766146,0.14383899044561524,0.5274096316339225,0.33562431103976886
0.7584727410239636,0.14221363894199318,0.5688545557679727,0.28442727788398636
0.7468160448149385,0.14002800840280097,0.6067880364121375,0.2333800140046683
0.7325896743930082,0.13736056394868904,0.6410159650938821,0.18314741859825204
0.7162583696573525,0.13429844431075358,0.6714922215537679,0.13429844431075358
0.6982972487551756,0.13093073414159542,0.6982972487551756,0.08728715609439695
0.6791621759648142,0.12734290799340267,0.7216098119626151,0.04244763599780089
0.6592685147442633,0.12361284651454937,0.7416770790872963,0.0
0.6755205294731985,0.16888013236829963,0.0,0.7177405625652734
0.6956521739130435,0.17391304347826086,0.043478260869565216,0.6956521739130435
0.7148272825740324,0.1787068206435081,0.08935341032175405,0.6701505774131554
0.7325896743930082,0.18314741859825204,0.13736056394868904,0.6410159650938821
0.7484484315599808,0.1871121078899952,0.1871121078899952,0.6081143506424844
0.7619047619047619,0.19047619047619047,0.23809523809523808,0.5714285714285714
0.7724872793364281,0.19312181983410703,0.28968272975116055,0.5310850045437944
0.7797922861257269,0.19494807153143173,0.3411591251800055,0.48737017882857936
0.7835233709990268,0.1958808427497567,0.3917616854995134,0.4407318961869526
0.7835233709990268,0.1958808427497567,0.4407318961869526,0.3917616854995134
0.7797922861257269,0.19494807153143173,0.48737017882857936,0.3411591251800055
0.7724872793364281,0.19312181983410703,0.5310850045437944,0.28968272975116055
0.7619047619047619,0.19047619047619047,0.5714285714285714,0.23809523809523808
0.7484484315599808,0.1871121078899952,0.6081143506424844,0.1871121078899952
0.7325896743930082,0.18314741859825204,0.6410159650938821,0.13736056394868904
0.7148272825740324,0.1787068206435081,0.6701505774131554,0.08935341032175405
0.6956521739130435,0.17391304347826086,0.6956521739130435,0.043478260869565216
0.6755205294731985,0.16888013236829963,0.7177405625652734,0.0
0.6904509632033649,0.21576592600105152,0.0,0.6904509632033649
0.7105849466949239,0.22205779584216373,0.04441155916843274,0.6661733875264911
0.729537204140085,0.22798037629377657,0.09119215051751063,0.6383450536225744
0.7468160448149387,0.23338001400466832,0.140028008402801,0.6067880364121376
0.7619047619047619,0.23809523809523808,0.19047619047619047,0.5714285714285714
0.7742942695933235,0.24196695924791362,0.24196695924791362,0.5323273103454099
0.7835233709990268,0.24485105343719588,0.29382126412463505,0.48970210687439175
0.7892217978671843,0.24663181183349506,0.3452845365668931,0.4439372613002911
0.791149082294638,0.24723408821707438,0.395574541147319,0.395574541147319
0.789221797867184,0.24663181183349503,0.44393726130029104,0.345284536566893
0.7835233709990268,0.24485105343719588,0.48970210687439175,0.29382126412463505
0.7742942695933237,0.24196695924791364,0.53232731034541,0.24196695924791364
0.7619047619047619,0.23809523809523808,0.5714285714285714,0.19047619047619047
0.7468160448149387,0.23338001400466832,0.6067880364121376,0.140028008402801
0.729537204140085,0.22798037629377657,0.6383450536225744,0.09119215051751063
0.7105849466949241,0.22205779584216376,0.6661733875264914,0.04441155916843276
0.6904509632033649,0.21576592600105152,0.6904509632033649,0.0
0.703679195413668,0.2638796982801255,0.0,0.6596992457003137
0.7235450106338153,0.2713293789876807,0.045221563164613454,0.6331018843045884
0.7419822332162692,0.27824333745610097,0.09274777915203365,0.6028605644882187
0.7584727410239636,0.28442727788398636,0.14221363894199318,0.5688545557679727
0.7724872793364281,0.28968272975116055,0.19312181983410703,0.5310850045437944
0.7835233709990268,0.29382126412463505,0.24485105343719588,0.48970210687439175
0.791149082294638,0.2966809058604893,0.2966809058604893,0.4450213587907339
0.7950463919999252,0.29814239699997197,0.3478327964999673,0.3975231959999626
0.7950463919999252,0.29814239699997197,0.3975231959999626,0.3478327964999673
0.791149082294638,0.2966809058604893,0.4450213587907339,0.2966809058604893
0.7835233709990268,0.29382126412463505,0.48970210687439175,0.24485105343719588
0.7724872793364281,0.28968272975116055,0.5310850045437944,0.19312181983410703
0.7584727410239636,0.28442727788398636,0.5688545557679727,0.14221363894199318
0.7419822332162692,0.27824333745610097,0.6028605644882187,0.09274777915203365
0.7235450106338154,0.2713293789876808,0.6331018843045885,0.04522156316461346
0.703679195413668,0.2638796982801255,0.6596992457003137,0.0
0.7148272825740324,0.3127369361261392,0.0,0.6254738722522784
0.7341303483857976,0.32118202741878643,0.04588314677411235,0.5964809080634605
0.7517455771759033,0.32888869001445764,0.09396819714698791,0.5638091828819274
0.7671412823766146,0.33562431103976886,0.14383899044561524,0.5274096316339225
0.7797922861257269,0.3411591251800055,0.19494807153143173,0.48737017882857936
0.7892217978671843,0.3452845365668931,0.24663181183349506,0.4439372613002911
0.7950463919999252,0.3478327964999673,0.29814239699997197,0.3975231959999626
0.7970167702187486,0.3486948369707025,0.3486948369707025,0.3486948369707025
0.7950463919999252,0.3478327964999673,0.3975231959999626,0.29814239699997197
0.789221797867184,0.345284536566893,0.44393726130029104,0.24663181183349503
0.779792286125727,0.34115912518000563,0.4873701788285794,0.19494807153143176
0.7671412823766146,0.33562431103976886,0.5274096316339225,0.14383899044561524
0.7517455771759033,0.32888869001445764,0.5638091828819274,0.09396819714698791
0.7341303483857977,0.3211820274187865,0.5964809080634607,0.04588314677411236
0.7148272825740324,0.3127369361261392,0.6254738722522784,0.0
0.7235450106338153,0.36177250531690763,0.0,0.5878803211399749
0.7419822332162692,0.3709911166081346,0.046373889576016826,0.5564866749122019
0.7584727410239636,0.3792363705119818,0.09480909262799544,0.521450009453975
0.7724872793364281,0.38624363966821407,0.14484136487558028,0.4828045495852676
0.7835233709990268,0.3917616854995134,0.1958808427497567,0.4407318961869526
0.791149082294638,0.395574541147319,0.24723408821707438,0.395574541147319
0.7950463919999252,0.3975231959999626,0.29814239699997197,0.3478327964999673
0.7950463919999252,0.3975231959999626,0.3478327964999673,0.29814239699997197
0.791149082294638,0.395574541147319,0.395574541147319,0.24723408821707438
0.7835233709990268,0.3917616854995134,0.4407318961869526,0.1958808427497567
0.7724872793364281,0.38624363966821407,0.4828045495852676,0.14484136487558028
0.7584727410239636,0.3792363705119818,0.521450009453975,0.09480909262799544
0.7419822332162692,0.3709911166081346,0.5564866749122019,0.046373889576016826
0.7235450106338153,0.36177250531690763,0.5878803211399749,0.0
0.7295372041400852,0.41036467732879794,0.0,0.5471529031050639
0.7468160448149387,0.420084025208403,0.04667600280093367,0.5134360308102703
0.7619047619047619,0.42857142857142855,0.09523809523809523,0.47619047619047616
0.7742942695933237,0.4355405266462446,0.14518017554874818,0.4355405266462446
0.7835233709990268,0.4407318961869526,0.1958808427497567,0.3917616854995134
0.7892217978671843,0.4439372613002911,0.24663181183349506,0.3452845365668931
0.791149082294638,0.4450213587907339,0.2966809058604893,0.2966809058604893
0.789221797867184,0.44393726130029104,0.345284536566893,0.24663181183349503
0.7835233709990269,0.44073189618695263,0.39176168549951346,0.19588084274975673
0.7742942695933237,0.4355405266462446,0.4355405266462446,0.14518017554874818
0.7619047619047619,0.42857142857142855,0.47619047619047616,0.09523809523809523
0.7468160448149387,0.420084025208403,0.5134360308102703,0.04667600280093367
0.7295372041400852,0.41036467732879794,0.5471529031050639,0.0
0.7325896743930082,0.4578685464956301,0.0,0.5036554011451931
0.7484484315599808,0.467780269724988,0.0467780269724988,0.467780269724988
0.7619047619047619,0.47619047619047616,0.09523809523809523,0.42857142857142855
0.7724872793364281,0.4828045495852676,0.14484136487558028,0.38624363966821407
0.7797922861257269,0.48737017882857936,0.19494807153143173,0.3411591251800055
0.7835233709990268,0.48970210687439175,0.24485105343719588,0.29382126412463505
0.7835233709990268,0.48970210687439175,0.29382126412463505,0.24485105343719588
0.779792286125727,0.4873701788285794,0.34115912518000563,0.19494807153143176
0.7724872793364281,0.4828045495852676,0.38624363966821407,0.14484136487558028
0.7619047619047619,0.47619047619047616,0.42857142857142855,0.09523809523809523
0.7484484315599808,0.467780269724988,0.467780269724988,0.0467780269724988
0.7325896743930082,0.4578685464956301,0.5036554011451931,0.0
0.7325896743930082,0.5036554011451931,0.0,0.4578685464956301
0.7468160448149387,0.5134360308102703,0.04667600280093367,0.420084025208403
0.7584727410239634,0.5214500094539749,0.09480909262799543,0.3792363705119817
0.7671412823766146,0.5274096316339225,0.14383899044561524,0.33562431103976886
0.7724872793364281,0.5310850045437944,0.19312181983410703,0.28968272975116055
0.7742942695933235,0.5323273103454099,0.24196695924791362,0.24196695924791362
0.7724872793364281,0.5310850045437944,0.28968272975116055,0.19312181983410703
0.7671412823766146,0.5274096316339225,0.33562431103976886,0.14383899044561524
0.7584727410239634,0.5214500094539749,0.3792363705119817,0.09480909262799543
0.7468160448149387,0.5134360308102703,0.420084025208403,0.04667600280093367
0.7325896743930082,0.5036554011451931,0.4578685464956301,0.0
0.7295372041400852,0.5471529031050639,0.0,0.41036467732879794
0.7419822332162692,0.5564866749122019,0.046373889576016826,0.3709911166081346
0.7517455771759034,0.5638091828819275,0.09396819714698793,0.32888869001445775
0.7584727410239636,0.5688545557679727,0.14221363894199318,0.28442727788398636
0.761904761904762,0.5714285714285715,0.1904761904761905,0.2380952380952381
0.7619047619047619,0.5714285714285714,0.23809523809523808,0.19047619047619047
0.7584727410239636,0.5688545557679727,0.28442727788398636,0.14221363894199318
0.7517455771759034,0.5638091828819275,0.32888869001445775,0.09396819714698793
0.7419822332162692,0.5564866749122019,0.3709911166081346,0.046373889576016826
0.7295372041400852,0.5471529031050639,0.41036467732879794,0.0
0.7235450106338153,0.5878803211399749,0.0,0.36177250531690763
0.7341303483857977,0.5964809080634607,0.04588314677411236,0.3211820274187865
0.7419822332162692,0.6028605644882187,0.09274777915203365,0.27824333745610097
0.7468160448149385,0.6067880364121375,0.14002800840280097,0.2333800140046683
0.7484484315599808,0.6081143506424844,0.1871121078899952,0.1871121078899952
0.7468160448149385,0.6067880364121375,0.2333800140046683,0.14002800840280097
0.7419822332162692,0.6028605644882187,0.27824333745610097,0.09274777915203365
0.7341303483857977,0.5964809080634607,0.3211820274187865,0.04588314677411236
0.7235450106338153,0.5878803211399749,0.36177250531690763,0.0
0.7148272825740324,0.6254738722522784,0.0,0.3127369361261392
0.7235450106338153,0.6331018843045884,0.045221563164613454,0.2713293789876807
0.729537204140085,0.6383450536225744,0.09119215051751063,0.22798037629377657
0.7325896743930082,0.6410159650938821,0.13736056394868904,0.18314741859825204
0.7325896743930082,0.6410159650938821,0.18314741859825204,0.13736056394868904
0.729537204140085,0.6383450536225744,0.22798037629377657,0.09119215051751063
0.7235450106338153,0.6331018843045884,0.2713293789876807,0.045221563164613454
0.7148272825740324,0.6254738722522784,0.3127369361261392,0.0
0.7036791954136679,0.6596992457003136,0.0,0.2638796982801254
0.7105849466949239,0.6661733875264911,0.04441155916843274,0.22205779584216373
0.7148272825740324,0.6701505774131554,0.08935341032175405,0.1787068206435081
0.7162583696573525,0.6714922215537679,0.13429844431075358,0.13429844431075358
0.7148272825740324,0.6701505774131554,0.1787068206435081,0.08935341032175405
0.7105849466949239,0.6661733875264911,0.22205779584216373,0.04441155916843274
0.7036791954136679,0.6596992457003136,0.2638796982801254,0.0
0.6904509632033649,0.6904509632033649,0.0,0.21576592600105152
0.6956521739130436,0.6956521739130436,0.04347826086956522,0.1739130434782609
0.6982972487551756,0.6982972487551756,0.08728715609439695,0.13093073414159542
0.6982972487551756,0.6982972487551756,0.13093073414159542,0.08728715609439695
0.6956521739130436,0.6956521739130436,0.1739130434782609,0.04347826086956522
0.6904509632033649,0.6904509632033649,0.21576592600105152,0.0
0.6755205294731985,0.7177405625652734,0.0,0.16888013236829963
0.6791621759648142,0.7216098119626151,0.04244763599780089,0.12734290799340267
0.6803892089000996,0.7229135344563558,0.08504865111251245,0.08504865111251245
0.6791621759648142,0.7216098119626151,0.12734290799340267,0.04244763599780089
0.6755205294731985,0.7177405625652734,0.16888013236829963,0.0
0.6592685147442633,0.7416770790872963,0.0,0.12361284651454937
0.6615185844757784,0.7442084075352507,0.04134491152973615,0.0826898230594723
0.6615185844757784,0.7442084075352507,0.0826898230594723,0.04134491152973615
0.6592685147442633,0.7416770790872963,0.12361284651454937,0.0
0.6420578831241024,0.7624437362098715,0.0,0.0802572353905128
0.6430942968465128,0.7636744775052338,0.04019339355290705,0.04019339355290705
0.6420578831241024,0.7624437362098715,0.0802572353905128,0.0
0.6242194517126964,0.7802743146408705,0.0,0.03901371573204353
0.6242194517126964,0.7802743146408705,0.03901371573204353,0.0
0.6060432152628562,0.7954317200324986,0.0,0.0
0.6476484200955405,0.0,0.0,0.7619393177594594
0.6662825314191775,0.0,0.03919309008348103,0.7446687115861395
0.6843942298942034,0.0,0.08051696822284746,0.7246527140056271
0.7016650919010466,0.0,0.12382325151194941,0.7016650919010466
0.7177405625652734,0.0,0.16888013236829963,0.6755205294731985
0.7322418368317117,0.0,0.21536524612697402,0.646095738380922
0.7447835223751499,0.0,0.26286477260299407,0.6133511360736529
0.7549965058633569,0.0,0.3108809141790293,0.5773502691896258
0.7625542168276362,0.0,0.3588490432130053,0.5382735648195079
0.7671992600910911,0.0,0.40616431416587173,0.49642305064717657
0.7687665737984287,0.0,0.45221563164613454,0.45221563164613454
0.7671992600910911,0.0,0.49642305064717657,0.40616431416587173
0.7625542168276362,0.0,0.5382735648195079,0.3588490432130053
0.7549965058633566,0.0,0.5773502691896257,0.31088091417902924
0.7447835223751499,0.0,0.6133511360736529,0.26286477260299407
0.7322418368317117,0.0,0.646095738380922,0.21536524612697402
0.7177405625652734,0.0,0.6755205294731985,0.16888013236829963
0.7016650919010466,0.0,0.7016650919010466,0.12382325151194941
0.6843942298942034,0.0,0.7246527140056271,0.08051696822284746
0.6662825314191775,0.0,0.7446687115861395,0.03919309008348103
0.6476484200955405,0.0,0.7619393177594594,0.0
0.6662825314191775,0.03919309008348103,0.0,0.7446687115861395
0.685506162763685,0.04032389192727559,0.04032389192727559,0.7258300546909606
0.7040680615781949,0.04141576832812911,0.08283153665625823,0.7040680615781949
0.721609811962615,0.04244763599780088,0.12734290799340264,0.6791621759648141
0.7377371622246686,0.043396303660274624,0.1735852146410985,0.6509445549041193
0.7520357238464749,0.044237395520380876,0.2211869776019044,0.6193235372853323
0.764093177458341,0.044946657497549475,0.26967994498529685,0.5843065474681431
0.7735267838285932,0.045501575519329006,0.31851102863530306,0.5460189062319482
0.7800134951599099,0.04588314677411235,0.3670651741928988,0.5047146145152358
0.7833186518929555,0.04607756775840914,0.4146981098256823,0.46077567758409144
0.7833186518929555,0.04607756775840914,0.46077567758409144,0.4146981098256823
0.7800134951599101,0.04588314677411236,0.5047146145152359,0.36706517419289886
0.7735267838285932,0.045501575519329006,0.5460189062319482,0.31851102863530306
0.764093177458341,0.044946657497549475,0.5843065474681431,0.26967994498529685
0.7520357238464749,0.044237395520380876,0.6193235372853323,0.2211869776019044
0.7377371622246686,0.043396303660274624,0.6509445549041193,0.1735852146410985
0.721609811962615,0.04244763599780088,0.6791621759648141,0.12734290799340264
0.7040680615781949,0.04141576832812911,0.7040680615781949,0.08283153665625823
0.685506162763685,0.04032389192727559,0.7258300546909606,0.04032389192727559
0.6662825314191775,0.03919309008348103,0.7446687115861395,0.0
0.6843942298942034,0.08051696822284746,0.0,0.7246527140056271
0.7040680615781949,0.08283153665625823,0.04141576832812911,0.7040680615781949
0.7229135344563558,0.08504865111251245,0.08504865111251245,0.6803892089000996
0.7405316311773547,0.08712136837380643,0.13068205256070964,0.6534102628035483
0.7564900711329742,0.08899883189799697,0.17799766379599394,0.6229918232859788
0.7703435325300544,0.09062865088588876,0.22657162721472188,0.5890862307582769
0.7816608327818949,0.09196009797434057,0.2758802939230217,0.5517605878460434
0.7900570009782942,0.09294788246803462,0.32531758863812116,0.5112133535741904
0.7952264585324795,0.0935560539449976,0.3742242157799904,0.467780269724988
0.7969722925954422,0.09376144618769909,0.42192650784464586,0.42192650784464586
0.7952264585324795,0.0935560539449976,0.467780269724988,0.3742242157799904
0.7900570009782942,0.09294788246803462,0.5112133535741904,0.32531758863812116
0.7816608327818949,0.09196009797434057,0.5517605878460434,0.2758802939230217
0.7703435325300544,0.09062865088588876,0.5890862307582769,0.22657162721472188
0.7564900711329742,0.08899883189799697,0.6229918232859788,0.17799766379599394
0.7405316311773547,0.08712136837380643,0.6534102628035483,0.13068205256070964
0.7229135344563558,0.08504865111251245,0.6803892089000996,0.08504865111251245
0.7040680615781949,0.08283153665625823,0.7040680615781949,0.04141576832812911
0.6843942298942034,0.08051696822284746,0.7246527140056271,0.0
0.7016650919010466,0.12382325151194941,0.0,0.7016650919010466
0.721609811962615,0.12734290799340264,0.04244763599780088,0.6791621759648141
0.7405316311773547,0.13068205256070964,0.08712136837380643,0.6534102628035483
0.7579925355151067,0.13376338862031295,0.13376338862031295,0.6242291468947937
0.7735267838285932,0.13650472655798704,0.18200630207731602,0.5915204817512771
0.7866661827506707,0.13882344401482424,0.23137240669137374,0.555293776059297
0.7969722925954422,0.14064216928154863,0.28128433856309726,0.515687954032345
0.8040724087286836,0.14189513095212064,0.3310886388882815,0.47298376984040214
0.8076943748474859,0.142534301443674,0.3800914705164639,0.42760290433102194
0.8076943748474857,0.14253430144367396,0.4276029043310218,0.38009147051646386
0.8040724087286836,0.14189513095212064,0.47298376984040214,0.3310886388882815
0.7969722925954422,0.14064216928154863,0.515687954032345,0.28128433856309726
0.7866661827506709,0.13882344401482427,0.5552937760592971,0.2313724066913738
0.7735267838285932,0.13650472655798704,0.5915204817512771,0.18200630207731602
0.7579925355151067,0.13376338862031295,0.6242291468947937,0.13376338862031295
0.7405316311773547,0.13068205256070964,0.6534102628035483,0.08712136837380643
0.7216098119626151,0.12734290799340267,0.6791621759648142,0.04244763599780089
0.7016650919010466,0.12382325151194941,0.7016650919010466,0.0
0.7177405625652734,0.16888013236829963,0.0,0.6755205294731985
0.7377371622246686,0.1735852146410985,0.043396303660274624,0.6509445549041193
0.7564900711329742,0.17799766379599394,0.08899883189799697,0.6229918232859788
0.7735267838285932,0.18200630207731602,0.13650472655798704,0.5915204817512771
0.7883561227922861,0.1854955583040673,0.1854955583040673,0.5564866749122019
0.8004987358916189,0.18835264373920443,0.23544080467400555,0.5179697702828122
0.8095238095238094,0.19047619047619047,0.2857142857142857,0.47619047619047616
0.8150876125251529,0.19178532059415365,0.33562431103976886,0.4315169713368457
0.8169678632647617,0.19222773253288508,0.38445546506577016,0.38445546506577016
0.8150876125251529,0.19178532059415365,0.4315169713368457,0.33562431103976886
0.8095238095238094,0.19047619047619047,0.47619047619047616,0.2857142857142857
0.8004987358916189,0.18835264373920443,0.5179697702828122,0.23544080467400555
0.7883561227922861,0.1854955583040673,0.5564866749122019,0.1854955583040673
0.7735267838285932,0.18200630207731602,0.5915204817512771,0.13650472655798704
0.7564900711329742,0.17799766379599394,0.6229918232859788,0.08899883189799697
0.7377371622246686,0.1735852146410985,0.6509445549041193,0.043396303660274624
0.7177405625652734,0.16888013236829963,0.6755205294731985,0.0
0.7322418368317117,0.21536524612697402,0.0,0.646095738380922
0.7520357238464749,0.2211869776019044,0.044237395520380876,0.6193235372853323
0.7703435325300544,0.22657162721472188,0.09062865088588876,0.5890862307582769
0.7866661827506707,0.23137240669137374,0.13882344401482424,0.555293776059297
0.8004987358916189,0.23544080467400555,0.18835264373920443,0.5179697702828122
0.811365731835691,0.23863697995167385,0.23863697995167385,0.4772739599033477
0.8188611864604498,0.24084152542954404,0.28900983051545287,0.4335147457731793
0.8226876614429064,0.24196695924791364,0.3387537429470791,0.38714713479666185
0.8226876614429064,0.24196695924791364,0.38714713479666185,0.3387537429470791
0.8188611864604496,0.240841525429544,0.4335147457731792,0.2890098305154528
0.811365731835691,0.23863697995167385,0.4772739599033477,0.23863697995167385
0.8004987358916189,0.23544080467400555,0.5179697702828122,0.18835264373920443
0.7866661827506707,0.23137240669137374,0.555293776059297,0.13882344401482424
0.7703435325300544,0.22657162721472188,0.5890862307582769,0.09062865088588876
0.7520357238464751,0.22118697760190442,0.6193235372853324,0.04423739552038088
0.7322418368317117,0.21536524612697402,0.646095738380922,0.0
0.7447835223751499,0.26286477260299407,0.0,0.6133511360736529
0.764093177458341,0.26967994498529685,0.044946657497549475,0.5843065474681431
0.7816608327818949,0.2758802939230217,0.09196009797434057,0.5517605878460434
0.7969722925954422,0.28128433856309726,0.14064216928154863,0.515687954032345
0.8095238095238094,0.2857142857142857,0.19047619047619047,0.47619047619047616
0.8188611864604498,0.28900983051545287,0.24084152542954404,0.4335147457731793
0.8246211251235321,0.2910427500435996,0.2910427500435996,0.38805700005813276
0.8265682851547359,0.29172998299578917,0.3403516468284207,0.3403516468284207
0.8246211251235321,0.2910427500435996,0.38805700005813276,0.2910427500435996
0.8188611864604498,0.28900983051545287,0.4335147457731793,0.24084152542954404
0.8095238095238094,0.2857142857142857,0.47619047619047616,0.19047619047619047
0.7969722925954422,0.28128433856309726,0.515687954032345,0.14064216928154863
0.7816608327818949,0.2758802939230217,0.5517605878460434,0.09196009797434057
0.764093177458341,0.26967994498529685,0.5843065474681431,0.044946657497549475
0.7447835223751499,0.26286477260299407,0.6133511360736529,0.0
0.7549965058633569,0.3108809141790293,0.0,0.5773502691896258
0.7735267838285932,0.31851102863530306,0.045501575519329006,0.5460189062319482
0.7900570009782942,0.32531758863812116,0.09294788246803462,0.5112133535741904
0.8040724087286836,0.3310886388882815,0.14189513095212064,0.47298376984040214
0.8150876125251529,0.33562431103976886,0.19178532059415365,0.4315169713368457
0.8226876614429064,0.3387537429470791,0.24196695924791364,0.38714713479666185
0.8265682851547359,0.3403516468284207,0.29172998299578917,0.3403516468284207
0.8265682851547358,0.3403516468284206,0.3403516468284206,0.2917299829957891
0.8226876614429064,0.3387537429470791,0.38714713479666185,0.24196695924791364
0.8150876125251529,0.33562431103976886,0.4315169713368457,0.19178532059415365
0.8040724087286836,0.3310886388882815,0.47298376984040214,0.14189513095212064
0.7900570009782942,0.32531758863812116,0.5112133535741904,0.09294788246803462
0.7735267838285932,0.31851102863530306,0.5460189062319482,0.045501575519329006
0.7549965058633569,0.3108809141790293,0.5773502691896258,0.0
0.7625542168276362,0.3588490432130053,0.0,0.5382735648195079
0.7800134951599101,0.36706517419289886,0.04588314677411236,0.5047146145152359
0.7952264585324795,0.3742242157799904,0.0935560539449976,0.467780269724988
0.8076943748474859,0.3800914705164639,0.142534301443674,0.42760290433102194
0.8169678632647618,0.3844554650657703,0.19222773253288514,0.3844554650657703
0.8226876614429064,0.38714713479666185,0.24196695924791364,0.3387537429470791
0.8246211251235321,0.38805700005813276,0.2910427500435996,0.2910427500435996
0.8226876614429064,0.38714713479666185,0.3387537429470791,0.24196695924791364
0.8169678632647617,0.38445546506577016,0.38445546506577016,0.19222773253288508
0.8076943748474859,0.3800914705164639,0.42760290433102194,0.142534301443674
0.7952264585324795,0.3742242157799904,0.467780269724988,0.0935560539449976
0.7800134951599101,0.36706517419289886,0.5047146145152359,0.04588314677411236
0.7625542168276362,0.3588490432130053,0.5382735648195079,0.0
0.7671992600910911,0.40616431416587173,0.0,0.49642305064717657
0.7833186518929555,0.4146981098256823,0.04607756775840914,0.46077567758409144
0.7969722925954422,0.42192650784464586,0.09376144618769909,0.42192650784464586
0.8076943748474857,0.4276029043310218,0.14253430144367396,0.38009147051646386
0.8150876125251529,0.4315169713368457,0.19178532059415365,0.33562431103976886
0.8188611864604496,0.4335147457731792,0.240841525429544,0.2890098305154528
0.8188611864604498,0.4335147457731793,0.28900983051545287,0.24084152542954404
0.8150876125251532,0.4315169713368458,0.3356243110397689,0.19178532059415368
0.8076943748474857,0.4276029043310218,0.38009147051646386,0.14253430144367396
0.7969722925954422,0.42192650784464586,0.42192650784464586,0.09376144618769909
0.7833186518929555,0.4146981098256823,0.46077567758409144,0.04607756775840914
0.7671992600910911,0.40616431416587173,0.49642305064717657,0.0
0.7687665737984287,0.45221563164613454,0.0,0.45221563164613454
0.7833186518929555,0.46077567758409144,0.04607756775840914,0.4146981098256823
0.7952264585324795,0.467780269724988,0.0935560539449976,0.3742242157799904
0.8040724087286836,0.47298376984040214,0.14189513095212064,0.3310886388882815
0.8095238095238094,0.47619047619047616,0.19047619047619047,0.2857142857142857
0.811365731835691,0.4772739599033477,0.23863697995167385,0.23863697995167385
0.8095238095238094,0.47619047619047616,0.2857142857142857,0.19047619047619047
0.8040724087286836,0.47298376984040214,0.3310886388882815,0.14189513095212064
0.7952264585324795,0.467780269724988,0.3742242157799904,0.0935560539449976
0.7833186518929555,0.46077567758409144,0.4146981098256823,0.04607756775840914
0.7687665737984287,0.45221563164613454,0.45221563164613454,0.0
0.7671992600910911,0.49642305064717657,0.0,0.40616431416587173
0.7800134951599101,0.5047146145152359,0.04588314677411236,0.36706517419289886
0.7900570009782942,0.5112133535741904,0.09294788246803462,0.32531758863812116
0.7969722925954422,0.515687954032345,0.14064216928154863,0.28128433856309726
0.8004987358916189,0.5179697702828122,0.18835264373920443,0.23544080467400555
0.8004987358916189,0.5179697702828122,0.23544080467400555,0.18835264373920443
0.7969722925954422,0.515687954032345,0.28128433856309726,0.14064216928154863
0.7900570009782942,0.5112133535741904,0.32531758863812116,0.09294788246803462
0.7800134951599101,0.5047146145152359,0.36706517419289886,0.04588314677411236
0.7671992600910911,0.49642305064717657,0.40616431416587173,0.0
0.7625542168276362,0.5382735648195079,0.0,0.3588490432130053
0.7735267838285932,0.5460189062319482,0.045501575519329006,0.31851102863530306
0.7816608327818949,0.5517605878460434,0.09196009797434057,0.2758802939230217
0.7866661827506709,0.5552937760592971,0.13882344401482427,0.2313724066913738
0.7883561227922862,0.556486674912202,0.18549555830406733,0.18549555830406733
0.7866661827506709,0.5552937760592971,0.2313724066913738,0.13882344401482427
0.7816608327818949,0.5517605878460434,0.2758802939230217,0.09196009797434057
0.7735267838285932,0.5460189062319482,0.31851102863530306,0.045501575519329006
0.7625542168276362,0.5382735648195079,0.3588490432130053,0.0
0.7549965058633566,0.5773502691896257,0.0,0.31088091417902924
0.764093177458341,0.5843065474681431,0.044946657497549475,0.26967994498529685
0.7703435325300544,0.5890862307582769,0.09062865088588876,0.22657162721472188
0.7735267838285932,0.5915204817512771,0.13650472655798704,0.18200630207731602
0.7735267838285932,0.5915204817512771,0.18200630207731602,0.13650472655798704
0.7703435325300544,0.5890862307582769,0.22657162721472188,0.09062865088588876
0.764093177458341,0.5843065474681431,0.26967994498529685,0.044946657497549475
0.7549965058633566,0.5773502691896257,0.31088091417902924,0.0
0.7447835223751499,0.6133511360736529,0.0,0.26286477260299407
0.7520357238464751,0.6193235372853324,0.04423739552038088,0.22118697760190442
0.7564900711329742,0.6229918232859788,0.08899883189799697,0.17799766379599394
0.7579925355151067,0.6242291468947937,0.13376338862031295,0.13376338862031295
0.7564900711329742,0.6229918232859788,0.17799766379599394,0.08899883189799697
0.7520357238464751,0.6193235372853324,0.22118697760190442,0.04423739552038088
0.7447835223751499,0.6133511360736529,0.26286477260299407,0.0
0.7322418368317117,0.646095738380922,0.0,0.21536524612697402
0.7377371622246687,0.6509445549041195,0.04339630366027463,0.17358521464109852
0.7405316311773547,0.6534102628035483,0.08712136837380643,0.13068205256070964
0.7405316311773547,0.6534102628035483,0.13068205256070964,0.08712136837380643
0.7377371622246687,0.6509445549041195,0.17358521464109852,0.04339630366027463
0.7322418368317117,0.646095738380922,0.21536524612697402,0.0
0.7177405625652734,0.6755205294731985,0.0,0.16888013236829963
0.7216098119626151,0.6791621759648142,0.04244763599780089,0.12734290799340267
0.7229135344563558,0.6803892089000996,0.08504865111251245,0.08504865111251245
0.7216098119626151,0.6791621759648142,0.12734290799340267,0.04244763599780089
0.7177405625652734,0.6755205294731985,0.16888013236829963,0.0
0.7016650919010466,0.7016650919010466,0.0,0.12382325151194941
0.7040680615781949,0.7040680615781949,0.04141576832812911,0.08283153665625823
0.7040680615781949,0.7040680615781949,0.08283153665625823,0.04141576832812911
0.7016650919010466,0.7016650919010466,0.12382325151194941,0.0
0.6843942298942034,0.7246527140056271,0.0,0.08051696822284746
0.685506162763685,0.7258300546909606,0.04032389192727559,0.04032389192727559
0.6843942298942034,0.7246527140056271,0.08051696822284746,0.0
0.6662825314191775,0.7446687115861395,0.0,0.03919309008348103
0.6662825314191775,0.7446687115861395,0.03919309008348103,0.0
0.6476484200955405,0.7619393177594594,0.0,0.0
0.6877446479107832,0.0,0.0,0.7259526839058266
0.7065618047809736,0.0,0.039253433598942976,0.7065618047809736
0.7246527140056271,0.0,0.08051696822284746,0.6843942298942034
0.7416770790872963,0.0,0.12361284651454937,0.6592685147442633
0.7572656914410082,0.0,0.16828126476466848,0.6310547428675068
0.7710352863806149,0.0,0.2141764684390597,0.5996941116293671
0.7826086956521738,0.0,0.2608695652173913,0.5652173913043478
0.7916390948403764,0.0,0.30785964799347976,0.527759396560251
0.7978359729202853,0.0,0.354593765742349,0.4875664278957299
0.8009894870819727,0.0,0.40049474354098635,0.44499415948998483
0.8009894870819727,0.0,0.44499415948998483,0.40049474354098635
0.7978359729202853,0.0,0.4875664278957299,0.354593765742349
0.7916390948403764,0.0,0.527759396560251,0.30785964799347976
0.7826086956521738,0.0,0.5652173913043478,0.2608695652173913
0.7710352863806149,0.0,0.5996941116293671,0.2141764684390597
0.7572656914410083,0.0,0.631054742867507,0.1682812647646685
0.7416770790872963,0.0,0.6592685147442633,0.12361284651454937
0.7246527140056271,0.0,0.6843942298942034,0.08051696822284746
0.7065618047809736,0.0,0.7065618047809736,0.039253433598942976
0.6877446479107832,0.0,0.7259526839058266,0.0
0.7065618047809736,0.039253433598942976,0.0,0.7065618047809736
0.7258300546909606,0.04032389192727559,0.04032389192727559,0.685506162763685
0.7442084075352507,0.04134491152973615,0.0826898230594723,0.6615185844757784
0.7613188819880644,0.042295493443781355,0.12688648033134406,0.6344324016567203
0.7767573336037856,0.04315318520021031,0.17261274080084124,0.6041445928029443
0.7901123063510648,0.043895128130614705,0.21947564065307354,0.5706366656979912
0.8009894870819727,0.044499415948998484,0.2669964956939909,0.5339929913879818
0.8090398349558905,0.044946657497549475,0.3146266024828463,0.4944132324730442
0.8139881369630422,0.045221563164613454,0.36177250531690763,0.45221563164613454
0.8156578579729988,0.04531432544294438,0.4078289289864994,0.4078289289864994
0.8139881369630422,0.045221563164613454,0.45221563164613454,0.36177250531690763
0.8090398349558905,0.044946657497549475,0.4944132324730442,0.3146266024828463
0.8009894870819726,0.04449941594899848,0.5339929913879817,0.26699649569399087
0.7901123063510649,0.04389512813061472,0.5706366656979913,0.21947564065307357
0.7767573336037856,0.04315318520021031,0.6041445928029443,0.17261274080084124
0.7613188819880644,0.042295493443781355,0.6344324016567203,0.12688648033134406
0.7442084075352507,0.04134491152973615,0.6615185844757784,0.0826898230594723
0.7258300546909606,0.04032389192727559,0.685506162763685,0.04032389192727559
0.7065618047809736,0.039253433598942976,0.7065618047809736,0.0
0.7246527140056271,0.08051696822284746,0.0,0.6843942298942034
0.7442084075352507,0.0826898230594723,0.04134491152973615,0.6615185844757784
0.7626844774926644,0.08474271972140716,0.08474271972140716,0.6355703979105537
0.779666547283578,0.086629616364842,0.129944424547263,0.606407314553894
0.7947194142390264,0.08830215713766959,0.17660431427533918,0.5739640213948524
0.807410347229262,0.08971226080325133,0.22428065200812833,0.5382735648195079
0.8173378965356995,0.09081532183729996,0.27244596551189987,0.49948427010514973
0.8241633836921342,0.09157370929912602,0.3205079825469411,0.4578685464956301
0.8276408817690651,0.09196009797434057,0.3678403918973623,0.41382044088453257
0.8276408817690651,0.09196009797434057,0.41382044088453257,0.3678403918973623
0.8241633836921342,0.09157370929912602,0.4578685464956301,0.3205079825469411
0.8173378965356995,0.09081532183729996,0.49948427010514973,0.27244596551189987
0.807410347229262,0.08971226080325133,0.5382735648195079,0.22428065200812833
0.7947194142390264,0.08830215713766959,0.5739640213948524,0.17660431427533918
0.779666547283578,0.086629616364842,0.606407314553894,0.129944424547263
0.7626844774926644,0.08474271972140716,0.6355703979105537,0.08474271972140716
0.7442084075352507,0.0826898230594723,0.6615185844757784,0.04134491152973615
0.7246527140056271,0.08051696822284746,0.6843942298942034,0.0
0.7416770790872963,0.12361284651454937,0.0,0.6592685147442633
0.7613188819880644,0.12688648033134406,0.042295493443781355,0.6344324016567203
0.779666547283578,0.129944424547263,0.086629616364842,0.606407314553894
0.7962731193668559,0.13271218656114264,0.13271218656114264,0.5750861417649514
0.810679228399881,0.1351132047333135,0.180150939644418,0.540452818933254
0.8224409922929169,0.13707349871548616,0.22845583119247692,0.5026028286234492
0.8311627737712983,0.13852712896188304,0.2770542579237661,0.46175709653961017
0.8365309422123115,0.13942182370205192,0.32531758863812116,0.41826547110615575
0.8383435790987203,0.1397239298497867,0.37259714626609786,0.37259714626609786
0.8365309422123117,0.13942182370205194,0.41826547110615586,0.3253175886381212
0.8311627737712983,0.13852712896188304,0.46175709653961017,0.2770542579237661
0.8224409922929169,0.13707349871548616,0.5026028286234492,0.22845583119247692
0.810679228399881,0.1351132047333135,0.540452818933254,0.180150939644418
0.7962731193668559,0.13271218656114264,0.5750861417649514,0.13271218656114264
0.779666547283578,0.129944424547263,0.606407314553894,0.086629616364842
0.7613188819880645,0.1268864803313441,0.6344324016567204,0.04229549344378136
0.7416770790872963,0.12361284651454937,0.6592685147442633,0.0
0.7572656914410082,0.16828126476466848,0.0,0.6310547428675068
0.7767573336037856,0.17261274080084124,0.04315318520021031,0.6041445928029443
0.7947194142390264,0.17660431427533918,0.08830215713766959,0.5739640213948524
0.8106792283998809,0.18015093964441797,0.13511320473331348,0.5404528189332539
0.8241633836921342,0.18314741859825204,0.18314741859825204,0.5036554011451931
0.8347300123683028,0.1854955583040673,0.23186944788008412,0.46373889576016825
0.8420044855049783,0.1871121078899952,0.28066816183499277,0.42100224275248915
0.8457137743228913,0.18793639429397585,0.32888869001445775,0.3758727885879517
0.8457137743228913,0.18793639429397585,0.3758727885879517,0.32888869001445775
0.8420044855049783,0.1871121078899952,0.42100224275248915,0.28066816183499277
0.8347300123683028,0.1854955583040673,0.46373889576016825,0.23186944788008412
0.8241633836921342,0.18314741859825204,0.5036554011451931,0.18314741859825204
0.8106792283998809,0.18015093964441797,0.5404528189332539,0.13511320473331348
0.7947194142390264,0.17660431427533918,0.5739640213948524,0.08830215713766959
0.7767573336037856,0.17261274080084124,0.6041445928029443,0.04315318520021031
0.7572656914410082,0.16828126476466848,0.6310547428675068,0.0
0.7710352863806149,0.2141764684390597,0.0,0.5996941116293671
0.7901123063510649,0.21947564065307357,0.04389512813061472,0.5706366656979913
0.807410347229262,0.22428065200812833,0.08971226080325133,0.5382735648195079
0.8224409922929169,0.22845583119247692,0.13707349871548616,0.5026028286234492
0.834730012368303,0.23186944788008418,0.18549555830406733,0.46373889576016836
0.8438530156892917,0.2344036154692477,0.2344036154692477,0.42192650784464586
0.8494725207294157,0.23596458909150436,0.28315750690980523,0.377543342546407
0.851370785712724,0.23649188492020112,0.33108863888828155,0.33108863888828155
0.8494725207294157,0.23596458909150436,0.377543342546407,0.28315750690980523
0.8438530156892919,0.23440361546924776,0.42192650784464597,0.23440361546924776
0.834730012368303,0.23186944788008418,0.46373889576016836,0.18549555830406733
0.8224409922929169,0.22845583119247692,0.5026028286234492,0.13707349871548616
0.807410347229262,0.22428065200812833,0.5382735648195079,0.08971226080325133
0.7901123063510649,0.21947564065307357,0.5706366656979913,0.04389512813061472
0.7710352863806149,0.2141764684390597,0.5996941116293671,0.0
0.7826086956521738,0.2608695652173913,0.0,0.5652173913043478
0.8009894870819727,0.2669964956939909,0.044499415948998484,0.5339929913879818
0.8173378965356995,0.27244596551189987,0.09081532183729996,0.49948427010514973
0.8311627737712983,0.2770542579237661,0.13852712896188304,0.46175709653961017
0.8420044855049783,0.28066816183499277,0.1871121078899952,0.42100224275248915
0.8494725207294155,0.2831575069098052,0.2359645890915043,0.37754334254640687
0.8532818336519589,0.2844272778839863,0.2844272778839863,0.331831824197984
0.8532818336519591,0.28442727788398636,0.33183182419798407,0.28442727788398636
0.8494725207294155,0.2831575069098052,0.37754334254640687,0.2359645890915043
0.8420044855049783,0.28066816183499277,0.42100224275248915,0.1871121078899952
0.8311627737712983,0.2770542579237661,0.46175709653961017,0.13852712896188304
0.8173378965356995,0.27244596551189987,0.49948427010514973,0.09081532183729996
0.8009894870819727,0.2669964956939909,0.5339929913879818,0.044499415948998484
0.7826086956521738,0.2608695652173913,0.5652173913043478,0.0
0.7916390948403764,0.30785964799347976,0.0,0.527759396560251
0.8090398349558905,0.3146266024828463,0.044946657497549475,0.4944132324730442
0.8241633836921342,0.3205079825469411,0.09157370929912602,0.4578685464956301
0.8365309422123115,0.32531758863812116,0.13942182370205192,0.41826547110615575
0.8457137743228913,0.32888869001445775,0.18793639429397585,0.3758727885879517
0.8513707857127238,0.3310886388882815,0.23649188492020107,0.3310886388882815
0.8532818336519589,0.331831824197984,0.2844272778839863,0.2844272778839863
0.8513707857127238,0.3310886388882815,0.3310886388882815,0.23649188492020107
0.8457137743228912,0.32888869001445764,0.37587278858795165,0.18793639429397582
0.8365309422123115,0.32531758863812116,0.41826547110615575,0.13942182370205192
0.8241633836921342,0.3205079825469411,0.4578685464956301,0.09157370929912602
0.8090398349558905,0.3146266024828463,0.4944132324730442,0.044946657497549475
0.7916390948403764,0.30785964799347976,0.527759396560251,0.0
0.7978359729202853,0.354593765742349,0.0,0.4875664278957299
0.8139881369630424,0.3617725053169077,0.04522156316461346,0.45221563164613465
0.8276408817690651,0.3678403918973623,0.09196009797434057,0.41382044088453257
0.8383435790987203,0.37259714626609786,0.1397239298497867,0.37259714626609786
0.8457137743228913,0.3758727885879517,0.18793639429397585,0.32888869001445775
0.8494725207294157,0.377543342546407,0.23596458909150436,0.28315750690980523
0.8494725207294157,0.377543342546407,0.28315750690980523,0.23596458909150436
0.8457137743228913,0.3758727885879517,0.32888869001445775,0.18793639429397585
0.8383435790987203,0.37259714626609786,0.37259714626609786,0.1397239298497867
0.8276408817690651,0.3678403918973623,0.41382044088453257,0.09196009797434057
0.8139881369630424,0.3617725053169077,0.45221563164613465,0.04522156316461346
0.7978359729202853,0.354593765742349,0.4875664278957299,0.0
0.8009894870819727,0.40049474354098635,0.0,0.44499415948998483
0.8156578579729988,0.4078289289864994,0.04531432544294438,0.4078289289864994
0.8276408817690651,0.41382044088453257,0.09196009797434057,0.3678403918973623
0.8365309422123117,0.41826547110615586,0.13942182370205194,0.3253175886381212
0.8420044855049783,0.42100224275248915,0.1871121078899952,0.28066816183499277
0.8438530156892917,0.42192650784464586,0.2344036154692477,0.2344036154692477
0.8420044855049783,0.42100224275248915,0.28066816183499277,0.1871121078899952
0.8365309422123117,0.41826547110615586,0.3253175886381212,0.13942182370205194
0.8276408817690651,0.41382044088453257,0.3678403918973623,0.09196009797434057
0.8156578579729988,0.4078289289864994,0.4078289289864994,0.04531432544294438
0.8009894870819727,0.40049474354098635,0.44499415948998483,0.0
0.8009894870819727,0.44499415948998483,0.0,0.40049474354098635
0.8139881369630424,0.45221563164613465,0.04522156316461346,0.3617725053169077
0.8241633836921342,0.4578685464956301,0.09157370929912602,0.3205079825469411
0.8311627737712983,0.46175709653961017,0.13852712896188304,0.2770542579237661
0.8347300123683028,0.46373889576016825,0.1854955583040673,0.23186944788008412
0.834730012368303,0.46373889576016836,0.23186944788008418,0.18549555830406733
0.8311627737712983,0.46175709653961017,0.2770542579237661,0.13852712896188304
0.8241633836921342,0.4578685464956301,0.3205079825469411,0.09157370929912602
0.8139881369630424,0.45221563164613465,0.3617725053169077,0.04522156316461346
0.8009894870819727,0.44499415948998483,0.40049474354098635,0.0
0.7978359729202853,0.4875664278957299,0.0,0.354593765742349
0.8090398349558905,0.4944132324730442,0.044946657497549475,0.3146266024828463
0.8173378965356995,0.49948427010514973,0.09081532183729996,0.27244596551189987
0.8224409922929169,0.5026028286234492,0.13707349871548616,0.22845583119247692
0.8241633836921342,0.5036554011451931,0.18314741859825204,0.18314741859825204
0.8224409922929169,0.5026028286234492,0.22845583119247692,0.13707349871548616
0.8173378965356995,0.49948427010514973,0.27244596551189987,0.09081532183729996
0.8090398349558905,0.4944132324730442,0.3146266024828463,0.044946657497549475
0.7978359729202853,0.4875664278957299,0.354593765742349,0.0
0.7916390948403764,0.527759396560251,0.0,0.30785964799347976
0.8009894870819727,0.5339929913879818,0.044499415948998484,0.2669964956939909
0.807410347229262,0.5382735648195079,0.08971226080325133,0.22428065200812833
0.810679228399881,0.540452818933254,0.1351132047333135,0.180150939644418
0.810679228399881,0.540452818933254,0.180150939644418,0.1351132047333135
0.807410347229262,0.5382735648195079,0.22428065200812833,0.08971226080325133
0.8009894870819727,0.5339929913879818,0.2669964956939909,0.044499415948998484
0.7916390948403764,0.527759396560251,0.30785964799347976,0.0
0.7826086956521738,0.5652173913043478,0.0,0.2608695652173913
0.7901123063510649,0.5706366656979913,0.04389512813061472,0.21947564065307357
0.7947194142390264,0.5739640213948524,0.08830215713766959,0.17660431427533918
0.7962731193668559,0.5750861417649514,0.13271218656114264,0.13271218656114264
0.7947194142390264,0.5739640213948524,0.17660431427533918,0.08830215713766959
0.7901123063510649,0.5706366656979913,0.21947564065307357,0.04389512813061472
0.7826086956521738,0.5652173913043478,0.2608695652173913,0.0
0.7710352863806149,0.5996941116293671,0.0,0.2141764684390597
0.7767573336037856,0.6041445928029443,0.04315318520021031,0.17261274080084124
0.779666547283578,0.606407314553894,0.086629616364842,0.129944424547263
0.779666547283578,0.606407314553894,0.129944424547263,0.086629616364842
0.7767573336037856,0.6041445928029443,0.17261274080084124,0.04315318520021031
0.7710352863806149,0.5996941116293671,0.2141764684390597,0.0
0.7572656914410083,0.631054742867507,0.0,0.1682812647646685
0.7613188819880645,0.6344324016567204,0.04229549344378136,0.1268864803313441
0.7626844774926644,0.6355703979105537,0.08474271972140716,0.08474271972140716
0.7613188819880645,0.6344324016567204,0.1268864803313441,0.04229549344378136
0.7572656914410083,0.631054742867507,0.1682812647646685,0.0
0.7416770790872963,0.6592685147442633,0.0,0.12361284651454937
0.7442084075352507,0.6615185844757784,0.04134491152973615,0.0826898230594723
0.7442084075352507,0.6615185844757784,0.0826898230594723,0.04134491152973615
0.7416770790872963,0.6592685147442633,0.12361284651454937,0.0
0.7246527140056271,0.6843942298942034,0.0,0.08051696822284746
0.7258300546909606,0.685506162763685,0.04032389192727559,0.04032389192727559
0.7246527140056271,0.6843942298942034,0.08051696822284746,0.0
0.7065618047809736,0.7065618047809736,0.0,0.039253433598942976
0.7065618047809736,0.7065618047809736,0.039253433598942976,0.0
0.6877446479107832,0.7259526839058266,0.0,0.0
0.7259526839058266,0.0,0.0,0.6877446479107832
0.7446687115861395,0.0,0.03919309008348103,0.6662825314191775
0.7624437362098715,0.0,0.0802572353905128,0.6420578831241024
0.7789240586062484,0.0,0.12298800925361818,0.6149400462680908
0.7937363869742781,0.0,0.16710239725774276,0.5848583904020996
0.8065050839582169,0.0,0.21223817998900446,0.5518192679714116
0.8168738027454606,0.0,0.25796014823540864,0.5159202964708173
0.8245297695452177,0.0,0.30377412562192235,0.47735934026302085
0.8292279828967711,0.0,0.34914862437758787,0.43643578047198484
0.8308119919485895,0.0,0.3935425225019635,0.3935425225019635
0.8292279828967711,0.0,0.43643578047198484,0.34914862437758787
0.8245297695452177,0.0,0.47735934026302085,0.30377412562192235
0.8168738027454606,0.0,0.5159202964708173,0.25796014823540864
0.8065050839582169,0.0,0.5518192679714116,0.21223817998900446
0.7937363869742781,0.0,0.5848583904020996,0.16710239725774276
0.7789240586062484,0.0,0.6149400462680908,0.12298800925361818
0.7624437362098715,0.0,0.6420578831241024,0.0802572353905128
0.7446687115861395,0.0,0.6662825314191775,0.03919309008348103
0.7259526839058266,0.0,0.6877446479107832,0.0
0.7446687115861395,0.03919309008348103,0.0,0.6662825314191775
0.7636744775052338,0.04019339355290705,0.04019339355290705,0.6430942968465128
0.7815555663002407,0.04113450348948636,0.08226900697897271,0.6170175523422954
0.7979249985750353,0.04199605255658081,0.12598815766974245,0.5879447357921314
0.8123813371371242,0.042756912480901285,0.17102764992360514,0.5558398622517167
0.8245297695452178,0.04339630366027463,0.21698151830137316,0.5207556439232955
0.8340074344816795,0.04389512813061472,0.2633707687836883,0.4828464094367619
0.8405105148872367,0.04423739552038088,0.3096617686426662,0.44237395520380884
0.8438196242002224,0.044411559168432764,0.3552924733474621,0.39970403251589487
0.8438196242002223,0.04441155916843276,0.39970403251589476,0.35529247334746206
0.8405105148872367,0.04423739552038088,0.44237395520380884,0.3096617686426662
0.8340074344816795,0.04389512813061472,0.4828464094367619,0.2633707687836883
0.8245297695452178,0.04339630366027463,0.5207556439232955,0.21698151830137316
0.8123813371371242,0.042756912480901285,0.5558398622517167,0.17102764992360514
0.7979249985750353,0.04199605255658081,0.5879447357921314,0.12598815766974245
0.7815555663002407,0.04113450348948636,0.6170175523422954,0.08226900697897271
0.7636744775052338,0.04019339355290705,0.6430942968465128,0.04019339355290705
0.7446687115861395,0.03919309008348103,0.6662825314191775,0.0
0.7624437362098715,0.0802572353905128,0.0,0.6420578831241024
0.7815555663002407,0.08226900697897271,0.04113450348948636,0.6170175523422954
0.7993360076321754,0.08414063238233425,0.08414063238233425,0.5889844266763398
0.8153680433034616,0.08582821508457492,0.12874232262686236,0.557883398049737
0.8292279828967711,0.08728715609439697,0.17457431218879393,0.5237229365663818
0.8405105148872367,0.08847479104076177,0.22118697760190442,0.48661135072418976
0.8488573980566634,0.08935341032175405,0.26806023096526216,0.4467670516087703
0.8539864924534399,0.08989331499509895,0.3146266024828463,0.40451991747794525
0.8557169633109855,0.090075469822209,0.360301879288836,0.360301879288836
0.85398649245344,0.08989331499509896,0.40451991747794536,0.31462660248284635
0.8488573980566634,0.08935341032175405,0.4467670516087703,0.26806023096526216
0.8405105148872367,0.08847479104076177,0.48661135072418976,0.22118697760190442
0.8292279828967711,0.08728715609439697,0.5237229365663818,0.17457431218879393
0.8153680433034616,0.08582821508457492,0.557883398049737,0.12874232262686236
0.7993360076321754,0.08414063238233425,0.5889844266763398,0.08414063238233425
0.7815555663002407,0.08226900697897271,0.6170175523422954,0.04113450348948636
0.7624437362098715,0.0802572353905128,0.6420578831241024,0.0
0.7789240586062484,0.12298800925361818,0.0,0.6149400462680908
0.7979249985750353,0.12598815766974245,0.04199605255658081,0.5879447357921314
0.8153680433034616,0.12874232262686236,0.08582821508457492,0.557883398049737
0.8308119919485895,0.13118084083398782,0.13118084083398782,0.5247233633359513
0.8438196242002223,0.13323467750529827,0.17764623667373103,0.4885271508527603
0.85398649245344,0.13483997249264845,0.2247332874877474,0.4494665749754948
0.8609721834159431,0.13594297632883312,0.27188595265766624,0.4078289289864994
0.864529934867251,0.13650472655798704,0.31851102863530306,0.36401260415463205
0.8645299348672513,0.13650472655798707,0.36401260415463216,0.3185110286353031
0.8609721834159431,0.13594297632883312,0.4078289289864994,0.27188595265766624
0.85398649245344,0.13483997249264845,0.4494665749754948,0.2247332874877474
0.8438196242002223,0.13323467750529827,0.4885271508527603,0.17764623667373103
0.8308119919485895,0.13118084083398782,0.5247233633359513,0.13118084083398782
0.8153680433034616,0.12874232262686236,0.557883398049737,0.08582821508457492
0.7979249985750353,0.12598815766974245,0.5879447357921314,0.04199605255658081
0.7789240586062484,0.12298800925361818,0.6149400462680908,0.0
0.7937363869742781,0.16710239725774276,0.0,0.5848583904020996
0.8123813371371242,0.17102764992360514,0.042756912480901285,0.5558398622517167
0.8292279828967711,0.17457431218879393,0.08728715609439697,0.5237229365663818
0.8438196242002223,0.17764623667373103,0.13323467750529827,0.4885271508527603
0.8557169633109855,0.180150939644418,0.180150939644418,0.45037734911104504
0.864529934867251,0.18200630207731602,0.22750787759664504,0.4095141796739611
0.869950238341697,0.18314741859825204,0.27472112789737807,0.3662948371965041
0.8717797887081349,0.18353258709644946,0.32118202741878654,0.32118202741878654
0.869950238341697,0.18314741859825204,0.3662948371965041,0.27472112789737807
0.8645299348672513,0.18200630207731608,0.40951417967396114,0.2275078775966451
0.8557169633109855,0.180150939644418,0.45037734911104504,0.180150939644418
0.8438196242002223,0.17764623667373103,0.4885271508527603,0.13323467750529827
0.8292279828967711,0.17457431218879393,0.5237229365663818,0.08728715609439697
0.8123813371371242,0.17102764992360514,0.5558398622517167,0.042756912480901285
0.7937363869742781,0.16710239725774276,0.5848583904020996,0.0
0.8065050839582169,0.21223817998900446,0.0,0.5518192679714116
0.8245297695452178,0.21698151830137316,0.04339630366027463,0.5207556439232955
0.8405105148872367,0.22118697760190442,0.08847479104076177,0.48661135072418976
0.85398649245344,0.2247332874877474,0.13483997249264845,0.4494665749754948
0.8645299348672513,0.2275078775966451,0.18200630207731608,0.40951417967396114
0.8717797887081347,0.2294157338705618,0.2294157338705618,0.36706517419289886
0.8754737874097737,0.23038783879204572,0.2764654065504549,0.322542974308864
0.8754737874097737,0.23038783879204572,0.322542974308864,0.2764654065504549
0.8717797887081347,0.2294157338705618,0.36706517419289886,0.2294157338705618
0.8645299348672513,0.2275078775966451,0.40951417967396114,0.18200630207731608
0.85398649245344,0.2247332874877474,0.4494665749754948,0.13483997249264845
0.8405105148872367,0.22118697760190442,0.48661135072418976,0.08847479104076177
0.8245297695452178,0.21698151830137316,0.5207556439232955,0.04339630366027463
0.8065050839582169,0.21223817998900446,0.5518192679714116,0.0
0.8168738027454606,0.25796014823540864,0.0,0.5159202964708173
0.8340074344816795,0.2633707687836883,0.04389512813061472,0.4828464094367619
0.8488573980566634,0.26806023096526216,0.08935341032175405,0.4467670516087703
0.8609721834159431,0.27188595265766624,0.13594297632883312,0.4078289289864994
0.869950238341697,0.27472112789737807,0.18314741859825204,0.3662948371965041
0.8754737874097737,0.2764654065504549,0.23038783879204572,0.322542974308864
0.8773384834252592,0.2770542579237661,0.2770542579237661,0.2770542579237661
0.8754737874097737,0.2764654065504549,0.322542974308864,0.23038783879204572
0.869950238341697,0.27472112789737807,0.3662948371965041,0.18314741859825204
0.8609721834159431,0.27188595265766624,0.4078289289864994,0.13594297632883312
0.8488573980566634,0.26806023096526216,0.4467670516087703,0.08935341032175405
0.8340074344816795,0.2633707687836883,0.4828464094367619,0.04389512813061472
0.8168738027454606,0.25796014823540864,0.5159202964708173,0.0
0.8245297695452177,0.30377412562192235,0.0,0.47735934026302085
0.8405105148872367,0.3096617686426662,0.04423739552038088,0.44237395520380884
0.8539864924534399,0.3146266024828463,0.08989331499509895,0.40451991747794525
0.864529934867251,0.31851102863530306,0.13650472655798704,0.36401260415463205
0.8717797887081347,0.3211820274187865,0.18353258709644943,0.3211820274187865
0.8754737874097737,0.322542974308864,0.23038783879204572,0.2764654065504549
0.8754737874097737,0.322542974308864,0.2764654065504549,0.23038783879204572
0.8717797887081347,0.3211820274187865,0.3211820274187865,0.18353258709644943
0.864529934867251,0.31851102863530306,0.36401260415463205,0.13650472655798704
0.8539864924534399,0.3146266024828463,0.40451991747794525,0.08989331499509895
0.8405105148872367,0.3096617686426662,0.44237395520380884,0.04423739552038088
0.8245297695452177,0.30377412562192235,0.47735934026302085,0.0
0.8292279828967711,0.34914862437758787,0.0,0.43643578047198484
0.8438196242002224,0.3552924733474621,0.044411559168432764,0.39970403251589487
0.8557169633109855,0.360301879288836,0.090075469822209,0.360301879288836
0.8645299348672513,0.36401260415463216,0.13650472655798707,0.3185110286353031
0.869950238341697,0.3662948371965041,0.18314741859825204,0.27472112789737807
0.8717797887081347,0.36706517419289886,0.2294157338705618,0.2294157338705618
0.869950238341697,0.3662948371965041,0.27472112789737807,0.18314741859825204
0.8645299348672513,0.36401260415463216,0.3185110286353031,0.13650472655798707
0.8557169633109855,0.360301879288836,0.360301879288836,0.090075469822209
0.8438196242002224,0.3552924733474621,0.39970403251589487,0.044411559168432764
0.8292279828967711,0.34914862437758787,0.43643578047198484,0.0
0.8308119919485895,0.3935425225019635,0.0,0.3935425225019635
0.8438196242002223,0.39970403251589476,0.04441155916843276,0.35529247334746206
0.85398649245344,0.40451991747794536,0.08989331499509896,0.31462660248284635
0.8609721834159431,0.4078289289864994,0.13594297632883312,0.27188595265766624
0.8645299348672513,0.40951417967396114,0.18200630207731608,0.2275078775966451
0.864529934867251,0.4095141796739611,0.22750787759664504,0.18200630207731602
0.8609721834159431,0.4078289289864994,0.27188595265766624,0.13594297632883312
0.85398649245344,0.40451991747794536,0.31462660248284635,0.08989331499509896
0.8438196242002223,0.39970403251589476,0.35529247334746206,0.04441155916843276
0.8308119919485895,0.3935425225019635,0.3935425225019635,0.0
0.8292279828967711,0.43643578047198484,0.0,0.34914862437758787
0.8405105148872367,0.44237395520380884,0.04423739552038088,0.3096617686426662
0.8488573980566634,0.4467670516087703,0.08935341032175405,0.26806023096526216
0.85398649245344,0.4494665749754948,0.13483997249264845,0.2247332874877474
0.8557169633109855,0.45037734911104504,0.180150939644418,0.180150939644418
0.85398649245344,0.4494665749754948,0.2247332874877474,0.13483997249264845
0.8488573980566634,0.4467670516087703,0.26806023096526216,0.08935341032175405
0.8405105148872367,0.44237395520380884,0.3096617686426662,0.04423739552038088
0.8292279828967711,0.43643578047198484,0.34914862437758787,0.0
0.8245297695452177,0.47735934026302085,0.0,0.30377412562192235
0.8340074344816795,0.4828464094367619,0.04389512813061472,0.2633707687836883
0.8405105148872367,0.48661135072418976,0.08847479104076177,0.22118697760190442
0.8438196242002223,0.4885271508527603,0.13323467750529827,0.17764623667373103
0.8438196242002223,0.4885271508527603,0.17764623667373103,0.13323467750529827
0.8405105148872367,0.48661135072418976,0.22118697760190442,0.08847479104076177
0.8340074344816795,0.4828464094367619,0.2633707687836883,0.04389512813061472
0.8245297695452177,0.47735934026302085,0.30377412562192235,0.0
0.8168738027454606,0.5159202964708173,0.0,0.25796014823540864
0.8245297695452178,0.5207556439232955,0.04339630366027463,0.21698151830137316
0.8292279828967711,0.5237229365663818,0.08728715609439697,0.17457431218879393
0.8308119919485895,0.5247233633359513,0.13118084083398782,0.13118084083398782
0.8292279828967711,0.5237229365663818,0.17457431218879393,0.08728715609439697
0.8245297695452178,0.5207556439232955,0.21698151830137316,0.04339630366027463
0.8168738027454606,0.5159202964708173,0.25796014823540864,0.0
0.8065050839582169,0.5518192679714116,0.0,0.21223817998900446
0.8123813371371242,0.5558398622517167,0.042756912480901285,0.17102764992360514
0.8153680433034616,0.557883398049737,0.08582821508457492,0.12874232262686236
0.8153680433034616,0.557883398049737,0.12874232262686236,0.08582821508457492
0.8123813371371242,0.5558398622517167,0.17102764992360514,0.042756912480901285
0.8065050839582169,0.5518192679714116,0.21223817998900446,0.0
0.7937363869742781,0.5848583904020996,0.0,0.16710239725774276
0.7979249985750353,0.5879447357921314,0.04199605255658081,0.12598815766974245
0.7993360076321754,0.5889844266763398,0.08414063238233425,0.08414063238233425
0.7979249985750353,0.5879447357921314,0.12598815766974245,0.04199605255658081
0.7937363869742781,0.5848583904020996,0.16710239725774276,0.0
0.7789240586062484,0.6149400462680908,0.0,0.12298800925361818
0.7815555663002407,0.6170175523422954,0.04113450348948636,0.08226900697897271
0.7815555663002407,0.6170175523422954,0.08226900697897271,0.04113450348948636
0.7789240586062484,0.6149400462680908,0.12298800925361818,0.0
0.7624437362098715,0.6420578831241024,0.0,0.0802572353905128
0.7636744775052338,0.6430942968465128,0.04019339355290705,0.04019339355290705
0.7624437362098715,0.6420578831241024,0.0802572353905128,0.0
0.7446687115861395,0.6662825314191775,0.0,0.03919309008348103
0.7446687115861395,0.6662825314191775,0.03919309008348103,0.0
0.7259526839058266,0.6877446479107832,0.0,0.0
0.7619393177594594,0.0,0.0,0.6476484200955405
0.7802743146408705,0.0,0.03901371573204353,0.6242194517126964
0.7974522228288999,0.0,0.07974522228289,0.5980891671216749
0.8131156281817418,0.0,0.12196734422726126,0.5691809397272192
0.826898230594723,0.0,0.1653796461189446,0.5374838498865699
0.8384436163006371,0.0,0.20961090407515928,0.5030661697803822
0.8474271972140716,0.0,0.2542281591642215,0.46608495846773934
0.8535791995526398,0.0,0.29875271984342394,0.4267895997763199
0.8567058737562386,0.0,0.34268234950249543,0.38551764319030735
0.8567058737562387,0.0,0.38551764319030746,0.3426823495024955
0.8535791995526398,0.0,0.4267895997763199,0.29875271984342394
0.8474271972140716,0.0,0.46608495846773934,0.2542281591642215
0.8384436163006371,0.0,0.5030661697803822,0.20961090407515928
0.826898230594723,0.0,0.5374838498865699,0.1653796461189446
0.8131156281817418,0.0,0.5691809397272192,0.12196734422726126
0.7974522228288999,0.0,0.5980891671216749,0.07974522228289
0.7802743146408705,0.0,0.6242194517126964,0.03901371573204353
0.7619393177594594,0.0,0.6476484200955405,0.0
0.7802743146408705,0.03901371573204353,0.0,0.6242194517126964
0.7987230638308718,0.03993615319154359,0.03993615319154359,0.5990422978731538
0.8158170164480042,0.04079085082240021,0.08158170164480041,0.5710719115136029
0.8311716349233828,0.04155858174616914,0.12467574523850743,0.5402615627001989
0.8444006618414982,0.04222003309207491,0.16888013236829963,0.5066403971048989
0.8551382496180255,0.04275691248090128,0.21378456240450638,0.470326037289914
0.8630637040042062,0.04315318520021031,0.2589191112012619,0.4315318520021031
0.8679260732054926,0.04339630366027463,0.3037741256219224,0.3905667329424717
0.8695652173913043,0.043478260869565216,0.34782608695652173,0.34782608695652173
0.8679260732054924,0.043396303660274624,0.39056673294247163,0.30377412562192235
0.8630637040042062,0.04315318520021031,0.4315318520021031,0.2589191112012619
0.8551382496180255,0.04275691248090128,0.470326037289914,0.21378456240450638
0.8444006618414982,0.04222003309207491,0.5066403971048989,0.16888013236829963
0.8311716349233828,0.04155858174616914,0.5402615627001989,0.12467574523850743
0.8158170164480042,0.04079085082240021,0.5710719115136029,0.08158170164480041
0.7987230638308718,0.03993615319154359,0.5990422978731538,0.03993615319154359
0.7802743146408705,0.03901371573204353,0.6242194517126964,0.0
0.7974522228288999,0.07974522228289,0.0,0.5980891671216749
0.8158170164480042,0.08158170164480041,0.04079085082240021,0.5710719115136029
0.8326108942436267,0.08326108942436267,0.08326108942436267,0.5411970812583573
0.8474271972140716,0.08474271972140716,0.12711407958211074,0.508456318328443
0.8598671607846955,0.08598671607846956,0.1719734321569391,0.47292693843158257
0.8695652173913043,0.08695652173913043,0.21739130434782608,0.43478260869565216
0.876215908676647,0.08762159086766469,0.26286477260299407,0.39429715890449113
0.879598994267085,0.0879598994267085,0.30785964799347976,0.351839597706834
0.879598994267085,0.0879598994267085,0.351839597706834,0.30785964799347976
0.876215908676647,0.08762159086766469,0.39429715890449113,0.26286477260299407
0.8695652173913043,0.08695652173913043,0.43478260869565216,0.21739130434782608
0.8598671607846955,0.08598671607846956,0.47292693843158257,0.1719734321569391
0.8474271972140716,0.08474271972140716,0.508456318328443,0.12711407958211074
0.8326108942436267,0.08326108942436267,0.5411970812583573,0.08326108942436267
0.8158170164480042,0.08158170164480041,0.5710719115136029,0.04079085082240021
0.7974522228288999,0.07974522228289,0.5980891671216749,0.0
0.8131156281817418,0.12196734422726126,0.0,0.5691809397272192
0.8311716349233828,0.12467574523850743,0.04155858174616914,0.5402615627001989
0.8474271972140716,0.12711407958211074,0.08474271972140716,0.508456318328443
0.8614609845078961,0.12921914767618442,0.12921914767618442,0.4738035414793429
0.8728715609439694,0.13093073414159542,0.1745743121887939,0.4364357804719847
0.8813052984784635,0.13219579477176954,0.22032632461961588,0.3965873843153086
0.8864844143558726,0.13297266215338088,0.26594532430676177,0.354593765742349
0.888231183368655,0.13323467750529827,0.3108809141790293,0.3108809141790293
0.8864844143558726,0.13297266215338088,0.354593765742349,0.26594532430676177
0.8813052984784635,0.13219579477176954,0.3965873843153086,0.22032632461961588
0.8728715609439694,0.13093073414159542,0.4364357804719847,0.1745743121887939
0.8614609845078961,0.12921914767618442,0.4738035414793429,0.12921914767618442
0.8474271972140716,0.12711407958211074,0.508456318328443,0.08474271972140716
0.8311716349233828,0.12467574523850743,0.5402615627001989,0.04155858174616914
0.8131156281817418,0.12196734422726126,0.5691809397272192,0.0
0.826898230594723,0.1653796461189446,0.0,0.5374838498865699
0.8444006618414982,0.16888013236829963,0.04222003309207491,0.5066403971048989
0.8598671607846955,0.1719734321569391,0.08598671607846956,0.47292693843158257
0.8728715609439694,0.1745743121887939,0.13093073414159542,0.4364357804719847
0.8830215713766959,0.17660431427533918,0.17660431427533918,0.3973597071195132
0.8899883189799697,0.17799766379599394,0.22249707974499242,0.3559953275919879
0.8935341032175406,0.1787068206435081,0.26806023096526216,0.3127369361261392
0.8935341032175406,0.1787068206435081,0.3127369361261392,0.26806023096526216
0.8899883189799697,0.17799766379599394,0.3559953275919879,0.22249707974499242
0.8830215713766959,0.17660431427533918,0.3973597071195132,0.17660431427533918
0.8728715609439694,0.1745743121887939,0.4364357804719847,0.13093073414159542
0.8598671607846955,0.1719734321569391,0.47292693843158257,0.08598671607846956
0.8444006618414982,0.16888013236829963,0.5066403971048989,0.04222003309207491
0.826898230594723,0.1653796461189446,0.5374838498865699,0.0
0.8384436163006371,0.20961090407515928,0.0,0.5030661697803822
0.8551382496180255,0.21378456240450638,0.04275691248090128,0.470326037289914
0.8695652173913043,0.21739130434782608,0.08695652173913043,0.43478260869565216
0.8813052984784635,0.22032632461961588,0.13219579477176954,0.3965873843153086
0.8899883189799697,0.22249707974499242,0.17799766379599394,0.3559953275919879
0.8953229620716905,0.22383074051792262,0.22383074051792262,0.3133630367250917
0.8971226080325131,0.22428065200812827,0.2691367824097539,0.2691367824097539
0.8953229620716905,0.22383074051792262,0.3133630367250917,0.22383074051792262
0.8899883189799696,0.2224970797449924,0.3559953275919878,0.1779976637959939
0.8813052984784635,0.22032632461961588,0.3965873843153086,0.13219579477176954
0.8695652173913043,0.21739130434782608,0.43478260869565216,0.08695652173913043
0.8551382496180255,0.21378456240450638,0.470326037289914,0.04275691248090128
0.8384436163006371,0.20961090407515928,0.5030661697803822,0.0
0.8474271972140716,0.2542281591642215,0.0,0.46608495846773934
0.8630637040042062,0.2589191112012619,0.04315318520021031,0.4315318520021031
0.876215908676647,0.26286477260299407,0.08762159086766469,0.39429715890449113
0.8864844143558726,0.26594532430676177,0.13297266215338088,0.354593765742349
0.8935341032175406,0.26806023096526216,0.1787068206435081,0.3127369361261392
0.8971226080325133,0.26913678240975397,0.22428065200812833,0.26913678240975397
0.8971226080325131,0.2691367824097539,0.2691367824097539,0.22428065200812827
0.8935341032175406,0.26806023096526216,0.3127369361261392,0.1787068206435081
0.8864844143558726,0.26594532430676177,0.354593765742349,0.13297266215338088
0.876215908676647,0.26286477260299407,0.39429715890449113,0.08762159086766469
0.8630637040042062,0.2589191112012619,0.4315318520021031,0.04315318520021031
0.8474271972140716,0.2542281591642215,0.46608495846773934,0.0
0.8535791995526398,0.29875271984342394,0.0,0.4267895997763199
0.8679260732054926,0.3037741256219224,0.04339630366027463,0.3905667329424717
0.879598994267085,0.30785964799347976,0.0879598994267085,0.351839597706834
0.888231183368655,0.3108809141790293,0.13323467750529827,0.3108809141790293
0.8935341032175406,0.3127369361261392,0.1787068206435081,0.26806023096526216
0.8953229620716905,0.3133630367250917,0.22383074051792262,0.22383074051792262
0.8935341032175406,0.3127369361261392,0.26806023096526216,0.1787068206435081
0.888231183368655,0.3108809141790293,0.3108809141790293,0.13323467750529827
0.879598994267085,0.30785964799347976,0.351839597706834,0.0879598994267085
0.8679260732054926,0.3037741256219224,0.3905667329424717,0.04339630366027463
0.8535791995526398,0.29875271984342394,0.4267895997763199,0.0
0.8567058737562386,0.34268234950249543,0.0,0.38551764319030735
0.8695652173913043,0.34782608695652173,0.043478260869565216,0.34782608695652173
0.879598994267085,0.351839597706834,0.0879598994267085,0.30785964799347976
0.8864844143558726,0.354593765742349,0.13297266215338088,0.26594532430676177
0.8899883189799697,0.3559953275919879,0.17799766379599394,0.22249707974499242
0.8899883189799696,0.3559953275919878,0.2224970797449924,0.1779976637959939
0.8864844143558726,0.354593765742349,0.26594532430676177,0.13297266215338088
0.879598994267085,0.351839597706834,0.30785964799347976,0.0879598994267085
0.8695652173913043,0.34782608695652173,0.34782608695652173,0.043478260869565216
0.8567058737562386,0.34268234950249543,0.38551764319030735,0.0
0.8567058737562387,0.38551764319030746,0.0,0.3426823495024955
0.8679260732054924,0.39056673294247163,0.043396303660274624,0.30377412562192235
0.876215908676647,0.39429715890449113,0.08762159086766469,0.26286477260299407
0.8813052984784635,0.3965873843153086,0.13219579477176954,0.22032632461961588
0.8830215713766959,0.3973597071195132,0.17660431427533918,0.17660431427533918
0.8813052984784635,0.3965873843153086,0.22032632461961588,0.13219579477176954
0.876215908676647,0.39429715890449113,0.26286477260299407,0.08762159086766469
0.8679260732054924,0.39056673294247163,0.30377412562192235,0.043396303660274624
0.8567058737562387,0.38551764319030746,0.3426823495024955,0.0
0.8535791995526398,0.4267895997763199,0.0,0.29875271984342394
0.8630637040042062,0.4315318520021031,0.04315318520021031,0.2589191112012619
0.8695652173913043,0.43478260869565216,0.08695652173913043,0.21739130434782608
0.8728715609439694,0.4364357804719847,0.13093073414159542,0.1745743121887939
0.8728715609439694,0.4364357804719847,0.1745743121887939,0.13093073414159542
0.8695652173913043,0.43478260869565216,0.21739130434782608,0.08695652173913043
0.8630637040042062,0.4315318520021031,0.2589191112012619,0.04315318520021031
0.8535791995526398,0.4267895997763199,0.29875271984342394,0.0
0.8474271972140716,0.46608495846773934,0.0,0.2542281591642215
0.8551382496180255,0.470326037289914,0.04275691248090128,0.21378456240450638
0.8598671607846955,0.47292693843158257,0.08598671607846956,0.1719734321569391
0.8614609845078961,0.4738035414793429,0.12921914767618442,0.12921914767618442
0.8598671607846955,0.47292693843158257,0.1719734321569391,0.08598671607846956
0.8551382496180255,0.470326037289914,0.21378456240450638,0.04275691248090128
0.8474271972140716,0.46608495846773934,0.2542281591642215,0.0
0.8384436163006371,0.5030661697803822,0.0,0.20961090407515928
0.8444006618414982,0.5066403971048989,0.04222003309207491,0.16888013236829963
0.8474271972140716,0.508456318328443,0.08474271972140716,0.12711407958211074
0.8474271972140716,0.508456318328443,0.12711407958211074,0.08474271972140716
0.8444006618414982,0.5066403971048989,0.16888013236829963,0.04222003309207491
0.8384436163006371,0.5030661697803822,0.20961090407515928,0.0
0.826898230594723,0.5374838498865699,0.0,0.1653796461189446
0.8311716349233828,0.5402615627001989,0.04155858174616914,0.12467574523850743
0.8326108942436267,0.5411970812583573,0.08326108942436267,0.08326108942436267
0.8311716349233828,0.5402615627001989,0.12467574523850743,0.04155858174616914
0.826898230594723,0.5374838498865699,0.1653796461189446,0.0
0.8131156281817418,0.5691809397272192,0.0,0.12196734422726126
0.8158170164480042,0.5710719115136029,0.04079085082240021,0.08158170164480041
0.8158170164480042,0.5710719115136029,0.08158170164480041,0.04079085082240021
0.8131156281817418,0.5691809397272192,0.12196734422726126,0.0
0.7974522228288999,0.5980891671216749,0.0,0.07974522228289
0.7987230638308718,0.5990422978731538,0.03993615319154359,0.03993615319154359
0.7974522228288999,0.5980891671216749,0.07974522228289,0.0
0.7802743146408705,0.6242194517126964,0.0,0.03901371573204353
0.7802743146408705,0.6242194517126964,0.03901371573204353,0.0
0.7619393177594594,0.6476484200955405,0.0,0.0
0.7954317200324986,0.0,0.0,0.6060432152628562
0.8131232472954846,0.0,0.038720154633118314,0.5808023194967747
0.8294501308100325,0.0,0.07899525055333644,0.552966753873355
0.8440612646110478,0.0,0.12058018065872113,0.5225141161877915
0.8566078672704043,0.0,0.16316340328960083,0.48949020986880254
0.8667627605836458,0.0,0.206372085853249,0.4540185888771478
0.8742414389558079,0.0,0.249783268273088,0.41630544712181333
0.8788226481692433,0.0,0.2929408827230811,0.3766382777868186
0.8803657971156689,0.0,0.33537744652025486,0.33537744652025486
0.8788226481692432,0.0,0.3766382777868185,0.29294088272308105
0.8742414389558079,0.0,0.41630544712181333,0.249783268273088
0.8667627605836458,0.0,0.4540185888771478,0.206372085853249
0.8566078672704043,0.0,0.48949020986880254,0.16316340328960083
0.8440612646110478,0.0,0.5225141161877915,0.12058018065872113
0.8294501308100325,0.0,0.552966753873355,0.07899525055333644
0.8131232472954846,0.0,0.5808023194967747,0.038720154633118314
0.7954317200324986,0.0,0.6060432152628562,0.0
0.8131232472954846,0.038720154633118314,0.0,0.5808023194967747
0.8307471607356974,0.039559388606461784,0.039559388606461784,0.553831440490465
0.8468017304727874,0.04032389192727559,0.08064778385455118,0.5242105950545827
0.8609160647753271,0.04099600308453939,0.12298800925361818,0.4919520370144727
0.8727302166695519,0.04155858174616914,0.16623432698467655,0.45714439920786054
0.8819171036881968,0.0419960525565808,0.20998026278290402,0.41996052556580804
0.8882053623194085,0.04229549344378136,0.2537729606626882,0.38065944099403226
0.8914003559538186,0.04244763599780089,0.2971334519846062,0.3395810879824071
0.8914003559538186,0.04244763599780089,0.3395810879824071,0.2971334519846062
0.8882053623194085,0.04229549344378136,0.38065944099403226,0.2537729606626882
0.8819171036881968,0.0419960525565808,0.41996052556580804,0.20998026278290402
0.8727302166695519,0.04155858174616914,0.45714439920786054,0.16623432698467655
0.8609160647753271,0.04099600308453939,0.4919520370144727,0.12298800925361818
0.8468017304727874,0.04032389192727559,0.5242105950545827,0.08064778385455118
0.8307471607356974,0.039559388606461784,0.553831440490465,0.039559388606461784
0.8131232472954846,0.038720154633118314,0.5808023194967747,0.0
0.8294501308100325,0.07899525055333644,0.0,0.552966753873355
0.8468017304727874,0.08064778385455118,0.04032389192727559,0.5242105950545827
0.8623666404708409,0.08213015623531818,0.08213015623531818,0.4927809374119091
0.875760539039714,0.0834057656228299,0.12510864843424485,0.4587317109255645
0.886620694933573,0.08444006618414981,0.16888013236829963,0.4222003309207491
0.8946300779688403,0.08520286456846099,0.21300716142115247,0.3834128905580745
0.8995411674440507,0.08567058737562387,0.2570117621268716,0.3426823495024955
0.9011962583880365,0.08582821508457492,0.3003987527960122,0.3003987527960122
0.8995411674440504,0.08567058737562386,0.34268234950249543,0.2570117621268716
0.8946300779688405,0.085202864568461,0.38341289055807454,0.21300716142115253
0.886620694933573,0.08444006618414981,0.4222003309207491,0.16888013236829963
0.875760539039714,0.0834057656228299,0.4587317109255645,0.12510864843424485
0.8623666404708409,0.08213015623531818,0.4927809374119091,0.08213015623531818
0.8468017304727874,0.08064778385455118,0.5242105950545827,0.04032389192727559
0.8294501308100325,0.07899525055333644,0.552966753873355,0.0
0.8440612646110478,0.12058018065872113,0.0,0.5225141161877915
0.8609160647753271,0.12298800925361818,0.04099600308453939,0.4919520370144727
0.875760539039714,0.12510864843424485,0.0834057656228299,0.4587317109255645
0.8882053623194085,0.1268864803313441,0.1268864803313441,0.4229549344378136
0.8978951620989268,0.12827073744270384,0.17102764992360514,0.3848122123281115
0.9045340337332909,0.12921914767618442,0.21536524612697402,0.3445843938031585
0.9079091724509454,0.12970131035013507,0.25940262070027015,0.30263639081698185
0.9079091724509456,0.1297013103501351,0.3026363908169819,0.2594026207002702
0.9045340337332909,0.12921914767618442,0.3445843938031585,0.21536524612697402
0.8978951620989268,0.12827073744270384,0.3848122123281115,0.17102764992360514
0.8882053623194085,0.1268864803313441,0.4229549344378136,0.1268864803313441
0.875760539039714,0.12510864843424485,0.4587317109255645,0.0834057656228299
0.8609160647753271,0.12298800925361818,0.4919520370144727,0.04099600308453939
0.8440612646110478,0.12058018065872113,0.5225141161877915,0.0
0.8566078672704043,0.16316340328960083,0.0,0.48949020986880254
0.8727302166695519,0.16623432698467655,0.04155858174616914,0.45714439920786054
0.886620694933573,0.16888013236829963,0.08444006618414981,0.4222003309207491
0.8978951620989268,0.17102764992360514,0.12827073744270384,0.3848122123281115
0.9062168892044165,0.17261274080084124,0.17261274080084124,0.3452254816016825
0.9113223768657671,0.17358521464109852,0.21698151830137316,0.3037741256219224
0.9130434782608695,0.1739130434782609,0.26086956521739135,0.26086956521739135
0.911322376865767,0.1735852146410985,0.30377412562192235,0.2169815183013731
0.9062168892044166,0.17261274080084127,0.34522548160168254,0.17261274080084127
0.8978951620989268,0.17102764992360514,0.3848122123281115,0.12827073744270384
0.886620694933573,0.16888013236829963,0.4222003309207491,0.08444006618414981
0.8727302166695519,0.16623432698467655,0.45714439920786054,0.04155858174616914
0.8566078672704043,0.16316340328960083,0.48949020986880254,0.0
0.8667627605836458,0.206372085853249,0.0,0.4540185888771478
0.8819171036881968,0.20998026278290402,0.0419960525565808,0.41996052556580804
0.8946300779688403,0.21300716142115247,0.08520286456846099,0.3834128905580745
0.9045340337332909,0.21536524612697402,0.12921914767618442,0.3445843938031585
0.911322376865767,0.2169815183013731,0.1735852146410985,0.30377412562192235
0.9147743679249672,0.21780342093451605,0.21780342093451605,0.2613641051214193
0.9147743679249675,0.21780342093451607,0.2613641051214193,0.21780342093451607
0.9113223768657671,0.21698151830137316,0.3037741256219224,0.17358521464109852
0.9045340337332909,0.21536524612697402,0.3445843938031585,0.12921914767618442
0.8946300779688403,0.21300716142115247,0.3834128905580745,0.08520286456846099
0.8819171036881968,0.20998026278290402,0.41996052556580804,0.0419960525565808
0.8667627605836458,0.206372085853249,0.4540185888771478,0.0
0.8742414389558079,0.249783268273088,0.0,0.41630544712181333
0.8882053623194085,0.2537729606626882,0.04229549344378136,0.38065944099403226
0.8995411674440507,0.2570117621268716,0.08567058737562387,0.3426823495024955
0.9079091724509454,0.25940262070027015,0.12970131035013507,0.30263639081698185
0.9130434782608695,0.26086956521739135,0.1739130434782609,0.26086956521739135
0.9147743679249675,0.2613641051214193,0.21780342093451607,0.21780342093451607
0.9130434782608695,0.26086956521739135,0.26086956521739135,0.1739130434782609
0.9079091724509454,0.25940262070027015,0.30263639081698185,0.12970131035013507
0.8995411674440507,0.2570117621268716,0.3426823495024955,0.08567058737562387
0.8882053623194085,0.2537729606626882,0.38065944099403226,0.04229549344378136
0.8742414389558079,0.249783268273088,0.41630544712181333,0.0
0.8788226481692433,0.2929408827230811,0.0,0.3766382777868186
0.8914003559538186,0.2971334519846062,0.04244763599780089,0.3395810879824071
0.9011962583880365,0.3003987527960122,0.08582821508457492,0.3003987527960122
0.9079091724509456,0.3026363908169819,0.1297013103501351,0.2594026207002702
0.9113223768657671,0.3037741256219224,0.17358521464109852,0.21698151830137316
0.9113223768657671,0.3037741256219224,0.21698151830137316,0.17358521464109852
0.9079091724509456,0.3026363908169819,0.2594026207002702,0.1297013103501351
0.9011962583880365,0.3003987527960122,0.3003987527960122,0.08582821508457492
0.8914003559538186,0.2971334519846062,0.3395810879824071,0.04244763599780089
0.8788226481692433,0.2929408827230811,0.3766382777868186,0.0
0.8803657971156689,0.33537744652025486,0.0,0.33537744652025486
0.8914003559538186,0.3395810879824071,0.04244763599780089,0.2971334519846062
0.8995411674440504,0.34268234950249543,0.08567058737562386,0.2570117621268716
0.9045340337332909,0.3445843938031585,0.12921914767618442,0.21536524612697402
0.9062168892044165,0.3452254816016825,0.17261274080084124,0.17261274080084124
0.9045340337332909,0.3445843938031585,0.21536524612697402,0.12921914767618442
0.8995411674440504,0.34268234950249543,0.2570117621268716,0.08567058737562386
0.8914003559538186,0.3395810879824071,0.2971334519846062,0.04244763599780089
0.8803657971156689,0.33537744652025486,0.33537744652025486,0.0
0.8788226481692432,0.3766382777868185,0.0,0.29294088272308105
0.8882053623194085,0.38065944099403226,0.04229549344378136,0.2537729606626882
0.8946300779688405,0.38341289055807454,0.085202864568461,0.21300716142115253
0.8978951620989268,0.3848122123281115,0.12827073744270384,0.17102764992360514
0.8978951620989268,0.3848122123281115,0.17102764992360514,0.12827073744270384
0.8946300779688405,0.38341289055807454,0.21300716142115253,0.085202864568461
0.8882053623194085,0.38065944099403226,0.2537729606626882,0.04229549344378136
0.8788226481692432,0.3766382777868185,0.29294088272308105,0.0
0.8742414389558079,0.41630544712181333,0.0,0.249783268273088
0.8819171036881968,0.41996052556580804,0.0419960525565808,0.20998026278290402
0.886620694933573,0.4222003309207491,0.08444006618414981,0.16888013236829963
0.8882053623194085,0.4229549344378136,0.1268864803313441,0.1268864803313441
0.886620694933573,0.4222003309207491,0.16888013236829963,0.08444006618414981
0.8819171036881968,0.41996052556580804,0.20998026278290402,0.0419960525565808
0.8742414389558079,0.41630544712181333,0.249783268273088,0.0
0.8667627605836458,0.4540185888771478,0.0,0.206372085853249
0.8727302166695519,0.45714439920786054,0.04155858174616914,0.16623432698467655
0.875760539039714,0.4587317109255645,0.0834057656228299,0.12510864843424485
0.875760539039714,0.4587317109255645,0.12510864843424485,0.0834057656228299
0.8727302166695519,0.45714439920786054,0.16623432698467655,0.04155858174616914
0.8667627605836458,0.4540185888771478,0.206372085853249,0.0
0.8566078672704043,0.48949020986880254,0.0,0.16316340328960083
0.8609160647753271,0.4919520370144727,0.04099600308453939,0.12298800925361818
0.8623666404708409,0.4927809374119091,0.08213015623531818,0.08213015623531818
0.8609160647753271,0.4919520370144727,0.12298800925361818,0.04099600308453939
0.8566078672704043,0.48949020986880254,0.16316340328960083,0.0
0.8440612646110478,0.5225141161877915,0.0,0.12058018065872113
0.8468017304727874,0.5242105950545827,0.04032389192727559,0.08064778385455118
0.8468017304727874,0.5242105950545827,0.08064778385455118,0.04032389192727559
0.8440612646110478,0.5225141161877915,0.12058018065872113,0.0
0.8294501308100325,0.552966753873355,0.0,0.07899525055333644
0.8307471607356974,0.553831440490465,0.039559388606461784,0.039559388606461784
0.8294501308100325,0.552966753873355,0.07899525055333644,0.0
0.8131232472954846,0.5808023194967747,0.0,0.038720154633118314
0.8131232472954846,0.5808023194967747,0.038720154633118314,0.0
0.7954317200324986,0.6060432152628562,0.0,0.0
0.8262273428075477,0.0,0.0,0.5633368246415098
0.8430418317632821,0.0,0.03832008326196737,0.5364811656675431
0.8583017461049575,0.0,0.07802743146408704,0.5071783045165658
0.87167173692536,0.0,0.1188643277625491,0.4754573110501964
0.8828295892956408,0.0,0.1605144707810256,0.4414147946478204
0.8914849883204187,0.0,0.20261022461827696,0.4052204492365539
0.8973987180928046,0.0,0.24474510493440127,0.3671176574016019
0.9004000599770638,0.0,0.2864909281745203,0.3274182036280232
0.900400059977064,0.0,0.32741820362802326,0.2864909281745203
0.8973987180928046,0.0,0.3671176574016019,0.24474510493440127
0.8914849883204187,0.0,0.4052204492365539,0.20261022461827696
0.8828295892956408,0.0,0.4414147946478204,0.1605144707810256
0.87167173692536,0.0,0.4754573110501964,0.1188643277625491
0.8583017461049575,0.0,0.5071783045165658,0.07802743146408704
0.8430418317632821,0.0,0.5364811656675431,0.03832008326196737
0.8262273428075477,0.0,0.5633368246415098,0.0
0.8430418317632821,0.03832008326196737,0.0,0.5364811656675431
0.8596111316810199,0.039073233258228174,0.039073233258228174,0.5079520323569663
0.8744214968688807,0.03974643167585821,0.07949286335171642,0.47695718011029853
0.887125622400063,0.04032389192727559,0.12097167578182677,0.4435628112000315
0.8973987180928046,0.04079085082240021,0.16316340328960083,0.4079085082240021
0.9049590767686999,0.04113450348948636,0.20567251744743179,0.37021053140537724
0.9095880536541953,0.04134491152973615,0.2480694691784169,0.3307592922378892
0.9111469032188405,0.04141576832812911,0.2899103782969038,0.2899103782969038
0.9095880536541953,0.04134491152973615,0.3307592922378892,0.2480694691784169
0.9049590767686999,0.04113450348948636,0.37021053140537724,0.20567251744743179
0.8973987180928046,0.04079085082240021,0.4079085082240021,0.16316340328960083
0.887125622400063,0.04032389192727559,0.4435628112000315,0.12097167578182677
0.8744214968688807,0.03974643167585821,0.47695718011029853,0.07949286335171642
0.8596111316810199,0.039073233258228174,0.5079520323569663,0.039073233258228174
0.8430418317632821,0.03832008326196737,0.5364811656675431,0.0
0.8583017461049575,0.07802743146408704,0.0,0.5071783045165658
0.8744214968688807,0.07949286335171642,0.03974643167585821,0.47695718011029853
0.8885716308942213,0.08077923917220194,0.08077923917220194,0.44428581544711065
0.9004000599770638,0.0818545509070058,0.1227818263605087,0.409272754535029
0.9095880536541953,0.0826898230594723,0.1653796461189446,0.3721042037676254
0.9158719836679893,0.08326108942436267,0.20815272356090667,0.33304435769745067
0.919063184917585,0.08355119862887136,0.2506535958866141,0.29242919520104976
0.919063184917585,0.08355119862887136,0.29242919520104976,0.2506535958866141
0.9158719836679893,0.08326108942436267,0.33304435769745067,0.20815272356090667
0.9095880536541953,0.0826898230594723,0.3721042037676254,0.1653796461189446
0.9004000599770638,0.0818545509070058,0.409272754535029,0.1227818263605087
0.8885716308942213,0.08077923917220194,0.44428581544711065,0.08077923917220194
0.8744214968688807,0.07949286335171642,0.47695718011029853,0.03974643167585821
0.8583017461049575,0.07802743146408704,0.5071783045165658,0.0
0.87167173692536,0.1188643277625491,0.0,0.4754573110501964
0.887125622400063,0.12097167578182677,0.04032389192727559,0.4435628112000315
0.9004000599770638,0.1227818263605087,0.0818545509070058,0.409272754535029
0.9111469032188405,0.12424730498438734,0.12424730498438734,0.372741914953162
0.919063184917585,0.12532679794330706,0.16710239725774273,0.33420479451548546
0.9239131562447777,0.12598815766974242,0.20998026278290402,0.2939723678960656
0.9255469562056767,0.12621094857350137,0.25242189714700275,0.25242189714700275
0.9239131562447775,0.1259881576697424,0.29397236789606557,0.209980262782904
0.919063184917585,0.12532679794330706,0.33420479451548546,0.16710239725774273
0.9111469032188405,0.12424730498438734,0.372741914953162,0.12424730498438734
0.9004000599770638,0.1227818263605087,0.409272754535029,0.0818545509070058
0.887125622400063,0.12097167578182677,0.4435628112000315,0.04032389192727559
0.87167173692536,0.1188643277625491,0.4754573110501964,0.0
0.8828295892956408,0.1605144707810256,0.0,0.4414147946478204
0.8973987180928046,0.16316340328960083,0.04079085082240021,0.4079085082240021
0.9095880536541953,0.1653796461189446,0.0826898230594723,0.3721042037676254
0.919063184917585,0.16710239725774273,0.12532679794330706,0.33420479451548546
0.9255469562056767,0.16828126476466848,0.16828126476466848,0.2944922133381699
0.9288407280256479,0.1688801323682996,0.21110016546037452,0.2533201985524494
0.928840728025648,0.16888013236829963,0.25332019855244947,0.21110016546037455
0.9255469562056768,0.1682812647646685,0.2944922133381699,0.1682812647646685
0.919063184917585,0.16710239725774273,0.33420479451548546,0.12532679794330706
0.9095880536541953,0.1653796461189446,0.3721042037676254,0.0826898230594723
0.8973987180928046,0.16316340328960083,0.4079085082240021,0.04079085082240021
0.8828295892956408,0.1605144707810256,0.4414147946478204,0.0
0.8914849883204187,0.20261022461827696,0.0,0.4052204492365539
0.9049590767686999,0.20567251744743179,0.04113450348948636,0.37021053140537724
0.9158719836679893,0.20815272356090667,0.08326108942436267,0.33304435769745067
0.9239131562447777,0.20998026278290402,0.12598815766974242,0.2939723678960656
0.928840728025648,0.21110016546037455,0.16888013236829963,0.25332019855244947
0.9305008557631897,0.21147746721890676,0.21147746721890676,0.21147746721890676
0.928840728025648,0.21110016546037455,0.25332019855244947,0.16888013236829963
0.9239131562447777,0.20998026278290402,0.2939723678960656,0.12598815766974242
0.9158719836679893,0.20815272356090667,0.33304435769745067,0.08326108942436267
0.9049590767686999,0.20567251744743179,0.37021053140537724,0.04113450348948636
0.8914849883204187,0.20261022461827696,0.4052204492365539,0.0
0.8973987180928046,0.24474510493440127,0.0,0.3671176574016019
0.9095880536541953,0.2480694691784169,0.04134491152973615,0.3307592922378892
0.919063184917585,0.2506535958866141,0.08355119862887136,0.29242919520104976
0.9255469562056767,0.25242189714700275,0.12621094857350137,0.25242189714700275
0.928840728025648,0.25332019855244947,0.16888013236829963,0.21110016546037455
0.9288407280256479,0.2533201985524494,0.21110016546037452,0.1688801323682996
0.9255469562056767,0.25242189714700275,0.25242189714700275,0.12621094857350137
0.919063184917585,0.2506535958866141,0.29242919520104976,0.08355119862887136
0.9095880536541953,0.2480694691784169,0.3307592922378892,0.04134491152973615
0.8973987180928046,0.24474510493440127,0.3671176574016019,0.0
0.9004000599770638,0.2864909281745203,0.0,0.3274182036280232
0.9111469032188405,0.2899103782969038,0.04141576832812911,0.2899103782969038
0.919063184917585,0.29242919520104976,0.08355119862887136,0.2506535958866141
0.9239131562447775,0.29397236789606557,0.1259881576697424,0.209980262782904
0.9255469562056767,0.2944922133381699,0.16828126476466848,0.16828126476466848
0.9239131562447775,0.29397236789606557,0.209980262782904,0.1259881576697424
0.919063184917585,0.29242919520104976,0.2506535958866141,0.08355119862887136
0.9111469032188405,0.2899103782969038,0.2899103782969038,0.04141576832812911
0.9004000599770638,0.2864909281745203,0.3274182036280232,0.0
0.900400059977064,0.32741820362802326,0.0,0.2864909281745203
0.9095880536541953,0.3307592922378892,0.04134491152973615,0.2480694691784169
0.9158719836679893,0.33304435769745067,0.08326108942436267,0.20815272356090667
0.919063184917585,0.33420479451548546,0.12532679794330706,0.16710239725774273
0.919063184917585,0.33420479451548546,0.16710239725774273,0.12532679794330706
0.9158719836679893,0.33304435769745067,0.20815272356090667,0.08326108942436267
0.9095880536541953,0.3307592922378892,0.2480694691784169,0.04134491152973615
0.900400059977064,0.32741820362802326,0.2864909281745203,0.0
0.8973987180928046,0.3671176574016019,0.0,0.24474510493440127
0.9049590767686999,0.37021053140537724,0.04113450348948636,0.20567251744743179
0.9095880536541953,0.3721042037676254,0.0826898230594723,0.1653796461189446
0.9111469032188405,0.372741914953162,0.12424730498438734,0.12424730498438734
0.9095880536541953,0.3721042037676254,0.1653796461189446,0.0826898230594723
0.9049590767686999,0.37021053140537724,0.20567251744743179,0.04113450348948636
0.8973987180928046,0.3671176574016019,0.24474510493440127,0.0
0.8914849883204187,0.4052204492365539,0.0,0.20261022461827696
0.8973987180928046,0.4079085082240021,0.04079085082240021,0.16316340328960083
0.9004000599770638,0.409272754535029,0.0818545509070058,0.1227818263605087
0.9004000599770638,0.409272754535029,0.1227818263605087,0.0818545509070058
0.8973987180928046,0.4079085082240021,0.16316340328960083,0.04079085082240021
0.8914849883204187,0.4052204492365539,0.20261022461827696,0.0
0.8828295892956408,0.4414147946478204,0.0,0.1605144707810256
0.887125622400063,0.4435628112000315,0.04032389192727559,0.12097167578182677
0.8885716308942213,0.44428581544711065,0.08077923917220194,0.08077923917220194
0.887125622400063,0.4435628112000315,0.12097167578182677,0.04032389192727559
0.8828295892956408,0.4414147946478204,0.1605144707810256,0.0
0.87167173692536,0.4754573110501964,0.0,0.1188643277625491
0.8744214968688807,0.47695718011029853,0.03974643167585821,0.07949286335171642
0.8744214968688807,0.47695718011029853,0.07949286335171642,0.03974643167585821
0.87167173692536,0.4754573110501964,0.1188643277625491,0.0
0.8583017461049575,0.5071783045165658,0.0,0.07802743146408704
0.8596111316810199,0.5079520323569663,0.039073233258228174,0.039073233258228174
0.8583017461049575,0.5071783045165658,0.07802743146408704,0.0
0.8430418317632821,0.5364811656675431,0.0,0.03832008326196737
0.8430418317632821,0.5364811656675431,0.03832008326196737,0.0
0.8262273428075477,0.5633368246415098,0.0,0.0
0.8541985556144386,0.0,0.0,0.5199469468957453
0.8699398956430688,0.0,0.037823473723611695,0.491705158406952
0.8839618083277011,0.0,0.0768662442024088,0.46119746521445276
0.8959527952013627,0.0,0.11686340806974298,0.42849916292239093
0.9056241156018814,0.0,0.15749984619163157,0.3937496154790789
0.9127271586524268,0.0,0.19841894753313627,0.35715410555964533
0.917070056253235,0.0,0.23923566684867,0.31898088913156003
0.9185315234055026,0.0,0.2795530723408052,0.2795530723408052
0.917070056253235,0.0,0.31898088913156003,0.23923566684867
0.9127271586524268,0.0,0.35715410555964533,0.19841894753313627
0.9056241156018814,0.0,0.3937496154790789,0.15749984619163157
0.8959527952013627,0.0,0.42849916292239093,0.11686340806974298
0.8839618083277011,0.0,0.46119746521445276,0.0768662442024088
0.8699398956430688,0.0,0.491705158406952,0.037823473723611695
0.8541985556144386,0.0,0.5199469468957453,0.0
0.8699398956430688,0.037823473723611695,0.0,0.491705158406952
0.8852704127574261,0.03849001794597506,0.03849001794597506,0.46188021535170065
0.8986843649392481,0.03907323325822818,0.07814646651645636,0.42980556584051
0.9098659379486209,0.039559388606461784,0.11867816581938535,0.3955938860646179
0.9185315234055026,0.039936153191543595,0.15974461276617438,0.35942537872389235
0.924448051716862,0.04019339355290705,0.2009669677645352,0.3215471484232564
0.9274495143273386,0.04032389192727559,0.24194335156365354,0.28226724349092913
0.9274495143273387,0.0403238919272756,0.2822672434909292,0.2419433515636536
0.924448051716862,0.04019339355290705,0.3215471484232564,0.2009669677645352
0.9185315234055026,0.039936153191543595,0.35942537872389235,0.15974461276617438
0.9098659379486209,0.039559388606461784,0.3955938860646179,0.11867816581938535
0.8986843649392481,0.03907323325822818,0.42980556584051,0.07814646651645636
0.8852704127574261,0.03849001794597506,0.46188021535170065,0.03849001794597506
0.8699398956430688,0.037823473723611695,0.491705158406952,0.0
0.8839618083277011,0.0768662442024088,0.0,0.46119746521445276
0.8986843649392481,0.07814646651645636,0.03907323325822818,0.42980556584051
0.9112931795128765,0.07924288517503274,0.07924288517503274,0.3962144258751637
0.9214755422472545,0.0801283080215004,0.12019246203225059,0.3605773860967518
0.9289612504803224,0.08077923917220195,0.1615584783444039,0.3231169566888078
0.9335412022384288,0.08117749584681991,0.20294373961704976,0.2841212354638697
0.9350829724090028,0.08131156281817417,0.2439346884545225,0.2439346884545225
0.9335412022384288,0.08117749584681991,0.2841212354638697,0.20294373961704976
0.9289612504803222,0.08077923917220194,0.32311695668880774,0.16155847834440387
0.9214755422472545,0.0801283080215004,0.3605773860967518,0.12019246203225059
0.9112931795128765,0.07924288517503274,0.3962144258751637,0.07924288517503274
0.8986843649392481,0.07814646651645636,0.42980556584051,0.03907323325822818
0.8839618083277011,0.0768662442024088,0.46119746521445276,0.0
0.8959527952013627,0.11686340806974298,0.0,0.42849916292239093
0.9098659379486209,0.11867816581938535,0.039559388606461784,0.3955938860646179
0.9214755422472545,0.12019246203225059,0.0801283080215004,0.3605773860967518
0.9304804031721452,0.12136700910941024,0.12136700910941024,0.323645357625094
0.9366324067316735,0.12216944435630524,0.16289259247507365,0.2850620368313789
0.9397545234122524,0.12257667696681554,0.20429446161135922,0.24515335393363108
0.9397545234122524,0.12257667696681554,0.24515335393363108,0.20429446161135922
0.9366324067316735,0.12216944435630524,0.2850620368313789,0.16289259247507365
0.9304804031721452,0.12136700910941024,0.323645357625094,0.12136700910941024
0.9214755422472545,0.12019246203225059,0.3605773860967518,0.0801283080215004
0.9098659379486209,0.11867816581938535,0.3955938860646179,0.039559388606461784
0.8959527952013627,0.11686340806974298,0.42849916292239093,0.0
0.9056241156018814,0.15749984619163157,0.0,0.3937496154790789
0.9185315234055026,0.15974461276617438,0.039936153191543595,0.35942537872389235
0.9289612504803224,0.1615584783444039,0.08077923917220195,0.3231169566888078
0.9366324067316735,0.16289259247507365,0.12216944435630524,0.2850620368313789
0.9413273354305668,0.16370910181401163,0.16370910181401163,0.24556365272101743
0.9429080709444059,0.16398401233815757,0.20498001542269695,0.20498001542269695
0.9413273354305668,0.16370910181401163,0.24556365272101743,0.16370910181401163
0.9366324067316735,0.16289259247507365,0.2850620368313789,0.12216944435630524
0.9289612504803224,0.1615584783444039,0.3231169566888078,0.08077923917220195
0.9185315234055026,0.15974461276617438,0.35942537872389235,0.039936153191543595
0.9056241156018814,0.15749984619163157,0.3937496154790789,0.0
0.9127271586524268,0.19841894753313627,0.0,0.35715410555964533
0.924448051716862,0.2009669677645352,0.04019339355290705,0.3215471484232564
0.9335412022384288,0.20294373961704976,0.08117749584681991,0.2841212354638697
0.9397545234122524,0.20429446161135922,0.12257667696681554,0.24515335393363108
0.9429080709444059,0.20498001542269695,0.16398401233815757,0.20498001542269695
0.9429080709444059,0.20498001542269695,0.20498001542269695,0.16398401233815757
0.9397545234122524,0.20429446161135922,0.24515335393363108,0.12257667696681554
0.9335412022384288,0.20294373961704976,0.2841212354638697,0.08117749584681991
0.924448051716862,0.2009669677645352,0.3215471484232564,0.04019339355290705
0.9127271586524268,0.19841894753313627,0.35715410555964533,0.0
0.917070056253235,0.23923566684867,0.0,0.31898088913156003
0.9274495143273386,0.24194335156365354,0.04032389192727559,0.28226724349092913
0.9350829724090028,0.2439346884545225,0.08131156281817417,0.2439346884545225
0.9397545234122524,0.24515335393363108,0.12257667696681554,0.20429446161135922
0.9413273354305668,0.24556365272101743,0.16370910181401163,0.16370910181401163
0.9397545234122524,0.24515335393363108,0.20429446161135922,0.12257667696681554
0.9350829724090028,0.2439346884545225,0.2439346884545225,0.08131156281817417
0.9274495143273386,0.24194335156365354,0.28226724349092913,0.04032389192727559
0.917070056253235,0.23923566684867,0.31898088913156003,0.0
0.9185315234055026,0.2795530723408052,0.0,0.2795530723408052
0.9274495143273387,0.2822672434909292,0.0403238919272756,0.2419433515636536
0.9335412022384288,0.2841212354638697,0.08117749584681991,0.20294373961704976
0.9366324067316735,0.2850620368313789,0.12216944435630524,0.16289259247507365
0.9366324067316735,0.2850620368313789,0.16289259247507365,0.12216944435630524
0.9335412022384288,0.2841212354638697,0.20294373961704976,0.08117749584681991
0.9274495143273387,0.2822672434909292,0.2419433515636536,0.0403238919272756
0.9185315234055026,0.2795530723408052,0.2795530723408052,0.0
0.917070056253235,0.31898088913156003,0.0,0.23923566684867
0.924448051716862,0.3215471484232564,0.04019339355290705,0.2009669677645352
0.9289612504803222,0.32311695668880774,0.08077923917220194,0.16155847834440387
0.9304804031721452,0.323645357625094,0.12136700910941024,0.12136700910941024
0.9289612504803222,0.32311695668880774,0.16155847834440387,0.08077923917220194
0.924448051716862,0.3215471484232564,0.2009669677645352,0.04019339355290705
0.917070056253235,0.31898088913156003,0.23923566684867,0.0
0.9127271586524268,0.35715410555964533,0.0,0.19841894753313627
0.9185315234055026,0.35942537872389235,0.039936153191543595,0.15974461276617438
0.9214755422472545,0.3605773860967518,0.0801283080215004,0.12019246203225059
0.9214755422472545,0.3605773860967518,0.12019246203225059,0.0801283080215004
0.9185315234055026,0.35942537872389235,0.15974461276617438,0.039936153191543595
0.9127271586524268,0.35715410555964533,0.19841894753313627,0.0
0.9056241156018814,0.3937496154790789,0.0,0.15749984619163157
0.9098659379486209,0.3955938860646179,0.039559388606461784,0.11867816581938535
0.9112931795128765,0.3962144258751637,0.07924288517503274,0.07924288517503274
0.9098659379486209,0.3955938860646179,0.11867816581938535,0.039559388606461784
0.9056241156018814,0.3937496154790789,0.15749984619163157,0.0
0.8959527952013627,0.42849916292239093,0.0,0.11686340806974298
0.8986843649392481,0.42980556584051,0.03907323325822818,0.07814646651645636
0.8986843649392481,0.42980556584051,0.07814646651645636,0.03907323325822818
0.8959527952013627,0.42849916292239093,0.11686340806974298,0.0
0.8839618083277011,0.46119746521445276,0.0,0.0768662442024088
0.8852704127574261,0.46188021535170065,0.03849001794597506,0.03849001794597506
0.8839618083277011,0.46119746521445276,0.0768662442024088,0.0
0.8699398956430688,0.491705158406952,0.0,0.037823473723611695
0.8699398956430688,0.491705158406952,0.037823473723611695,0.0
0.8541985556144386,0.5199469468957453,0.0,0.0
0.8792919665367741,0.0,0.0,0.47628314854075265
0.8938067072686303,0.0,0.03724194613619293,0.44690335363431516
0.9064674895205976,0.0,0.0755389574600498,0.4154642660302739
0.9169928638810441,0.0,0.11462410798513051,0.382080359950435
0.9251320133900397,0.0,0.15418866889833993,0.3469245050212649
0.9306800811953776,0.0,0.19389168358237033,0.3102266937317925
0.9334918099012969,0.0,0.23337295247532422,0.2722684445545449
0.9334918099012967,0.0,0.27226844455454485,0.23337295247532416
0.9306800811953776,0.0,0.3102266937317925,0.19389168358237033
0.9251320133900397,0.0,0.3469245050212649,0.15418866889833993
0.9169928638810441,0.0,0.382080359950435,0.11462410798513051
0.9064674895205976,0.0,0.4154642660302739,0.0755389574600498
0.8938067072686303,0.0,0.44690335363431516,0.03724194613619293
0.8792919665367741,0.0,0.47628314854075265,0.0
0.8938067072686303,0.03724194613619293,0.0,0.44690335363431516
0.9077633693666807,0.037823473723611695,0.037823473723611695,0.4160582109597286
0.9196819982872168,0.03832008326196737,0.07664016652393474,0.3832008326196737
0.9292837111948397,0.038720154633118314,0.11616046389935496,0.34848139169806486
0.9363291775690445,0.03901371573204353,0.1560548629281741,0.3121097258563482
0.9406341620035447,0.03919309008348103,0.19596545041740512,0.2743516305843672
0.9420824063746315,0.039253433598942976,0.23552060159365787,0.23552060159365787
0.9406341620035447,0.03919309008348103,0.2743516305843672,0.19596545041740512
0.9363291775690445,0.03901371573204353,0.3121097258563482,0.1560548629281741
0.9292837111948397,0.038720154633118314,0.34848139169806486,0.11616046389935496
0.9196819982872168,0.03832008326196737,0.3832008326196737,0.07664016652393474
0.9077633693666807,0.037823473723611695,0.4160582109597286,0.037823473723611695
0.8938067072686303,0.03724194613619293,0.44690335363431516,0.0
0.9064674895205976,0.0755389574600498,0.0,0.4154642660302739
0.9196819982872168,0.07664016652393474,0.03832008326196737,0.3832008326196737
0.9306800811953776,0.07755667343294813,0.07755667343294813,0.3490050304482666
0.9391925762337988,0.07826604801948324,0.11739907202922485,0.31306419207793296
0.9449990771497894,0.07874992309581579,0.15749984619163157,0.2756247308353552
0.9479430066400371,0.07899525055333642,0.19748812638334107,0.23698575166000926
0.9479430066400371,0.07899525055333642,0.23698575166000926,0.19748812638334107
0.9449990771497894,0.07874992309581579,0.2756247308353552,0.15749984619163157
0.9391925762337988,0.07826604801948324,0.31306419207793296,0.11739907202922485
0.9306800811953776,0.07755667343294813,0.3490050304482666,0.07755667343294813
0.9196819982872168,0.07664016652393474,0.3832008326196737,0.03832008326196737
0.9064674895205976,0.0755389574600498,0.4154642660302739,0.0
0.9169928638810441,0.11462410798513051,0.0,0.382080359950435
0.9292837111948397,0.11616046389935496,0.038720154633118314,0.34848139169806486
0.9391925762337988,0.11739907202922485,0.07826604801948324,0.31306419207793296
0.9464676080701189,0.11830845100876486,0.11830845100876486,0.27605305235378463
0.9509146221003928,0.1188643277625491,0.15848577035006545,0.2377286555250982
0.952410948159054,0.11905136851988175,0.19841894753313624,0.19841894753313624
0.9509146221003928,0.1188643277625491,0.2377286555250982,0.15848577035006545
0.9464676080701189,0.11830845100876486,0.27605305235378463,0.11830845100876486
0.9391925762337988,0.11739907202922485,0.31306419207793296,0.07826604801948324
0.9292837111948397,0.11616046389935496,0.34848139169806486,0.038720154633118314
0.9169928638810441,0.11462410798513051,0.382080359950435,0.0
0.9251320133900397,0.15418866889833993,0.0,0.3469245050212649
0.9363291775690445,0.1560548629281741,0.03901371573204353,0.3121097258563482
0.9449990771497894,0.15749984619163157,0.07874992309581579,0.2756247308353552
0.9509146221003928,0.15848577035006545,0.1188643277625491,0.2377286555250982
0.9539143602205973,0.15898572670343286,0.15898572670343286,0.1987321583792911
0.9539143602205971,0.15898572670343283,0.19873215837929106,0.15898572670343283
0.9509146221003928,0.15848577035006545,0.2377286555250982,0.1188643277625491
0.9449990771497894,0.15749984619163157,0.2756247308353552,0.07874992309581579
0.9363291775690445,0.1560548629281741,0.3121097258563482,0.03901371573204353
0.9251320133900397,0.15418866889833993,0.3469245050212649,0.0
0.9306800811953776,0.19389168358237033,0.0,0.3102266937317925
0.9406341620035447,0.19596545041740512,0.03919309008348103,0.2743516305843672
0.9479430066400371,0.19748812638334107,0.07899525055333642,0.23698575166000926
0.952410948159054,0.19841894753313624,0.11905136851988175,0.19841894753313624
0.9539143602205973,0.1987321583792911,0.15898572670343286,0.15898572670343286
0.952410948159054,0.19841894753313624,0.19841894753313624,0.11905136851988175
0.9479430066400371,0.19748812638334107,0.23698575166000926,0.07899525055333642
0.9406341620035447,0.19596545041740512,0.2743516305843672,0.03919309008348103
0.9306800811953776,0.19389168358237033,0.3102266937317925,0.0
0.9334918099012969,0.23337295247532422,0.0,0.2722684445545449
0.9420824063746315,0.23552060159365787,0.039253433598942976,0.23552060159365787
0.9479430066400371,0.23698575166000926,0.07899525055333642,0.19748812638334107
0.9509146221003928,0.2377286555250982,0.1188643277625491,0.15848577035006545
0.9509146221003928,0.2377286555250982,0.15848577035006545,0.1188643277625491
0.9479430066400371,0.23698575166000926,0.19748812638334107,0.07899525055333642
0.9420824063746315,0.23552060159365787,0.23552060159365787,0.039253433598942976
0.9334918099012969,0.23337295247532422,0.2722684445545449,0.0
0.9334918099012967,0.27226844455454485,0.0,0.23337295247532416
0.9406341620035447,0.2743516305843672,0.03919309008348103,0.19596545041740512
0.9449990771497894,0.2756247308353552,0.07874992309581579,0.15749984619163157
0.9464676080701189,0.27605305235378463,0.11830845100876486,0.11830845100876486
0.9449990771497894,0.2756247308353552,0.15749984619163157,0.07874992309581579
0.9406341620035447,0.2743516305843672,0.19596545041740512,0.03919309008348103
0.9334918099012967,0.27226844455454485,0.23337295247532416,0.0
0.9306800811953776,0.3102266937317925,0.0,0.19389168358237033
0.9363291775690445,0.3121097258563482,0.03901371573204353,0.1560548629281741
0.9391925762337988,0.31306419207793296,0.07826604801948324,0.11739907202922485
0.9391925762337988,0.31306419207793296,0.11739907202922485,0.07826604801948324
0.9363291775690445,0.3121097258563482,0.1560548629281741,0.03901371573204353
0.9306800811953776,0.3102266937317925,0.19389168358237033,0.0
0.9251320133900397,0.3469245050212649,0.0,0.15418866889833993
0.9292837111948397,0.34848139169806486,0.038720154633118314,0.11616046389935496
0.9306800811953776,0.3490050304482666,0.07755667343294813,0.07755667343294813
0.9292837111948397,0.34848139169806486,0.11616046389935496,0.038720154633118314
0.9251320133900397,0.3469245050212649,0.15418866889833993,0.0
0.9169928638810441,0.382080359950435,0.0,0.11462410798513051
0.9196819982872168,0.3832008326196737,0.03832008326196737,0.07664016652393474
0.9196819982872168,0.3832008326196737,0.07664016652393474,0.03832008326196737
0.9169928638810441,0.382080359950435,0.11462410798513051,0.0
0.9064674895205976,0.4154642660302739,0.0,0.0755389574600498
0.9077633693666807,0.4160582109597286,0.037823473723611695,0.037823473723611695
0.9064674895205976,0.4154642660302739,0.0755389574600498,0.0
0.8938067072686303,0.44690335363431516,0.0,0.03724194613619293
0.8938067072686303,0.44690335363431516,0.03724194613619293,0.0
0.8792919665367741,0.47628314854075265,0.0,0.0
0.9015230574682737,0.0,0.0,0.43273106758477137
0.914702166580753,0.0,0.03658808666323012,0.40246895329553134
0.9259259259259259,0.0,0.07407407407407408,0.3703703703703704
0.9349469900084572,0.0,0.11219363880101486,0.3365809164030446
0.9415544714433868,0.0,0.1506487154309419,0.3012974308618838
0.9455868430902923,0.0,0.18911736861805847,0.26476431606528184
0.9469425238482128,0.0,0.22726620572357106,0.22726620572357106
0.9455868430902923,0.0,0.26476431606528184,0.18911736861805847
0.9415544714433867,0.0,0.30129743086188376,0.15064871543094188
0.9349469900084572,0.0,0.3365809164030446,0.11219363880101486
0.9259259259259259,0.0,0.3703703703703704,0.07407407407407408
0.914702166580753,0.0,0.40246895329553134,0.03658808666323012
0.9015230574682737,0.0,0.43273106758477137,0.0
0.914702166580753,0.03658808666323012,0.0,0.40246895329553134
0.9271986769403552,0.03708794707761421,0.03708794707761421,0.3708794707761421
0.9375732507716865,0.037502930030867465,0.07500586006173493,0.3375263702778072
0.9455868430902923,0.037823473723611695,0.11347042117083508,0.30258778978889356
0.9510448211356669,0.03804179284542668,0.1521671713817067,0.26629254991798673
0.9538094921456446,0.038152379685825785,0.19076189842912894,0.22891427811495474
0.9538094921456446,0.038152379685825785,0.22891427811495474,0.19076189842912894
0.9510448211356669,0.03804179284542668,0.26629254991798673,0.1521671713817067
0.9455868430902923,0.037823473723611695,0.30258778978889356,0.11347042117083508
0.9375732507716865,0.037502930030867465,0.3375263702778072,0.07500586006173493
0.9271986769403552,0.03708794707761421,0.3708794707761421,0.03708794707761421
0.914702166580753,0.03658808666323012,0.40246895329553134,0.0
0.9259259259259259,0.07407407407407408,0.0,0.3703703703703704
0.9375732507716865,0.07500586006173493,0.037502930030867465,0.3375263702778072
0.9469425238482128,0.07575540190785703,0.07575540190785703,0.3030216076314281
0.9538094921456446,0.07630475937165157,0.11445713905747737,0.26706665780078054
0.9580020815491842,0.07664016652393474,0.15328033304786948,0.22992049957180424
0.9594119455666703,0.07675295564533363,0.19188238911333408,0.19188238911333408
0.9580020815491842,0.07664016652393474,0.22992049957180424,0.15328033304786948
0.9538094921456446,0.07630475937165157,0.26706665780078054,0.11445713905747737
0.9469425238482128,0.07575540190785703,0.3030216076314281,0.07575540190785703
0.9375732507716865,0.07500586006173493,0.3375263702778072,0.037502930030867465
0.9259259259259259,0.07407407407407408,0.3703703703703704,0.0
0.9349469900084572,0.11219363880101486,0.0,0.3365809164030446
0.9455868430902923,0.11347042117083508,0.037823473723611695,0.30258778978889356
0.9538094921456446,0.11445713905747737,0.07630475937165157,0.26706665780078054
0.9594119455666703,0.11512943346800045,0.11512943346800045,0.2302588669360009
0.9622504486493763,0.11547005383792516,0.15396007178390023,0.19245008972987526
0.9622504486493763,0.11547005383792516,0.19245008972987526,0.15396007178390023
0.9594119455666703,0.11512943346800045,0.2302588669360009,0.11512943346800045
0.9538094921456446,0.11445713905747737,0.26706665780078054,0.07630475937165157
0.9455868430902923,0.11347042117083508,0.30258778978889356,0.037823473723611695
0.9349469900084572,0.11219363880101486,0.3365809164030446,0.0
0.9415544714433868,0.1506487154309419,0.0,0.3012974308618838
0.9510448211356669,0.1521671713817067,0.03804179284542668,0.26629254991798673
0.9580020815491842,0.15328033304786948,0.07664016652393474,0.22992049957180424
0.9622504486493763,0.15396007178390023,0.11547005383792516,0.19245008972987526
0.9636791806146247,0.15418866889833996,0.15418866889833996,0.15418866889833996
0.9622504486493763,0.15396007178390023,0.19245008972987526,0.11547005383792516
0.9580020815491842,0.15328033304786948,0.22992049957180424,0.07664016652393474
0.9510448211356669,0.1521671713817067,0.26629254991798673,0.03804179284542668
0.9415544714433868,0.1506487154309419,0.3012974308618838,0.0
0.9455868430902923,0.18911736861805847,0.0,0.26476431606528184
0.9538094921456446,0.19076189842912894,0.038152379685825785,0.22891427811495474
0.9594119455666703,0.19188238911333408,0.07675295564533363,0.19188238911333408
0.9622504486493763,0.19245008972987526,0.11547005383792516,0.15396007178390023
0.9622504486493763,0.19245008972987526,0.15396007178390023,0.11547005383792516
0.9594119455666703,0.19188238911333408,0.19188238911333408,0.07675295564533363
0.9538094921456446,0.19076189842912894,0.22891427811495474,0.038152379685825785
0.9455868430902923,0.18911736861805847,0.26476431606528184,0.0
0.9469425238482128,0.22726620572357106,0.0,0.22726620572357106
0.9538094921456446,0.22891427811495474,0.038152379685825785,0.19076189842912894
0.9580020815491842,0.22992049957180424,0.07664016652393474,0.15328033304786948
0.9594119455666703,0.2302588669360009,0.11512943346800045,0.11512943346800045
0.9580020815491842,0.22992049957180424,0.15328033304786948,0.07664016652393474
0.9538094921456446,0.22891427811495474,0.19076189842912894,0.038152379685825785
0.9469425238482128,0.22726620572357106,0.22726620572357106,0.0
0.9455868430902923,0.26476431606528184,0.0,0.18911736861805847
0.9510448211356669,0.26629254991798673,0.03804179284542668,0.1521671713817067
0.9538094921456446,0.26706665780078054,0.07630475937165157,0.11445713905747737
0.9538094921456446,0.26706665780078054,0.11445713905747737,0.07630475937165157
0.9510448211356669,0.26629254991798673,0.1521671713817067,0.03804179284542668
0.9455868430902923,0.26476431606528184,0.18911736861805847,0.0
0.9415544714433867,0.30129743086188376,0.0,0.15064871543094188
0.9455868430902923,0.30258778978889356,0.037823473723611695,0.11347042117083508
0.9469425238482128,0.3030216076314281,0.07575540190785703,0.07575540190785703
0.9455868430902923,0.30258778978889356,0.11347042117083508,0.037823473723611695
0.9415544714433867,0.30129743086188376,0.15064871543094188,0.0
0.9349469900084572,0.3365809164030446,0.0,0.11219363880101486
0.9375732507716865,0.3375263702778072,0.037502930030867465,0.07500586006173493
0.9375732507716865,0.3375263702778072,0.07500586006173493,0.037502930030867465
0.9349469900084572,0.3365809164030446,0.11219363880101486,0.0
0.9259259259259259,0.3703703703703704,0.0,0.07407407407407408
0.9271986769403552,0.3708794707761421,0.03708794707761421,0.03708794707761421
0.9259259259259259,0.3703703703703704,0.07407407407407408,0.0
0.914702166580753,0.40246895329553134,0.0,0.03658808666323012
0.914702166580753,0.40246895329553134,0.03658808666323012,0.0
0.9015230574682737,0.43273106758477137,0.0,0.0
0.9209672510685589,0.0,0.0,0.38963999083669804
0.9327448043344279,0.0,0.03587480016670876,0.35874800166708765
0.9424992636727378,0.0,0.07249994335944138,0.32624974511748617
0.9500193238144304,0.0,0.10961761428628043,0.2923136380967478
0.9551338658818386,0.0,0.14694367167412903,0.2571514254297258
0.9577223092888846,0.0,0.18417736717093935,0.22101284060512721
0.9577223092888845,0.0,0.2210128406051272,0.18417736717093933
0.9551338658818385,0.0,0.25715142542972574,0.146943671674129
0.9500193238144305,0.0,0.2923136380967479,0.10961761428628046
0.9424992636727378,0.0,0.32624974511748617,0.07249994335944138
0.9327448043344279,0.0,0.35874800166708765,0.03587480016670876
0.9209672510685589,0.0,0.38963999083669804,0.0
0.9327448043344279,0.03587480016670876,0.0,0.35874800166708765
0.943740211232816,0.036297700432031385,0.036297700432031385,0.3266793038882825
0.9525662970815053,0.03663716527236559,0.07327433054473118,0.2930973221789247
0.9590244476323128,0.03688555567816588,0.11065666703449763,0.2581988897471611
0.962962962962963,0.03703703703703704,0.14814814814814817,0.22222222222222224
0.9642866240179693,0.0370879470776142,0.18543973538807101,0.18543973538807101
0.9629629629629629,0.037037037037037035,0.2222222222222222,0.14814814814814814
0.9590244476323128,0.03688555567816588,0.2581988897471611,0.11065666703449763
0.9525662970815053,0.03663716527236559,0.2930973221789247,0.07327433054473118
0.943740211232816,0.036297700432031385,0.3266793038882825,0.036297700432031385
0.9327448043344279,0.03587480016670876,0.35874800166708765,0.0
0.9424992636727378,0.07249994335944138,0.0,0.32624974511748617
0.9525662970815053,0.07327433054473118,0.03663716527236559,0.2930973221789247
0.9603319116990531,0.07387168551531177,0.07387168551531177,0.2585508993035912
0.9656157585206696,0.07427813527082074,0.11141720290623111,0.22283440581246222
0.9682905995410163,0.07448389227238586,0.14896778454477172,0.18620973068096466
0.9682905995410163,0.07448389227238586,0.18620973068096466,0.14896778454477172
0.9656157585206696,0.07427813527082074,0.22283440581246222,0.11141720290623111
0.9603319116990531,0.07387168551531177,0.2585508993035912,0.07387168551531177
0.9525662970815053,0.07327433054473118,0.2930973221789247,0.03663716527236559
0.9424992636727378,0.07249994335944138,0.32624974511748617,0.0
0.9500193238144304,0.10961761428628043,0.0,0.2923136380967478
0.9590244476323128,0.11065666703449763,0.03688555567816588,0.2581988897471611
0.9656157585206696,0.11141720290623111,0.07427813527082074,0.22283440581246222
0.969636382816662,0.11188112109423022,0.11188112109423022,0.18646853515705036
0.9709877930652523,0.11203705304599065,0.1493827373946542,0.1493827373946542
0.969636382816662,0.11188112109423022,0.18646853515705036,0.11188112109423022
0.9656157585206696,0.11141720290623111,0.22283440581246222,0.07427813527082074
0.9590244476323128,0.11065666703449763,0.2581988897471611,0.03688555567816588
0.9500193238144304,0.10961761428628043,0.2923136380967478,0.0
0.9551338658818386,0.14694367167412903,0.0,0.2571514254297258
0.962962962962963,0.14814814814814817,0.03703703703703704,0.22222222222222224
0.9682905995410163,0.14896778454477172,0.07448389227238586,0.18620973068096466
0.9709877930652525,0.1493827373946542,0.11203705304599067,0.1493827373946542
0.9709877930652525,0.1493827373946542,0.1493827373946542,0.11203705304599067
0.9682905995410163,0.14896778454477172,0.18620973068096466,0.07448389227238586
0.962962962962963,0.14814814814814817,0.22222222222222224,0.03703703703703704
0.9551338658818386,0.14694367167412903,0.2571514254297258,0.0
0.9577223092888846,0.18417736717093935,0.0,0.22101284060512721
0.9642866240179693,0.18543973538807101,0.0370879470776142,0.18543973538807101
0.9682905995410163,0.18620973068096466,0.07448389227238586,0.14896778454477172
0.9696363828166621,0.1864685351570504,0.11188112109423023,0.11188112109423023
0.9682905995410163,0.18620973068096466,0.14896778454477172,0.07448389227238586
0.9642866240179693,0.18543973538807101,0.18543973538807101,0.0370879470776142
0.9577223092888846,0.18417736717093935,0.22101284060512721,0.0
0.9577223092888845,0.2210128406051272,0.0,0.18417736717093933
0.9629629629629629,0.2222222222222222,0.037037037037037035,0.14814814814814814
0.9656157585206696,0.22283440581246222,0.07427813527082074,0.11141720290623111
0.9656157585206696,0.22283440581246222,0.11141720290623111,0.07427813527082074
0.9629629629629629,0.2222222222222222,0.14814814814814814,0.037037037037037035
0.9577223092888845,0.2210128406051272,0.18417736717093933,0.0
0.9551338658818385,0.25715142542972574,0.0,0.146943671674129
0.9590244476323128,0.2581988897471611,0.03688555567816588,0.11065666703449763
0.9603319116990531,0.2585508993035912,0.07387168551531177,0.07387168551531177
0.9590244476323128,0.2581988897471611,0.11065666703449763,0.03688555567816588
0.9551338658818385,0.25715142542972574,0.146943671674129,0.0
0.9500193238144305,0.2923136380967479,0.0,0.10961761428628046
0.9525662970815053,0.2930973221789247,0.03663716527236559,0.07327433054473118
0.9525662970815053,0.2930973221789247,0.07327433054473118,0.03663716527236559
0.9500193238144305,0.2923136380967479,0.10961761428628046,0.0
0.9424992636727378,0.32624974511748617,0.0,0.07249994335944138
0.943740211232816,0.3266793038882825,0.036297700432031385,0.036297700432031385
0.9424992636727378,0.32624974511748617,0.07249994335944138,0.0
0.9327448043344279,0.35874800166708765,0.0,0.03587480016670876
0.9327448043344279,0.35874800166708765,0.03587480016670876,0.0
0.9209672510685589,0.38963999083669804,0.0,0.0
0.9377487607237036,0.0,0.0,0.347314355823594
0.9480982327478418,0.0,0.03511474936103118,0.31603274424928063
0.9563890684173496,0.0,0.07084363469758145,0.2833745387903258
0.9624460578293508,0.0,0.10693845086992787,0.24952305202983172
0.9661359604020927,0.0,0.14313125339290264,0.21469688008935398
0.9673753912650251,0.0,0.17914359097500468,0.17914359097500468
0.9661359604020927,0.0,0.21469688008935398,0.14313125339290264
0.9624460578293508,0.0,0.24952305202983172,0.10693845086992787
0.9563890684173496,0.0,0.2833745387903258,0.07084363469758145
0.9480982327478418,0.0,0.31603274424928063,0.03511474936103118
0.9377487607237036,0.0,0.347314355823594,0.0
0.9480982327478418,0.03511474936103118,0.0,0.31603274424928063
0.9575913178780766,0.03546634510659544,0.03546634510659544,0.2837307608527635
0.9649012813540153,0.03573708449459316,0.07147416898918632,0.25015959146215216
0.9698686309445845,0.03592106040535499,0.10776318121606496,0.21552636243212991
0.9723812481885865,0.03601412030328099,0.14405648121312395,0.18007060151640494
0.9723812481885865,0.03601412030328099,0.18007060151640494,0.14405648121312395
0.9698686309445845,0.03592106040535499,0.21552636243212991,0.10776318121606496
0.9649012813540153,0.03573708449459316,0.25015959146215216,0.07147416898918632
0.9575913178780766,0.03546634510659544,0.2837307608527635,0.03546634510659544
0.9480982327478418,0.03511474936103118,0.31603274424928063,0.0
0.9563890684173496,0.07084363469758145,0.0,0.2833745387903258
0.9649012813540153,0.07147416898918632,0.03573708449459316,0.25015959146215216
0.9711225017085686,0.07193500012656064,0.07193500012656064,0.21580500037968192
0.9749134953100606,0.07221581446741189,0.10832372170111784,0.18053953616852975
0.9761870601839527,0.07231015260621873,0.14462030521243746,0.14462030521243746
0.9749134953100606,0.07221581446741189,0.18053953616852975,0.10832372170111784
0.9711225017085686,0.07193500012656064,0.21580500037968192,0.07193500012656064
0.9649012813540153,0.07147416898918632,0.25015959146215216,0.03573708449459316
0.9563890684173496,0.07084363469758145,0.2833745387903258,0.0
0.9624460578293508,0.10693845086992787,0.0,0.24952305202983172
0.9698686309445845,0.10776318121606496,0.03592106040535499,0.21552636243212991
0.9749134953100606,0.10832372170111784,0.07221581446741189,0.18053953616852975
0.9774656292455952,0.10860729213839948,0.10860729213839948,0.1448097228511993
0.9774656292455952,0.10860729213839948,0.1448097228511993,0.10860729213839948
0.9749134953100606,0.10832372170111784,0.18053953616852975,0.07221581446741189
0.9698686309445845,0.10776318121606496,0.21552636243212991,0.03592106040535499
0.9624460578293508,0.10693845086992787,0.24952305202983172,0.0
0.9661359604020927,0.14313125339290264,0.0,0.21469688008935398
0.9723812481885865,0.14405648121312395,0.03601412030328099,0.18007060151640494
0.9761870601839527,0.14462030521243746,0.07231015260621873,0.14462030521243746
0.9774656292455952,0.1448097228511993,0.10860729213839948,0.10860729213839948
0.9761870601839527,0.14462030521243746,0.14462030521243746,0.07231015260621873
0.9723812481885865,0.14405648121312395,0.18007060151640494,0.03601412030328099
0.9661359604020927,0.14313125339290264,0.21469688008935398,0.0
0.9673753912650251,0.17914359097500468,0.0,0.17914359097500468
0.9723812481885865,0.18007060151640494,0.03601412030328099,0.14405648121312395
0.9749134953100606,0.18053953616852975,0.07221581446741189,0.10832372170111784
0.9749134953100606,0.18053953616852975,0.10832372170111784,0.07221581446741189
0.9723812481885865,0.18007060151640494,0.14405648121312395,0.03601412030328099
0.9673753912650251,0.17914359097500468,0.17914359097500468,0.0
0.9661359604020927,0.21469688008935398,0.0,0.14313125339290264
0.9698686309445845,0.21552636243212991,0.03592106040535499,0.10776318121606496
0.9711225017085686,0.21580500037968192,0.07193500012656064,0.07193500012656064
0.9698686309445845,0.21552636243212991,0.10776318121606496,0.03592106040535499
0.9661359604020927,0.21469688008935398,0.14313125339290264,0.0
0.9624460578293508,0.24952305202983172,0.0,0.10693845086992787
0.9649012813540153,0.25015959146215216,0.03573708449459316,0.07147416898918632
0.9649012813540153,0.25015959146215216,0.07147416898918632,0.03573708449459316
0.9624460578293508,0.24952305202983172,0.10693845086992787,0.0
0.9563890684173496,0.2833745387903258,0.0,0.07084363469758145
0.9575913178780766,0.2837307608527635,0.03546634510659544,0.03546634510659544
0.9563890684173496,0.2833745387903258,0.07084363469758145,0.0
0.9480982327478418,0.31603274424928063,0.0,0.03511474936103118
0.9480982327478418,0.31603274424928063,0.03511474936103118,0.0
0.9377487607237036,0.347314355823594,0.0,0.0
0.9520285612852643,0.0,0.0,0.30600918041312064
0.9609575122764124,0.0,0.03431991115272901,0.2745592892218321
0.9678215817483969,0.0,0.06913011298202835,0.24195539543709924
0.9724801963060631,0.0,0.10419430674707819,0.20838861349415638
0.9748348733519078,0.0,0.13926212476455826,0.17407765595569782
0.9748348733519078,0.0,0.17407765595569782,0.13926212476455826
0.9724801963060631,0.0,0.20838861349415638,0.10419430674707819
0.9678215817483969,0.0,0.24195539543709924,0.06913011298202835
0.9609575122764124,0.0,0.2745592892218321,0.03431991115272901
0.9520285612852643,0.0,0.30600918041312064,0.0
0.9609575122764124,0.03431991115272901,0.0,0.2745592892218321
0.9689799562883759,0.03460642701029914,0.03460642701029914,0.24224498907209396
0.974834873351908,0.03481553119113957,0.06963106238227915,0.2088931871468374
0.9783991809404571,0.03494282789073061,0.10482848367219183,0.17471413945365305
0.9795959999578474,0.03498557142706598,0.13994228570826392,0.13994228570826392
0.9783991809404571,0.03494282789073061,0.17471413945365305,0.10482848367219183
0.974834873351908,0.03481553119113957,0.2088931871468374,0.06963106238227915
0.9689799562883759,0.03460642701029914,0.24224498907209396,0.03460642701029914
0.9609575122764124,0.03431991115272901,0.2745592892218321,0.0
0.9678215817483969,0.06913011298202835,0.0,0.24195539543709924
0.974834873351908,0.06963106238227915,0.03481553119113957,0.2088931871468374
0.9795959999578474,0.06997114285413196,0.06997114285413196,0.17492785713532988
0.9820028733646521,0.07014306238318943,0.10521459357478415,0.14028612476637886
0.9820028733646521,0.07014306238318943,0.14028612476637886,0.10521459357478415
0.9795959999578474,0.06997114285413196,0.17492785713532988,0.06997114285413196
0.974834873351908,0.06963106238227915,0.2088931871468374,0.03481553119113957
0.9678215817483969,0.06913011298202835,0.24195539543709924,0.0
0.9724801963060631,0.10419430674707819,0.0,0.20838861349415638
0.9783991809404571,0.10482848367219183,0.03494282789073061,0.17471413945365305
0.9820028733646521,0.10521459357478415,0.07014306238318943,0.14028612476637886
0.9832129821088731,0.10534424808309355,0.10534424808309355,0.10534424808309355
0.9820028733646521,0.10521459357478415,0.14028612476637886,0.07014306238318943
0.9783991809404571,0.10482848367219183,0.17471413945365305,0.03494282789073061
0.9724801963060631,0.10419430674707819,0.20838861349415638,0.0
0.9748348733519078,0.13926212476455826,0.0,0.17407765595569782
0.9795959999578474,0.13994228570826392,0.03498557142706598,0.13994228570826392
0.9820028733646521,0.14028612476637886,0.07014306238318943,0.10521459357478415
0.9820028733646521,0.14028612476637886,0.10521459357478415,0.07014306238318943
0.9795959999578474,0.13994228570826392,0.13994228570826392,0.03498557142706598
0.9748348733519078,0.13926212476455826,0.17407765595569782,0.0
0.9748348733519078,0.17407765595569782,0.0,0.13926212476455826
0.9783991809404571,0.17471413945365305,0.03494282789073061,0.10482848367219183
0.9795959999578474,0.17492785713532988,0.06997114285413196,0.06997114285413196
0.9783991809404571,0.17471413945365305,0.10482848367219183,0.03494282789073061
0.9748348733519078,0.17407765595569782,0.13926212476455826,0.0
0.9724801963060631,0.20838861349415638,0.0,0.10419430674707819
0.974834873351908,0.2088931871468374,0.03481553119113957,0.06963106238227915
0.974834873351908,0.2088931871468374,0.06963106238227915,0.03481553119113957
0.9724801963060631,0.20838861349415638,0.10419430674707819,0.0
0.9678215817483969,0.24195539543709924,0.0,0.06913011298202835
0.9689799562883759,0.24224498907209396,0.03460642701029914,0.03460642701029914
0.9678215817483969,0.24195539543709924,0.06913011298202835,0.0
0.9609575122764124,0.2745592892218321,0.0,0.03431991115272901
0.9609575122764124,0.2745592892218321,0.03431991115272901,0.0
0.9520285612852643,0.30600918041312064,0.0,0.0
0.9639926182060737,0.0,0.0,0.26592899812581344
0.9715365547505717,0.0,0.033501260508640406,0.23450882356048283
0.9770348247673533,0.0,0.06738171205292091,0.20214513615876276
0.9803789354850793,0.0,0.101418510567422,0.16903085094570333
0.9815012929624983,0.0,0.13537948868448255,0.13537948868448255
0.9803789354850793,0.0,0.16903085094570333,0.101418510567422
0.9770348247673533,0.0,0.20214513615876276,0.06738171205292091
0.9715365547505717,0.0,0.23450882356048283,0.033501260508640406
0.9639926182060737,0.0,0.26592899812581344,0.0
0.9715365547505717,0.033501260508640406,0.0,0.23450882356048283
0.978145723164583,0.033729162867744245,0.033729162867744245,0.20237497720646547
0.9826275139789609,0.03388370737858486,0.06776741475716971,0.1694185368929243
0.9848916356764204,0.03396178054056622,0.10188534162169867,0.13584712216226488
0.9848916356764204,0.03396178054056622,0.13584712216226488,0.10188534162169867
0.9826275139789609,0.03388370737858486,0.1694185368929243,0.06776741475716971
0.978145723164583,0.033729162867744245,0.20237497720646547,0.033729162867744245
0.9715365547505717,0.033501260508640406,0.23450882356048283,0.0
0.9770348247673533,0.06738171205292091,0.0,0.20214513615876276
0.9826275139789609,0.06776741475716971,0.03388370737858486,0.1694185368929243
0.9860295813311665,0.06800204009180459,0.06800204009180459,0.13600408018360918
0.9871714804762064,0.06808079175697976,0.10212118763546964,0.10212118763546964
0.9860295813311665,0.06800204009180459,0.13600408018360918,0.06800204009180459
0.9826275139789609,0.06776741475716971,0.1694185368929243,0.03388370737858486
0.9770348247673533,0.06738171205292091,0.20214513615876276,0.0
0.9803789354850793,0.101418510567422,0.0,0.16903085094570333
0.9848916356764204,0.10188534162169867,0.03396178054056622,0.13584712216226488
0.9871714804762064,0.10212118763546964,0.06808079175697976,0.10212118763546964
0.9871714804762064,0.10212118763546964,0.10212118763546964,0.06808079175697976
0.9848916356764204,0.10188534162169867,0.13584712216226488,0.03396178054056622
0.9803789354850793,0.101418510567422,0.16903085094570333,0.0
0.9815012929624983,0.13537948868448255,0.0,0.13537948868448255
0.9848916356764204,0.13584712216226488,0.03396178054056622,0.10188534162169867
0.9860295813311665,0.13600408018360918,0.06800204009180459,0.06800204009180459
0.9848916356764204,0.13584712216226488,0.10188534162169867,0.03396178054056622
0.9815012929624983,0.13537948868448255,0.13537948868448255,0.0
0.9803789354850793,0.16903085094570333,0.0,0.101418510567422
0.9826275139789609,0.1694185368929243,0.03388370737858486,0.06776741475716971
0.9826275139789609,0.1694185368929243,0.06776741475716971,0.03388370737858486
0.9803789354850793,0.16903085094570333,0.101418510567422,0.0
0.9770348247673533,0.20214513615876276,0.0,0.06738171205292091
0.978145723164583,0.20237497720646547,0.033729162867744245,0.033729162867744245
0.9770348247673533,0.20214513615876276,0.06738171205292091,0.0
0.9715365547505717,0.23450882356048283,0.0,0.033501260508640406
0.9715365547505717,0.23450882356048283,0.033501260508640406,0.0
0.9639926182060737,0.26592899812581344,0.0,0.0
0.9738412097417932,0.0,0.0,0.22722961560641844
0.9800572805772018,0.0,0.03266857601924006,0.19601145611544035
0.9842680723871801,0.0,0.06561787149247866,0.16404467873119666
0.9863939238321437,0.0,0.09863939238321438,0.13151918984428584
0.9863939238321437,0.0,0.13151918984428584,0.09863939238321438
0.9842680723871801,0.0,0.16404467873119666,0.06561787149247866
0.9800572805772018,0.0,0.19601145611544035,0.03266857601924006
0.9738412097417932,0.0,0.22722961560641844,0.0
0.9800572805772018,0.03266857601924006,0.0,0.19601145611544035
0.9853292781642933,0.03284430927214311,0.03284430927214311,0.16422154636071554
0.9885336094784051,0.03295112031594683,0.06590224063189366,0.13180448126378733
0.9896086871310632,0.032986956237702106,0.09896086871310632,0.09896086871310632
0.9885336094784051,0.03295112031594683,0.13180448126378733,0.06590224063189366
0.9853292781642933,0.03284430927214311,0.16422154636071554,0.03284430927214311
0.9800572805772018,0.03266857601924006,0.19601145611544035,0.0
0.9842680723871801,0.06561787149247866,0.0,0.16404467873119666
0.9885336094784051,0.06590224063189366,0.03295112031594683,0.13180448126378733
0.9906872800257397,0.06604581866838265,0.06604581866838265,0.09906872800257396
0.9906872800257397,0.06604581866838265,0.09906872800257396,0.06604581866838265
0.9885336094784051,0.06590224063189366,0.13180448126378733,0.03295112031594683
0.9842680723871801,0.06561787149247866,0.16404467873119666,0.0
0.9863939238321437,0.09863939238321438,0.0,0.13151918984428584
0.9896086871310632,0.09896086871310632,0.032986956237702106,0.09896086871310632
0.9906872800257397,0.09906872800257396,0.06604581866838265,0.06604581866838265
0.9896086871310632,0.09896086871310632,0.09896086871310632,0.032986956237702106
0.9863939238321437,0.09863939238321438,0.13151918984428584,0.0
0.9863939238321437,0.13151918984428584,0.0,0.09863939238321438
0.9885336094784051,0.13180448126378733,0.03295112031594683,0.06590224063189366
0.9885336094784051,0.13180448126378733,0.06590224063189366,0.03295112031594683
0.9863939238321437,0.13151918984428584,0.09863939238321438,0.0
0.9842680723871801,0.16404467873119666,0.0,0.06561787149247866
0.9853292781642933,0.16422154636071554,0.03284430927214311,0.03284430927214311
0.9842680723871801,0.16404467873119666,0.06561787149247866,0.0
0.9800572805772018,0.19601145611544035,0.0,0.03266857601924006
0.9800572805772018,0.19601145611544035,0.03266857601924006,0.0
0.9738412097417932,0.22722961560641844,0.0,0.0
0.9817798505902814,0.0,0.0,0.19002190656586093
0.986740871822807,0.0,0.03183035070396152,0.1591517535198076
0.9897538280618564,0.0,0.0638550856814101,0.1277101713628202
0.9907642967559194,0.0,0.09588041581508898,0.09588041581508898
0.9897538280618564,0.0,0.1277101713628202,0.0638550856814101
0.986740871822807,0.0,0.1591517535198076,0.03183035070396152
0.9817798505902814,0.0,0.19002190656586093,0.0
0.986740871822807,0.03183035070396152,0.0,0.1591517535198076
0.9907642967559194,0.03196013860502966,0.03196013860502966,0.12784055442011863
0.9927945535915402,0.03202563076101743,0.06405126152203486,0.09607689228305229
0.9927945535915402,0.03202563076101743,0.09607689228305229,0.06405126152203486
0.9907642967559194,0.03196013860502966,0.12784055442011863,0.03196013860502966
0.986740871822807,0.03183035070396152,0.1591517535198076,0.0
0.9897538280618564,0.0638550856814101,0.0,0.1277101713628202
0.9927945535915402,0.06405126152203486,0.03202563076101743,0.09607689228305229
0.9938143736381272,0.06411705636375015,0.06411705636375015,0.06411705636375015
0.9927945535915402,0.06405126152203486,0.09607689228305229,0.03202563076101743
0.9897538280618564,0.0638550856814101,0.1277101713628202,0.0
0.9907642967559194,0.09588041581508898,0.0,0.09588041581508898
0.9927945535915402,0.09607689228305229,0.03202563076101743,0.06405126152203486
0.9927945535915402,0.09607689228305229,0.06405126152203486,0.03202563076101743
0.9907642967559194,0.09588041581508898,0.09588041581508898,0.0
0.9897538280618564,0.1277101713628202,0.0,0.0638550856814101
0.9907642967559194,0.12784055442011863,0.03196013860502966,0.03196013860502966
0.9897538280618564,0.1277101713628202,0.0638550856814101,0.0
0.986740871822807,0.1591517535198076,0.0,0.03183035070396152
0.986740871822807,0.1591517535198076,0.03183035070396152,0.0
0.9817798505902814,0.19002190656586093,0.0,0.0
0.9880120337511015,0.0,0.0,0.1543768802736096
0.9918011637979898,0.0,0.03099378636868718,0.12397514547474872
0.993712150471259,0.0,0.06210700940445369,0.09316051410668054
0.993712150471259,0.0,0.09316051410668054,0.06210700940445369
0.9918011637979898,0.0,0.12397514547474872,0.03099378636868718
0.9880120337511015,0.0,0.1543768802736096,0.0
0.9918011637979898,0.03099378636868718,0.0,0.12397514547474872
0.9946717954563348,0.03108349360801046,0.03108349360801046,0.09325048082403138
0.9956342260592881,0.031113569564352753,0.062227139128705505,0.062227139128705505
0.9946717954563348,0.03108349360801046,0.09325048082403138,0.03108349360801046
0.9918011637979898,0.03099378636868718,0.12397514547474872,0.0
0.993712150471259,0.06210700940445369,0.0,0.09316051410668054
0.9956342260592881,0.062227139128705505,0.031113569564352753,0.062227139128705505
0.9956342260592881,0.062227139128705505,0.062227139128705505,0.031113569564352753
0.993712150471259,0.06210700940445369,0.09316051410668054,0.0
0.993712150471259,0.09316051410668054,0.0,0.06210700940445369
0.9946717954563348,0.09325048082403138,0.03108349360801046,0.03108349360801046
0.993712150471259,0.09316051410668054,0.06210700940445369,0.0
0.9918011637979898,0.12397514547474872,0.0,0.03099378636868718
0.9918011637979898,0.12397514547474872,0.03099378636868718,0.0
0.9880120337511015,0.1543768802736096,0.0,0.0
0.9927337820337082,0.0,0.0,0.12033136751923737
0.9954400127211568,0.0,0.030164848870338084,0.09049454661101425
0.9963470197546278,0.0,0.060384667863916844,0.060384667863916844
0.9954400127211568,0.0,0.09049454661101425,0.030164848870338084
0.9927337820337082,0.0,0.12033136751923737,0.0
0.9954400127211568,0.030164848870338084,0.0,0.09049454661101425
0.9972565106055741,0.030219894260774975,0.030219894260774975,0.06043978852154995
0.9972565106055741,0.030219894260774975,0.06043978852154995,0.030219894260774975
0.9954400127211568,0.030164848870338084,0.09049454661101425,0.0
0.9963470197546278,0.060384667863916844,0.0,0.060384667863916844
0.9972565106055741,0.06043978852154995,0.030219894260774975,0.030219894260774975
0.9963470197546278,0.060384667863916844,0.060384667863916844,0.0
0.9954400127211568,0.09049454661101425,0.0,0.030164848870338084
0.9954400127211568,0.09049454661101425,0.030164848870338084,0.0
0.9927337820337082,0.12033136751923737,0.0,0.0
0.996129850025381,0.0,0.0,0.08789381029635715
0.9978443605023736,0.0,0.02934836354418746,0.05869672708837492
0.9978443605023736,0.0,0.05869672708837492,0.02934836354418746
0.996129850025381,0.0,0.08789381029635715,0.0
0.9978443605023736,0.02934836354418746,0.0,0.05869672708837492
0.9987049422582793,0.029373674772302332,0.029373674772302332,0.029373674772302332
0.9978443605023736,0.02934836354418746,0.05869672708837492,0.0
0.9978443605023736,0.05869672708837492,0.0,0.02934836354418746
0.9978443605023736,0.05869672708837492,0.02934836354418746,0.0
0.996129850025381,0.08789381029635715,0.0,0.0
0.9983713344239766,0.0,0.0,0.05704979053851295
0.999184671694857,0.0,0.02854813347699592,0.02854813347699592
0.9983713344239766,0.0,0.05704979053851295,0.0
0.999184671694857,0.02854813347699592,0.0,0.02854813347699592
0.999184671694857,0.02854813347699592,0.02854813347699592,0.0
0.9983713344239766,0.05704979053851295,0.0,0.0
0.9996144206527183,0.0,0.0,0.02776706724035329
0.9996144206527183,0.0,0.02776706724035329,0.0
0.9996144206527183,0.02776706724035329,0.0,0.0
1.0,0.0,0.0,0.0
