0.0,1.0
1.0002000350050006E-4,0.9999999949979994
2.0006001400179956E-4,0.9999999799879952
3.0012003450299564E-4,0.9999999549639814
4.0020006800198086E-4,0.9999999199199496
5.003001174954415E-4,0.9999998748498885
6.004201859788555E-4,0.9999998197477838
7.005602764464907E-4,0.9999997546076195
8.007203918914027E-4,0.9999996794233755
9.009005353054327E-4,0.9999995941890304
0.001001100709679206,0.999999498898559
0.0011013209180021299,0.9999993935459339
0.001201561163262391,0.999999278125125
0.0013018214484469546,0.9999991526300991
0.0014021017765415617,0.999999017054821
0.0015024021505307273,0.9999988713932522
0.0016027225733977388,0.9999987156393516
0.0017030630481246528,0.9999985497870756
0.0018034235776922948,0.9999983738303775
0.0019038041650802566,0.9999981877632085
0.0020042048132668934,0.9999979915795164
0.0021046255252293224,0.9999977852732467
0.002205066303943423,0.9999975688383423
0.0023055271523838303,0.9999973422687432
0.002406008073523937,0.9999971055583861
0.002506509070335889,0.9999968587012062
0.0026070301457905864,0.9999966016911352
0.002707571302857677,0.999996334522102
0.0028081325445055596,0.9999960571880334
0.002908713873701377,0.9999957696828528
0.0030093152934110167,0.999995472000481
0.003109936806599111,0.9999951641348367
0.0032105784162290286,0.9999948460798351
0.0033112401252628786,0.9999945178293893
0.0034119219366615067,0.9999941793774092
0.0035126238533844923,0.9999938307178023
0.003613345878390147,0.9999934718444732
0.0037140880146355132,0.9999931027513237
0.003814850265076361,0.9999927234322534
0.0039156326326671865,0.9999923338811584
0.004016435120361211,0.9999919340919325
0.004117257731110379,0.999991524058467
0.004218100467865351,0.9999911037746501
0.004318963333575512,0.9999906732343673
0.004419846331188957,0.9999902324315016
0.004520749463652501,0.9999897813599332
0.004621672733911665,0.9999893200135394
0.0047226161449106865,0.9999888483861947
0.004823579699592506,0.9999883664717714
0.004924563400898772,0.9999878742641385
0.00502556725176984,0.9999873717571627
0.005126591255144761,0.9999868589447076
0.0052276354139612945,0.9999863358206345
0.005328699731155889,0.9999858023788014
0.005429784209663696,0.999985258613064
0.005530888852418557,0.9999847045172751
0.005632013662353008,0.999984140085285
0.005733158642398275,0.999983565310941
0.005834323795484266,0.9999829801880877
0.005935509124539583,0.9999823847105671
0.006036714632491507,0.9999817788722182
0.006137940322266003,0.9999811626668776
0.006239186196787713,0.999980536088379
0.006340452258979957,0.9999798991305533
0.006441738511764735,0.9999792517872288
0.0065430449580627156,0.9999785940522311
0.006644371600793241,0.9999779259193827
0.006745718442874321,0.9999772473825039
0.006847085487222637,0.9999765584354119
0.00694847273675353,0.9999758590719211
0.007049880194381009,0.9999751492858434
0.007151307863017742,0.999974429070988
0.007252755745575056,0.9999736984211609
0.007354223844962938,0.9999729573301661
0.007455712164090025,0.9999722057918041
0.007557220705863612,0.9999714437998732
0.007658749473189642,0.9999706713481685
0.007760298468972705,0.999969888430483
0.007861867696116045,0.9999690950406062
0.007963457157521541,0.9999682911723253
0.008065066856089724,0.9999674768194247
0.00816669679471976,0.9999666519756862
0.008268346976309454,0.9999658166348885
0.008370017403755248,0.9999649707908077
0.008471708079952218,0.9999641144372172
0.008573419007794075,0.9999632475678878
0.008675150190173156,0.9999623701765872
0.008776901629980427,0.9999614822570806
0.008878673330105485,0.9999605838031302
0.008980465293436544,0.9999596748084962
0.009082277522860444,0.9999587552669349
0.009184110021262643,0.9999578251722007
0.009285962791527215,0.9999568845180449
0.009387835836536854,0.9999559332982161
0.009489729159172868,0.9999549715064602
0.00959164276231517,0.9999539991365204
0.009693576648842286,0.999953016182137
0.009795530821631347,0.9999520226370475
0.009897505283558098,0.999951018494987
0.009999500037496877,0.9999500037496876
0.010101515086320623,0.9999489783948784
0.010203550432900877,0.999947942424286
0.010305606080107782,0.9999468958316345
0.010407682030810066,0.9999458386106448
0.010509778287875053,0.9999447707550351
0.01061189485416866,0.9999436922585211
0.010714031732555387,0.9999426031148156
0.010816188925898328,0.9999415033176287
0.010918366437059155,0.9999403928606676
0.011020564268898117,0.9999392717376366
0.011122782424274058,0.9999381399422378
0.011225020906044382,0.9999369974681699
0.011327279717065085,0.9999358443091294
0.01142955886019072,0.9999346804588094
0.011531858338274428,0.999933505910901
0.011634178154167906,0.9999323206590919
0.011736518310721422,0.9999311246970674
0.011838878810783812,0.9999299180185097
0.011941259657202474,0.9999287006170987
0.012043660852823362,0.9999274724865109
0.01214608240049099,0.9999262336204208
0.012248524303048436,0.9999249840124995
0.012350986563337323,0.9999237236564159
0.012453469184197829,0.9999224525458353
0.01255597216846868,0.9999211706744211
0.012658495518987152,0.9999198780358333
0.012761039238589074,0.9999185746237296
0.012863603330108804,0.9999172604317648
0.012966187796379253,0.9999159354535906
0.013068792640231858,0.9999145996828561
0.013171417864496611,0.9999132531132082
0.013274063472002029,0.9999118957382902
0.013376729465575159,0.999910527551743
0.013479415848041578,0.9999091485472046
0.013582122622225402,0.9999077587183104
0.013684849790949265,0.999906358058693
0.013787597357034326,0.999904946561982
0.013890365323300267,0.9999035242218047
0.013993153692565293,0.9999020910317851
0.014095962467646115,0.9999006469855446
0.014198791651357977,0.999899192076702
0.014301641246514616,0.999897726298873
0.014404511255928303,0.9998962496456709
0.014507401682409797,0.9998947621107059
0.014610312528768377,0.9998932636875857
0.014713243797811817,0.9998917543699148
0.014816195492346407,0.9998902341512955
0.014919167615176924,0.9998887030253268
0.01502216016910665,0.9998871609856054
0.015125173156937354,0.9998856080257245
0.015228206581469315,0.9998840441392752
0.015331260445501291,0.9998824693198458
0.015434334751830528,0.9998808835610211
0.01553742950325277,0.9998792868563842
0.015640544702562237,0.9998776791995144
0.015743680352551633,0.9998760605839889
0.015846836456012148,0.9998744310033818
0.015950013015733438,0.9998727904512643
0.016053210034503648,0.9998711389212052
0.0161564275151094,0.9998694764067704
0.016259665460335766,0.9998678029015226
0.016362923872966312,0.9998661183990223
0.016466202755783057,0.9998644228928266
0.016569502111566492,0.9998627163764908
0.016672821943095564,0.9998609988435662
0.016776162253147684,0.999859270287602
0.01687952304449873,0.9998575307021448
0.016982904319923026,0.9998557800807377
0.01708630608219335,0.9998540184169215
0.017189728334080934,0.9998522457042344
0.017293171078355467,0.9998504619362111
0.017396634317785074,0.9998486671063842
0.017500118055136335,0.9998468612082835
0.017603622293174262,0.9998450442354351
0.017707147034662314,0.9998432161813635
0.0178106922823624,0.9998413770395898
0.01791425803903484,0.999839526803632
0.018017844307438413,0.9998376654670061
0.018121451090330316,0.9998357930232249
0.018225078390466175,0.9998339094657979
0.01832872621060005,0.9998320147882328
0.018432394553484426,0.9998301089840336
0.018536083421870207,0.9998281920467024
0.018639792818506723,0.9998262639697375
0.018743522746141706,0.9998243247466351
0.01884727320752133,0.9998223743708885
0.018951044205390174,0.999820412835988
0.019054835742491213,0.9998184401354212
0.019158647821565844,0.9998164562626729
0.019262480445353877,0.9998144612112251
0.019366333616593522,0.9998124549745571
0.019470207338021385,0.9998104375461452
0.019574101612372483,0.9998084089194632
0.01967801644238022,0.9998063690879816
0.019781951830776412,0.9998043180451687
0.019885907780291253,0.9998022557844894
0.019989884293653337,0.9998001822994065
0.020093881373589646,0.9997980975833792
0.020197899022825545,0.9997960016298645
0.02030193724408479,0.9997938944323161
0.02040599604008951,0.9997917759841856
0.02051007541356023,0.999789646278921
0.02061417536721584,0.9997875053099682
0.020718295903773606,0.9997853530707697
0.020822437025949176,0.9997831895547657
0.02092659873645656,0.9997810147553929
0.021030781038008147,0.9997788286660863
0.021134983933314675,0.9997766312802768
0.021239207425085265,0.9997744225913935
0.021343451516027394,0.9997722025928621
0.021447716208846897,0.999769971278106
0.02155200150624796,0.9997677286405451
0.021656307410933138,0.9997654746735973
0.021760633925603328,0.9997632093706769
0.021864981052957786,0.999760932725196
0.02196934879569411,0.9997586447305636
0.02207373715650824,0.9997563453801858
0.02217814613809448,0.9997540346674663
0.022282575743145447,0.9997517125858055
0.022387025974352114,0.9997493791286012
0.022491496834403796,0.9997470342892486
0.022595988325988123,0.9997446780611398
0.022700500451791075,0.9997423104376637
0.022805033214496964,0.9997399314122077
0.022909586616788408,0.9997375409781548
0.02301416066134637,0.9997351391288863
0.02311875535085013,0.9997327258577802
0.02322337068797729,0.9997303011582118
0.023328006675403766,0.9997278650235535
0.023432663315803796,0.9997254174471749
0.02353734061184993,0.9997229584224432
0.02364203856621301,0.9997204879427217
0.023746757181562234,0.9997180060013723
0.02385149646056507,0.9997155125917531
0.02395625640588729,0.9997130077072196
0.024061037020192983,0.9997104913411247
0.024165838306144532,0.9997079634868181
0.024270660266402618,0.9997054241376471
0.02437550290362622,0.999702873286956
0.024480366220472595,0.9997003109280859
0.024585250219597312,0.9996977370543758
0.02469015490365422,0.9996951516591613
0.02479508027529545,0.9996925547357757
0.024900026337171415,0.9996899462775487
0.02500499309193082,0.999687326277808
0.025109980542220637,0.9996846947298779
0.025214988690686127,0.9996820516270803
0.025320017539970808,0.999679396962734
0.025425067092716486,0.9996767307301551
0.02553013735156323,0.9996740529226565
0.025635228319149377,0.999671363533549
0.025740339998111525,0.9996686625561401
0.02584547239108454,0.9996659499837343
0.025950625500701548,0.9996632258096335
0.026055799329593926,0.9996604900271371
0.02616099388039132,0.9996577426295412
0.02626620915572161,0.9996549836101393
0.026371445158210948,0.999652212962222
0.026476701890483713,0.9996494306790769
0.026581979355162537,0.999646636753989
0.026687277554868317,0.9996438311802406
0.026792596492220166,0.9996410139511109
0.02689793616983543,0.9996381850598763
0.02700329659032972,0.9996353444998104
0.027108677756316854,0.999632492264184
0.02721407967040891,0.9996296283462653
0.027319502335216166,0.9996267527393192
0.02742494575334714,0.9996238654366081
0.027530409927408576,0.9996209664313913
0.027635894860005446,0.9996180557169256
0.02774140055374093,0.9996151332864649
0.027846927011216428,0.9996121991332598
0.027952474235031565,0.9996092532505589
0.028058042227784158,0.999606295631607
0.028163630992070265,0.9996033262696472
0.02826924053048412,0.9996003451579184
0.028374870845618183,0.999597352289658
0.028480521940063112,0.9995943476580995
0.028586193816407767,0.9995913312564745
0.028691886477239196,0.9995883030780108
0.028797599925142664,0.9995852631159342
0.028903334162701615,0.9995822113634673
0.02900908919249768,0.9995791478138295
0.029114865017110685,0.9995760724602383
0.02922066163911865,0.9995729852959073
0.029326479061097768,0.9995698863140481
0.029432317285622418,0.9995667755078689
0.029538176315265154,0.9995636528705756
0.02964405615259671,0.9995605183953704
0.029749956800186005,0.9995573720754537
0.029855878260600113,0.9995542139040224
0.029961820536404282,0.9995510438742707
0.03006778363016193,0.9995478619793899
0.030173767544434647,0.9995446682125688
0.03027977228178217,0.9995414625669929
0.0303857978447624,0.9995382450358452
0.030491844235931403,0.9995350156123054
0.030597911457843397,0.999531774289551
0.030703999513050754,0.9995285210607562
0.030810108404103986,0.9995252559190925
0.030916238133551762,0.9995219788577284
0.031022388703940904,0.9995186898698302
0.031128560117816353,0.9995153889485602
0.03123475237772121,0.9995120760870787
0.03134096548619672,0.9995087512785433
0.03144719944578224,0.9995054145161081
0.03155345425901527,0.9995020657929249
0.03165972992843145,0.9994987051021421
0.03176602645656454,0.9994953324369057
0.03187234384594643,0.9994919477903589
0.03197868209910713,0.999488551155642
0.032085041218574764,0.9994851425258918
0.0321914212068756,0.9994817218942432
0.03229782206653398,0.9994782892538279
0.032404243800072396,0.9994748445977745
0.032510686410011445,0.999471387919209
0.03261714989886981,0.9994679192112544
0.03272363426916432,0.9994644384670313
0.03283013952340985,0.9994609456796565
0.032936665664119444,0.9994574408422452
0.03304321269380419,0.9994539239479087
0.033149780614973305,0.999450394989756
0.03325636943013408,0.999446853960893
0.03336297914179191,0.9994433008544228
0.03346960975245028,0.9994397356634459
0.03357626126461075,0.9994361583810597
0.033682933680772964,0.9994325690003586
0.03378962700343467,0.9994289675144346
0.033896341235091665,0.9994253539163764
0.03400307637823783,0.99942172819927
0.034109832435365146,0.9994180903561989
0.034216609408963636,0.9994144403802431
0.0343234073015214,0.9994107782644801
0.03443022611552461,0.9994071040019847
0.0345370658534575,0.9994034175858286
0.034643926517802355,0.9993997190090805
0.03475080811103954,0.9993960082648068
0.03485771063564746,0.9993922853460704
0.034964634094102574,0.999388550245932
0.03507157848887941,0.9993848029574486
0.035178543822450524,0.9993810434736752
0.03528553009728653,0.9993772717876636
0.03539253731585608,0.9993734878924625
0.03549956548062588,0.999369691781118
0.03560661459406066,0.9993658834466733
0.0357136846586232,0.999362062882169
0.035820775676774295,0.9993582300806424
0.0359278876509728,0.9993543850351281
0.03603502058367557,0.9993505277386578
0.03614217447733751,0.9993466581842607
0.03624934933441153,0.9993427763649627
0.03635654515734859,0.999338882273787
0.03646376194859763,0.9993349759037536
0.03657099971060563,0.9993310572478806
0.036678258445817576,0.9993271262991822
0.03678553815667648,0.9993231830506704
0.036892838845623346,0.9993192274953538
0.037000160515097205,0.9993152596262388
0.03710750316753506,0.9993112794363282
0.03721486680537194,0.9993072869186226
0.03732225143104088,0.9993032820661194
0.037429657046972875,0.9992992648718131
0.037537083655596944,0.9992952353286954
0.0376445312593401,0.9992911934297554
0.03775199986062732,0.9992871391679786
0.037859489461881606,0.9992830725363488
0.037967000065523886,0.9992789935278459
0.03807453167397312,0.9992749021354472
0.038182084289646236,0.9992707983521275
0.03828965791495813,0.9992666821708585
0.03839725255232166,0.9992625535846089
0.038504868204147676,0.9992584125863445
0.03861250487284499,0.9992542591690288
0.03872016256082037,0.9992500933256216
0.03882784127047856,0.9992459150490807
0.038935541004222265,0.9992417243323601
0.03904326176445213,0.9992375211684118
0.03915100355356678,0.9992333055501846
0.039258766373962785,0.9992290774706242
0.03936655022803464,0.9992248369226735
0.03947435511817484,0.999220583899273
0.03958218104677377,0.9992163183933599
0.0396900280162198,0.9992120403978686
0.039797896028899216,0.9992077499057306
0.03990578508719624,0.9992034469098745
0.04001369519349305,0.9991991314032265
0.04012162635016974,0.9991948033787091
0.040229578559604344,0.999190462829243
0.04033755182417281,0.9991861097477447
0.040445546146249026,0.999181744127129
0.040553561528204794,0.9991773659603074
0.040661597972409834,0.9991729752401884
0.04076965548123178,0.9991685719596778
0.04087773405703618,0.9991641561116783
0.04098583370218652,0.9991597276890902
0.041093954419044156,0.9991552866848104
0.041202096209968384,0.9991508330917331
0.04131025907731637,0.9991463669027502
0.04141844302344322,0.9991418881107497
0.041526648050701914,0.9991373967086175
0.04163487416144333,0.9991328926892362
0.041743121358016236,0.9991283760454859
0.04185138964276732,0.9991238467702437
0.041959679018041124,0.9991193048563836
0.042067989486180075,0.9991147502967768
0.04217632104952452,0.999110183084292
0.042284673710412654,0.9991056032117946
0.04239304747118056,0.9991010106721474
0.0425014423341622,0.99909640545821
0.04260985830168939,0.9990917875628393
0.042718295376091855,0.9990871569788898
0.04282675355969715,0.9990825136992124
0.04293523285483071,0.9990778577166552
0.043043733263815824,0.9990731890240642
0.04315225478897366,0.9990685076142815
0.04326079743262322,0.9990638134801468
0.04336936119708138,0.9990591066144971
0.04347794608466284,0.9990543870101665
0.0435865520976802,0.9990496546599855
0.04369517923844384,0.9990449095567827
0.043803827509262046,0.9990401516933836
0.043912496912440896,0.9990353810626103
0.04402118745028435,0.9990305976572824
0.04412989912509416,0.9990258014702168
0.04423863193916995,0.9990209924942272
0.04434738589480915,0.9990161707221245
0.04445616099430704,0.9990113361467168
0.0445649572399567,0.9990064887608092
0.04467377463404904,0.9990016285572042
0.04478261317887281,0.9989967555287013
0.04489147287671455,0.9989918696680966
0.045000353729858625,0.9989869709681841
0.04510925574058724,0.9989820594217548
0.045218178911180344,0.9989771350215962
0.045327123243915766,0.9989721977604937
0.04543608874106909,0.9989672476312292
0.04554507540491372,0.9989622846265822
0.045654083237720855,0.9989573087393291
0.0457631122417595,0.9989523199622434
0.04587216241929644,0.9989473182880956
0.04598123377259626,0.9989423037096536
0.04609032630392132,0.9989372762196824
0.04619944001553177,0.9989322358109438
0.04630857490968558,0.9989271824761973
0.04641773098863844,0.9989221162081988
0.04652690825464385,0.998917036999702
0.046636106709953086,0.9989119448434571
0.04674532635681519,0.998906839732212
0.04685456719747697,0.998901721658711
0.046963829234183005,0.9988965906156965
0.04707311246917565,0.9988914465959073
0.047182416904695004,0.9988862895920795
0.04729174254297891,0.9988811195969461
0.04740108938626301,0.9988759366032378
0.04751045743678067,0.9988707406036818
0.04761984669676303,0.998865531591003
0.04772925716843893,0.9988603095579226
0.047838688854035014,0.9988550744971599
0.04794814175577562,0.9988498264014306
0.04805761587588287,0.9988445652634479
0.04816711121657658,0.9988392910759217
0.04827662778007433,0.9988340038315596
0.048386165568591426,0.9988287035230659
0.048495724584340906,0.9988233901431423
0.048605304829533506,0.9988180636844871
0.04871490630637773,0.9988127241397963
0.04882452901707977,0.9988073715017627
0.04893417296384355,0.9988020057630764
0.0490438381488707,0.9987966269164245
0.049153524574360584,0.9987912349544913
0.04926323224251026,0.9987858298699579
0.04937296115551448,0.9987804116555031
0.04948271131556572,0.9987749803038022
0.04959248272485416,0.9987695358075279
0.04970227538556768,0.9987640781593505
0.04981208929989184,0.9987586073519364
0.04992192447000989,0.99875312337795
0.05003178089810281,0.9987476262300523
0.050141658586349225,0.9987421159009016
0.05025155753692547,0.9987365923831534
0.05036147775200555,0.9987310556694602
0.05047141923376116,0.9987255057524713
0.05058138198436168,0.9987199426248342
0.050691366005974126,0.9987143662791921
0.05080137130076323,0.9987087767081864
0.05091139787089138,0.9987031739044548
0.05102144571851862,0.998697557860633
0.05113151484580265,0.9986919285693528
0.05124160525489887,0.9986862860232442
0.0513517169479603,0.9986806302149335
0.05146184992713763,0.9986749611370443
0.0515720041945792,0.9986692787821975
0.05168217975243098,0.9986635831430108
0.05179237660283664,0.9986578742120996
0.05190259474793746,0.9986521519820759
0.05201283418987235,0.998646416445549
0.052123094930777866,0.9986406675951252
0.05223337697278822,0.9986349054234078
0.05234368031803524,0.9986291299229976
0.052454004968648396,0.9986233410864924
0.05256435092675475,0.9986175389064869
0.05267471819447906,0.9986117233755731
0.05278510677394364,0.9986058944863402
0.05289551666726844,0.9986000522313739
0.053005947876571036,0.998594196603258
0.05311640040396663,0.9985883275945727
0.053226874251568,0.9985824451978954
0.05333736942148557,0.9985765494058009
0.053447885915827345,0.998570640210861
0.053558423736698946,0.9985647176056444
0.05366898288620357,0.998558781582717
0.05377956336644205,0.9985528321346422
0.053890165179512776,0.99854686925398
0.05400078832751176,0.9985408929332876
0.054111432812532584,0.9985349031651196
0.05422209863666641,0.9985288999420275
0.054332785802002,0.99852288325656
0.054443494310625694,0.9985168531012628
0.05455422416462141,0.9985108094686789
0.05466497536607064,0.9985047523513481
0.05477574791705242,0.9984986817418076
0.054886541819643406,0.9984925976325916
0.05499735707591779,0.9984865000162316
0.05510819368794732,0.9984803888852558
0.05521905165780132,0.9984742642321899
0.05532993098754668,0.9984681260495567
0.05544083167924782,0.9984619743298756
0.055551753734966736,0.998455809065664
0.055662697156762954,0.9984496302494354
0.05577366194669357,0.9984434378737015
0.05588464810681319,0.99843723193097
0.055995655639174,0.9984310124137465
0.0561066845458257,0.9984247793145337
0.05621773482881553,0.9984185326258307
0.05632880649018826,0.9984122723401345
0.056439899531986186,0.9984059984499388
0.05655101395624915,0.9983997109477346
0.05666214976501451,0.9983934098260099
0.056773306960317134,0.9983870950772499
0.056884485544189414,0.9983807666939367
0.05699568551866126,0.9983744246685498
0.057106906885760096,0.9983680689935657
0.05721814964751086,0.9983616996614578
0.057329413805935966,0.9983553166646971
0.05744069936305539,0.9983489199957513
0.05755200632088655,0.9983425096470853
0.05766333468144442,0.9983360856111613
0.05777468444674139,0.9983296478804381
0.05788605561878743,0.9983231964473723
0.057997448199589956,0.9983167313044172
0.05810886219115386,0.9983102524440233
0.05822029759548154,0.9983037598586382
0.058331754414572896,0.9982972535407068
0.05844323265042524,0.9982907334826705
0.05855473230503343,0.9982841996769688
0.05866625338038973,0.9982776521160373
0.05877779587848395,0.9982710907923094
0.058889359801303325,0.9982645156982154
0.05900094515083253,0.9982579268261828
0.05911255192905375,0.9982513241686359
0.0592241801379466,0.9982447077179964
0.059335829779488154,0.998238077466683
0.059447500855652945,0.9982314334071117
0.05955919336841295,0.9982247755316956
0.05967090731973759,0.9982181038328444
0.05978264271159376,0.9982114183029654
0.05989439954594574,0.9982047189344632
0.06000617782475529,0.9981980057197389
0.06011797754998161,0.9981912786511911
0.06022979872358131,0.9981845377212156
0.06034164134750842,0.9981777829222049
0.06045350542371443,0.9981710142465493
0.06056539095414824,0.9981642316866354
0.060677297940756166,0.9981574352348473
0.06078922638548194,0.9981506248835668
0.060901176290266715,0.9981438006251714
0.06101314765704906,0.998136962452037
0.06112514048776495,0.9981301103565361
0.06123715478434776,0.9981232443310385
0.06134919054872827,0.9981163643679107
0.06146124778283467,0.9981094704595168
0.06157332648859254,0.9981025625982177
0.061685426667924856,0.9980956407763718
0.061797548322751986,0.9980887049863341
0.06190969145499169,0.9980817552204568
0.06202185606655911,0.9980747914710897
0.06213404215936677,0.9980678137305791
0.06224624973532458,0.9980608219912691
0.06235847879633982,0.9980538162455
0.06247072934431716,0.9980467964856103
0.06258300138115862,0.9980397627039345
0.06269529490876359,0.9980327148928051
0.06280760992902885,0.9980256530445513
0.06291994644384852,0.9980185771514994
0.06303230445511408,0.9980114872059729
0.06314468396471438,0.9980043832002925
0.06325708497453562,0.997997265126776
0.06336950748646135,0.9979901329777381
0.06348195150237246,0.9979829867454908
0.06359441702414718,0.9979758264223432
0.06370690405366113,0.9979686520006015
0.06381941259278719,0.997961463472569
0.06393194264339563,0.9979542608305461
0.06404449420735406,0.9979470440668304
0.06415706728652738,0.9979398131737164
0.06426966188277786,0.9979325681434961
0.06438227799796505,0.9979253089684583
0.06449491563394585,0.9979180356408888
0.06460757479257451,0.9979107481530709
0.06472025547570252,0.9979034464972851
0.06483295768517873,0.9978961306658083
0.06494568142284929,0.9978888006509151
0.06505842669055767,0.9978814564448772
0.06517119349014462,0.9978740980399632
0.06528398182344822,0.997866725428439
0.06539679169230381,0.9978593386025675
0.06550962309854406,0.9978519375546087
0.06562247604399891,0.9978445222768199
0.0657353505304956,0.9978370927614552
0.06584824655985866,0.9978296490007661
0.06596116413390987,0.9978221909870012
0.06607410325446834,0.997814718712406
0.06618706392335041,0.9978072321692233
0.06630004614236976,0.9977997313496931
0.06641304991333724,0.9977922162460522
0.06652607523806105,0.9977846868505348
0.06663912211834662,0.9977771431553721
0.06675219055599668,0.9977695851527927
0.06686528055281117,0.9977620128350216
0.06697839211058733,0.9977544261942818
0.06709152523111957,0.9977468252227926
0.06720467991619969,0.9977392099127713
0.06731785616761661,0.9977315802564316
0.06743105398715654,0.9977239362459844
0.06754427337660295,0.9977162778736383
0.06765751433773652,0.997708605131598
0.06777077687233518,0.9977009180120665
0.06788406098217409,0.997693216507243
0.06799736666902563,0.9976855006093244
0.06811069393465942,0.9976777703105043
0.06822404278084229,0.9976700256029735
0.06833741320933831,0.9976622664789203
0.06845080522190873,0.9976544929305297
0.06856421882031206,0.997646704949984
0.068677654006304,0.9976389025294625
0.06879111078163744,0.9976310856611419
0.06890458914806248,0.9976232543371956
0.06901808910732644,0.9976154085497942
0.06913161066117388,0.9976075482911063
0.06924515381134644,0.9975996735532962
0.06935871855958306,0.9975917843285261
0.06947230490761983,0.9975838806089555
0.06958591285719,0.9975759623867405
0.06969954241002406,0.9975680296540349
0.06981319356784962,0.9975600824029889
0.06992686633239155,0.9975521206257505
0.0700405607053718,0.9975441443144645
0.07015427668850957,0.9975361534612729
0.07026801428352114,0.9975281480583147
0.07038177349212006,0.997520128097726
0.070495554316017,0.9975120935716406
0.07060935675691975,0.9975040444721887
0.0707231808165333,0.9974959807914977
0.07083702649655979,0.9974879025216926
0.07095089379869848,0.9974798096548951
0.07106478272464582,0.9974717021832243
0.07117869327609538,0.9974635800987962
0.07129262545473787,0.9974554433937238
0.07140657926226116,0.9974472920601181
0.07152055470035021,0.9974391260900859
0.07163455177068714,0.9974309454757321
0.07174857047495124,0.9974227502091583
0.07186261081481886,0.9974145402824635
0.07197667279196347,0.9974063156877434
0.07209075640805573,0.9973980764170916
0.07220486166476336,0.9973898224625979
0.0723189885637512,0.9973815538163497
0.0724331371066812,0.9973732704704316
0.07254730729521246,0.9973649724169253
0.07266149913100112,0.9973566596479092
0.07277571261570047,0.9973483321554597
0.07288994775096085,0.9973399899316492
0.07300420453842975,0.9973316329685482
0.07311848297975172,0.997323261258224
0.07323278307656841,0.9973148747927408
0.07334710483051854,0.9973064735641601
0.07346144824323794,0.9972980575645407
0.07357581331635951,0.9972896267859385
0.0736902000515132,0.9972811812204059
0.07380460845032603,0.9972727208599933
0.07391903851442218,0.9972642456967478
0.07403349024542277,0.9972557557227137
0.07414796364494611,0.9972472509299325
0.07426245871460743,0.9972387313104427
0.07437697545601916,0.9972301968562799
0.07449151387079068,0.997221647559477
0.07460607396052849,0.997213083412064
0.07472065572683607,0.9972045044060679
0.07483525917131406,0.9971959105335132
0.07494988429556002,0.9971873017864208
0.07506453110116858,0.9971786781568095
0.07517919958973143,0.9971700396366947
0.07529388976283734,0.9971613862180894
0.075408601622072,0.9971527178930033
0.07552333516901823,0.9971440346534437
0.07563809040525576,0.9971353364914144
0.07575286733236149,0.9971266233989169
0.0758676659519092,0.9971178953679496
0.0759824862654698,0.9971091523905082
0.07609732827461108,0.9971003944585852
0.07621219198089794,0.9970916215641704
0.07632707738589227,0.9970828336992509
0.07644198449115293,0.9970740308558107
0.0765569132982358,0.9970652130258313
0.07667186380869377,0.9970563802012908
0.07678683602407668,0.9970475323741649
0.07690182994593141,0.9970386695364263
0.07701684557580175,0.9970297916800446
0.0771318829152286,0.9970208987969869
0.07724694196574969,0.9970119908792171
0.07736202272889983,0.9970030679186965
0.07747712520621078,0.9969941299073837
0.07759224939921126,0.996985176837234
0.07770739530942697,0.9969762087001999
0.07782256293838055,0.9969672254882314
0.0779377522875916,0.9969582271932751
0.07805296335857673,0.9969492138072754
0.07816819615284946,0.9969401853221735
0.07828345067192026,0.9969311417299075
0.07839872691729657,0.9969220830224131
0.07851402489048276,0.9969130091916228
0.07862934459298015,0.9969039202294664
0.078744686026287,0.9968948161278709
0.07886004919189848,0.9968856968787603
0.07897543409130671,0.9968765624740555
0.07909084072600081,0.9968674129056755
0.07920626909746668,0.9968582481655351
0.07932171920718725,0.9968490682455474
0.07943719105664238,0.996839873137622
0.07955268464730877,0.9968306628336661
0.07966819998066006,0.9968214373255831
0.07978373705816685,0.996812196605275
0.0798992958812966,0.9968029406646397
0.08001487645151367,0.9967936694955727
0.08013047877027935,0.9967843830899669
0.0802461028390518,0.9967750814397119
0.08036174865928611,0.9967657645366949
0.08047741623243422,0.9967564323727997
0.08059310555994498,0.9967470849399077
0.08070881664326413,0.9967377222298974
0.08082454948383426,0.9967283442346441
0.0809403040830949,0.9967189509460208
0.08105608044248237,0.996709542355897
0.08117187856342997,0.9967001184561401
0.08128769844736777,0.9966906792386141
0.08140354009572273,0.9966812246951801
0.08151940350991872,0.9966717548176968
0.08163528869137641,0.9966622695980195
0.08175119564151338,0.9966527690280015
0.08186712436174402,0.9966432530994923
0.08198307485347957,0.9966337218043391
0.08209904711812814,0.9966241751343861
0.08221504115709469,0.9966146130814745
0.08233105697178099,0.9966050356374432
0.08244709456358565,0.9965954427941276
0.08256315393390413,0.9965858345433606
0.08267923508412875,0.9965762108769721
0.08279533801564858,0.9965665717867895
0.08291146272984956,0.996556917264637
0.08302760922811447,0.9965472473023361
0.08314377751182286,0.9965375618917053
0.08325996758235112,0.9965278610245606
0.08337617944107245,0.9965181446927145
0.08349241308935688,0.9965084128879776
0.08360866852857121,0.9964986656021568
0.08372494576007905,0.9964889028270569
0.08384124478524078,0.9964791245544793
0.08395756560541366,0.9964693307762225
0.08407390822195165,0.9964595214840826
0.08419027263620556,0.9964496966698526
0.08430665884952292,0.9964398563253228
0.08442306686324812,0.9964300004422807
0.08453949667872228,0.9964201290125106
0.08465594829728332,0.9964102420277944
0.08477242172026588,0.9964003394799108
0.08488891694900143,0.9963904213606359
0.08500543398481819,0.996380487661743
0.08512197282904113,0.9963705383750023
0.08523853348299196,0.9963605734921815
0.08535511594798922,0.9963505930050452
0.08547172022534812,0.9963405969053554
0.08558834631638065,0.996330585184871
0.08570499422239553,0.996320557835348
0.08582166394469827,0.9963105148485402
0.0859383554845911,0.9963004562161978
0.08605506884337295,0.9962903819300688
0.08617180402233952,0.9962802919818978
0.08628856102278323,0.9962701863634269
0.08640533984599322,0.9962600650663954
0.08652214049325536,0.9962499280825398
0.08663896296585222,0.9962397754035932
0.08675580726506313,0.9962296070212867
0.0868726733921641,0.9962194229273481
0.08698956134842785,0.9962092231135025
0.08710647113512382,0.996199007571472
0.08722340275351816,0.9961887762929763
0.08734035620487368,0.9961785292697317
0.08745733149044996,0.9961682664934521
0.08757432861150316,0.9961579879558484
0.08769134756928626,0.996147693648629
0.08780838836504885,0.9961373835634987
0.08792545100003721,0.9961270576921601
0.08804253547549429,0.9961167160263129
0.08815964179265978,0.9961063585576542
0.08827676995276999,0.9960959852778777
0.08839391995705789,0.9960855961786744
0.08851109180675315,0.996075191251733
0.08862828550308208,0.9960647704887389
0.0887455010472677,0.9960543338813749
0.0888627384405296,0.9960438814213207
0.08897999768408409,0.9960334131002535
0.08909727877914413,0.9960229289098476
0.08921458172691932,0.9960124288417744
0.08933190652861588,0.9960019128877026
0.08944925318543666,0.9959913810392977
0.08956662169858122,0.9959808332882232
0.08968401206924567,0.9959702696261385
0.08980142429862281,0.9959596900447019
0.08991885838790205,0.9959490945355672
0.0900363143382694,0.9959384830903866
0.09015379215090755,0.9959278557008088
0.09027129182699571,0.9959172123584799
0.09038881336770982,0.9959065530550432
0.09050635677422232,0.9958958777821391
0.09062392204770237,0.9958851865314053
0.0907415091893156,0.9958744792944768
0.09085911820022437,0.9958637560629855
0.09097674908158758,0.9958530168285608
0.09109440183456072,0.995842261582829
0.09121207646029586,0.9958314903174137
0.0913297729599417,0.9958207030239357
0.09144749133464349,0.995809899694013
0.09156523158554306,0.995799080319261
0.09168299371377882,0.9957882448912917
0.09180077772048581,0.995777393401715
0.09191858360679554,0.9957665258421377
0.09203641137383614,0.9957556422041635
0.09215426102273234,0.9957447424793938
0.09227213255460538,0.9957338266594268
0.09239002597057307,0.9957228947358582
0.09250794127174974,0.9957119467002806
0.09262587845924636,0.9957009825442842
0.09274383753417037,0.9956900022594559
0.09286181849762579,0.9956790058373803
0.09297982135071313,0.9956679932696388
0.0930978460945295,0.9956569645478102
0.0932158927301685,0.9956459196634704
0.0933339612587203,0.9956348586081926
0.09345205168127158,0.9956237813735471
0.09357016399890551,0.9956126879511018
0.09368829821270182,0.9956015783324209
0.09380645432373677,0.9955904525090669
0.09392463233308308,0.9955793104725987
0.09404283224181001,0.9955681522145727
0.09416105405098335,0.9955569777265427
0.09427929776166534,0.9955457870000591
0.09439756337491477,0.9955345800266704
0.09451585089178688,0.9955233567979214
0.09463416031333347,0.9955121173053547
0.09475249164060276,0.9955008615405099
0.09487084487463948,0.9954895894949238
0.09498922001648485,0.9954783011601306
0.0951076170671766,0.9954669965276616
0.09522603602774887,0.9954556755890448
0.09534447689923234,0.9954443383358067
0.09546293968265407,0.9954329847594694
0.09558142437903769,0.9954216148515533
0.09569993098940323,0.995410228603576
0.0958184595147672,0.9953988260070518
0.09593700995614253,0.9953874070534924
0.09605558231453867,0.995375971734407
0.09617417659096149,0.9953645200413016
0.09629279278641324,0.9953530519656796
0.0964114309018927,0.9953415674990418
0.09653009093839508,0.9953300666328859
0.09664877289691198,0.9953185493587071
0.09676747677843146,0.9953070156679977
0.096886202583938,0.995295465552247
0.09700495031441252,0.9952838990029419
0.09712371997083234,0.9952723160115665
0.0972425115541712,0.9952607165696016
0.09736132506539927,0.9952491006685259
0.09748016050548314,0.995237468299815
0.09759901787538579,0.9952258194549417
0.09771789717606658,0.9952141541253761
0.09783679840848132,0.9952024723025854
0.09795572157358219,0.9951907739780342
0.09807466667231778,0.9951790591431845
0.09819363370563305,0.9951673277894949
0.09831262267446937,0.9951555799084219
0.09843163357976448,0.9951438154914188
0.09855066642245248,0.9951320345299364
0.09866972120346391,0.9951202370154226
0.09878879792372561,0.9951084229393224
0.09890789658416084,0.9950965922930783
0.09902701718568921,0.9950847450681299
0.09914615972922669,0.9950728812559142
0.09926532421568561,0.995061000847865
0.09938451064597467,0.9950491038354138
0.09950371902099893,0.9950371902099893
0.09962294934165972,0.9950252599630167
0.09974220160885484,0.9950133130859198
0.09986147582347837,0.9950013495701183
0.0999807719864207,0.9949893694070301
0.10010009009856859,0.9949773725880696
0.10021943016080515,0.9949653591046491
0.10033879217400979,0.9949533289481778
0.10045817613905823,0.9949412821100619
0.10057758205682256,0.9949292185817056
0.10069700992817116,0.9949171383545093
0.1008164597539687,0.9949050414198716
0.10093593153507623,0.9948929277691878
0.10105542527235103,0.9948807973938508
0.10117494096664675,0.9948686502852503
0.1012944786188133,0.9948564864347735
0.1014140382296969,0.9948443058338051
0.10153361980014006,0.9948321084737266
0.1016532233309816,0.9948198943459171
0.1017728488230566,0.9948076634417526
0.10189249627719642,0.9947954157526065
0.10201216569422873,0.99478315126985
0.10213185707497748,0.9947708699848504
0.10225157042026285,0.9947585718889734
0.10237130573090134,0.9947462569735814
0.10249106300770564,0.9947339252300339
0.1026108422514848,0.994721576649688
0.10273064346304407,0.9947092112238979
0.10285046664318497,0.994696828944015
0.10297031179270524,0.9946844298013883
0.10309017891239895,0.9946720137873637
0.10321006800305635,0.9946595808932845
0.10332997906546393,0.9946471311104912
0.10344991210040443,0.9946346644303217
0.10356986710865687,0.9946221808441109
0.1036898440909964,0.9946096803431911
0.1038098430481945,0.994597162918892
0.10392986398101883,0.9945846285625406
0.10404990689023326,0.9945720772654609
0.10416997177659788,0.994559509018974
0.10429005864086904,0.9945469238143991
0.10441016748379921,0.9945343216430516
0.10453029830613718,0.9945217024962452
0.10465045110862785,0.99450906636529
0.10477062589201233,0.9944964132414937
0.10489082265702801,0.9944837431161617
0.10501104140440835,0.9944710559805959
0.10513128213488311,0.9944583518260962
0.10525154484917816,0.9944456306439591
0.10537182954801558,0.9944328924254788
0.1054921362321136,0.9944201371619469
0.1056124649021867,0.9944073648446518
0.10573281555894548,0.9943945754648795
0.10585318820309667,0.9943817690139134
0.10597358283534324,0.9943689454830338
0.10609399945638429,0.9943561048635187
0.10621443806691501,0.9943432471466427
0.10633489866762688,0.9943303723236788
0.10645538125920741,0.994317480385896
0.10657588584234036,0.9943045713245617
0.1066964124177055,0.9942916451309398
0.10681696098597887,0.9942787017962921
0.10693753154783259,0.9942657413118771
0.10705812410393488,0.9942527636689508
0.10717873865495015,0.9942397688587666
0.10729937520153889,0.9942267568725754
0.10742003374435775,0.994213727701625
0.1075407142840595,0.9942006813371606
0.10766141682129295,0.9941876177704246
0.10778214135670307,0.9941745369926569
0.107902887890931,0.9941614389950946
0.1080236564246139,0.9941483237689722
0.10814444695838502,0.9941351913055211
0.1082652594928738,0.9941220415959706
0.10838609402870569,0.9941088746315468
0.10850695056650228,0.9940956904034736
0.10862782910688117,0.9940824889029715
0.10874872965045612,0.9940692701212587
0.10886965219783698,0.994056034049551
0.1089905967496296,0.994042780679061
0.10911156330643593,0.9940295100009987
0.10923255186885403,0.9940162220065716
0.10935356243747801,0.9940029166869847
0.10947459501289798,0.9939895940334396
0.10959564959570017,0.9939762540371357
0.10971672618646686,0.9939628966892696
0.10983782478577638,0.9939495219810356
0.10995894539420306,0.9939361299036246
0.11008008801231729,0.993922720448225
0.11020125264068559,0.9939092936060231
0.1103224392798704,0.9938958493682019
0.11044364793043024,0.9938823877259417
0.11056487859291964,0.9938689086704205
0.11068613126788922,0.9938554121928137
0.11080740595588552,0.9938418982842934
0.11092870265745118,0.9938283669360293
0.11105002137312481,0.9938148181391887
0.11117136210344106,0.9938012518849358
0.11129272484893056,0.9937876681644325
0.11141410961011995,0.9937740669688377
0.1115355163875319,0.9937604482893081
0.11165694518168506,0.9937468121169971
0.11177839599309404,0.9937331584430557
0.11189986882226949,0.9937194872586322
0.11202136366971797,0.9937057985548725
0.11214288053594215,0.9936920923229194
0.11226441942144057,0.9936783685539133
0.11238598032670775,0.9936646272389918
0.11250756325223425,0.9936508683692902
0.11262916819850656,0.9936370919359405
0.1127507951660071,0.9936232979300723
0.11287244415521427,0.9936094863428127
0.11299411516660247,0.993595657165286
0.11311580820064202,0.9935818103886139
0.11323752325779919,0.9935679460039154
0.11335926033853619,0.9935540640023068
0.11348101944331115,0.9935401643749017
0.11360280057257822,0.9935262471128113
0.11372460372678742,0.9935123122071438
0.11384642890638469,0.9934983596490049
0.11396827611181196,0.9934843894294978
0.114090145343507,0.9934704015397227
0.11421203660190357,0.9934563959707771
0.11433394988743134,0.9934423727137565
0.11445588520051585,0.9934283317597532
0.11457784254157859,0.993414273099857
0.11469982191103695,0.9934001967251548
0.11482182330930421,0.9933861026267313
0.11494384673678955,0.9933719907956683
0.11506589219389808,0.993357861223045
0.11518795968103071,0.9933437138999377
0.11531004919858437,0.9933295488174205
0.11543216074695171,0.9933153659665644
0.11555429432652146,0.9933011653384384
0.11567644993767806,0.9932869469241081
0.11579862758080188,0.9932727107146369
0.11592082725626919,0.9932584567010856
0.11604304896445208,0.9932441848745119
0.11616529270571854,0.9932298952259717
0.11628755848043237,0.9932155877465173
0.1164098462889533,0.9932012624271993
0.11653215613163681,0.9931869192590645
0.11665448800883434,0.9931725582331585
0.11677684192089308,0.9931581793405231
0.1168992178681561,0.993143782572198
0.11702161585096232,0.9931293679192201
0.1171440358696465,0.993114935372624
0.11726647792453915,0.993100484923441
0.11738894201596671,0.9930860165627003
0.11751142814425138,0.9930715302814287
0.11763393630971118,0.9930570260706496
0.11775646651265996,0.9930425039213844
0.11787901875340742,0.9930279638246517
0.11800159303225898,0.9930134057714675
0.11812418934951592,0.9929988297528449
0.11824680770547533,0.9929842357597951
0.11836944810043006,0.9929696237833259
0.11849211053466875,0.9929549938144427
0.11861479500847588,0.9929403458441485
0.11873750152213164,0.9929256798634436
0.11886023007591213,0.9929109958633258
0.11898298067008907,0.9928962938347898
0.11910575330493,0.9928815737688282
0.11922854798069832,0.992866835656431
0.11935136469765313,0.9928520794885852
0.11947420345604927,0.9928373052562754
0.11959706425613736,0.9928225129504836
0.1197199470981638,0.9928077025621894
0.11984285198237075,0.9927928740823695
0.11996577890899607,0.9927780275019981
0.12008872787827335,0.9927631628120466
0.12021169889043197,0.9927482800034841
0.12033469194569708,0.9927333790672771
0.12045770704428947,0.9927184599943893
0.12058074418642575,0.9927035227757821
0.12070380337231817,0.9926885674024138
0.12082688460217479,0.9926735938652406
0.12094998787619932,0.9926586021552158
0.12107311319459121,0.9926435922632906
0.12119626055754561,0.9926285641804127
0.1213194299652534,0.9926135178975278
0.12144262141790119,0.9925984534055794
0.1215658349156712,0.9925833706955078
0.1216890704587414,0.9925682697582506
0.12181232804728549,0.9925531505847435
0.12193560768147281,0.9925380131659189
0.12205890936146839,0.9925228574927073
0.12218223308743292,0.9925076835560358
0.12230557885952284,0.9924924913468298
0.1224289466778902,0.9924772808560115
0.12255233654268274,0.9924620520745007
0.12267574845404386,0.9924468049932148
0.12279918241211264,0.9924315396030683
0.12292263841702382,0.9924162558949735
0.12304611646890777,0.9924009538598398
0.12316961656789051,0.9923856334885743
0.12329313871409374,0.9923702947720812
0.1234166829076348,0.9923549377012624
0.12354024914862664,0.9923395622670171
0.12366383743717786,0.9923241684602422
0.12378744777339273,0.9923087562718318
0.12391108015737111,0.9922933256926773
0.12403473458920845,0.9922778767136676
0.1241584110689959,0.9922624093256894
0.1242821095968202,0.9922469235196266
0.12440583017276373,0.9922314192863606
0.12452957279690437,0.9922158966167699
0.1246533374693157,0.9922003555017307
0.12477712419006694,0.992184795932117
0.12490093295922283,0.9921692178987996
0.12502476377684374,0.9921536213926473
0.12514861664298557,0.9921380064045259
0.12527249155769993,0.9921223729252988
0.12539638852103396,0.9921067209458274
0.1255203075330303,0.9920910504569697
0.12564424859372725,0.9920753614495814
0.12576821170315874,0.9920596539145161
0.1258921968613541,0.9920439278426243
0.12601620406833838,0.9920281832247544
0.12614023332413213,0.9920124200517519
0.12626428462875144,0.9919966383144599
0.12638835798220802,0.9919808380037194
0.126512453384509,0.9919650191103678
0.12663657083565727,0.991949181625241
0.126760710335651,0.991933325539172
0.12688487188448416,0.9919174508429912
0.12700905548214605,0.9919015575275266
0.1271332611286216,0.9918856455836034
0.1272574888238913,0.9918697150020446
0.12738173856793106,0.9918537657736706
0.12750601036071235,0.9918377978892989
0.12763030420220223,0.9918218113397452
0.1277546200923632,0.9918058061158223
0.12787895803115326,0.99178978220834
0.12800331801852594,0.9917737396081064
0.12812770005443028,0.9917576783059268
0.12825210413881083,0.9917415982926034
0.1283765302716076,0.991725499558937
0.12850097845275602,0.9917093820957248
0.1286254486821872,0.9916932458937622
0.1287499409598276,0.9916770909438419
0.12887445528559915,0.991660917236754
0.1289989916594193,0.9916447247632859
0.12912355008120094,0.9916285135142229
0.1292481305508525,0.9916122834803479
0.12937273306827773,0.9915960346524406
0.12949735763337594,0.9915797670212787
0.12962200424604195,0.9915634805776375
0.1297466729061659,0.9915471753122895
0.1298713636136335,0.991530851216005
0.12999607636832577,0.9915145082795513
0.13012081117011934,0.9914981464936938
0.1302455680188861,0.9914817658491949
0.13037034691449348,0.9914653663368149
0.13049514785680436,0.9914489479473115
0.13061997084567695,0.9914325106714398
0.13074481588096498,0.9914160544999525
0.13086968296251753,0.9913995794235996
0.13099457209017906,0.991383085433129
0.1311194832637896,0.9913665725192861
0.13124441648318447,0.9913500406728133
0.13136937174819432,0.9913334898844509
0.13149434905864532,0.9913169201449368
0.13161934841435907,0.9913003314450064
0.13174436981515242,0.9912837237753922
0.13186941326083768,0.9912670971268249
0.13199447875122255,0.9912504514900323
0.13211956628611018,0.9912337868557398
0.1322446758652989,0.9912171032146702
0.13236980748858257,0.991200400557544
0.1324949611557504,0.9911836788750793
0.1326201368665869,0.9911669381579915
0.13274533462087207,0.9911501783969938
0.13287055441838108,0.9911333995827968
0.13299579625888458,0.9911166017061087
0.13312106014214858,0.9910997847576349
0.1332463460679344,0.9910829487280791
0.13337165403599863,0.9910660936081417
0.13349698404609334,0.9910492193885211
0.13362233609796584,0.9910323260599133
0.13374771019135875,0.9910154136130114
0.13387310632601013,0.9909984820385069
0.1339985245016532,0.9909815313270878
0.13412396471801669,0.9909645614694403
0.13424942697482445,0.9909475724562482
0.1343749112717958,0.9909305642781925
0.13450041760864523,0.990913536925952
0.13462594598508268,0.990896490390203
0.13475149640081324,0.9908794246616192
0.13487706885553746,0.9908623397308723
0.13500266334895097,0.9908452355886311
0.1351282798807449,0.990828112225562
0.13525391845060555,0.9908109696323294
0.13537957905821452,0.9907938077995949
0.13550526170324867,0.9907766267180177
0.13563096638538016,0.9907594263782545
0.1357566931042764,0.9907422067709599
0.13588244185960005,0.9907249678867855
0.13600821265100915,0.9907077097163814
0.1361340054781568,0.9906904322503944
0.13625982034069148,0.990673135479469
0.1363856572382569,0.990655819394248
0.136511516170492,0.9906384839853707
0.13663739713703102,0.9906211292434748
0.13676330013750332,0.9906037551591954
0.13688922517153357,0.990586361723165
0.13701517223874168,0.9905689489260139
0.13714114133874275,0.9905515167583697
0.13726713247114716,0.9905340652108581
0.1373931456355604,0.9905165942741018
0.13751918083158332,0.9904991039387215
0.13764523805881185,0.9904815941953354
0.1377713173168372,0.9904640650345592
0.13789741860524568,0.9904465164470061
0.13802354192361901,0.9904289484232874
0.1381496872715339,0.9904113609540114
0.13827585464856237,0.9903937540297847
0.13840204405427153,0.9903761276412106
0.13852825548822378,0.9903584817788907
0.1386544889499766,0.9903408164334241
0.1387807444390827,0.9903231315954071
0.13890702195508997,0.9903054272554342
0.13903332149754147,0.9902877034040973
0.1391596430659754,0.9902699600319855
0.1392859866599251,0.9902521971296864
0.13941235227891907,0.9902344146877842
0.13953873992248106,0.9902166126968615
0.13966514959012985,0.9901987911474982
0.1397915812813794,0.9901809500302718
0.13991803499573882,0.9901630893357575
0.14004451073271237,0.9901452090545281
0.14017100849179942,0.9901273091771541
0.1402975282724945,0.9901093896942038
0.14042407007428723,0.9900914505962426
0.14055063389666234,0.9900734918738338
0.14067721973909972,0.9900555135175386
0.14080382760107438,0.9900375155179156
0.14093045748205632,0.9900194978655209
0.1410571093815109,0.9900014605509088
0.14118378329889827,0.9899834035646303
0.1413104792336739,0.989965326897235
0.14143719718528824,0.9899472305392696
0.14156393715318696,0.9899291144812787
0.14169069913681065,0.9899109787138042
0.1418174831355951,0.9898928232273861
0.14194428914897114,0.989874648012562
0.14207111717636464,0.9898564530598666
0.1421979672171966,0.9898382383598328
0.14232483927088307,0.9898200039029912
0.1424517333368351,0.9898017496798696
0.14257864941445897,0.989783475680994
0.1427055875031558,0.9897651818968876
0.1428325476023219,0.9897468683180718
0.1429595297113485,0.989728534935065
0.14308653382962208,0.9897101817383837
0.143213559956524,0.989691808718542
0.14334060809143065,0.9896734158660516
0.14346767823371354,0.9896550031714222
0.14359477038273916,0.9896365706251605
0.14372188453786902,0.9896181182177716
0.14384902069845965,0.9895996459397578
0.1439761788638626,0.9895811537816195
0.14410335903342444,0.989562641733854
0.14423056120648675,0.9895441097869574
0.14435778538238608,0.9895255579314225
0.144485031560454,0.9895069861577404
0.14461229974001716,0.9894883944563997
0.14473958992039698,0.9894697828178863
0.1448669021009102,0.9894511512326849
0.14499423628086816,0.9894324996912764
0.14512159245957754,0.9894138281841407
0.14524897063633974,0.9893951367017547
0.14537637081045118,0.989376425234593
0.14550379298120344,0.9893576937731282
0.14563123714788284,0.9893389423078307
0.1457587033097707,0.9893201708291679
0.1458861914661434,0.989301379327606
0.14601370161627217,0.9892825677936077
0.14614123375942328,0.9892637362176346
0.14626878789485784,0.9892448845901448
0.14639636402183195,0.9892260129015953
0.1465239621395967,0.98920712114244
0.14665158224739802,0.9891882093031308
0.14677922434447685,0.9891692773741174
0.14690688843006897,0.9891503253458471
0.14703457450340518,0.9891313532087651
0.1471622825637111,0.9891123609533139
0.14729001261020735,0.9890933485699341
0.1474177646421094,0.9890743160490639
0.14754553865862766,0.9890552633811396
0.14767333465896743,0.9890361905565948
0.14780115264232888,0.9890170975658605
0.14792899260790712,0.9889979843993667
0.14805685455489212,0.9889788510475397
0.14818473848246874,0.9889596975008044
0.14831264438981673,0.9889405237495831
0.1484405722761107,0.9889213297842961
0.14856852214052021,0.9889021155953616
0.14869649398220958,0.9888828811731947
0.14882448780033802,0.9888636265082091
0.14895250359405965,0.9888443515908162
0.14908054136252344,0.9888250564114245
0.1492086011048732,0.988805740960441
0.14933668282024756,0.9887864052282701
0.14946478650778,0.9887670492053139
0.14959291216659895,0.9887476728819725
0.14972105979582756,0.9887282762486437
0.1498492293945838,0.9887088592957228
0.14997742096198058,0.9886894220136032
0.15010563449712555,0.9886699643926761
0.15023386999912122,0.9886504864233301
0.15036212746706493,0.9886309880959518
0.15049040690004872,0.9886114694009259
0.15061870829715965,0.9885919303286342
0.1507470316574794,0.9885723708694568
0.15087537698008455,0.9885527910137716
0.1510037442640464,0.9885331907519537
0.15113213350843116,0.9885135700743768
0.15126054471229972,0.9884939289714116
0.15138897787470784,0.9884742674334275
0.151517432994706,0.9884545854507909
0.15164591007133946,0.9884348830138661
0.15177440910364834,0.9884151601130157
0.1519029300906674,0.9883954167385994
0.1520314730314263,0.9883756528809756
0.15216003792494937,0.9883558685304995
0.15228862477025573,0.9883360636775248
0.15241723356635922,0.9883162383124027
0.15254586431226852,0.9882963924254824
0.15267451700698695,0.9882765260071107
0.15280319164951267,0.9882566390476324
0.15293188823883852,0.98823673153739
0.15306060677395203,0.988216803466724
0.1531893472538356,0.9881968548259723
0.15331810967746626,0.9881768856054712
0.1534468940438157,0.9881568957955542
0.15357570035185053,0.9881368853865535
0.15370452860053185,0.988116854368798
0.15383337878881562,0.9880968027326152
0.15396225091565247,0.9880767304683304
0.15409114497998766,0.9880566375662664
0.15422006098076133,0.9880365240167442
0.1543489989169081,0.9880163898100822
0.1544779587873574,0.987996234936597
0.1546069405910333,0.9879760593866032
0.15473594432685464,0.9879558631504124
0.15486496999373486,0.9879356462183352
0.1549940175905821,0.9879154085806793
0.15512308711629913,0.9878951502277502
0.1552521785697834,0.9878748711498516
0.15538129194992717,0.9878545713372852
0.15551042725561706,0.9878342507803499
0.15563958448573467,0.9878139094693432
0.155768763639156,0.9877935473945598
0.1558979647147519,0.9877731645462929
0.15602718771138763,0.9877527609148331
0.1561564326279233,0.9877323364904688
0.1562856994632136,0.9877118912634868
0.15641498821610778,0.9876914252241713
0.15654429888544974,0.9876709383628046
0.15667363147007807,0.9876504306696667
0.15680298596882594,0.9876299021350358
0.15693236238052108,0.9876093527491873
0.15706176070398595,0.9875887825023956
0.1571911809380375,0.9875681913849318
0.15732062308148734,0.9875475793870656
0.15745008713314168,0.9875269464990645
0.15757957309180126,0.9875062927111936
0.1577090809562616,0.9874856180137164
0.15783861072531255,0.9874649223968937
0.15796816239773873,0.9874442058509846
0.15809773597231924,0.987423468366246
0.1582273314478278,0.9874027099329326
0.15835694882303275,0.9873819305412974
0.15848658809669686,0.9873611301815907
0.15861624926757756,0.9873403088440611
0.1587459323344268,0.9873194665189547
0.15887563729599116,0.9872986031965164
0.15900536415101174,0.9872777188669883
0.15913511289822407,0.9872568135206105
0.15926488353635837,0.987235887147621
0.15939467606413935,0.9872149397382558
0.15952449048028625,0.9871939712827491
0.15965432678351277,0.9871729817713323
0.1597841849725273,0.9871519711942356
0.15991406504603267,0.9871309395416867
0.16004396700272616,0.9871098868039112
0.16017389084129963,0.9870888129711325
0.16030383656043948,0.9870677180335724
0.16043380415882658,0.9870466019814502
0.16056379363513626,0.9870254648049834
0.16069380498803837,0.9870043064943873
0.16082383821619736,0.9869831270398752
0.1609538933182721,0.9869619264316585
0.16108397029291582,0.9869407046599461
0.16121406913877642,0.9869194617149456
0.16134418985449622,0.9868981975868616
0.16147433243871198,0.9868769122658977
0.16160449689005496,0.9868556057422545
0.16173468320715081,0.9868342780061313
0.1618648913886198,0.9868129290477249
0.16199512143307657,0.9867915588572302
0.16212537333913016,0.9867701674248405
0.16225564710538412,0.9867487547407461
0.16238594273043644,0.9867273207951361
0.16251626021287957,0.9867058655781974
0.16264659955130034,0.9866843890801145
0.16277696074428008,0.9866628912910707
0.1629073437903945,0.9866413722012461
0.16303774868821386,0.9866198318008202
0.1631681754363026,0.9865982700799691
0.16329862403321982,0.9865766870288681
0.16342909447751883,0.9865550826376893
0.1635595867677476,0.9865334568966041
0.1636901009024482,0.9865118097957806
0.16382063688015736,0.9864901413253858
0.1639511946994061,0.9864684514755845
0.16408177435871982,0.9864467402365392
0.16421237585661833,0.9864250075984108
0.16434299919161582,0.986403253551358
0.1644736443622209,0.9863814780855374
0.1646043113669365,0.9863596811911041
0.16473500020426,0.9863378628582108
0.164865710872683,0.9863160230770079
0.16499644337069166,0.9862941618376447
0.1651271976967664,0.9862722791302678
0.16525797384938193,0.9862503749450222
0.16538877182700745,0.9862284492720508
0.16551959162810648,0.9862065021014944
0.16565043325113674,0.986184533423492
0.16578129669455047,0.9861625432281808
0.16591218195679422,0.9861405315056956
0.16604308903630874,0.9861184982461695
0.16617401793152925,0.9860964434397336
0.1663049686408853,0.9860743670765173
0.16643594116280058,0.9860522691466475
0.16656693549569337,0.9860301496402498
0.16669795163797602,0.9860080085474473
0.1668289895880553,0.9859858458583616
0.1669600493443323,0.9859636615631117
0.16709113090520242,0.9859414556518153
0.1672222342690552,0.9859192281145881
0.16735335943427465,0.9858969789415436
0.16748450639923904,0.9858747081227934
0.1676156751623209,0.9858524156484476
0.16774686572188696,0.9858301015086135
0.16787807807629834,0.9858077656933972
0.16800931222391047,0.9857854081929032
0.16814056816307282,0.9857630289972327
0.1682718458921294,0.9857406280964864
0.16840314540941828,0.9857182054807622
0.1685344667132719,0.9856957611401567
0.16866580980201692,0.9856732950647642
0.16879717467397426,0.9856508072446772
0.16892856132745898,0.9856282976699862
0.16905996976078053,0.9856057663307798
0.16919139997224256,0.9855832132171453
0.16932285196014282,0.9855606383191667
0.16945432572277344,0.9855380416269279
0.16958582125842078,0.9855154231305093
0.1697173385653653,0.9854927828199906
0.16984887764188178,0.9854701206854488
0.16998043848623912,0.9854474367169596
0.17011202109670054,0.9854247309045961
0.17024362547152333,0.9854020032384304
0.1703752516089591,0.9853792537085322
0.1705068995072536,0.9853564823049693
0.17063856916464673,0.9853336890178077
0.17077026057937272,0.9853108738371119
0.1709019737496598,0.985288036752944
0.17103370867373047,0.9852651777553643
0.17116546534980145,0.9852422968344314
0.17129724377608352,0.9852193939802022
0.17142904395078176,0.9851964691827316
0.17156086587209524,0.9851735224320722
0.1716927095382174,0.9851505537182756
0.17182457494733566,0.9851275630313912
0.17195646209763163,0.9851045503614657
0.17208837098728116,0.9850815156985456
0.17222030161445412,0.9850584590326741
0.17235225397731457,0.9850353803538933
0.17248422807402072,0.9850122796522433
0.17261622390272494,0.9849891569177625
0.17274824146157358,0.984966012140487
0.1728802807487073,0.9849428453104516
0.17301234176226074,0.9849196564176891
0.17314442450036271,0.9848964454522304
0.17327652896113613,0.9848732124041046
0.17340865514269801,0.984849957263339
0.17354080304315952,0.9848266800199593
0.1736729726606258,0.984803380663989
0.17380516399319623,0.9847800591854499
0.1739373770389642,0.9847567155743622
0.17406961179601715,0.9847333498207441
0.17420186826243664,0.9847099619146119
0.17433414643629838,0.9846865518459806
0.1744664463156721,0.9846631196048629
0.1745987678986215,0.98463966518127
0.1747311111832045,0.9846161885652107
0.17486347616747297,0.984592689746693
0.1749958628494729,0.9845691687157223
0.1751282712272443,0.9845456254623026
0.17526070129882126,0.9845220599764362
0.1753931530622319,0.9844984722481231
0.17552562651549836,0.9844748622673621
0.1756581216566368,0.9844512300241502
0.1757906384836575,0.984427575508482
0.17592317699456467,0.9844038987103509
0.17605573718735662,0.9843801996197488
0.1761883190600256,0.9843564782266649
0.176320922610558,0.9843327345210874
0.17645354783693407,0.9843089684930025
0.17658619473712817,0.9842851801323949
0.17671886330910863,0.9842613694292469
0.17685155355083781,0.9842375363735398
0.176984265460272,0.9842136809552527
0.17711699903536157,0.9841898031643632
0.17724975427405076,0.9841659029908467
0.17738253117427794,0.9841419804246775
0.17751532973397535,0.9841180354558279
0.1776481499510692,0.9840940680742681
0.17778099182347978,0.9840700782699674
0.17791385534912124,0.9840460660328926
0.17804674052590172,0.9840220313530089
0.17817964735172334,0.9839979742202802
0.17831257582448218,0.9839738946246686
0.17844552594206822,0.9839497925561338
0.17857849770236545,0.9839256680046345
0.17871149110325174,0.9839015209601276
0.17884450614259895,0.983877351412568
0.17897754281827286,0.9838531593519091
0.17911060112813318,0.9838289447681029
0.17924368107003352,0.9838047076510988
0.1793767826418214,0.9837804479908455
0.17950990584133839,0.9837561657772894
0.17964305066641983,0.9837318610003756
0.17977621711489503,0.983707533650047
0.1799094051845871,0.9836831837162451
0.18004261487331327,0.9836588111889101
0.1801758461788845,0.98363441605798
0.18030909909910564,0.983609998313391
0.18044237363177548,0.9835855579450782
0.18057566977468673,0.9835610949429746
0.18070898752562597,0.983536609297012
0.18084232688237356,0.9835121009971198
0.1809756878427038,0.9834875700332264
0.1811090704043849,0.9834630163952579
0.18124247456517892,0.9834384400731399
0.18137590032284165,0.9834138410567946
0.18150934767512292,0.9833892193361442
0.1816428166197664,0.9833645749011086
0.1817763071545094,0.9833399077416057
0.1819098192770833,0.9833152178475522
0.1820433529852132,0.983290505208863
0.18217690827661814,0.9832657698154516
0.18231048514901094,0.9832410116572297
0.18244408360009812,0.983216230724107
0.18257770362758022,0.9831914270059924
0.1827113452291515,0.9831666004927923
0.18284500840250006,0.983141751174412
0.18297869314530787,0.9831168790407555
0.18311239945525054,0.983091984081724
0.18324612732999765,0.9830670662872184
0.1833798767672125,0.9830421256471373
0.18351364776455223,0.9830171621513776
0.18364744031966773,0.9829921757898352
0.18378125443020366,0.9829671665524036
0.18391509009379856,0.9829421344289753
0.18404894730808466,0.9829170794094413
0.18418282607068795,0.9828920014836903
0.1843167263792283,0.9828669006416101
0.1844506482313193,0.9828417768730867
0.1845845916245681,0.982816630168004
0.184718556556576,0.9827914605162456
0.1848525430249378,0.9827662679076921
0.18498655102724204,0.9827410523322233
0.18512058056107106,0.9827158137797173
0.185254631624001,0.9826905522400506
0.18538870421360162,0.9826652677030983
0.18552279832743654,0.9826399601587334
0.185656913963063,0.9826146295968281
0.18579105111803207,0.9825892760072527
0.1859252097898884,0.9825638993798753
0.18605938997617052,0.9825384997045638
0.18619359167441057,0.9825130769711836
0.18632781488213446,0.9824876311695986
0.1864620595968617,0.9824621622896713
0.1865963258161056,0.9824366703212627
0.18673061353737322,0.9824111552542327
0.1868649227581651,0.9823856170784387
0.18699925347597574,0.9823600557837374
0.18713360568829313,0.9823344713599835
0.18726797939259893,0.9823088637970305
0.1874023745863687,0.9822832330847302
0.18753679126707137,0.9822575792129328
0.1876712294321698,0.982231902171487
0.18780568907912035,0.9822062019502407
0.1879401702053731,0.9821804785390389
0.1880746728083718,0.9821547319277263
0.18820919688555385,0.9821289621061456
0.1883437424343502,0.9821031690641381
0.18847830945218566,0.9820773527915437
0.18861289793647842,0.9820515132782004
0.1887475078846405,0.9820256505139453
0.1888821392940775,0.9819997644886136
0.1890167921621886,0.9819738551920393
0.18915146648636663,0.9819479226140544
0.1892861622639981,0.9819219667444901
0.18942087949246297,0.9818959875731755
0.1895556181691351,0.9818699850899391
0.18969037829138166,0.9818439592846069
0.18982515985656356,0.9818179101470038
0.18995996286203531,0.9817918376669538
0.19009478730514506,0.9817657418342788
0.1902296331832344,0.9817396226387993
0.19036450049363865,0.9817134800703348
0.19049938923368662,0.9816873141187027
0.19063429940070079,0.9816611247737195
0.19076923099199716,0.9816349120252
0.19090418400488532,0.9816086758629575
0.19103915843666833,0.9815824162768042
0.19117415428464302,0.9815561332565507
0.1913091715460996,0.9815298267920058
0.19144421021832192,0.9815034968729776
0.19157927029858726,0.981477143489272
0.19171435178416663,0.9814507666306939
0.19184945467232445,0.981424366287047
0.19198457896031876,0.981397942448133
0.19211972464540103,0.9813714951037529
0.19225489172481638,0.9813450242437056
0.19239008019580336,0.981318529857789
0.19252529005559413,0.9812920119357995
0.19266052130141426,0.9812654704675322
0.19279577393048292,0.9812389054427807
0.19293104794001278,0.981212316851337
0.19306634332720995,0.9811857046829922
0.1932016600892741,0.9811590689275356
0.19333699822339845,0.9811324095747553
0.1934723577267696,0.9811057266144383
0.19360773859656774,0.9810790200363696
0.19374314082996635,0.9810522898303331
0.1938785644241327,0.9810255359861114
0.19401400937622731,0.9809987584934862
0.19414947568340424,0.9809719573422367
0.19428496334281098,0.9809451325221419
0.1944204723515886,0.9809182840229788
0.19455600270687148,0.980891411834523
0.19469155440578753,0.9808645159465492
0.19482712744545816,0.9808375963488304
0.19496272182299815,0.9808106530311385
0.19509833753551575,0.9807836859832436
0.19523397458011263,0.9807566951949153
0.195369632953884,0.9807296806559209
0.19550531265391832,0.9807026423560271
0.1956410136772977,0.980675580284999
0.19577673602109738,0.9806484944326002
0.19591247968238637,0.9806213847885934
0.19604824465822684,0.9805942513427397
0.19618403094567446,0.9805670940847988
0.1963198385417783,0.9805399130045294
0.19645566744358084,0.9805127080916887
0.19659151764811797,0.9804854793360326
0.19672738915241897,0.980458226727316
0.19686328195350639,0.9804309502552917
0.1969991960483964,0.9804036499097122
0.19713513143409842,0.9803763256803281
0.1972710881076152,0.9803489775568889
0.197407066065943,0.9803216055291429
0.19754306530607132,0.9802942095868369
0.1976790858249831,0.9802667897197165
0.19781512761965464,0.9802393459175263
0.19795119068705558,0.9802118781700092
0.19808727502414894,0.9801843864669071
0.19822338062789108,0.9801568707979607
0.19835950749523162,0.9801293311529091
0.1984956556231137,0.9801017675214907
0.19863182500847365,0.980074179893442
0.1987680156482412,0.9800465682584988
0.19890422753933942,0.9800189326063955
0.19904046067868464,0.9799912729268649
0.19917671506318657,0.9799635892096391
0.19931299068974825,0.9799358814444485
0.19944928755526595,0.9799081496210227
0.19958560565662936,0.9798803937290901
0.1997219449907214,0.979852613758377
0.1998583055544184,0.9798248096986097
0.19999468734458978,0.9797969815395124
0.20013109035809842,0.9797691292708086
0.2002675145918005,0.9797412528822204
0.20040396004254543,0.9797133523634686
0.2005404267071758,0.9796854277042727
0.2006769145825277,0.9796574788943515
0.20081342366543037,0.9796295059234222
0.20094995395270626,0.979601508781201
0.20108650544117124,0.9795734874574026
0.20122307812763424,0.9795454419417406
0.20135967200889765,0.979517372223928
0.20149628708175704,0.9794892782936759
0.20163292334300117,0.9794611601406946
0.2017695807894121,0.979433017754693
0.2019062594177651,0.9794048511253791
0.2020429592248288,0.9793766602424596
0.20217968020736488,0.97934844509564
0.20231642236212827,0.9793202056746245
0.20245318568586734,0.9792919419691166
0.20258997017532343,0.9792636539688183
0.2027267758272312,0.9792353416634305
0.20286360263831854,0.979207005042653
0.20300045060530655,0.9791786440961846
0.20313731972490948,0.9791502588137226
0.20327420999383483,0.9791218491849635
0.20341112140878323,0.9790934151996026
0.2035480539664486,0.9790649568473339
0.20368500766351802,0.9790364741178506
0.2038219824966717,0.9790079670008444
0.20395897846258307,0.9789794354860064
0.20409599555791874,0.978950879563026
0.2042330337793385,0.9789222992215917
0.20437009312349527,0.9788936944513913
0.20450717358703516,0.978865065242111
0.20464427516659747,0.978836411583436
0.20478139785881458,0.9788077334650507
0.2049185416603121,0.978779030876638
0.20505570656770877,0.9787503038078802
0.20519289257761644,0.9787215522484578
0.20533009968664012,0.978692776188051
0.20546732789137792,0.9786639756163384
0.20560457718842118,0.9786351505229979
0.20574184757435426,0.9786063008977058
0.20587913904575475,0.978577426730138
0.20601645159919324,0.978548528009969
0.20615378523123354,0.9785196047268723
0.2062911399384325,0.9784906568705202
0.20642851571734017,0.9784616844305841
0.2065659125644995,0.9784326873967343
0.2067033304764468,0.9784036657586401
0.20684076944971133,0.9783746195059697
0.2069782294808155,0.9783455486283907
0.2071157105662747,0.9783164531155689
0.20725321270259756,0.9782873329571696
0.20739073588628565,0.9782581881428568
0.2075282801138337,0.9782290186622937
0.20766584538172947,0.9781998245051426
0.2078034316864538,0.9781706056610642
0.2079410390244807,0.9781413621197191
0.20807866739227698,0.9781120938707659
0.20821631678630276,0.9780828009038631
0.20835398720301107,0.9780534832086676
0.2084916786388481,0.9780241407748355
0.20862939109025297,0.977994773592022
0.2087671245536579,0.9779653816498811
0.20890487902548807,0.977935964938066
0.20904265450216186,0.977906523446229
0.20918045098009047,0.977877057164021
0.20931826845567825,0.9778475660810925
0.2094561069253226,0.9778180501870927
0.20959396638541386,0.97778850947167
0.2097318468323353,0.9777589439244714
0.20986974826246343,0.9777293535351439
0.21000767067216758,0.9776997382933322
0.21014561405781013,0.9776700981886814
0.21028357841574646,0.9776404332108348
0.21042156374232487,0.977610743349435
0.2105595700338868,0.9775810285941235
0.21069759728676662,0.9775512889345417
0.21083564549729153,0.9775215243603286
0.21097371466178186,0.9774917348611235
0.21111180477655095,0.9774619204265645
0.21124991583790495,0.9774320810462884
0.21138804784214307,0.9774022167099315
0.21152620078555745,0.9773723274071289
0.21166437466443322,0.9773424131275151
0.21180256947504847,0.9773124738607234
0.21194078521367418,0.9772825095963865
0.21207902187657424,0.9772525203241358
0.21221727946000565,0.9772225060336023
0.21235555796021818,0.9771924667144157
0.21249385737345453,0.977162402356205
0.21263217769595047,0.9771323129485985
0.2127705189239346,0.9771021984812231
0.21290888105362843,0.9770720589437056
0.21304726408124633,0.977041894325671
0.21318566800299574,0.9770117046167444
0.21332409281507692,0.9769814898065493
0.213462538513683,0.9769512498847087
0.21360100509500005,0.9769209848408447
0.213739492555207,0.9768906946645785
0.21387800089047576,0.9768603793455304
0.21401653009697102,0.9768300388733201
0.21415508017085047,0.9767996732375664
0.2142936511082645,0.9767692824278872
0.21443224290535653,0.9767388664338991
0.21457085555826286,0.9767084252452187
0.21470948906311257,0.9766779588514615
0.2148481434160276,0.9766474672422418
0.21498681861312283,0.9766169504071739
0.21512551465050594,0.9765864083358702
0.21526423152427746,0.9765558410179431
0.21540296923053082,0.9765252484430043
0.21554172776535221,0.9764946306006638
0.21568050712482076,0.9764639874805318
0.21581930730500828,0.9764333190722171
0.21595812830197966,0.9764026253653283
0.21609697011179238,0.9763719063494726
0.21623583273049682,0.9763411620142565
0.21637471615413623,0.9763103923492862
0.2165136203787466,0.9762795973441665
0.21665254540035686,0.9762487769885023
0.21679149121498856,0.9762179312718967
0.21693045781865616,0.9761870601839527
0.21706944520736698,0.9761561637142727
0.21720845337712105,0.9761252418524576
0.21734748232391118,0.9760942945881085
0.217486532043723,0.976063321910825
0.21762560253253493,0.9760323238102061
0.21776469378631824,0.9760013002758506
0.21790380580103677,0.9759702512973558
0.21804293857264737,0.9759391768643192
0.21818209209709946,0.9759080769663365
0.21832126637033536,0.9758769515930034
0.21846046138829012,0.9758458007339148
0.21859967714689152,0.9758146243786648
0.21873891364206008,0.9757834225168469
0.21887817086970915,0.9757521951380538
0.21901744882574467,0.9757209422318772
0.2191567475060655,0.9756896637879089
0.21929606690656314,0.9756583597957392
0.21943540702312184,0.9756270302449583
0.21957476785161856,0.9755956751251554
0.21971414938792297,0.9755642944259191
0.21985355162789758,0.9755328881368375
0.21999297456739744,0.9755014562474975
0.22013241820227042,0.9754699987474861
0.2202718825283571,0.9754385156263893
0.2204113675414908,0.9754070068737922
0.22055087323749736,0.9753754724792794
0.22069039961219558,0.9753439124324351
0.22082994666139666,0.9753123267228425
0.2209695143809048,0.9752807153400846
0.2211091027665167,0.9752490782737434
0.22124871181402173,0.9752174155134002
0.22138834151920195,0.9751857270486362
0.22152799187783226,0.9751540128690315
0.22166766288567993,0.9751222729641655
0.22180735453850517,0.9750905073236175
0.22194706683206075,0.975058715936966
0.222086799762092,0.9750268987937883
0.22222655332433708,0.9749950558836622
0.22236632751452667,0.9749631871961638
0.2225061223283842,0.9749312927208698
0.2226459377616256,0.9748993724473548
0.22278577380995962,0.9748674263651943
0.2229256304690875,0.9748354544639624
0.22306550773470307,0.9748034567332325
0.223205405602493,0.9747714331625782
0.22334532406813642,0.9747393837415718
0.2234852631273051,0.9747073084597853
0.22362522277566346,0.9746752073067905
0.2237652030088685,0.974643080272158
0.22390520382256984,0.974610927345458
0.22404522521240972,0.9745787485162605
0.22418526717402293,0.974546543774135
0.2243253297030369,0.9745143131086499
0.22446541279507168,0.9744820565093737
0.2246055164457398,0.9744497739658737
0.22474564065064648,0.9744174654677176
0.2248857854053895,0.9743851310044715
0.2250259507055591,0.9743527705657019
0.22516613654673834,0.9743203841409742
0.22530634292450255,0.9742879717198537
0.22544656983441988,0.974255533291905
0.22558681727205085,0.974223068846692
0.22572708523294868,0.9741905783737785
0.22586737371265905,0.9741580618627277
0.22600768270672023,0.9741255193031021
0.226148012210663,0.974092950684464
0.22628836222001075,0.9740603559963753
0.22642873273027933,0.9740277352283967
0.22656912373697718,0.9739950883700895
0.2267095352356052,0.9739624154110136
0.2268499672216569,0.9739297163407292
0.22699041969061826,0.9738969911487955
0.22713089263796776,0.9738642398247713
0.22727138605917652,0.9738314623582156
0.22741189994970798,0.9737986587386861
0.2275524343050182,0.9737658289557405
0.22769298912055572,0.9737329729989359
0.2278335643917616,0.9737000908578293
0.2279741601140694,0.9736671825219769
0.22811477628290508,0.9736342479809347
0.2282554128936872,0.9736012872242581
0.2283960699418267,0.9735683002415023
0.22853674742272717,0.9735352870222224
0.22867744533178444,0.9735022475559719
0.22881816366438698,0.9734691818323052
0.2289589024159157,0.973436089840776
0.22909966158174389,0.973402971570937
0.22924044115723743,0.9733698270123413
0.22938124113775457,0.973336656154541
0.22952206151864601,0.9733034589870885
0.2296629022952549,0.973270235499535
0.22980376346291692,0.9732369856814319
0.2299446450169601,0.9732037095223303
0.23008554695270492,0.9731704070117806
0.23022646926546428,0.973137078139333
0.23036741195054355,0.9731037228945374
0.23050837500324053,0.9730703412669433
0.23064935841884543,0.9730369332460999
0.23079036219264082,0.973003498821556
0.23093138631990168,0.9729700379828601
0.23107243079589562,0.9729365507195605
0.23121349561588236,0.9729030370212051
0.2313545807751142,0.9728694968773413
0.23149568626883574,0.9728359302775164
0.2316368120922841,0.9728023372112774
0.23177795824068864,0.9727687176681709
0.23191912470927117,0.9727350716377432
0.232060311493246,0.9727013991095405
0.23220151858781962,0.9726677000731084
0.232342745988191,0.9726339745179925
0.23248399368955147,0.972600222433738
0.23262526168708478,0.9725664438098898
0.23276654997596694,0.9725326386359924
0.23290785855136636,0.9724988069015903
0.23304918740844388,0.9724649485962279
0.23319053654235258,0.9724310637094487
0.23333190594823797,0.9723971522307964
0.23347329562123786,0.9723632141498145
0.23361470555648242,0.9723292494560462
0.23375613574909415,0.9722952581390342
0.2338975861941879,0.972261240188321
0.2340390568868709,0.9722271955934497
0.23418054782224254,0.9721931243439621
0.23432205899539466,0.9721590264294
0.2344635904014114,0.9721249018393053
0.2346051420353693,0.9720907505632199
0.23474671389233695,0.9720565725906848
0.2348883059673756,0.9720223679112413
0.2350299182555385,0.9719881365144305
0.23517155075187138,0.9719538783897927
0.23531320345141213,0.971919593526869
0.23545487634919113,0.9718852819151997
0.23559656944023086,0.9718509435443249
0.2357382827195461,0.9718165784037845
0.23588001618214408,0.971782186483119
0.23602176982302414,0.9717477677718676
0.23616354363717795,0.97171332225957
0.23630533761958936,0.9716788499357656
0.2364471517652347,0.9716443507899937
0.23658898606908235,0.9716098248117933
0.23673084052609306,0.9715752719907035
0.23687271513121977,0.9715406923162632
0.23701460987940773,0.9715060857780109
0.23715652476559448,0.9714714523654856
0.23729845978470962,0.9714367920682254
0.23744041493167511,0.9714021048757686
0.23758239020140523,0.9713673907776538
0.23772438558880635,0.9713326497634188
0.23786640108877713,0.9712978818226019
0.2380084366962084,0.9712630869447407
0.2381504924059833,0.9712282651193732
0.23829256821297717,0.9711934163360374
0.23843466411205747,0.9711585405842705
0.23857678009808397,0.9711236378536106
0.23871891616590862,0.9710887081335948
0.2388610723103755,0.9710537514137606
0.23900324852632107,0.9710187676836456
0.23914544480857372,0.9709837569327869
0.23928766115195427,0.9709487191507218
0.23942989755127567,0.9709136543269878
0.23957215400134294,0.9708785624511219
0.23971443049695335,0.970843443512661
0.23985672703289637,0.9708082975011424
0.23999904360395366,0.9707731244061032
0.240141380204899,0.9707379242170803
0.24028373683049833,0.970702696923611
0.2404261134755098,0.970667442515232
0.24056851013468367,0.9706321609814804
0.24071092680276238,0.9705968523118933
0.24085336347448047,0.9705615164960075
0.2409958201445647,0.97052615352336
0.24113829680773394,0.9704907633834879
0.2412807934586992,0.9704553460659282
0.24142331009216364,0.970419901560218
0.24156584670282247,0.970384429855894
0.24170840328536317,0.9703489309424936
0.24185097983446524,0.9703134048095539
0.24199357634480032,0.9702778514466118
0.24213619281103219,0.9702422708432047
0.24227882922781677,0.9702066629888699
0.24242148558980192,0.9701710278731444
0.24256416189162786,0.9701353654855657
0.24270685812792675,0.9700996758156712
0.24284957429332285,0.9700639588529985
0.2429923103824326,0.9700282145870849
0.24313506638986443,0.9699924430074681
0.24327784231021893,0.9699566441036859
0.24342063813808876,0.969920817865276
0.24356345386805864,0.9698849642817761
0.24370628949470535,0.9698490833427245
0.24384914501259788,0.9698131750376591
0.24399202041629706,0.969777239356118
0.24413491570035595,0.9697412762876396
0.24427783085931962,0.9697052858217624
0.24442076588772518,0.9696692679480245
0.24456372078010188,0.969633222655965
0.244706695530971,0.9695971499351227
0.24484969013484562,0.9695610497750361
0.24499270458623132,0.9695249221652447
0.2451357388796253,0.9694887670952872
0.24527879300951708,0.9694525845547034
0.24542186697038804,0.9694163745330328
0.24556496075671164,0.9693801370198147
0.24570807436295342,0.9693438720045892
0.24585120778357084,0.9693075794768962
0.24599436101301345,0.9692712594262759
0.24613753404572292,0.9692349118422688
0.24628072687613264,0.9691985367144154
0.24642393949866825,0.9691621340322562
0.24656717190774727,0.9691257037853321
0.2467104240977794,0.9690892459631848
0.2468536960631661,0.9690527605553549
0.24699698779830093,0.9690162475513845
0.2471402992975695,0.9689797069408151
0.2472836305553493,0.9689431387131887
0.24742698156600987,0.9689065428580474
0.24757035232391267,0.9688699193649339
0.24771374282341124,0.9688332682233909
0.247857153058851,0.968796589422961
0.24800058302456932,0.9687598829531876
0.24814403271489557,0.968723148803614
0.24828750212415115,0.968686386963784
0.24843099124664936,0.9686495974232413
0.24857450007669532,0.9686127801715302
0.24871802860858633,0.9685759351981953
0.2488615768366115,0.9685390624927811
0.24900514475505195,0.9685021620448329
0.24914873235818066,0.9684652338438957
0.24929233964026257,0.9684282778795154
0.24943596659555464,0.9683912941412378
0.24957961321830566,0.968354282618609
0.24972327950275638,0.9683172433011757
0.24986696544313938,0.9682801761784846
0.2500106710336793,0.9682430812400826
0.25015439626859276,0.9682059584755177
0.250298141142088,0.9681688078743372
0.2504419056483653,0.9681316294260897
0.25058568978161705,0.9680944231203231
0.2507294935360273,0.9680571889465867
0.250873316905772,0.9680199268944293
0.2510171598850191,0.9679826369534005
0.25116102246792843,0.9679453191130503
0.25130490464865163,0.9679079733629289
0.2514488064213322,0.9678705996925866
0.2515927277801057,0.9678331980915749
0.25173666871909944,0.9677957685494447
0.25188062923243254,0.9677583110557479
0.25202460931421605,0.9677208256000367
0.2521686089585529,0.9676833121718635
0.252312628159538,0.9676457707607814
0.2524566669112578,0.9676082013563434
0.252600725207791,0.9675706039481037
0.2527448030432077,0.967532978525616
0.25288890041157025,0.9674953250784352
0.2530330173069327,0.967457643596116
0.2531771537233409,0.9674199340682142
0.2533213096548324,0.9673821964842855
0.253465485095437,0.967344430833886
0.2536096800391759,0.9673066371065727
0.2537538944800624,0.9672688152919029
0.2538981284121014,0.967230965379434
0.2540423818292899,0.9671930873587244
0.25418665472561647,0.9671551812193327
0.2543309470950616,0.9671172469508179
0.2544752589315975,0.9670792845427393
0.25461959022918834,0.9670412939846572
0.25476394098178995,0.9670032752661322
0.25490831118335006,0.9669652283767253
0.25505270082780807,0.9669271533059978
0.25519710990909533,0.9668890500435121
0.25534153842113483,0.9668509185788304
0.2554859863578415,0.966812758901516
0.2556304537131218,0.9667745710011323
0.2557749404808744,0.9667363548672437
0.25591944665498917,0.9666981104894143
0.25606397222934824,0.96665983785721
0.2562085171978252,0.966621536960196
0.25635308155428566,0.9665832077879387
0.2564976652925868,0.9665448503300051
0.25664226840657756,0.9665064645759626
0.2567868908900987,0.9664680505153788
0.25693153273698277,0.9664296081378224
0.25707619394105397,0.9663911374328624
0.25722087449612824,0.9663526383900688
0.2573655743960133,0.9663141109990117
0.2575102936345088,0.9662755552492618
0.25765503220540564,0.9662369711303905
0.257799790102487,0.9661983586319705
0.2579445673195273,0.9661597177435737
0.2580893638502931,0.9661210484547736
0.2582341796885424,0.9660823507551443
0.25837901482802494,0.9660436246342601
0.25852386926248233,0.9660048700816962
0.25866874298564785,0.9659660870870286
0.25881363599124624,0.9659272756398333
0.2589585482729943,0.9658884357296877
0.25910347982460025,0.9658495673461696
0.25924843063976427,0.9658106704788572
0.25939340071217787,0.9657717451173292
0.2595383900355246,0.965732791251166
0.25968339860347944,0.9656938088699473
0.2598284264097093,0.9656547979632546
0.25997347344787264,0.9656157585206696
0.26011853971161936,0.9655766905317746
0.2602636251945915,0.9655375939861529
0.26040872989042246,0.9654984688733883
0.26055385379273727,0.9654593151830649
0.2606989968951528,0.9654201329047687
0.2608441591912775,0.965380922028085
0.2609893406747115,0.9653416825426008
0.26113454133904657,0.9653024144379033
0.261279761177866,0.965263117703581
0.26142500018474496,0.9652237923292225
0.26157025835325004,0.9651844383044175
0.2617155356769397,0.9651450556187565
0.2618608321493638,0.9651056442618304
0.26200614776406395,0.9650662042232313
0.2621514825145734,0.9650267354925517
0.2622968363944169,0.964987238059385
0.26244220939711116,0.9649477119133258
0.262587601516164,0.9649081570439687
0.2627330127450753,0.9648685734409096
0.26287844307733627,0.9648289610937452
0.2630238925064299,0.9647893199920726
0.26316936102583066,0.9647496501254904
0.2633148486290047,0.9647099514835972
0.2634603553094098,0.9646702240559929
0.2636058810604952,0.9646304678322782
0.2637514258757019,0.9645906828020547
0.2638969897484623,0.9645508689549245
0.2640425726722006,0.9645110262804908
0.26418817464033234,0.9644711547683577
0.26433379564626486,0.9644312544081297
0.26447943568339705,0.9643913251894128
0.2646250947451191,0.9643513671018135
0.2647707728248131,0.9643113801349392
0.2649164699158526,0.9642713642783982
0.26506218601160264,0.9642313195217994
0.2652079211054199,0.9641912458547534
0.26535367519065256,0.9641511432668707
0.26549944826064037,0.9641110117477631
0.2656452403087147,0.9640708512870437
0.26579105132819836,0.964030661874326
0.26593688131240567,0.9639904434992246
0.2660827302546427,0.9639501961513547
0.2662285981482068,0.9639099198203329
0.26637448498638705,0.9638696144957766
0.266520390762464,0.9638292801673041
0.26666631546970965,0.9637889168245345
0.2668122591013876,0.9637485244570878
0.266958221650753,0.9637081030545855
0.2671042031110523,0.9636676526066492
0.26725020347552386,0.9636271731029024
0.2673962227373972,0.9635866645329688
0.2675422608898936,0.9635461268864736
0.26768831792622544,0.9635055601530425
0.2678343938395971,0.9634649643223026
0.26798048862320417,0.9634243393838815
0.2681266022702339,0.9633836853274089
0.26827273477386465,0.963343002142514
0.2684188861272668,0.963302289818828
0.2685650563236019,0.9632615483459831
0.2687112453560229,0.9632207777136118
0.2688574532176746,0.9631799779113486
0.26900367990169294,0.9631391489288282
0.2691499254012054,0.9630982907556869
0.269296189709331,0.9630574033815618
0.26944247281918016,0.9630164867960909
0.26958877472385484,0.9629755409889136
0.26973509541644836,0.9629345659496701
0.26988143489004557,0.9628935616680019
0.2700277931377228,0.9628525281335513
0.2701741701525477,0.9628114653359618
0.2703205659275795,0.9627703732648782
0.2704669804558688,0.9627292519099463
0.27061341373045766,0.9626881012608124
0.27075986574437966,0.9626469213071246
0.2709063364906596,0.9626057120385322
0.2710528259623139,0.962564473444685
0.2711993341523503,0.9625232055152342
0.2713458610537682,0.9624819082398324
0.271492406659558,0.962440581608133
0.2716389709627018,0.9623992256097904
0.27178555395617326,0.9623578402344609
0.27193215563293704,0.9623164254718007
0.2720787759859496,0.9622749813114687
0.2722254150081585,0.9622335077431237
0.27237207269250296,0.9621920047564259
0.2725187490319134,0.9621504723410372
0.27266544401931175,0.9621089104866203
0.27281215764761124,0.9620673191828392
0.2729588899097167,0.9620256984193588
0.273105640798524,0.9619840481858458
0.2732524103069208,0.9619423684719675
0.2733991984277857,0.9619006592673924
0.27354600515398914,0.9618589205617911
0.2736928304783926,0.9618171523448341
0.273839674393849,0.9617753546061943
0.2739865368932027,0.9617335273355451
0.2741334179692894,0.9616916705225613
0.2742803176149362,0.9616497841569194
0.2744272358229616,0.9616078682282964
0.27457417258617506,0.961565922726371
0.274721127897378,0.9615239476408232
0.2748681017493629,0.961481942961334
0.2750150941349133,0.9614399086775859
0.2751621050468046,0.9613978447792626
0.27530913447780336,0.9613557512560492
0.2754561824206673,0.9613136280976319
0.2756032488681456,0.9612714752936982
0.27575033381297887,0.9612292928339371
0.27589743724789884,0.9611870807080387
0.2760445591656288,0.9611448389056946
0.2761916995588832,0.9611025674165975
0.2763388584203678,0.9610602662304419
0.2764860357427799,0.961017935336923
0.2766332315188078,0.9609755747257377
0.27678044574113125,0.960933184386584
0.2769276784024214,0.9608907643091618
0.27707492949534057,0.9608483144831717
0.27722219901254247,0.9608058348983161
0.27736948694667213,0.9607633255442986
0.27751679329036566,0.9607207864108241
0.27766411803625074,0.9606782174875991
0.27781146117694633,0.9606356187643315
0.27795882270506234,0.9605929902307301
0.27810620261320035,0.9605503318765058
0.27825360089395307,0.9605076436913705
0.2784010175399044,0.9604649256650374
0.2785484525436297,0.9604221777872214
0.27869590589769544,0.9603794000476389
0.2788433775946595,0.9603365924360073
0.27899086762707087,0.9602937549420458
0.27913837598747,0.9602508875554752
0.2792859026683884,0.960207990266017
0.27943344766234895,0.9601650630633951
0.2795810109618657,0.9601221059373339
0.27972859255944416,0.9600791188775604
0.2798761924475808,0.9600361018738017
0.28002381061876364,0.9599930549157879
0.2801714470654716,0.9599499779932492
0.2803191017801751,0.9599068710959183
0.2804667747553358,0.9598637342135288
0.28061446598340645,0.959820567335816
0.28076217545683113,0.9597773704525168
0.28090990316804504,0.9597341435533695
0.2810576491094748,0.959690886628114
0.28120541327353804,0.9596475996664915
0.28135319565264383,0.9596042826582452
0.2815009962391921,0.9595609355931192
0.28164881502557454,0.9595175584608598
0.28179665200417353,0.9594741512512147
0.28194450716736297,0.9594307139539325
0.2820923805075078,0.9593872465587645
0.2822402720169643,0.9593437490554624
0.28238818168807983,0.9593002214337804
0.282536109513193,0.9592566636834737
0.2826840554846336,0.9592130757942994
0.28283201959472276,0.9591694577560163
0.2829800018357725,0.9591258095583843
0.2831280022000863,0.9590821311911655
0.2832760206799586,0.959038422644123
0.2834240572676753,0.9589946839070224
0.2835721119555132,0.9589509149696298
0.28372018473574034,0.9589071158217136
0.28386827560061606,0.9588632864530441
0.28401638454239075,0.9588194268533927
0.28416451155330613,0.9587755370125329
0.28431265662559485,0.9587316169202393
0.2844608197514808,0.9586876665662887
0.28460900092317915,0.9586436859404592
0.28475720013289607,0.9585996750325309
0.284905417372829,0.9585556338322853
0.28505365263516635,0.9585115623295056
0.285201905912088,0.9584674605139772
0.2853501771957646,0.9584233283754866
0.2854984664783582,0.9583791659038221
0.2856467737520219,0.958334973088774
0.28579509900890004,0.9582907499201342
0.28594344224112783,0.9582464963876961
0.2860918034408319,0.9582022124812551
0.2862401826001298,0.9581578981906085
0.28638857971113035,0.9581135535055548
0.2865369947659334,0.9580691784158947
0.28668542775663,0.9580247729114305
0.2868338786753022,0.9579803369819664
0.28698234751402335,0.9579358706173082
0.28713083426485764,0.9578913738072636
0.2872793389198606,0.9578468465416419
0.28742786147107885,0.9578022888102546
0.28757640191054995,0.9577577006029144
0.28772496023030275,0.9577130819094364
0.2878735364223571,0.957668432719637
0.2880221304787238,0.9576237530233349
0.28817074239140517,0.9575790428103502
0.2883193721523941,0.957534302070505
0.288468019753675,0.9574895307936235
0.28861668518722305,0.9574447289695314
0.2887653684450047,0.9573998965880562
0.28891406951897747,0.9573550336390275
0.2890627884010898,0.9573101401122766
0.28921152508328135,0.9572652159976369
0.2893602795574829,0.9572202612849434
0.2895090518156161,0.9571752759640331
0.2896578418495938,0.9571302600247448
0.28980664965131997,0.9570852134569194
0.2899554752126895,0.9570401362503996
0.2901043185255883,0.9569950283950298
0.29025317958189367,0.9569498898806567
0.29040205837347355,0.9569047206971287
0.2905509548921871,0.9568595208342958
0.29069986912988466,0.9568142902820108
0.2908488010784073,0.9567690290301276
0.2909977507295875,0.9567237370685024
0.2911467180752486,0.9566784143869934
0.2912957031072048,0.9566330609754604
0.2914447058172617,0.956587676823766
0.29159372619721563,0.9565422619217737
0.2917427642388542,0.9564968162593499
0.2918918199339557,0.956451339826362
0.29204089327428984,0.9564058326126808
0.2921899842516171,0.9563602946081774
0.292339092857689,0.9563147258027263
0.29248821908424816,0.9562691261862033
0.2926373629230282,0.9562234957484865
0.2927865243657537,0.9561778344794559
0.2929357034041403,0.9561321423689937
0.2930849000298947,0.9560864194069837
0.2932341142347143,0.9560406655833121
0.2933833460102879,0.9559948808878674
0.29353259534829507,0.9559490653105395
0.2936818622404065,0.955903218841221
0.29383114667828364,0.9558573414698057
0.2939804486535793,0.9558114331861909
0.29412976815793695,0.9557654939802745
0.2942791051829913,0.9557195238419576
0.2944284597203677,0.9556735227611425
0.29457783176168284,0.9556274907277342
0.2947272212985442,0.9555814277316396
0.29487662832255035,0.955535333762768
0.29502605282529065,0.9554892088110304
0.29517549479834565,0.95544305286634
0.29532495423328675,0.9553968659186125
0.29547443112167626,0.9553506479577653
0.29562392545506755,0.9553043989737181
0.29577343722500493,0.9552581189563928
0.29592296642302374,0.9552118078957138
0.29607251304065013,0.955165465781607
0.2962220770694012,0.9551190926040007
0.2963716585007852,0.9550726883528259
0.2965212573263011,0.955026253018015
0.29667087353743904,0.9549797865895031
0.29682050712567987,0.9549332890572274
0.29697015808249555,0.9548867604111272
0.297119826399349,0.9548402006411442
0.29726951206769386,0.9547936097372224
0.2974192150789749,0.9547469876893073
0.29756893542462787,0.9547003344873477
0.2977186730960792,0.9546536501212939
0.2978684280847465,0.9546069345810989
0.2980182003820381,0.9545601878567173
0.29816798997935345,0.9545134099381066
0.2983177968680828,0.9544666008152267
0.29846762103960733,0.954419760478039
0.29861746248529913,0.9543728889165078
0.2987673211965212,0.9543259861205995
0.29891719716462756,0.9542790520802827
0.299067090380963,0.9542320867855287
0.2992170008368633,0.9541850902263107
0.29936692852365504,0.954138062392604
0.29951687343265576,0.954091003274387
0.29966683555517404,0.9540439128616398
0.2998168148825091,0.9539967911443452
0.2999668114059512,0.9539496381124879
0.3001168251167815,0.9539024537560552
0.30026685600627206,0.9538552380650371
0.30041690406568566,0.9538079910294255
0.30056696928627624,0.9537607126392147
0.3007170516592884,0.9537134028844015
0.30086715117595775,0.9536660617549854
0.3010172678275106,0.9536186892409674
0.3011674016051644,0.9535712853323518
0.3013175525001273,0.9535238500191451
0.3014677205035983,0.9534763832913558
0.3016179056067674,0.9534288851389952
0.30176810780081537,0.9533813555520767
0.30191832707691385,0.953333794520617
0.3020685634262253,0.9532862020346338
0.30221881683990315,0.9532385780841482
0.3023690873090918,0.9531909226591843
0.3025193748249261,0.953143235749767
0.302669679378532,0.9530955173459251
0.30282000096102646,0.9530477674376892
0.3029703395635171,0.9529999860150928
0.3031206951771023,0.9529521730681715
0.3032710677928714,0.9529043285869634
0.30342145740190474,0.9528564525615095
0.30357186399527314,0.9528085449818527
0.3037222875640386,0.9527606058380391
0.3038727280992537,0.9527126351201168
0.3040231855919621,0.9526646328181368
0.30417366003319807,0.9526165989221521
0.3043241514139868,0.9525685334222188
0.30447465972534427,0.9525204363083953
0.3046251849582774,0.9524723075707427
0.3047757271037838,0.9524241471993243
0.30492628615285183,0.9523759551842061
0.30507686209646107,0.9523277315154574
0.3052274549255814,0.9522794761831488
0.3053780646311738,0.9522311891773545
0.3055286912041901,0.9521828704881509
0.3056793346355727,0.952134520105617
0.30582999491625495,0.9520861380198344
0.3059806720371613,0.9520377242208878
0.3061313659892063,0.9519892786988635
0.30628207676329605,0.9519408014438515
0.30643280435032694,0.9518922924459438
0.3065835487411865,0.9518437516952353
0.30673430992675266,0.9517951791818232
0.3068850878978944,0.9517465748958078
0.3070358826454716,0.951697938827292
0.30718669416033473,0.9516492709663812
0.3073375224333251,0.9516005713031835
0.30748836745527475,0.9515518398278098
0.30763922921700676,0.9515030765303737
0.3077901077093345,0.9514542814009911
0.3079410029230626,0.9514054544297811
0.3080919148489862,0.9513565956068655
0.3082428434778914,0.9513077049223685
0.3083937888005548,0.9512587823664173
0.3085447508077441,0.9512098279291417
0.3086957294902174,0.951160841600674
0.30884672483872394,0.95111182337115
0.3089977368440035,0.9510627732307074
0.30914876549678666,0.9510136911694872
0.3092998107877947,0.950964577177633
0.3094508727077399,0.9509154312452912
0.309601951247325,0.9508662533626109
0.3097530463972436,0.950817043519744
0.3099041581481801,0.9507678017068456
0.3100552864908097,0.9507185279140729
0.3102064314157982,0.9506692221315863
0.3103575929138022,0.9506198843495494
0.3105087709754691,0.9505705145581277
0.31065996559143694,0.9505211127474904
0.3108111767523346,0.950471678907809
0.31096240444878165,0.950422213029258
0.3111136486713884,0.9503727151020149
0.31126490941075596,0.9503231851162601
0.31141618665747606,0.9502736230621767
0.3115674804021312,0.9502240289299506
0.3117187906352946,0.9501744027097706
0.31187011734753034,0.9501247443918286
0.312021460529393,0.9500750539663192
0.31217282017142806,0.95002533142344
0.31232419626417157,0.9499755767533918
0.31247558879815046,0.9499257899463774
0.3126269977638823,0.9498759709926036
0.3127784231518754,0.9498261198822795
0.31292986495262864,0.9497762366056175
0.3130813231566318,0.9497263211528322
0.31323279775436536,0.9496763735141424
0.31338428873630036,0.9496263936797688
0.3135357960928987,0.9495763816399355
0.3136873198146129,0.9495263373848694
0.3138388598918862,0.9494762609048005
0.3139904163151525,0.9494261521899622
0.31414198907483654,0.94937601123059
0.31429357816135356,0.949325838016923
0.3144451835651096,0.9492756325392033
0.31459680527650136,0.9492253947876759
0.31474844328591634,0.9491751247525887
0.3149000975837326,0.9491248224241928
0.315051768160319,0.9490744877927425
0.31520345500603486,0.949024120848495
0.3153551581112305,0.94897372158171
0.31550687746624667,0.9489232899826512
0.3156586130614149,0.9488728260415848
0.31581036488705744,0.9488223297487806
0.3159621329334872,0.9487718010945105
0.3161139171910076,0.9487212400690505
0.31626571764991296,0.948670646662679
0.3164175343004882,0.948620020865678
0.31656936713300887,0.9485693626683324
0.31672121613774123,0.9485186720609301
0.3168730813049421,0.9484679490337624
0.3170249626248591,0.9484171935771234
0.31717686008773044,0.9483664056813107
0.31732877368378515,0.9483155853366247
0.3174807034032425,0.9482647325333692
0.31763264923631307,0.9482138472618512
0.31778461117319734,0.9481629295123806
0.3179365892040872,0.9481119792752708
0.31808858331916456,0.948060996540838
0.31824059350860234,0.948009981299402
0.318392619762564,0.9479589335412855
0.31854466207120374,0.9479078532568145
0.3186967204246662,0.9478567404363184
0.3188487948130868,0.9478055950701294
0.31900088522659165,0.9477544171485832
0.3191529916552976,0.9477032066620189
0.3193051140893117,0.9476519636007787
0.31945725251873214,0.9476006879552078
0.31960940693364737,0.9475493797156549
0.3197615773241368,0.9474980388724717
0.31991376368027014,0.947446665416014
0.320065965992108,0.9473952593366397
0.3202181842497015,0.9473438206247108
0.3203704184430925,0.9472923492705924
0.3205226685623132,0.9472408452646526
0.3206749345973868,0.9471893085972634
0.32082721653832674,0.9471377392587995
0.3209795143751376,0.9470861372396394
0.32113182809781393,0.9470345025301645
0.32128415769634144,0.94698283512076
0.32143650316069616,0.946931135001814
0.32158886448084495,0.9468794021637185
0.32174124164674495,0.9468276365968681
0.3218936346483443,0.9467758382916615
0.32204604347558147,0.9467240072385001
0.3221984681183858,0.9466721434277896
0.3223509085666769,0.9466202468499383
0.3225033648103653,0.9465683174953577
0.32265583683935184,0.9465163553544638
0.3228083246435283,0.9464643604176748
0.3229608282127769,0.9464123326754134
0.32311334753697024,0.9463602721181046
0.32326588260597194,0.9463081787361779
0.32341843340963594,0.9462560525200654
0.32357099993780675,0.9462038934602034
0.3237235821803197,0.9461517015470309
0.3238761801270005,0.9460994767709909
0.3240287937676656,0.9460472191225295
0.3241814230921219,0.945994928592097
0.32433406809016696,0.9459426051701462
0.32448672875158896,0.9458902488471338
0.32463940506616673,0.9458378596135204
0.3247920970236693,0.9457854374597694
0.3249448046138568,0.9457329823763483
0.32509752782647977,0.9456804943537278
0.3252502666512791,0.9456279733823824
0.3254030210779865,0.9455754194527898
0.3255557910963242,0.9455228325554315
0.3257085766960051,0.9454702126807923
0.32586137786673236,0.9454175598193609
0.3260141945982,0.9453648739616292
0.3261670268800926,0.945312155098093
0.3263198747020852,0.9452594032192515
0.3264727380538434,0.9452066183156075
0.3266256169250235,0.9451538003776674
0.3267785113052723,0.9451009493959415
0.32693142118422724,0.9450480653609432
0.32708434655151597,0.9449951482631896
0.3272372873967571,0.9449421980932019
0.3273902437095598,0.9448892148415047
0.32754321547952364,0.9448361984986258
0.32769620269623856,0.9447831490550971
0.32784920534928547,0.9447300665014542
0.32800222342823554,0.9446769508282361
0.32815525692265085,0.944623802025986
0.3283083058220835,0.9445706200852498
0.32846137011607646,0.944517404996578
0.3286144497941633,0.9444641567505245
0.3287675448458682,0.9444108753376468
0.32892065526070535,0.944357560748506
0.32907378102818025,0.9443042129736674
0.32922692213778837,0.9442508320036994
0.329380078579016,0.9441974178291748
0.32953325034134,0.9441439704406696
0.3296864374142275,0.9440904898287634
0.32983963978713643,0.9440369759840406
0.32999285744951523,0.9439834288970881
0.3301460903908027,0.9439298485584974
0.3302993386004285,0.9438762349588634
0.3304526020678124,0.9438225880887847
0.3306058807823652,0.9437689079388644
0.3307591747334877,0.9437151944997082
0.33091248391057165,0.9436614477619267
0.33106580830299914,0.9436076677161339
0.33121914790014295,0.9435538543529475
0.33137250269136603,0.9435000076629891
0.33152587266602235,0.9434461276368844
0.331679257813456,0.9433922142652624
0.3318326581230019,0.9433382675387566
0.3319860735839852,0.943284287448004
0.3321395041857218,0.9432302739836455
0.332292949917518,0.9431762271363257
0.33244641076867076,0.9431221468966934
0.3325998867284674,0.9430680332554012
0.3327533777861858,0.9430138862031056
0.3329068839310944,0.9429597057304668
0.33306040515245233,0.9429054918281494
0.3332139414395087,0.9428512444868213
0.33336749278150374,0.9427969636971547
0.33352105916766783,0.9427426494498258
0.333674640587222,0.9426883017355143
0.33382823702937775,0.9426339205449046
0.3339818484833372,0.9425795058686844
0.33413547493829265,0.9425250576975455
0.33428911638342745,0.942470576022184
0.33444277280791485,0.9424160608332995
0.3345964442009191,0.9423615121215961
0.33475013055159464,0.9423069298777815
0.3349038318490867,0.9422523140925675
0.33505754808253063,0.9421976647566702
0.33521127924105265,0.9421429818608091
0.3353650253137693,0.9420882653957086
0.33551878628978765,0.942033515352096
0.33567256215820523,0.9419787317207038
0.33582635290811025,0.941923914492268
0.3359801585285811,0.9418690636575285
0.33613397900868697,0.9418141792072297
0.33628781433748733,0.9417592611321195
0.33644166450403223,0.9417043094229506
0.3365955294973625,0.9416493240704793
0.3367494093065087,0.9415943050654657
0.33690330392049284,0.9415392523986752
0.3370572133283266,0.9414841660608759
0.33721113751901266,0.9414290460428408
0.33736507648154407,0.9413738923353473
0.3375190302049042,0.9413187049291759
0.3376729986780671,0.9412634838151122
0.3378269818899973,0.9412082289839456
0.3379809798296497,0.9411529404264697
0.3381349924859697,0.941097618133482
0.3382890198478932,0.9410422620957848
0.3384430619043468,0.9409868723041839
0.33859711864424724,0.9409314487494898
0.33875119005650184,0.9408759914225168
0.3389052761300086,0.9408205003140836
0.3390593768536559,0.9407649754150135
0.33921349221632224,0.940709416716133
0.3393676222068773,0.9406538242082739
0.33952176681418056,0.9405981978822718
0.3396759260270824,0.9405425377289662
0.3398300998344236,0.9404868437392017
0.3399842882250353,0.9404311159038264
0.3401384911877391,0.9403753542136929
0.3402927087113473,0.9403195586596582
0.3404469407846623,0.9402637292325832
0.34060118739647743,0.9402078659233337
0.34075544853557616,0.9401519687227795
0.34090972419073257,0.9400960376217945
0.34106401435071104,0.9400400726112572
0.3412183190042667,0.9399840736820505
0.34137263814014485,0.9399280408250611
0.34152697174708163,0.9398719740311807
0.3416813198138031,0.9398158732913048
0.34183568232902634,0.9397597385963334
0.3419900592814586,0.9397035699371713
0.34214445065979776,0.9396473673047274
0.34229885645273184,0.9395911306899145
0.3424532766489397,0.9395348600836505
0.3426077112370906,0.9394785554768573
0.342762160205844,0.9394222168604613
0.34291662354385,0.9393658442253932
0.3430711012397492,0.9393094375625882
0.34322559328217267,0.939252996862986
0.3433800996597419,0.9391965221175308
0.34353462036106874,0.9391400133171711
0.34368915537475564,0.9390834704528597
0.3438437046893954,0.9390268935155541
0.34399826829357144,0.9389702824962163
0.3441528461758574,0.9389136373858122
0.3443074383248176,0.9388569581753132
0.3444620447290066,0.9388002448556944
0.3446166653769699,0.9387434974179357
0.34477130025724256,0.9386867158530211
0.3449259493583509,0.9386299001519397
0.34508061266881146,0.9385730503056848
0.3452352901771313,0.9385161663052545
0.34538998187180747,0.9384592481416508
0.3455446877413281,0.9384022958058811
0.3456994077741714,0.9383453092889563
0.3458541419588062,0.9382882885818931
0.3460088902836917,0.9382312336757118
0.3461636527372775,0.9381741445614378
0.3463184293080038,0.9381170212301008
0.3464732199843011,0.938059863672735
0.3466280247545903,0.9380026718803794
0.3467828436072832,0.9379454458440781
0.34693767653078134,0.9378881855548789
0.3470925235134773,0.9378308910038345
0.34724738454375376,0.9377735621820026
0.34740225960998405,0.9377161990804452
0.3475571487005318,0.937658801690229
0.34771205180375125,0.9376013700024257
0.34786696890798685,0.9375439040081108
0.3480219000015736,0.9374864036983653
0.34817684507283725,0.9374288690642749
0.34833180411009346,0.9373713000969293
0.34848677710164866,0.9373136967874234
0.34864176403579966,0.9372560591268566
0.3487967649008338,0.9371983871063333
0.3489517796850286,0.9371406807169622
0.3491068083766523,0.9370829399498571
0.34926185096396345,0.9370251647961363
0.3494169074352111,0.9369673552469228
0.34957197777863463,0.9369095112933447
0.349727061982464,0.9368516329265344
0.34988216003491945,0.9367937201376293
0.350037271924212,0.9367357729177718
0.35019239763854265,0.9366777912581086
0.3503475371661031,0.9366197751497916
0.3505026904950755,0.9365617245839771
0.3506578576136324,0.9365036395518266
0.35081303850993667,0.9364455200445062
0.3509682331721418,0.9363873660531868
0.3511234415883917,0.9363291775690445
0.3512786637468205,0.9362709545832595
0.35143389963555316,0.9362126970870177
0.35158914924270457,0.936154405071509
0.35174441255638056,0.9360960785279291
0.3518996895646772,0.9360377174474777
0.3520549802556807,0.9359793218213597
0.3522102846174682,0.935920891640785
0.35236560263810696,0.9358624268969685
0.3525209343056548,0.9358039275811296
0.35267627960816,0.9357453936844932
0.3528316385336611,0.9356868251982883
0.3529870110701872,0.9356282221137493
0.353142397205758,0.9355695844221158
0.35329779692838337,0.935510912114632
0.35345321022606363,0.935452205182547
0.3536086370867897,0.9353934636171148
0.35376407749854294,0.935334687409595
0.35391953144929483,0.9352758765512513
0.3540749989270077,0.9352170310333529
0.35423047991963413,0.9351581508471739
0.35438597441511704,0.9350992359839932
0.3545414824013899,0.9350402864350952
0.3546970038663766,0.9349813021917688
0.3548525387979915,0.934922283245308
0.35500808718413934,0.9348632295870122
0.3551636490127152,0.9348041412081852
0.3553192242716048,0.9347450181001367
0.35547481294868416,0.9346858602541809
0.3556304150318198,0.9346266676616367
0.3557860305088686,0.9345674403138289
0.355941659367678,0.9345081782020872
0.35609730159608566,0.9344488813177456
0.35625295718191996,0.9343895496521443
0.3564086261129994,0.9343301831966279
0.35656430837713315,0.9342707819425462
0.3567200039621207,0.9342113458812543
0.3568757128557521,0.9341518750041122
0.3570314350458077,0.9340923693024857
0.3571871705200583,0.9340328287677445
0.3573429192662651,0.9339732533912647
0.35749868127217993,0.9339136431644266
0.35765445652554495,0.9338539980786167
0.35781024501409253,0.9337943181252256
0.35796604672554583,0.9337346032956497
0.35812186164761833,0.9336748535812904
0.35827768976801366,0.9336150689735545
0.3584335310744264,0.9335552494638538
0.35858938555454106,0.9334953950436052
0.358745253196033,0.9334355057042314
0.35890113398656776,0.9333755814371595
0.35905702791380134,0.9333156222338227
0.3592129349653803,0.9332556280856589
0.35936885512894157,0.9331955989841111
0.3595247883921124,0.9331355349206282
0.35968073474251055,0.9330754358866639
0.3598366941677444,0.9330153018736772
0.3599926666554125,0.9329551328731327
0.3601486521931041,0.9328949288765003
0.36030465076839857,0.9328346898752545
0.360460662368866,0.9327744158608761
0.36061668698206667,0.9327141068248503
0.36077272459555143,0.9326537627586684
0.3609287751968617,0.9325933836538265
0.3610848387735291,0.9325329695018264
0.36124091531307584,0.9324725202941754
0.36139700480301445,0.9324120360223853
0.36155310723084805,0.9323515166779744
0.36170922258407,0.9322909622524653
0.36186535085016436,0.932230372737387
0.36202149201660533,0.9321697481242731
0.3621776460708579,0.9321090884046633
0.36233381300037715,0.932048393570102
0.36248999279260874,0.9319876636121395
0.3626461854349889,0.9319268985223315
0.36280239091494404,0.9318660982922387
0.36295860921989137,0.9318052629134279
0.36311484033723807,0.9317443923774708
0.36327108425438215,0.9316834866759449
0.36342734095871193,0.931622545800433
0.3635836104376063,0.9315615697425238
0.36373989267843415,0.9315005584938106
0.36389618766855547,0.9314395120458931
0.36405249539532014,0.931378430390376
0.3642088158460688,0.9313173135188696
0.3643651490081324,0.9312561614229898
0.36452149486883223,0.9311949740943578
0.3646778534154805,0.9311337515246011
0.36483422463537923,0.9310724937053514
0.36499060851582127,0.9310112006282473
0.3651470050440899,0.9309498722849321
0.36530341420745877,0.9308885086670552
0.3654598359931919,0.9308271097662708
0.36561627038854383,0.9307656755742398
0.3657727173807598,0.930704206082628
0.36592917695707494,0.9306427012831067
0.3660856491047154,0.930581161167353
0.3662421338108974,0.9305195857270498
0.36639863106282783,0.9304579749538856
0.36655514084770385,0.9303963288395541
0.36671166315271336,0.9303346473757552
0.3668681979650343,0.930272930554194
0.3670247452718354,0.9302111783665816
0.3671813050602756,0.9301493908046345
0.3673378773175046,0.9300875678600752
0.36749446203066227,0.9300257095246316
0.367651059186879,0.9299638157900371
0.3678076687732758,0.9299018866480314
0.36796429077696396,0.9298399220903596
0.36812092518504513,0.9297779221087723
0.3682775719846118,0.9297158866950264
0.36843423116274654,0.9296538158408837
0.36859090270652267,0.9295917095381127
0.3687475866030035,0.9295295677784866
0.3689042828392435,0.9294673905537856
0.36906099140228693,0.9294051778557944
0.3692177122791691,0.9293429296763046
0.36937444545691517,0.9292806460071125
0.3695311909225413,0.9292183268400211
0.3696879486630537,0.9291559721668388
0.36984471866544943,0.9290935819793797
0.37000150091671574,0.9290311562694642
0.3701582954038304,0.9289686950289179
0.3703151021137616,0.9289061982495725
0.37047192103346827,0.9288436659232658
0.37062875214989943,0.9287810980418413
0.3707855954499949,0.9287184945971481
0.37094245092068456,0.928655855581041
0.3710993185488893,0.9285931809853817
0.37125619832152,0.9285304708020369
0.37141309022547825,0.9284677250228792
0.37156999424765613,0.9284049436397874
0.37172691037493605,0.9283421266446462
0.37188383859419094,0.928279274029346
0.37204077889228443,0.9282163857857836
0.37219773125607025,0.9281534619058607
0.3723546956723928,0.9280905023814864
0.3725116721280871,0.9280275072045746
0.3726686606099783,0.9279644763670455
0.3728256611048823,0.9279014098608254
0.3729826735996054,0.9278383076778465
0.3731396980809444,0.9277751698100469
0.3732967345356866,0.9277119962493712
0.37345378295060977,0.927648786987769
0.3736108433124819,0.9275855420171965
0.37376791560806194,0.9275222613296161
0.37392499982409905,0.9274589449169962
0.3740820959473328,0.9273955927713105
0.3742392039644935,0.9273322048845398
0.3743963238623018,0.9272687812486703
0.3745534556274688,0.9272053218556944
0.37471059924669614,0.9271418266976105
0.3748677547066759,0.9270782957664231
0.37502492199409077,0.9270147290541431
0.3751821010956138,0.926951126552787
0.37533929199790866,0.9268874882543774
0.37549649468762936,0.9268238141509436
0.37565370915142066,0.9267601042345208
0.3758109353759175,0.9266963584971497
0.37596817334774557,0.9266325769308781
0.37612542305352076,0.9265687595277589
0.37628268447984997,0.9265049062798523
0.37643995761333,0.9264410171792234
0.3765972424405487,0.9263770922179448
0.3767545389480839,0.9263131313880943
0.37691184712250436,0.9262491346817561
0.37706916695036913,0.9261851020910208
0.3772264984182279,0.9261210336079851
0.3773838415126206,0.9260569292247519
0.37754119622007803,0.9259927889334304
0.37769856252712125,0.9259286127261358
0.377855940420262,0.9258644005949896
0.37801332988600217,0.9258001525321199
0.3781707309108347,0.9257358685296606
0.37832814348124266,0.925671548579752
0.37848556758369983,0.9256071926745408
0.3786430032046703,0.9255428008061799
0.37880045033060883,0.9254783729668284
0.3789579089479607,0.9254139091486518
0.3791153790431617,0.9253494093438218
0.3792728606026381,0.9252848735445164
0.3794303536128067,0.9252203017429204
0.37958785806007483,0.925155693931224
0.37974537393084035,0.9250910501016244
0.3799029012114917,0.9250263702463253
0.38006043988840765,0.9249616543575361
0.3802179899479578,0.924896902427473
0.3803755513765021,0.9248321144483587
0.380533124160391,0.9247672904124218
0.3806907082859655,0.9247024303118977
0.3808483037395572,0.9246375341390278
0.38100591050748833,0.9245726018860605
0.38116352857607133,0.92450763354525
0.38132115793160953,0.9244426291088574
0.38147879856039657,0.9243775885691499
0.3816364504487167,0.924312511918401
0.38179411358284476,0.9242473991488913
0.381951787949046,0.9241822502529071
0.38210947353357644,0.9241170652227417
0.3822671703226824,0.9240518440506947
0.38242487830260097,0.923986586729072
0.3825825974595596,0.9239212932501863
0.3827403277797763,0.9238559636063565
0.3828980692494598,0.9237905977899082
0.38305582185480924,0.9237251957931735
0.3832135855820144,0.923659757608491
0.38337136041725545,0.9235942832282055
0.3835291463467034,0.9235287726446693
0.38368694335651954,0.9234632258502399
0.3838447514328558,0.9233976428372823
0.3840025705618549,0.9233320235981679
0.3841604007296497,0.9232663681252745
0.38431824192236397,0.9232006764109867
0.38447609412611194,0.9231349484476954
0.38463395732699834,0.923069184227798
0.38479183151111856,0.9230033837436995
0.3849497166645585,0.92293754698781
0.38510761277339467,0.9228716739525474
0.3852655198236942,0.9228057646303358
0.3854234378015146,0.9227398190136058
0.3855813666929042,0.9226738370947949
0.38573930648390176,0.9226078188663472
0.38589725716053674,0.9225417643207134
0.38605521870882886,0.9224756734503508
0.38621319111478897,0.9224095462477236
0.3863711743644179,0.9223433827053027
0.3865291684437077,0.9222771828155654
0.3866871733386404,0.9222109465709959
0.386845189035189,0.9221446739640851
0.38700321551931693,0.9220783649873306
0.38716125277697844,0.9220120196332371
0.38731930079411786,0.921945637894315
0.3874773595566708,0.921879219763083
0.38763542905056286,0.9218127652320649
0.38779350926171074,0.9217462742937926
0.38795160017602126,0.921679746940804
0.38810970177939225,0.9216131831656442
0.3882678140577119,0.9215465829608648
0.3884259369968592,0.9214799463190244
0.3885840705827034,0.9214132732326882
0.3887422148011049,0.9213465636944286
0.38890036963791413,0.9212798176968242
0.3890585350789726,0.9212130352324611
0.38921671111011213,0.921146216293932
0.3893748977171554,0.9210793608738364
0.38953309488591537,0.9210124689647804
0.38969130260219603,0.9209455405593774
0.3898495208517916,0.9208785756502474
0.3900077496204873,0.9208115742300177
0.39016598889405857,0.9207445362913218
0.39032423865827204,0.9206774618268008
0.3904824988988843,0.9206103508291023
0.39064076960164307,0.9205432032908809
0.39079905075228644,0.9204760192047982
0.3909573423365433,0.9204087985635224
0.39111564434013296,0.9203415413597293
0.3912739567487657,0.9202742475861013
0.39143227954814214,0.9202069172353275
0.3915906127239538,0.9201395503001044
0.39174895626188244,0.9200721467731351
0.39190731014760094,0.9200047066471302
0.3920656743667725,0.9199372299148066
0.39222404890505125,0.9198697165688889
0.39238243374808157,0.9198021666021082
0.3925408288814989,0.919734580007203
0.39269923429092896,0.9196669567769182
0.3928576499619887,0.9195992969040068
0.393016075880285,0.9195316003812278
0.3931745120314159,0.9194638672013479
0.39333295840097005,0.9193960973571406
0.39349141497452667,0.9193282908413865
0.39364988173765547,0.9192604476468732
0.3938083586759173,0.9191925677663958
0.3939668457748632,0.9191246511927559
0.3941253430200352,0.9190566979187624
0.3942838503969659,0.9189887079372319
0.3944423678911786,0.9189206812409874
0.39460089548818705,0.918852617822859
0.39475943317349615,0.9187845176756844
0.39491798093260105,0.9187163807923083
0.3950765387509878,0.9186482071655826
0.39523510661413325,0.9185799967883662
0.39539368450750456,0.9185117496535251
0.39555227241655994,0.9184434657539328
0.3957108703267482,0.9183751450824698
0.39586947822350876,0.9183067876320239
0.3960280960922718,0.9182383933954898
0.39618672391845816,0.9181699623657699
0.3963453616874795,0.9181014945357736
0.3965040093847381,0.9180329898984172
0.3966626669956269,0.9179644484466248
0.3968213345055297,0.9178958701733277
0.3969800118998208,0.9178272550714639
0.39713869916386546,0.9177586031339792
0.39729739628301947,0.9176899143538265
0.39745610324262937,0.917621188723966
0.39761482002803245,0.9175524262373651
0.3977735466245569,0.9174836268869988
0.3979322830175212,0.9174147906658489
0.39809102919223505,0.9173459175669052
0.39824978513399845,0.9172770075831641
0.3984085508281026,0.9172080607076298
0.39856732625982894,0.9171390769333139
0.39872611141445,0.917070056253235
0.3988849062772289,0.9170009986604193
0.39904371083341955,0.9169319041479004
0.39920252506826653,0.916862772708719
0.3993613489670053,0.9167936043359235
0.39952018251486193,0.9167243990225696
0.39967902569705344,0.9166551567617204
0.3998378784987873,0.9165858775464463
0.39999674090526205,0.9165165613698253
0.4001556129016668,0.9164472082249427
0.40031449447318146,0.9163778181048913
0.40047338560497664,0.9163083910027713
0.4006322862822139,0.9162389269116905
0.4007911964900455,0.916169425824764
0.4009501162136144,0.9160998877351144
0.40110904543805426,0.9160303126358718
0.40126798414848974,0.9159607005201738
0.40142693233003607,0.9158910513811654
0.4015858899677995,0.9158213652119993
0.40174485704687674,0.9157516420058358
0.4019038335523556,0.9156818817558423
0.4020628194693145,0.915612084455194
0.40222181478282265,0.9155422500970737
0.40238081947794013,0.9154723786746716
0.40253983353971784,0.9154024701811855
0.4026988569531974,0.9153325246098208
0.4028578897034112,0.9152625419537904
0.4030169317753825,0.9151925222063151
0.4031759831541254,0.9151224653606228
0.4033350438246448,0.9150523714099493
0.40349411377193634,0.9149822403475378
0.40365319298098645,0.9149120721666396
0.40381228143677256,0.914841866860513
0.4039713791242627,0.9147716244224244
0.40413048602841595,0.9147013448456476
0.40428960213418186,0.914631028123464
0.40444872742650134,0.914560674249163
0.4046078618903056,0.9144902832160413
0.4047670055105171,0.9144198550174034
0.4049261582720487,0.9143493896465615
0.4050853201598046,0.9142788870968358
0.4052444911586794,0.9142083473615535
0.4054036712535589,0.9141377704340503
0.40556286042931944,0.9140671563076688
0.40572205867082844,0.9139965049757602
0.405881265962944,0.9139258164316827
0.4060404822905153,0.9138550906688028
0.4061997076383821,0.9137843276804942
0.40635894199137523,0.913713527460139
0.4065181853343163,0.9136426900011265
0.40667743765201775,0.913571815296854
0.406836698929283,0.9135009033407269
0.40699596915090624,0.9134299541261578
0.40715524830167255,0.9133589676465674
0.407314536366358,0.9132879438953845
0.4074738333297294,0.9132168828660452
0.4076331391765445,0.9131457845519936
0.40779245389155194,0.9130746489466819
0.40795177745949124,0.91300347604357
0.40811110986509286,0.9129322658361255
0.408270451093078,0.9128610183178241
0.40842980112815896,0.9127897334821489
0.4085891599550388,0.9127184113225916
0.4087485275584116,0.9126470518326514
0.4089079039229623,0.9125756550058354
0.40906728903336653,0.9125042208356583
0.40922668287429126,0.9124327493156436
0.40938608543039406,0.9123612404393219
0.4095454966863234,0.9122896942002319
0.40970491662671904,0.9122181105919205
0.4098643452362112,0.9121464896079422
0.41002378249942123,0.9120748312418601
0.41018322840096144,0.9120031354872441
0.4103426829254352,0.9119314023376734
0.4105021460574364,0.9118596317867346
0.4106616177815503,0.9117878238280218
0.4108210980823529,0.911715978455138
0.4109805869444112,0.9116440956616936
0.4111400843522831,0.9115721754413073
0.41129959029051755,0.9115002177876056
0.41145910474365427,0.9114282226942233
0.4116186276962241,0.9113561901548028
0.4117781591327489,0.9112841201629954
0.41193769903774125,0.9112120127124594
0.41209724739570486,0.911139867796862
0.41225680419113453,0.911067685409878
0.4124163694085158,0.9109954655451906
0.4125759430323252,0.9109232081964909
0.4127355250470305,0.9108509133574781
0.4128951154370901,0.9107785810218596
0.4130547141869537,0.9107062111833508
0.4132143212810618,0.9106338038356755
0.4133739367038459,0.9105613589725652
0.4135335604397287,0.91048887658776
0.4136931924731236,0.9104163566750079
0.41385283278843515,0.9103437992280651
0.4140124813700589,0.9102712042406959
0.4141721382023816,0.9101985717066728
0.4143318032697806,0.9101259016197769
0.4144914765566245,0.9100531939737968
0.41465115804727304,0.9099804487625299
0.41481084772607685,0.9099076659797813
0.4149705455773775,0.909834845619365
0.41513025158550765,0.9097619876751023
0.41528996573479116,0.9096890921408236
0.41544968800954274,0.9096161590103672
0.41560941839406806,0.9095431882775794
0.4157691568726642,0.9094701799363154
0.4159289034296188,0.9093971339804381
0.41608865804921097,0.9093240504038188
0.4162484207157106,0.9092509292003372
0.4164081914133788,0.9091777703638815
0.4165679701264676,0.9091045738883478
0.4167277568392203,0.9090313397676405
0.41688755153587104,0.908958067995673
0.41704735420064515,0.9088847585663662
0.41720716481775894,0.9088114114736496
0.41736698337142,0.9087380267114614
0.41752680984582663,0.9086646042737478
0.41768664422516877,0.9085911441544636
0.4178464864936269,0.9085176463475716
0.418006336635373,0.9084441108470435
0.4181661946345698,0.9083705376468588
0.41832606047537124,0.9082969267410059
0.4184859341419226,0.9082232781234814
0.41864581561836,0.9081495917882901
0.41880570488881075,0.908075867729446
0.41896560193739324,0.9080021059409706
0.419125506748217,0.9079283064168945
0.4192854193053828,0.9078544691512563
0.4194453395929823,0.9077805941381032
0.4196052675950985,0.9077066813714912
0.41976520329580536,0.9076327308454842
0.41992514667916797,0.907558742554155
0.4200850977292429,0.9074847164915851
0.42024505643007726,0.9074106526518636
0.42040502276570996,0.9073365510290892
0.42056499672017056,0.9072624116173683
0.42072497827748,0.9071882344108163
0.4208849674216502,0.9071140194035567
0.42104496413668463,0.9070397665897222
0.42120496840657756,0.9069654759634537
0.42136498021531443,0.9068911475189003
0.421524999546872,0.9068167812502201
0.42168502638521826,0.9067423771515799
0.42184506071431205,0.9066679352171545
0.42200510251810386,0.906593455441128
0.422165151780535,0.9065189378176928
0.4223252084855381,0.9064443823410495
0.42248527261703694,0.906369789005408
0.4226453441589466,0.9062951578049866
0.4228054230951733,0.906220488734012
0.42296550940961447,0.9061457817867196
0.42312560308615865,0.9060710369573538
0.42328570410868577,0.9059962542401675
0.4234458124610668,0.905921433629422
0.423605928127164,0.9058465751193874
0.423766051090831,0.9057716787043428
0.4239261813359124,0.9056967443785758
0.4240863188462442,0.9056217721363824
0.4242464636056537,0.9055467619720676
0.4244066155979593,0.9054717138799456
0.42456677480697047,0.9053966278543383
0.42472694121648835,0.9053215038895772
0.4248871148103051,0.9052463419800019
0.42504729557220405,0.9051711421199613
0.42520748348596005,0.905095904303813
0.4253676785353389,0.9050206285259228
0.42552788070409797,0.9049453147806661
0.4256880899759856,0.9048699630624265
0.42584830633474174,0.9047945733655967
0.4260085297640973,0.9047191456845778
0.42616876024777467,0.9046436800137801
0.42632899776948746,0.904568176347623
0.42648924231294055,0.904492634680534
0.4266494938618301,0.9044170550069498
0.4268097523998439,0.9043414373213161
0.42697001791066047,0.9042657816180872
0.42713029037795003,0.9041900878917265
0.427290569785374,0.904114356136706
0.42745085611658523,0.9040385863475068
0.42761114935522754,0.9039627785186186
0.42777144948493656,0.9038869326445407
0.42793175648933895,0.9038110487197804
0.4280920703520528,0.9037351267388544
0.42825239105668733,0.9036591666962883
0.4284127185868435,0.9035831685866167
0.4285730529261132,0.9035071324043829
0.42873339405808,0.9034310581441393
0.4288937419663186,0.9033549458004473
0.4290540966343951,0.9032787953678771
0.42921445804586705,0.9032026068410081
0.4293748261842834,0.9031263802144284
0.4295352010331843,0.9030501154827356
0.42969558257610135,0.9029738126405356
0.4298559707965576,0.9028974716824437
0.4300163656780673,0.9028210926030842
0.4301767672041363,0.9027446753970904
0.4303371753582618,0.902668220059105
0.4304975901239323,0.9025917265837787
0.4306580114846278,0.9025151949657725
0.4308184394238195,0.9024386251997555
0.4309788739249703,0.9023620172804065
0.43113931497153435,0.902285371202413
0.4312997625469572,0.9022086869604716
0.43146021663467593,0.9021319645492885
0.43162067721811886,0.902055203963578
0.4317811442807062,0.9019784051980646
0.43194161780584883,0.9019015682474811
0.43210209777694975,0.9018246931065701
0.4322625841774031,0.9017477797700827
0.43242307699059457,0.9016708282327794
0.4325835761999011,0.90159383848943
0.4327440817886914,0.9015168105348131
0.43290459374032547,0.9014397443637172
0.43306511203815473,0.9013626399709389
0.43322563666552205,0.9012854973512848
0.4333861676057621,0.9012083164995707
0.4335467048422006,0.9011310974106208
0.43370724835815505,0.9010538400792695
0.43386779813693416,0.9009765445003596
0.4340283541618385,0.9008992106687439
0.4341889164161598,0.9008218385792837
0.43434948488318154,0.9007444282268499
0.4345100595461786,0.9006669796063229
0.43467064038841724,0.9005894927125917
0.4348312273931555,0.9005119675405552
0.43499182054364277,0.9004344040851211
0.43515241982312003,0.9003568023412069
0.4353130252148197,0.9002791623037388
0.43547363670196587,0.9002014839676529
0.4356342542677741,0.9001237673278938
0.4357948778954514,0.9000460123794164
0.43595550756819657,0.8999682191171843
0.4361161432691997,0.8998903875361703
0.4362767849816427,0.8998125176313573
0.4364374326886986,0.8997346093977366
0.4365980863735326,0.8996566628303097
0.43675874601930104,0.8995786779240867
0.436919411609152,0.8995006546740877
0.437080083126225,0.8994225930753419
0.43724076055365146,0.8993444931228881
0.43740144387455393,0.8992663548117741
0.4375621330720471,0.8991881781370573
0.4377228281292367,0.8991099630938046
0.4378835290292204,0.8990317096770926
0.43804423575508744,0.8989534178820064
0.43820494828991874,0.8988750877036417
0.4383656666167867,0.8987967191371029
0.4385263907187553,0.8987183121775041
0.4386871205788804,0.8986398668199687
0.43884785618020916,0.8985613830596296
0.43900859750578064,0.8984828608916297
0.4391693445386255,0.8984043003111205
0.4393300972617659,0.8983257013132638
0.439490855658216,0.8982470638932304
0.43965161971098105,0.8981683880462008
0.4398123894030586,0.8980896737673651
0.43997316471743736,0.8980109210519228
0.440133945637098,0.8979321298950829
0.4402947321450128,0.8978533002920641
0.44045552422414563,0.8977744322380945
0.44061632185745225,0.897695525728412
0.4407771250278799,0.8976165807582637
0.4409379337183677,0.8975375973229068
0.44109874791184617,0.8974585754176074
0.44125956759123797,0.897379515037642
0.44142039273945727,0.8973004161782961
0.4415812233394097,0.8972212788348648
0.4417420593739931,0.8971421030026534
0.4419029008260966,0.8970628886769761
0.4420637476786015,0.8969836358531574
0.44222459991438035,0.8969043445265309
0.4423854575162979,0.8968250146924404
0.4425463204672102,0.8967456463462385
0.44270718874996556,0.8966662394832887
0.44286806234740356,0.896586794098963
0.4430289412423558,0.8965073101886438
0.4431898254176457,0.8964277877477229
0.4433507148560884,0.8963482267716021
0.4435116095404906,0.8962686272556925
0.4436725094536511,0.896188989195415
0.44383341457836056,0.8961093125862007
0.44399432489740076,0.8960295974234898
0.44415524039354615,0.8959498437027328
0.44431616104956245,0.8958700514193894
0.44447708684820736,0.8957902205689293
0.4446380177722303,0.8957103511468323
0.4447989538043727,0.8956304431485876
0.4449598949273675,0.8955504965696942
0.44512084112393996,0.8954705114056611
0.4452817923768066,0.8953904876520068
0.44544274866867617,0.8953104253042597
0.4456037099822492,0.8952303243579585
0.4457646763002181,0.8951501848086509
0.4459256476052668,0.895070006651895
0.4460866238800717,0.8949897898832587
0.44624760510730044,0.8949095344983194
0.4464085912696131,0.8948292404926649
0.44656958234966115,0.8947489078618924
0.4467305783300882,0.8946685366016092
0.44689157919352984,0.8945881267074324
0.44705258492261335,0.894507678174989
0.4472135954999579,0.8944271909999159
0.4473746109081748,0.89434666517786
0.447535631129867,0.894266100704478
0.44769665614762966,0.8941854975754365
0.4478576859440495,0.8941048557864123
0.4480187205017055,0.8940241753330918
0.44817975980316827,0.8939434562111713
0.4483408038310007,0.8938626984163575
0.44850185256775743,0.8937819019443667
0.44866290599598496,0.8937010667909252
0.44882396409822195,0.8936201929517695
0.448985026856999,0.8935392804226459
0.44914609425483837,0.8934583291993107
0.44930716627425465,0.8933773392775303
0.4494682428977543,0.8932963106530808
0.4496293241078357,0.8932152433217487
0.4497904098869892,0.8931341372793306
0.4499515002176974,0.8930529925216328
0.45011259508243445,0.8929718090444717
0.45027369446366705,0.8928905868436738
0.45043479834385336,0.8928093259150759
0.4505959067054439,0.8927280262545244
0.45075701953088115,0.8926466878578762
0.45091813680259973,0.8925653107209982
0.4510792585030259,0.892483894839767
0.4512403846145783,0.89240244021007
0.45140151511966764,0.8923209468278039
0.4515626500006965,0.8922394146888761
0.45172378924005957,0.8921578437892043
0.4518849328201437,0.8920762341247155
0.4520460807233276,0.8919945856913476
0.4522072329319823,0.8919128984850482
0.45236838942847063,0.8918311725017753
0.4525295501951479,0.8917494077374973
0.45269071521436105,0.891667604188192
0.4528518844684495,0.8915857618498481
0.4530130579397445,0.8915038807184642
0.4531742356105696,0.8914219607900492
0.4533354174632403,0.891340002060622
0.45349660348006443,0.891258004526212
0.4536577936433417,0.8911759681828585
0.453818987935364,0.8910938930266114
0.45398018633841564,0.8910117790535305
0.4541413888347728,0.890929626259686
0.4543025954067037,0.8908474346411583
0.454463806036469,0.8907652041940383
0.45462502070632144,0.8906829349144267
0.4547862393985058,0.8906006267984348
0.45494746209525916,0.8905182798421842
0.45510868877881067,0.8904358940418067
0.45526991943138184,0.8903534693934444
0.4554311540351862,0.8902710058932496
0.4555923925724295,0.8901885035373852
0.45575363502530974,0.8901059623220242
0.4559148813760172,0.8900233822433499
0.4560761316067342,0.8899407632975561
0.45623738569963534,0.8898581054808469
0.45639864363688765,0.8897754087894367
0.45655990540064995,0.8896926732195503
0.45672117097307374,0.8896098987674228
0.4568824403363025,0.8895270854292999
0.457043713472472,0.8894442332014373
0.4572049903637106,0.8893613420801015
0.4573662709921383,0.8892784120615692
0.4575275553398678,0.8891954431421275
0.45768884338900384,0.8891124353180738
0.4578501351216439,0.8890293885857163
0.45801143051987714,0.8889463029413732
0.45817272956578536,0.8888631783813736
0.45833403224144265,0.8887800149020568
0.4584953385289152,0.8886968124997722
0.4586566484102618,0.8886135711708804
0.4588179618675334,0.888530290911752
0.4589792788827732,0.888446971718768
0.45914059943801694,0.8883636135883204
0.4593019235152923,0.8882802165168109
0.45946325109661984,0.8881967805006526
0.45962458216401203,0.8881133055362684
0.459785916699474,0.8880297916200922
0.4599472546850029,0.887946238748568
0.4601085961025887,0.887862646918151
0.46026994093421314,0.8877790161253057
0.4604312891618511,0.8876953463665088
0.4605926407674691,0.8876116376382462
0.4607539957330265,0.887527889937015
0.46091535404047485,0.8874441032593228
0.4610767156717584,0.8873602776016877
0.4612380806088135,0.8872764129606385
0.4613994488335689,0.8871925093327145
0.4615608203279461,0.8871085667144657
0.46172219507385864,0.8870245851024523
0.4618835730532127,0.8869405644932458
0.462044954247907,0.8868565048834279
0.4622063386398324,0.886772406269591
0.46236772621087263,0.8866882686483382
0.4625291169429035,0.8866040920162832
0.46269051081779344,0.8865198763700505
0.4628519078174034,0.8864356217062749
0.4630133079235867,0.8863513280216022
0.46317471111818925,0.886266995312689
0.4633361173830494,0.8861826235762023
0.46349752669999805,0.8860982128088198
0.4636589390508586,0.8860137630072301
0.4638203544174468,0.8859292741681324
0.4639817727815711,0.8858447462882366
0.46414319412503247,0.8857601793642635
0.4643046184296244,0.8856755733929443
0.4644660456771328,0.8855909283710214
0.4646274758493362,0.8855062442952476
0.46478890892800573,0.8854215211623863
0.4649503448949051,0.8853367589692122
0.46511178373179035,0.8852519577125103
0.4652732254204105,0.885167117389077
0.4654346699425067,0.8850822379957186
0.46559611727981304,0.8849973195292529
0.46575756741405605,0.8849123619865084
0.46591902032695476,0.884827365364324
0.46608047600022084,0.8847423296595497
0.466241934415559,0.8846572548690467
0.466403395554666,0.8845721409896865
0.46656485939923126,0.8844869880183516
0.46672632593093727,0.8844017959519352
0.4668877951314588,0.8843165647873418
0.46704926698246335,0.8842312945214865
0.467210741465611,0.884145985151295
0.4673722185625547,0.8840606366737045
0.46753369825493973,0.8839752490856624
0.4676951805244046,0.8838898223841277
0.46785666535257975,0.8838043565660695
0.468018152721089,0.8837188516284687
0.4681796426115483,0.8836333075683165
0.46834113500556673,0.8835477243826151
0.4685026298847458,0.8834621020683778
0.4686641272306799,0.8833764406226289
0.46882562702495595,0.8832907400424034
0.4689871292491539,0.8832050003247476
0.4691486338848462,0.8831192214667183
0.4693101409135979,0.8830334034653835
0.4694716503169672,0.8829475463178225
0.4696331620765047,0.8828616500211252
0.46979467617375387,0.8827757145723922
0.4699561925902512,0.882689739968736
0.4701177113075254,0.8826037262072793
0.4702792323070985,0.8825176732851564
0.47044075557048504,0.8824315811995121
0.4706022810791925,0.8823454499475026
0.47076380881472085,0.8822592795262949
0.4709253387585633,0.8821730699330673
0.4710868708922056,0.8820868211650089
0.4712484051971264,0.88200053321932
0.47140994165479716,0.8819142060932122
0.47157148024668216,0.8818278397839077
0.4717330209542386,0.88174143428864
0.4718945637589164,0.8816549896046536
0.4720561086421585,0.8815685057292045
0.4722176555854007,0.8814819826595596
0.47237920457007126,0.8813954203929963
0.472540755577592,0.8813088189268041
0.4727023085893771,0.8812221782582831
0.4728638635868338,0.8811354983847445
0.4730254205513624,0.881048779303511
0.4731869794643558,0.8809620210119159
0.47334854030719986,0.8808752235073042
0.4735101030612738,0.8807883867870319
0.47367166770794905,0.8807015108484658
0.47383323422859064,0.8806145956889845
0.4739948026045561,0.8805276413059773
0.47415637281719614,0.880440647696845
0.47431794484785433,0.8803536148589997
0.4744795186778673,0.8802665427898639
0.47464109428856444,0.8801794314868725
0.4748026716612683,0.8800922809474708
0.4749642507772944,0.8800050911691155
0.4751258316179513,0.8799178621492748
0.4752874141645403,0.8798305938854278
0.475448998398356,0.8797432863750653
0.4756105843006859,0.8796559396156888
0.47577217185281057,0.8795685536048113
0.47593376103600343,0.8794811283399573
0.4760953518315312,0.8793936638186625
0.4762569442206533,0.8793061600384735
0.4764185381846227,0.8792186169969487
0.47658013370468494,0.8791310346916578
0.4767417307620789,0.8790434131201813
0.47690332933803636,0.8789557522801114
0.4770649294137824,0.8788680521690516
0.47722653097053497,0.8787803127846168
0.4773881339895053,0.8786925341244332
0.4775497384518975,0.8786047161861381
0.4777113443389091,0.8785168589673805
0.4778729516317304,0.8784289624658205
0.478034560311545,0.8783410266791299
0.4781961703595296,0.8782530516049915
0.47835778175685423,0.8781650372410995
0.47851939448468167,0.8780769835851601
0.47868100852416823,0.8779888906348902
0.4788426238564632,0.8779007583880184
0.479004240462709,0.8778125868422845
0.4791658583240413,0.8777243759954401
0.479327477421589,0.877636125845248
0.4794890977364742,0.8775478363894825
0.4796507192498119,0.8774595076259293
0.4798123419427107,0.8773711395523853
0.4799739657962722,0.8772827321666594
0.4801355907915915,0.8771942854665717
0.48029721690975646,0.8771057994499538
0.48045884413184836,0.8770172741146484
0.4806204724389419,0.8769287094585102
0.480782101812105,0.8768401054794053
0.48094373223239867,0.8767514621752113
0.48110536368087714,0.8766627795438169
0.48126699613858825,0.8765740575831229
0.4814286295865729,0.8764852962910412
0.4815902640058651,0.8763964956654956
0.48175189937749247,0.876307655704421
0.4819135356824759,0.8762187764057645
0.48207517290182944,0.8761298577674838
0.4822368110165604,0.8760408997875487
0.4823984500076698,0.8759519024639412
0.4825600898561515,0.8758628657946534
0.4827217305429931,0.8757737897776903
0.4828833720491753,0.8756846744110678
0.4830450143556723,0.8755955196928137
0.4832066574434516,0.8755063256209671
0.48336830129347413,0.875417092193579
0.4835299458866942,0.875327819408712
0.4836915912040593,0.87523850726444
0.4838532372265106,0.8751491557588489
0.48401488393498265,0.875059764890036
0.4841765313104033,0.8749703346561106
0.48433817933369366,0.874880865055193
0.4844998279857687,0.8747913560854157
0.4846614772475365,0.8747018077449228
0.4848231270998985,0.8746122200318697
0.48498477752375,0.874522592944424
0.48514642849997947,0.8744329264807646
0.4853080800094689,0.8743432206390823
0.48546973203309357,0.8742534754175795
0.48563138455172267,0.8741636908144703
0.48579303754621855,0.8740738668279806
0.4859546909974371,0.8739840034563479
0.4861163448862278,0.8738941006978214
0.4862779991934337,0.8738041585506624
0.4864396538998911,0.8737141770131434
0.4866013089864301,0.8736241560835488
0.4867629644338743,0.8735340957601752
0.4869246202230407,0.8734439960413304
0.4870862763347401,0.8733538569253343
0.4872479327497766,0.8732636784105183
0.487409589448948,0.8731734604952259
0.4875712464130458,0.8730832031778124
0.4877329036228546,0.8729929064566441
0.48789456105915346,0.8729025703301004
0.4880562187027141,0.8728121947965716
0.4882178765343026,0.8727217798544601
0.4883795345346781,0.8726313255021798
0.4885411926845937,0.8725408317381569
0.488702850964796,0.8724502985608293
0.4888645093560254,0.8723597259686469
0.48902616783901576,0.8722691139600708
0.4891878263944947,0.8721784625335745
0.4893494850031835,0.8720877716876433
0.4895111436457971,0.8719970414207746
0.489672802303044,0.8719062717314768
0.4898344609556267,0.8718154626182714
0.4899961195842412,0.8717246140796909
0.49015777816957706,0.8716337261142799
0.490319436692318,0.8715427987205953
0.490481095133141,0.8714518318972051
0.49064275347271696,0.8713608256426901
0.4908044116917106,0.8712697799556427
0.4909660697707801,0.8711786948346667
0.49112772769057794,0.8710875702783787
0.49128938543174994,0.8709964062854069
0.49145104297493564,0.870905202854391
0.4916127003007686,0.8708139599839834
0.4917743573898761,0.870722677672848
0.49193601422287925,0.8706313559196609
0.4920976707803928,0.8705399947231098
0.4922593270430256,0.870448594081895
0.49242098299138,0.8703571539947281
0.49258263860605245,0.8702656744603334
0.4927442938676331,0.8701741554774467
0.49290594875670596,0.8700825970448158
0.493067603253849,0.8699909991612012
0.49322925733963385,0.8698993618253742
0.49339091099462623,0.8698076850361193
0.49355256419938565,0.8697159687922322
0.4937142169344655,0.8696242130925217
0.4938758691804131,0.8695324179358074
0.49403752091776953,0.8694405833209216
0.49419917212707015,0.8693487092467087
0.4943608227888439,0.8692567957120251
0.49452247288361373,0.8691648427157392
0.49468412239189646,0.8690728502567314
0.4948457712942033,0.8689808183338945
0.49500741957103883,0.8688887469461332
0.4951690672029019,0.8687966360923643
0.49533071417028524,0.8687044857715166
0.49549236045367584,0.8686122959825313
0.49565400603355414,0.8685200667243616
0.4958156508903951,0.8684277979959727
0.49597729500466736,0.868335489796342
0.4961389383568338,0.8682431421244592
0.49630058092735124,0.868150754979326
0.4964622226966705,0.8680583283599563
0.49662386364523636,0.8679658622653761
0.496785503753488,0.8678733566946236
0.49694714300185816,0.8677808116467493
0.49710878137077397,0.8676882271208156
0.49727041884065665,0.8675956031158973
0.49743205539192165,0.8675029396310817
0.4975936910049779,0.8674102366654676
0.49775532566022906,0.8673174942181665
0.4979169593380726,0.867224712288302
0.49807859201890026,0.8671318908750097
0.4982402236830979,0.867039029977438
0.4984018543110452,0.8669461295947469
0.4985634838831165,0.8668531897261089
0.49872511237968,0.8667602103707088
0.49888673978109804,0.8666671915277439
0.49904836606772723,0.866574133196423
0.4992099912199183,0.8664810353759677
0.49937161521801643,0.8663878980656121
0.49953323804236044,0.866294721264602
0.49969485967328375,0.8662015049721958
0.4998564800911142,0.8661082491876645
0.5000180992761735,0.8660149539102905
0.5001797172087775,0.8659216191393695
0.5003413338692366,0.8658282448742088
0.5005029492378555,0.8657348311141285
0.5006645632949329,0.8656413778584606
0.5008261760207617,0.8655478851065497
0.5009877873956294,0.8654543528577526
0.5011493973998178,0.8653607811114389
0.5013110060136026,0.8652671698669895
0.5014726132172541,0.8651735191237989
0.5016342189910368,0.8650798288812729
0.5017958233152097,0.8649860991388306
0.501957426170026,0.8648923298959026
0.5021190275357332,0.8647985211519325
0.5022806273925733,0.8647046729063762
0.5024422257207825,0.8646107851587015
0.5026038225005913,0.8645168579083892
0.5027654177122249,0.8644228911549322
0.5029270113359028,0.8643288848978361
0.5030886033518385,0.8642348391366184
0.5032501937402403,0.8641407538708092
0.5034117824813108,0.8640466290999516
0.5035733695552472,0.8639524648236003
0.5037349549422407,0.863858261041323
0.5038965386224775,0.8637640177526996
0.5040581205761376,0.8636697349573226
0.5042197007833962,0.8635754126547968
0.5043812792244223,0.8634810508447393
0.5045428558793797,0.8633866495267803
0.5047044307284267,0.863292208700562
0.5048660037517161,0.8631977283657392
0.505027574929395,0.8631032085219787
0.5051891442416051,0.8630086491689608
0.5053507116684829,0.8629140503063779
0.5055122771901589,0.8628194119339341
0.5056738407867588,0.8627247340513471
0.5058354024384023,0.8626300166583467
0.5059969621252037,0.8625352597546753
0.5061585198272723,0.8624404633400875
0.5063200755247117,0.8623456274143508
0.5064816291976197,0.8622507519772452
0.5066431808260895,0.8621558370285631
0.5068047303902083,0.8620608825681096
0.5069662778700582,0.8619658885957026
0.5071278232457156,0.8618708551111717
0.507289366497252,0.86177578211436
0.507450907604733,0.8616806696051227
0.5076124465482194,0.8615855175833278
0.5077739833077664,0.861490326048856
0.5079355178634237,0.8613950950016002
0.5080970501952359,0.8612998244414659
0.5082585802832423,0.8612045143683718
0.5084201081074767,0.8611091647822484
0.508581633647968,0.8610137756830399
0.5087431568847393,0.8609183470707019
0.5089046777978089,0.8608228789452034
0.5090661963671893,0.860727371306526
0.5092277125728883,0.8606318241546637
0.5093892263949081,0.860536237489623
0.509550737813246,0.8604406113114237
0.5097122468078935,0.8603449456200977
0.5098737533588376,0.86024924041569
0.5100352574460593,0.8601534956982574
0.5101967590495351,0.8600577114678705
0.5103582581492359,0.8599618877246119
0.5105197547251276,0.8598660244685772
0.5106812487571707,0.8597701216998743
0.5108427402253211,0.8596741794186245
0.5110042291095287,0.859578197624961
0.511165715389739,0.8594821763190301
0.511327199045892,0.8593861155009911
0.5114886800579227,0.8592900151710156
0.5116501584057608,0.8591938753292879
0.5118116340693311,0.8590976959760054
0.5119731070285533,0.8590014771113782
0.5121345772633419,0.8589052187356288
0.5122960447536062,0.8588089208489924
0.512457509479251,0.8587125834517179
0.5126189714201752,0.8586162065440656
0.5127804305562735,0.8585197901263096
0.5129418868674348,0.8584233341987365
0.5131033403335435,0.8583268387616455
0.513264790934479,0.8582303038153487
0.513426238650115,0.858133729360171
0.5135876834603212,0.85803711539645
0.5137491253449615,0.8579404619245365
0.5139105642838951,0.8578437689447935
0.5140720002569766,0.8577470364575974
0.514233433244055,0.8576502644633371
0.5143948632249746,0.8575534529624143
0.5145562901795749,0.8574566019552436
0.5147177140876904,0.8573597114422526
0.5148791349291505,0.8572627814238815
0.51504055268378,0.8571658119005836
0.5152019673313984,0.8570688028728246
0.5153633788518208,0.8569717543410836
0.515524787224857,0.8568746663058524
0.5156861924303119,0.8567775387676355
0.5158475944479859,0.8566803717269506
0.5160089932576745,0.8565831651843278
0.5161703888391677,0.8564859191403105
0.5163317811722515,0.8563886335954548
0.5164931702367068,0.8562913085503298
0.5166545560123096,0.8561939440055176
0.5168159384788309,0.8560965399616128
0.5169773176160372,0.8559990964192233
0.5171386934036903,0.8559016133789701
0.5173000658215469,0.8558040908414866
0.5174614348493589,0.8557065288074192
0.517622800466874,0.8556089272774279
0.5177841626538346,0.8555112862521845
0.5179455213899785,0.855413605732375
0.518106876655039,0.8553158857186977
0.5182682284287442,0.8552181262118637
0.518429576690818,0.8551203272125972
0.5185909214209793,0.8550224887216358
0.5187522625989424,0.8549246107397295
0.5189136002044169,0.8548266932676416
0.5190749342171079,0.8547287363061482
0.5192362646167155,0.8546307398560388
0.5193975913829355,0.8545327039181153
0.5195589144954587,0.8544346284931928
0.5197202339339717,0.8543365135821
0.519881549678156,0.8542383591856776
0.5200428617076892,0.8541401653047803
0.5202041700022434,0.854041931940275
0.5203654745414867,0.8539436590930419
0.5205267753050824,0.8538453467639746
0.5206880722726895,0.8537469949539797
0.5208493654239621,0.8536486036639759
0.52101065473855,0.8535501728948963
0.5211719401960984,0.8534517026476862
0.5213332217762476,0.8533531929233041
0.5214944994586341,0.8532546437227216
0.5216557732228894,0.8531560550469237
0.5218170430486405,0.8530574268969079
0.5219783089155101,0.8529587592736853
0.5221395708031162,0.8528600521782794
0.5223008286910729,0.8527613056117278
0.5224620825589888,0.8526625195750804
0.5226233323864691,0.8525636940694005
0.522784578153114,0.8524648290957644
0.5229458198385194,0.8523659246552615
0.5231070574222767,0.8522669807489945
0.5232682908839731,0.8521679973780791
0.5234295202031911,0.8520689745436442
0.5235907453595092,0.8519699122468314
0.5237519663325012,0.8518708104887962
0.5239131831017366,0.8517716692707068
0.5240743956467806,0.8516724885937443
0.5242356039471942,0.8515732684591035
0.5243968079825336,0.8514740088679922
0.5245580077323513,0.851374709821631
0.5247192031761949,0.8512753713212541
0.5248803942936082,0.8511759933681087
0.52504158106413,0.8510765759634548
0.5252027634672959,0.8509771191085667
0.5253639414826361,0.8508776228047304
0.5255251150896773,0.8507780870532464
0.5256862842679415,0.8506785118554276
0.5258474489969467,0.8505788972126004
0.5260086092562066,0.8504792431261042
0.5261697650252308,0.8503795495972921
0.5263309162835245,0.8502798166275298
0.5264920630105885,0.8501800442181966
0.5266532051859198,0.8500802323706846
0.5268143427890114,0.8499803810864002
0.5269754757993514,0.8498804903667616
0.5271366041964244,0.8497805602132013
0.5272977279597104,0.8496805906271646
0.5274588470686856,0.8495805816101101
0.527619961502822,0.8494805331635097
0.5277810712415871,0.8493804452888487
0.5279421762644448,0.8492803179876252
0.528103276550855,0.8491801512613513
0.5282643720802725,0.8490799451115516
0.5284254628321493,0.8489796995397644
0.5285865487859326,0.8488794145475415
0.5287476299210657,0.8487790901364476
0.5289087062169878,0.8486787263080607
0.5290697776531341,0.8485783230639723
0.529230844208936,0.848477880405787
0.5293919058638205,0.848377398335123
0.5295529625972107,0.8482768768536116
0.5297140143885258,0.8481763159628972
0.5298750612171813,0.8480757156646381
0.5300361030625882,0.8479750759605057
0.5301971399041536,0.8478743968521845
0.530358171721281,0.8477736783413721
0.5305191984933698,0.8476729204297803
0.5306802201998152,0.8475721231191334
0.5308412368200089,0.84747128641117
0.5310022483333385,0.8473704103076408
0.5311632547191877,0.8472694948103108
0.5313242559569362,0.8471685399209582
0.53148525202596,0.8470675456413743
0.531646242905631,0.846966511973364
0.5318072285753178,0.8468654389187456
0.5319682090143845,0.8467643264793506
0.5321291842021914,0.8466631746570239
0.5322901541180957,0.8465619834536241
0.5324511187414498,0.8464607528710226
0.532612078051603,0.8463594829111051
0.5327730320279006,0.8462581735757697
0.5329339806496841,0.8461568248669287
0.5330949238962912,0.8460554367865072
0.5332558617470559,0.8459540093364443
0.5334167941813083,0.8458525425186921
0.5335777211783749,0.8457510363352163
0.5337386427175785,0.845649490787996
0.5338995587782382,0.8455479058790237
0.5340604693396692,0.8454462816103057
0.5342213743811832,0.845344617983861
0.534382273882088,0.8452429150017224
0.534543167821688,0.8451411726659368
0.5347040561792836,0.8450393909785634
0.5348649389341721,0.8449375699416759
0.5350258160656465,0.8448357095573608
0.5351866875529964,0.8447338098277181
0.535347553375508,0.8446318707548619
0.5355084135124637,0.8445298923409189
0.5356692679431424,0.8444278745880301
0.5358301166468192,0.8443258174983496
0.5359909596027658,0.8442237210740446
0.5361517967902503,0.8441215853172966
0.5363126281885372,0.8440194102303001
0.5364734537768875,0.8439171958152634
0.5366342735345587,0.8438149420744078
0.5367950874408048,0.8437126490099687
0.5369558954748761,0.8436103166241946
0.5371166976160194,0.8435079449193477
0.5372774938434784,0.8434055338977039
0.5374382841364927,0.8433030835615523
0.5375990684742992,0.8432005939131956
0.5377598468361304,0.8430980649549502
0.5379206192012163,0.8429954966891461
0.5380813855487827,0.8428928891181265
0.5382421458580525,0.8427902422442485
0.5384029001082449,0.8426875560698825
0.5385636482785757,0.8425848305974125
0.5387243903482576,0.8424820658292367
0.5388851262964995,0.8423792617677656
0.5390458561025072,0.8422764184154244
0.539206579745483,0.8421735357746514
0.5393672972046261,0.8420706138478985
0.539528008459132,0.8419676526376313
0.539688713488193,0.8418646521463287
0.5398494122709984,0.8417616123764837
0.5400101047867336,0.8416585333306025
0.5401707910145814,0.841555415011205
0.5403314709337205,0.8414522574208246
0.5404921445233272,0.8413490605620088
0.540652811762574,0.841245824437318
0.5408134726306301,0.8411425490493265
0.5409741271066617,0.8410392344006227
0.5411347751698318,0.8409358804938077
0.5412954167993,0.8408324873314971
0.5414560519742229,0.8407290549163194
0.5416166806737535,0.8406255832509176
0.5417773028770422,0.8405220723379475
0.5419379185632356,0.840418522180079
0.5420985277114777,0.8403149327799954
0.5422591303009092,0.840211304140394
0.5424197263106673,0.8401076362639854
0.5425803157198865,0.840003929153494
0.542740898507698,0.839900182811658
0.5429014746532299,0.8397963972412291
0.5430620441356073,0.8396925724449728
0.5432226069339521,0.8395887084256678
0.5433831630273831,0.8394848051861072
0.5435437123950162,0.8393808627290975
0.5437042550159641,0.8392768810574587
0.5438647908693365,0.8391728601740245
0.5440253199342402,0.8390688000816428
0.5441858421897787,0.8389647007831743
0.5443463576150528,0.8388605622814944
0.5445068661891603,0.8387563845794915
0.5446673678911956,0.8386521676800681
0.5448278627002506,0.83854791158614
0.5449883505954142,0.8384436163006371
0.5451488315557719,0.838339281826503
0.5453093055604067,0.8382349081666947
0.5454697725883986,0.8381304953241832
0.5456302326188246,0.8380260433019533
0.5457906856307589,0.8379215521030033
0.5459511316032727,0.8378170217303453
0.5461115705154342,0.8377124521870055
0.5462720023463092,0.8376078434760231
0.54643242707496,0.8375031956004516
0.5465928446804467,0.8373985085633584
0.546753255141826,0.8372937823678241
0.5469136584381521,0.8371890170169436
0.5470740545484764,0.837084212513825
0.5472344434518472,0.8369793688615909
0.5473948251273105,0.8368744860633769
0.547555199553909,0.8367695641223328
0.547715566710683,0.8366646030416222
0.54787592657667,0.8365596028244224
0.5480362791309044,0.8364545634739244
0.5481966243524182,0.8363494849933332
0.5483569622202409,0.8362443673858673
0.5485172927133987,0.8361392106547592
0.5486776158109156,0.8360340148032551
0.5488379314918125,0.8359287798346152
0.5489982397351081,0.8358235057521133
0.5491585405198179,0.8357181925590368
0.5493188338249553,0.8356128402586877
0.5494791196295307,0.8355074488543809
0.5496393979125519,0.8354020183494456
0.5497996686530241,0.8352965487472248
0.5499599318299501,0.8351910400510753
0.5501201874223297,0.8350854922643675
0.5502804354091604,0.8349799053904858
0.5504406757694373,0.8348742794328289
0.5506009084821525,0.8347686143948084
0.5507611335262957,0.8346629102798505
0.5509213508808545,0.8345571670913948
0.5510815605248132,0.8344513848328953
0.5512417624371541,0.8343455635078191
0.5514019565968569,0.8342397031196477
0.5515621429828987,0.8341338036718763
0.5517223215742545,0.834027865168014
0.5518824923498963,0.8339218876115836
0.5520426552887938,0.833815871006122
0.5522028103699147,0.8337098153551799
0.5523629575722234,0.8336037206623218
0.5525230968746828,0.833497586931126
0.5526832282562528,0.8333914141651848
0.552843351695891,0.8332852023681047
0.553003467172553,0.8331789515435055
0.5531635746651914,0.8330726616950214
0.5533236741527567,0.8329663328262997
0.5534837656141973,0.8328599649410028
0.5536438490284589,0.8327535580428059
0.553803924374485,0.8326471121353989
0.5539639916312171,0.832540627222485
0.5541240507775939,0.8324341033077818
0.5542841017925518,0.8323275403950203
0.5544441446550253,0.8322209384879459
0.5546041793439466,0.8321142975903175
0.5547642058382453,0.8320076177059084
0.5549242241168489,0.8319008988385055
0.5550842341586829,0.8317941409919094
0.5552442359426703,0.8316873441699352
0.5554042294477317,0.8315805083764115
0.5555642146527863,0.8314736336151813
0.5557241915367501,0.8313667198901008
0.5558841600785378,0.8312597672050408
0.5560441202570612,0.8311527755638857
0.5562040720512305,0.831045744970534
0.5563640154399533,0.8309386754288979
0.5565239504021356,0.8308315669429039
0.5566838769166809,0.8307244195164927
0.5568437949624906,0.830617233153618
0.5570037045184641,0.8305100078582481
0.5571636055634989,0.8304027436343654
0.5573234980764902,0.8302954404859663
0.5574833820363309,0.8301880984170603
0.5576432574219122,0.8300807174316718
0.5578031242121235,0.8299732975338389
0.5579629823858516,0.8298658387276137
0.5581228319219818,0.8297583410170623
0.5582826727993969,0.8296508044062644
0.5584425049969781,0.8295432288993142
0.5586023284936046,0.8294356145003199
0.5587621432681533,0.8293279612134031
0.5589219492994995,0.8292202690427001
0.5590817465665164,0.8291125379923605
0.5592415350480755,0.8290047680665488
0.5594013147230459,0.8288969592694426
0.5595610855702953,0.8287891116052338
0.5597208475686892,0.8286812250781288
0.5598806006970913,0.8285732996923472
0.5600403449343636,0.8284653354521233
0.5602000802593659,0.8283573323617048
0.5603598066509564,0.8282492904253541
0.5605195240879915,0.8281412096473473
0.5606792325493256,0.828033090031974
0.5608389320138114,0.8279249315835389
0.5609986224602999,0.8278167343063597
0.5611583038676399,0.8277084982047687
0.5613179762146788,0.8276002232831123
0.5614776394802624,0.8274919095457505
0.5616372936432344,0.8273835569970577
0.5617969386824367,0.827275165641422
0.5619565745767099,0.8271667354832462
0.5621162013048925,0.8270582665269464
0.5622758188458215,0.8269497587769531
0.5624354271783321,0.8268412122377109
0.5625950262812577,0.8267326269136782
0.5627546161334304,0.8266240028093277
0.5629141967136804,0.826515339929146
0.5630737680008363,0.826406638277634
0.5632333299737251,0.8262978978593065
0.563392882611172,0.8261891186786922
0.563552425892001,0.8260803007403339
0.5637119597950342,0.825971444048789
0.5638714842990921,0.8258625486086283
0.5640309993829936,0.8257536144244368
0.5641905050255563,0.8256446415008141
0.564350001205596,0.8255356298423732
0.5645094879019272,0.8254265794537414
0.5646689650933627,0.8253174903395605
0.564828432758714,0.8252083625044859
0.5649878908767906,0.825099195953187
0.565147339426401,0.8249899906903478
0.5653067783863522,0.824880746720666
0.5654662077354495,0.8247714640488535
0.5656256274524971,0.8246621426796364
0.5657850375162973,0.8245527826177546
0.5659444379056514,0.8244433838679623
0.5661038285993588,0.8243339464350281
0.5662632095762181,0.824224470323734
0.5664225808150263,0.824114955538877
0.5665819422945786,0.8240054020852672
0.5667412939936695,0.8238958099677296
0.5669006358910916,0.823786179191103
0.5670599679656365,0.8236765097602403
0.5672192901960945,0.8235668016800087
0.5673786025612543,0.8234570549552893
0.5675379050399033,0.8233472695909775
0.567697197610828,0.8232374455919824
0.5678564802528135,0.8231275829632282
0.5680157529446432,0.8230176817096521
0.5681750156650996,0.8229077418362059
0.5683342683929643,0.8227977633478558
0.5684935111070168,0.8226877462495816
0.5686527437860363,0.8225776905463779
0.5688119664087999,0.8224675962432527
0.5689711789540844,0.8223574633452285
0.5691303814006652,0.8222472918573424
0.5692895737273157,0.8221370817846445
0.569448755912809,0.8220268331322
0.5696079279359171,0.8219165459050883
0.5697670897754104,0.8218062201084021
0.5699262414100584,0.821695855747249
0.5700853828186295,0.8215854528267506
0.570244513979891,0.8214750113520422
0.5704036348726091,0.8213645313282739
0.5705627454755491,0.8212540127606097
0.5707218457674749,0.8211434556542279
0.5708809357271494,0.8210328600143202
0.5710400153333349,0.8209222258460935
0.5711990845647923,0.8208115531547685
0.5713581434002815,0.8207008419455798
0.5715171918185614,0.8205900922237762
0.5716762297983904,0.8204793039946212
0.5718352573185251,0.8203684772633918
0.5719942743577219,0.8202576120353796
0.5721532808947356,0.8201467083158902
0.5723122769083206,0.8200357661102434
0.5724712623772302,0.8199247854237731
0.5726302372802167,0.8198137662618277
0.5727892015960315,0.8197027086297695
0.5729481553034254,0.8195916125329747
0.5731070983811479,0.8194804779768347
0.573266030807948,0.8193693049667536
0.5734249525625735,0.819258093508151
0.5735838636237719,0.81914684360646
0.5737427639702893,0.8190355552671281
0.5739016535808713,0.8189242284956171
0.5740605324342627,0.8188128632974025
0.5742194005092075,0.8187014596779748
0.5743782577844487,0.8185900176428378
0.5745371042387288,0.8184785371975102
0.5746959398507897,0.8183670183475245
0.5748547645993721,0.8182554610984276
0.5750135784632164,0.8181438654557806
0.5751723814210621,0.8180322314251587
0.5753311734516477,0.8179205590121512
0.5754899545337119,0.8178088482223619
0.5756487246459917,0.8176970990614086
0.575807483767224,0.8175853115349234
0.5759662318761453,0.8174734856485527
0.5761249689514907,0.8173616214079565
0.5762836949719952,0.8172497188188101
0.5764424099163933,0.8171377778868023
0.5766011137634184,0.8170257986176357
0.5767598064918038,0.8169137810170282
0.576918488080282,0.816801725090711
0.577077158507585,0.8166896308444302
0.5772358177524443,0.8165774982839455
0.5773944657935904,0.8164653274150312
0.5775531026097541,0.8163531182434759
0.5777117281796653,0.8162408707750822
0.5778703424820532,0.8161285850156668
0.5780289454956465,0.8160162609710611
0.5781875371991739,0.8159038986471102
0.5783461175713632,0.8157914980496738
0.5785046865909421,0.8156790591846256
0.5786632442366374,0.8155665820578536
0.578821790487176,0.8154540666752602
0.578980325321284,0.8153415130427619
0.5791388487176872,0.8152289211662893
0.5792973606551112,0.8151162910517874
0.5794558611122809,0.8150036227052153
0.5796143500679213,0.8148909161325467
0.5797728275007566,0.814778171339769
0.5799312933895108,0.8146653883328842
0.5800897477129079,0.8145525671179086
0.580248190449671,0.8144397077008724
0.5804066215785234,0.8143268100878202
0.580565041078188,0.814213874284811
0.5807234489273871,0.8141009002979178
0.5808818451048434,0.8139878881332281
0.5810402295892788,0.8138748377968433
0.5811986023594151,0.8137617492948797
0.5813569633939739,0.8136486226334668
0.5815153126716767,0.8135354578187493
0.5816736501712447,0.8134222548568858
0.5818319758713989,0.813309013754049
0.5819902897508602,0.8131957345164261
0.5821485917883492,0.8130824171502185
0.5823068819625868,0.8129690616616417
0.5824651602522931,0.8128556680569256
0.5826234266361884,0.8127422363423141
0.5827816810929932,0.812628766524066
0.5829399236014273,0.8125152586084534
0.5830981541402112,0.8124017126017637
0.5832563726880643,0.8122881285102977
0.5834145792237069,0.8121745063403709
0.5835727737258587,0.8120608460983127
0.5837309561732397,0.8119471477904675
0.5838891265445696,0.8118334114231932
0.5840472848185683,0.8117196370028621
0.5842054309739557,0.811605824535861
0.5843635649894515,0.8114919740285909
0.5845216868437756,0.8113780854874668
0.584679796515648,0.8112641589189186
0.5848378939837889,0.8111501943293896
0.584995979226918,0.811036191725338
0.5851540522237556,0.8109221511132361
0.5853121129530221,0.8108080724995704
0.5854701613934378,0.8106939558908418
0.585628197523723,0.810579801293565
0.5857862213225984,0.8104656087142696
0.585944232768785,0.8103513781594994
0.5861022318410035,0.8102371096358117
0.5862602185179752,0.8101228031497794
0.586418192778421,0.8100084587079881
0.5865761546010629,0.809894076317039
0.5867341039646224,0.809779655983547
0.5868920408478214,0.809665197714141
0.5870499652293821,0.8095507015154648
0.587207877088027,0.8094361673941761
0.5873657764024787,0.8093215953569468
0.5875236631514601,0.8092069854104632
0.5876815373136947,0.8090923375614261
0.5878393988679058,0.80897765181655
0.5879972477928175,0.8088629281825642
0.5881550840671538,0.8087481666662122
0.5883129076696393,0.8086333672742514
0.5884707185789991,0.808518530013454
0.5886285167739583,0.808403654890606
0.5887863022332426,0.808288741912508
0.5889440749355779,0.8081737910859745
0.5891018348596908,0.8080588024178349
0.5892595819843082,0.8079437759149324
0.5894173162881572,0.8078287115841245
0.5895750377499657,0.8077136094322829
0.589732746348462,0.8075984694662942
0.5898904420623743,0.8074832916930582
0.5900481248704323,0.8073680761194902
0.5902057947513653,0.8072528227525185
0.5903634516839036,0.807137531599087
0.5905210956467779,0.8070222026661528
0.5906787266187192,0.8069068359606878
0.5908363445784596,0.806791431489678
0.590993949504731,0.8066759892601237
0.5911515413762668,0.8065605092790398
0.5913091201718,0.806444991553455
0.5914666858700648,0.8063294360904122
0.5916242384497961,0.8062138428969692
0.5917817778897287,0.8060982119801975
0.5919393041685992,0.8059825433471834
0.5920968172651438,0.805866837005027
0.5922543171581,0.8057510929608428
0.5924118038262054,0.8056353112217596
0.5925692772481989,0.8055194917949207
0.5927267374028197,0.8054036346874832
0.5928841842688078,0.805287739906619
0.593041617824904,0.8051718074595138
0.5931990380498501,0.8050558373533679
0.593356444922388,0.8049398295953961
0.5935138384212608,0.8048237841928265
0.5936712185252124,0.8047077011529028
0.5938285852129874,0.8045915804828819
0.5939859384633311,0.8044754221900355
0.5941432782549899,0.8043592262816495
0.5943006045667106,0.8042429927650239
0.5944579173772415,0.8041267216474732
0.5946152166653309,0.804010412936326
0.5947725024097288,0.8038940666389255
0.5949297745891855,0.8037776827626286
0.5950870331824525,0.8036612613148071
0.5952442781682821,0.8035448023028465
0.5954015095254276,0.8034283057341471
0.595558727232643,0.8033117716161231
0.5957159312686836,0.803195199956203
0.5958731216123054,0.8030785907618299
0.5960302982422656,0.8029619440404606
0.5961874611373221,0.8028452597995668
0.5963446102762341,0.8027285380466341
0.5965017456377614,0.8026117787891623
0.5966588672006654,0.802494982034666
0.5968159749437079,0.8023781477906732
0.5969730688456524,0.802261276064727
0.597130148885263,0.8021443668643841
0.597287215041305,0.8020274201972162
0.5974442672925447,0.8019104360708085
0.59760130561775,0.8017934144927611
0.5977583299956892,0.8016763554706878
0.5979153404051322,0.8015592590122173
0.59807233682485,0.8014421251249919
0.5982293192336143,0.8013249538166687
0.5983862876101989,0.8012077450949189
0.5985432419333777,0.8010904989674276
0.5987001821819267,0.8009732154418948
0.5988571083346224,0.8008558945260342
0.599014020370243,0.8007385362275742
0.599170918267568,0.8006211405542571
0.5993278020053775,0.8005037075138397
0.5994846715624536,0.8003862371140932
0.5996415269175791,0.8002687293628024
0.5997983680495388,0.800151184267767
0.5999551949371179,0.8000336018368008
0.6001120075591035,0.799915982077732
0.6002688058942841,0.7997983249984024
0.6004255899214491,0.7996806306066689
0.6005823596193897,0.7995628989104023
0.6007391149668979,0.7994451299174873
0.6008958559427677,0.7993273236358235
0.6010525825257943,0.7992094800733243
0.6012092946947739,0.7990915992379176
0.6013659924285046,0.7989736811375452
0.6015226757057859,0.7988557257801635
0.6016793445054184,0.7987377331737432
0.6018359988062045,0.7986197033262692
0.601992638586948,0.7985016362457401
0.6021492638264541,0.7983835319401694
0.6023058745035293,0.7982653904175846
0.6024624705969821,0.7981472116860275
0.6026190520856223,0.7980289957535542
0.6027756189482609,0.7979107426282347
0.6029321711637109,0.7977924523181538
0.6030887087107868,0.79767412483141
0.6032452315683043,0.7975557601761164
0.6034017397150814,0.7974373583604001
0.6035582331299368,0.7973189193924026
0.6037147117916918,0.79720044328028
0.6038711756791683,0.7970819300322014
0.6040276247711904,0.7969633796563514
0.6041840590465842,0.7968447921609287
0.6043404784841767,0.7967261675541454
0.6044968830627973,0.7966075058442287
0.6046532727612765,0.7964888070394195
0.6048096475584466,0.7963700711479731
0.6049660074331419,0.7962512981781591
0.6051223523641986,0.7961324881382613
0.6052786823304539,0.7960136410365775
0.6054349973107476,0.7958947568814202
0.6055912972839206,0.7957758356811158
0.605747582228816,0.7956568774440047
0.6059038521242784,0.7955378821784419
0.6060601069491546,0.7954188498927965
0.606216346682293,0.7952997805954521
0.6063725713025435,0.7951806742948057
0.6065287807887585,0.7950615309992692
0.6066849751197919,0.7949423507172689
0.6068411542744996,0.7948231334572448
0.606997318231739,0.794703879227651
0.6071534669703701,0.7945845880369563
0.6073096004692544,0.7944652598936437
0.6074657187072551,0.7943458948062098
0.6076218216632376,0.794226492783166
0.6077779093160698,0.7941070538330378
0.6079339816446205,0.7939875779643648
0.6080900386277612,0.7938680651857006
0.6082460802443652,0.7937485155056135
0.608402106473308,0.7936289289326857
0.6085581172934665,0.7935093054755131
0.6087141126837207,0.7933896451427072
0.6088700926229516,0.793269947942892
0.6090260570900428,0.7931502138847067
0.6091820060638796,0.7930304429768046
0.6093379395233504,0.7929106352278533
0.6094938574473442,0.792790790646534
0.6096497598147532,0.7926709092415424
0.6098056466044715,0.7925509910215888
0.6099615177953949,0.7924310359953969
0.610117373366422,0.7923110441717053
0.6102732132964532,0.7921910155592663
0.6104290375643912,0.7920709501668466
0.6105848461491404,0.7919508480032269
0.6107406390296085,0.7918307090772025
0.6108964161847044,0.7917105333975824
0.6110521775933395,0.7915903209731897
0.6112079232344279,0.7914700718128626
0.6113636530868852,0.7913497859254519
0.6115193671296301,0.791229463319824
0.6116750653415827,0.7911091040048588
0.6118307477016661,0.7909887079894505
0.6119864141888055,0.7908682752825072
0.6121420647819285,0.7907478058929518
0.6122976994599646,0.7906272998297206
0.6124533182018462,0.7905067571017644
0.612608920986508,0.7903861777180484
0.6127645077928867,0.7902655616875517
0.6129200785999217,0.7901449090192673
0.6130756333865546,0.7900242197222025
0.6132311721317298,0.7899034938053792
0.6133866948143938,0.789782731277833
0.6135422014134955,0.7896619321486137
0.6136976919079864,0.7895410964267853
0.6138531662768206,0.7894202241214257
0.6140086244989544,0.7892993152416274
0.6141640665533468,0.7891783697964967
0.6143194924189593,0.7890573877951541
0.6144749020747559,0.7889363692467342
0.6146302954997028,0.7888153141603859
0.6147856726727692,0.7886942225452718
0.6149410335729268,0.7885730944105691
0.61509637817915,0.788451929765469
0.6152517064704152,0.7883307286191767
0.6154070184257019,0.7882094909809116
0.6155623140239922,0.7880882168599072
0.6157175932442708,0.7879669062654108
0.6158728560655248,0.7878455592066845
0.6160281024667441,0.7877241756930039
0.6161833324269215,0.7876027557336591
0.6163385459250522,0.787481299337954
0.6164937429401343,0.7873598065152067
0.6166489234511682,0.7872382772747496
0.6168040874371574,0.7871167116259288
0.6169592348771084,0.7869951095781047
0.6171143657500296,0.7868734711406521
0.617269480034933,0.7867517963229594
0.6174245777108329,0.7866300851344294
0.6175796587567466,0.7865083375844787
0.6177347231516941,0.7863865536825384
0.6178897708746981,0.7862647334380533
0.6180448019047844,0.7861428768604825
0.6181998162209816,0.786020983959299
0.6183548138023209,0.7858990547439899
0.6185097946278367,0.7857770892240569
0.6186647586765658,0.7856550874090146
0.6188197059275486,0.785533049308393
0.6189746363598279,0.7854109749317353
0.6191295499524493,0.7852888642885989
0.6192844466844618,0.7851667173885556
0.6194393265349172,0.7850445342411909
0.6195941894828698,0.7849223148561044
0.6197490355073777,0.7848000592429101
0.6199038645875012,0.7846777674112354
0.6200586767023043,0.7845554393707225
0.6202134718308533,0.784433075131027
0.620368249952218,0.784310674701819
0.620523011045471,0.7841882380927824
0.6206777550896885,0.7840657653136149
0.6208324820639489,0.7839432563740292
0.6209871919473342,0.7838207112837505
0.6211418847189296,0.7836981300525196
0.6212965603578231,0.7835755126900903
0.621451218843106,0.7834528592062308
0.6216058601538725,0.7833301696107231
0.6217604842692203,0.7832074439133636
0.6219150911682501,0.7830846821239623
0.6220696808300656,0.7829618842523437
0.6222242532337738,0.7828390503083454
0.6223788083584852,0.7827161803018206
0.6225333461833131,0.7825932742426344
0.6226878666873741,0.7824703321406677
0.6228423698497881,0.7823473540058147
0.6229968556496785,0.7822243398479835
0.6231513240661716,0.7821012896770962
0.623305775078397,0.7819782035030891
0.6234602086654877,0.7818550813359126
0.6236146248065801,0.7817319231855305
0.6237690234808139,0.7816087290619211
0.6239234046673319,0.7814854989750768
0.6240777683452805,0.7813622329350034
0.6242321144938093,0.7812389309517208
0.6243864430920714,0.7811155930352636
0.624540754119223,0.7809922191956794
0.6246950475544242,0.7808688094430303
0.6248493233768381,0.7807453637873922
0.6250035815656313,0.7806218822388552
0.6251578220999738,0.780498364807523
0.6253120449590394,0.7803748115035135
0.625466250122005,0.7802512223369583
0.6256204375680509,0.7801275973180032
0.6257746072763611,0.7800039364568079
0.6259287592261233,0.7798802397635459
0.6260828933965283,0.7797565072484046
0.6262370097667708,0.7796327389215859
0.6263911083160484,0.7795089347933047
0.6265451890235632,0.7793850948737906
0.6266992518685202,0.7792612191732866
0.626853296830128,0.7791373077020501
0.6270073238875994,0.7790133604703523
0.6271613330201501,0.7788893774884779
0.6273153242069995,0.7787653587667257
0.6274692974273712,0.7786413043154089
0.6276232526604919,0.778517214144854
0.6277771898855922,0.7783930882654015
0.6279311090819062,0.7782689266874062
0.6280850102286719,0.7781447294212364
0.6282388933051308,0.7780204964772742
0.6283927582905284,0.7778962278659161
0.6285466051641139,0.7777719235975721
0.6287004339051397,0.7776475836826661
0.6288542444928625,0.7775232081316359
0.6290080369065426,0.7773987969549332
0.6291618111254442,0.7772743501630236
0.6293155671288352,0.7771498677663867
0.6294693048959872,0.7770253497755159
0.6296230244061757,0.7769007962009179
0.6297767256386803,0.7767762070531141
0.6299304085727838,0.7766515823426394
0.6300840731877736,0.7765269220800425
0.6302377194629405,0.7764022262758858
0.6303913473775794,0.776277494940746
0.630544956910989,0.7761527280852133
0.6306985480424718,0.7760279257198918
0.6308521207513347,0.7759030878553994
0.6310056750168878,0.7757782145023677
0.631159210818446,0.7756533056714427
0.6313127281353272,0.7755283613732836
0.6314662269468543,0.7754033816185637
0.6316197072323535,0.7752783664179701
0.6317731689711551,0.7751533157822035
0.6319266121425937,0.7750282297219786
0.6320800367260075,0.774903108248024
0.6322334427007394,0.774777951371082
0.6323868300461358,0.7746527591019087
0.6325401987415472,0.7745275314512738
0.6326935487663284,0.7744022684299612
0.6328468800998382,0.774276970048768
0.6330001927214397,0.7741516363185059
0.6331534866104996,0.7740262672499996
0.6333067617463894,0.773900862854088
0.6334600181084844,0.7737754231416234
0.6336132556761641,0.7736499481234725
0.6337664744288121,0.7735244378105154
0.6339196743458162,0.7733988922136456
0.6340728554065688,0.773273311343771
0.6342260175904658,0.7731476952118128
0.6343791608769079,0.7730220438287061
0.6345322852453001,0.7728963572054
0.6346853906750511,0.7727706353528566
0.6348384771455744,0.7726448782820526
0.6349915446362874,0.7725190860039782
0.6351445931266122,0.7723932585296368
0.6352976225959749,0.7722673958700461
0.6354506330238058,0.7721414980362372
0.63560362438954,0.7720155650392553
0.6357565966726166,0.7718895968901588
0.6359095498524792,0.7717635936000201
0.6360624839085758,0.7716375551799256
0.6362153988203585,0.7715114816409747
0.6363682945672843,0.7713853729942811
0.636521171128814,0.7712592292509718
0.6366740284844135,0.7711330504221877
0.6368268666135525,0.7710068365190833
0.6369796854957058,0.770880587552827
0.6371324851103521,0.7707543035346005
0.6372852654369747,0.7706279844755993
0.6374380264550618,0.770501630387033
0.6375907681441055,0.770375241280124
0.6377434904836031,0.7702488171661094
0.6378961934530557,0.7701223580562389
0.6380488770319694,0.7699958639617765
0.638201541199855,0.7698693348939998
0.6383541859362274,0.7697427708642001
0.6385068112206064,0.7696161718836819
0.6386594170325162,0.7694895379637638
0.6388120033514859,0.7693628691157777
0.638964570157049,0.7692361653510693
0.6391171174287437,0.769109426680998
0.6392696451461127,0.7689826531169367
0.6394221532887039,0.7688558446702719
0.6395746418360692,0.7687290013524037
0.6397271107677655,0.768602123174746
0.6398795600633542,0.7684752101487258
0.6400319897024022,0.7683482622857842
0.6401843996644799,0.768221279597376
0.6403367899291633,0.7680942620949687
0.6404891604760331,0.7679672097900445
0.6406415112846745,0.7678401226940986
0.6407938423346774,0.7677130008186397
0.6409461536056369,0.7675858441751902
0.6410984450771525,0.7674586527752861
0.6412507167288289,0.7673314266304769
0.6414029685402756,0.767204165752326
0.6415552004911061,0.7670768701524096
0.6417074125609402,0.7669495398423181
0.6418596047294014,0.7668221748336549
0.6420117769761188,0.7666947751380377
0.6421639292807257,0.7665673407670972
0.6423160616228614,0.7664398717324776
0.6424681739821687,0.7663123680458367
0.6426202663382965,0.7661848297188458
0.6427723386708982,0.7660572567631901
0.6429243909596322,0.7659296491905677
0.6430764231841618,0.7658020070126905
0.6432284353241555,0.7656743302412838
0.6433804273592866,0.7655466188880867
0.6435323992692336,0.7654188729648516
0.6436843510336799,0.765291092483344
0.643836282632314,0.7651632774553435
0.6439881940448293,0.765035427892643
0.6441400852509246,0.7649075438070485
0.6442919562303034,0.7647796252103798
0.6444438069626744,0.76465167211447
0.6445956374277519,0.7645236845311663
0.6447474476052547,0.7643956624723283
0.6448992374749067,0.7642676059498293
0.6450510070164377,0.7641395149755571
0.6452027562095817,0.7640113895614116
0.6453544850340786,0.7638832297193068
0.6455061934696731,0.7637550354611699
0.6456578814961152,0.7636268067989418
0.6458095490931602,0.7634985437445765
0.6459611962405688,0.7633702463100416
0.6461128229181062,0.7632419145073178
0.6462644291055437,0.7631135483483998
0.6464160147826574,0.7629851478452954
0.6465675799292288,0.7628567130100253
0.6467191245250448,0.7627282438546246
0.6468706485498973,0.7625997403911408
0.6470221519835838,0.7624712026316351
0.6471736348059072,0.7623426305881825
0.6473250969966754,0.7622140242728711
0.6474765385357018,0.7620853836978019
0.6476279594028053,0.7619567088750898
0.6477793595778101,0.7618279998168631
0.6479307390405458,0.7616992565352629
0.6480820977708471,0.7615704790424443
0.6482334357485549,0.7614416673505753
0.6483847529535148,0.7613128214718373
0.6485360493655781,0.7611839414184253
0.6486873249646015,0.761055027202547
0.6488385797304472,0.7609260788364242
0.6489898136429832,0.7607970963322914
0.6491410266820825,0.7606680797023968
0.6492922188276238,0.7605390289590017
0.6494433900594913,0.7604099441143806
0.649594540357575,0.7602808251808214
0.6497456697017702,0.7601516721706256
0.6498967780719775,0.7600224850961075
0.6500478654481038,0.7598932639695947
0.6501989318100608,0.7597640088034283
0.6503499771377664,0.7596347196099626
0.6505010014111439,0.7595053964015653
0.6506520046101221,0.7593760391906171
0.6508029867146355,0.759246647989512
0.6509539477046244,0.7591172228106572
0.6511048875600348,0.7589877636664734
0.651255806260818,0.7588582705693941
0.6514067037869316,0.7587287435318665
0.6515575801183381,0.7585991825663507
0.6517084352350063,0.7584695876853201
0.6518592691169109,0.7583399589012614
0.6520100817440317,0.7582102962266741
0.6521608730963548,0.7580805996740716
0.6523116431538719,0.7579508692559801
0.6524623918965803,0.7578211049849386
0.6526131193044833,0.7576913068734998
0.65276382535759,0.7575614749342299
0.6529145100359153,0.7574316091797073
0.6530651733194797,0.7573017096225241
0.6532158151883101,0.7571717762752858
0.6533664356224387,0.7570418091506106
0.6535170346019039,0.7569118082611302
0.6536676121067497,0.7567817736194891
0.6538181681170265,0.7566517052383452
0.65396870261279,0.7565216031303694
0.6541192155741021,0.7563914673082458
0.654269706981031,0.7562612977846717
0.6544201768136502,0.7561310945723572
0.6545706250520394,0.7560008576840257
0.6547210516762845,0.7558705871324138
0.6548714566664773,0.7557402829302712
0.6550218400027152,0.7556099450903602
0.6551722016651024,0.7554795736254571
0.6553225416337483,0.7553491685483505
0.6554728598887687,0.7552187298718422
0.6556231564102857,0.7550882576087473
0.6557734311784271,0.754957751771894
0.6559236841733269,0.7548272123741233
0.6560739153751252,0.7546966394282891
0.6562241247639682,0.754566032947259
0.6563743123200081,0.7544353929439129
0.6565244780234035,0.7543047194311445
0.6566746218543189,0.7541740124218597
0.6568247437929251,0.7540432719289778
0.6569748438193989,0.7539124979654312
0.6571249219139234,0.7537816905441654
0.657274978056688,0.7536508496781388
0.657425012227888,0.7535199753803222
0.6575750244077251,0.7533890676637004
0.6577250145764073,0.7532581265412706
0.6578749827141488,0.753127152026043
0.65802492880117,0.7529961441310408
0.6581748528176975,0.7528651028693003
0.6583247547439645,0.7527340282538706
0.65847463456021,0.7526029202978141
0.6586244922466798,0.7524717790142054
0.6587743277836255,0.7523406044161329
0.6589241411513057,0.7522093965166974
0.6590739323299848,0.7520781553290127
0.6592237012999338,0.7519468808662058
0.6593734480414296,0.751815573141416
0.6595231725347565,0.7516842321677966
0.6596728747602042,0.7515528579585125
0.6598225546980692,0.7514214505267423
0.6599722123286546,0.7512900098856776
0.6601218476322694,0.7511585360485222
0.6602714605892297,0.7510270290284932
0.6604210511798577,0.750895488838821
0.660570619384482,0.7507639154927479
0.6607201651834379,0.7506323090035297
0.660869688557067,0.7505006693844352
0.6610191894857176,0.7503689966487453
0.6611686679497445,0.7502372908097549
0.6613181239295086,0.7501055518807703
0.6614675574053781,0.7499737798751118
0.6616169683577273,0.7498419748061121
0.661766356766937,0.7497101366871166
0.6619157226133948,0.7495782655314837
0.6620650658774949,0.7494463613525844
0.6622143865396379,0.7493144241638026
0.6623636845802311,0.7491824539785351
0.6625129599796888,0.7490504508101916
0.6626622127184314,0.748918414672194
0.6628114427768862,0.7487863455779775
0.6629606501354872,0.74865424354099
0.6631098347746752,0.7485221085746919
0.6632589966748974,0.7483899406925566
0.6634081358166078,0.7482577399080701
0.6635572521802673,0.7481255062347312
0.6637063457463437,0.7479932396860517
0.6638554164953107,0.7478609402755552
0.6640044644076497,0.7477286080167792
0.6641534894638484,0.7475962429232733
0.6643024916444015,0.7474638450085997
0.6644514709298103,0.7473314142863334
0.664600427300583,0.7471989507700627
0.6647493607372346,0.7470664544733875
0.6648982712202871,0.7469339254099212
0.6650471587302691,0.7468013635932894
0.6651960232477161,0.7466687690371306
0.6653448647531707,0.7465361417550962
0.665493683227182,0.7464034817608497
0.6656424786503066,0.7462707890680675
0.6657912510031073,0.7461380636904388
0.6659400002661543,0.7460053056416652
0.6660887264200246,0.745872514935461
0.6662374294453021,0.7457396915855532
0.6663861093225777,0.7456068356056813
0.6665347660324493,0.7454739470095975
0.6666833995555218,0.7453410258110663
0.666832009872407,0.7452080720238651
0.6669805969637236,0.7450750856617839
0.6671291608100979,0.7449420667386254
0.6672777013921625,0.7448090152682042
0.6674262186905575,0.7446759312643482
0.6675747126859298,0.7445428147408973
0.6677231833589337,0.7444096657117046
0.6678716306902303,0.7442764841906351
0.6680200546604879,0.7441432701915666
0.6681684552503817,0.7440100237283894
0.6683168324405945,0.7438767448150065
0.6684651862118158,0.7437434334653332
0.6686135165447424,0.7436100896932971
0.6687618234200784,0.743476713512839
0.6689101068185347,0.7433433049379112
0.6690583667208296,0.7432098639824796
0.669206603107689,0.7430763906605217
0.6693548159598449,0.7429428849860276
0.669503005258038,0.7428093469730005
0.6696511709830151,0.7426757766354553
0.6697993131155306,0.7425421739874197
0.6699474316363461,0.7424085390429338
0.6700955265262306,0.7422748718160502
0.6702435977659604,0.7421411723208337
0.670391645336319,0.7420074405713619
0.670539669218097,0.7418736765817244
0.6706876693920928,0.7417398803660236
0.6708356458391117,0.7416060519383737
0.6709835985399666,0.7414721913129021
0.6711315274754777,0.7413382985037481
0.6712794326264724,0.7412043735250633
0.6714273139737855,0.7410704163910117
0.6715751714982597,0.7409364271157703
0.6717230051807443,0.7408024057135276
0.6718708150020967,0.7406683521984846
0.6720186009431813,0.7405342665848552
0.67216636298487,0.740400148886865
0.6723141011080426,0.7402659991187525
0.6724618152935855,0.7401318172947678
0.6726095055223936,0.7399976034291741
0.6727571717753684,0.7398633575362462
0.6729048140334195,0.7397290796302719
0.6730524322774637,0.7395947697255505
0.6732000264884255,0.7394604278363943
0.6733475966472366,0.7393260539771275
0.6734951427348367,0.7391916481620864
0.673642664732173,0.7390572104056202
0.6737901626202,0.7389227407220896
0.6739376363798798,0.7387882391258682
0.6740850859921823,0.7386537056313413
0.6742325114380852,0.7385191402529068
0.6743799126985731,0.7383845430049745
0.6745272897546392,0.7382499139019668
0.6746746425872833,0.7381152529583179
0.6748219711775137,0.7379805601884745
0.6749692755063463,0.7378458356068955
0.6751165555548041,0.7377110792280519
0.6752638113039182,0.7375762910664267
0.6754110427347276,0.7374414711365154
0.6755582498282785,0.7373066194528252
0.6757054325656253,0.737171736029876
0.6758525909278299,0.7370368208821997
0.6759997248959618,0.7369018740243397
0.6761468344510989,0.7367668954708526
0.6762939195743263,0.7366318852363064
0.6764409802467367,0.7364968433352813
0.6765880164494315,0.7363617697823699
0.6767350281635189,0.7362266645921766
0.6768820153701158,0.736091527779318
0.6770289780503462,0.7359563593584227
0.6771759161853426,0.7358211593441317
0.6773228297562448,0.7356859277510975
0.6774697187442008,0.7355506645939851
0.6776165831303665,0.7354153698874718
0.6777634228959056,0.7352800436462462
0.6779102380219897,0.7351446858850094
0.6780570284897984,0.7350092966184746
0.678203794280519,0.7348738758613668
0.6783505353753472,0.7347384236284229
0.6784972517554864,0.7346029399343923
0.6786439434021475,0.7344674247940359
0.6787906102965504,0.734331878222127
0.6789372524199221,0.7341963002334504
0.6790838697534983,0.7340606908428033
0.6792304622785221,0.7339250500649948
0.679377029976245,0.7337893779148459
0.6795235728279263,0.7336536744071892
0.6796700908148336,0.7335179395568697
0.6798165839182426,0.7333821733787445
0.6799630521194369,0.7332463758876822
0.680109495399708,0.7331105470985632
0.680255913740356,0.7329746870262802
0.6804023071226887,0.7328387956857377
0.6805486755280221,0.732702873091852
0.6806950189376809,0.7325669192595515
0.6808413373329969,0.7324309342037761
0.6809876306953108,0.7322949179394781
0.6811338990059713,0.7321588704816211
0.6812801422463355,0.7320227918451808
0.681426360397768,0.7318866820451448
0.6815725534416426,0.7317505410965127
0.6817187213593406,0.7316143690142956
0.6818648641322517,0.7314781658135162
0.6820109817417738,0.7313419315092099
0.6821570741693133,0.7312056661164231
0.6823031413962846,0.7310693696502143
0.6824491834041105,0.7309330421256536
0.6825952001742224,0.7307966835578235
0.682741191688059,0.7306602939618172
0.6828871579270684,0.7305238733527407
0.6830330988727068,0.730387421745711
0.6831790145064381,0.7302509391558576
0.6833249048097353,0.7301144255983208
0.6834707697640795,0.7299778810882537
0.68361660935096,0.7298413056408202
0.6837624235518744,0.7297046992711962
0.6839082123483295,0.7295680619945698
0.6840539757218393,0.72943139382614
0.6841997136539274,0.729294694781118
0.6843454261261247,0.7291579648747265
0.6844911131199715,0.7290212041222001
0.684636774617016,0.7288844125387848
0.6847824105988151,0.7287475901397381
0.6849280210469341,0.7286107369403299
0.6850736059429468,0.7284738529558409
0.6852191652684354,0.7283369382015638
0.6853646990049909,0.7281999926928028
0.6855102071342126,0.7280630164448741
0.6856556896377082,0.727926009473105
0.685801146497094,0.7277889717928345
0.6859465776939954,0.7276519034194134
0.6860919832100457,0.7275148043682041
0.6862373630268869,0.7273776746545804
0.6863827171261698,0.7272405142939274
0.686528045489554,0.7271033233016425
0.686673348098707,0.7269661016931338
0.6868186249353055,0.7268288494838218
0.6869638759810349,0.7266915666891376
0.6871091012175888,0.7265542533245244
0.6872543006266698,0.726416909405437
0.6873994741899891,0.7262795349473414
0.6875446218892665,0.7261421299657151
0.6876897437062306,0.7260046944760472
0.6878348396226187,0.7258672284938384
0.6879799096201767,0.7257297320346008
0.6881249536806595,0.7255922051138576
0.6882699717858304,0.7254546477471437
0.6884149639174616,0.7253170599500057
0.6885599300573341,0.7251794417380013
0.6887048701872377,0.7250417931266998
0.6888497842889708,0.7249041141316818
0.6889946723443411,0.7247664047685394
0.6891395343351643,0.7246286650528759
0.6892843702432656,0.7244908950003063
0.6894291800504788,0.7243530946264566
0.6895739637386464,0.7242152639469647
0.6897187212896202,0.7240774029774795
0.6898634526852603,0.7239395117336611
0.6900081579074361,0.7238015902311813
0.6901528369380255,0.723663638485723
0.6902974897589157,0.7235256565129806
0.6904421163520027,0.7233876443286598
0.6905867166991914,0.7232496019484773
0.6907312907823953,0.7231115293881616
0.6908758385835374,0.722973426663452
0.6910203600845494,0.7228352937900996
0.691164855267372,0.7226971307838663
0.6913093241139547,0.7225589376605255
0.6914537666062563,0.7224207144358618
0.6915981827262444,0.7222824611256708
0.6917425724558955,0.7221441777457601
0.6918869357771956,0.7220058643119479
0.692031272672139,0.7218675208400634
0.69217558312273,0.7217291473459477
0.692319867110981,0.7215907438454526
0.6924641246189139,0.7214523103544414
0.6926083556285599,0.7213138468887882
0.6927525601219591,0.7211753534643787
0.6928967380811603,0.7210368300971094
0.6930408894882221,0.7208982768028884
0.6931850143252117,0.7207596935976346
0.6933291125742059,0.7206210804972779
0.6934731842172901,0.7204824375177596
0.6936172292365594,0.7203437646750324
0.6937612476141175,0.7202050619850593
0.693905239332078,0.7200663294638152
0.6940492043725629,0.7199275671272857
0.6941931427177039,0.7197887749914674
0.6943370543496421,0.7196499530723685
0.6944809392505272,0.7195111013860075
0.6946247974025186,0.7193722199484145
0.6947686287877847,0.7192333087756306
0.6949124333885033,0.7190943678837076
0.6950562111868615,0.7189553972887087
0.6951999621650555,0.7188163970067082
0.6953436863052911,0.7186773670537908
0.6954873835897829,0.7185383074460527
0.6956310540007554,0.7183992181996011
0.6957746975204422,0.7182600993305539
0.6959183141310858,0.7181209508550405
0.6960619038149387,0.7179817727892004
0.6962054665542625,0.7178425651491848
0.6963490023313281,0.7177033279511557
0.6964925111284157,0.7175640612112856
0.6966359929278152,0.7174247649457586
0.6967794477118257,0.7172854391707691
0.6969228754627556,0.717146083902523
0.6970662761629228,0.7170066991572365
0.6972096497946548,0.716867284951137
0.6973529963402886,0.7167278413004627
0.6974963157821702,0.7165883682214631
0.6976396081026554,0.7164488657303977
0.6977828732841095,0.7163093338435376
0.697926111308907,0.7161697725771642
0.6980693221594325,0.7160301819475702
0.6982125058180794,0.7158905619710589
0.698355662267251,0.7157509126639443
0.6984987914893602,0.7156112340425516
0.698641893466829,0.7154715261232161
0.6987849681820896,0.7153317889222848
0.6989280156175831,0.7151920224561146
0.6990710357557609,0.7150522267410736
0.6992140285790833,0.7149124017935408
0.6993569940700203,0.7147725476299055
0.6994999322110521,0.7146326642665682
0.6996428429846678,0.7144927517199396
0.6997857263733667,0.7143528100064419
0.699928582359657,0.7142128391425072
0.7000714109260574,0.7140728391445786
0.7002142120550958,0.71393281002911
0.7003569857293098,0.713792751812566
0.7004997319312466,0.7136526645114215
0.7006424506434635,0.7135125481421626
0.7007851418485269,0.7133724027212854
0.7009278055290135,0.7132322282652975
0.7010704416675092,0.7130920247907164
0.70121305024661,0.7129517923140704
0.7013556312489215,0.7128115308518984
0.701498184657059,0.71267124042075
0.7016407104536478,0.7125309210371856
0.7017832086213229,0.7123905727177758
0.7019256791427289,0.7122501954791018
0.70206812200052,0.7121097893377557
0.7022105371773611,0.7119693543103397
0.7023529246559259,0.7118288904134666
0.7024952844188985,0.7116883976637604
0.7026376164489728,0.7115478760778547
0.7027799207288523,0.7114073256723943
0.7029221972412506,0.7112667464640341
0.703064445968891,0.7111261384694394
0.7032066668945067,0.7109855017052867
0.7033488600008411,0.7108448361882621
0.7034910252706471,0.7107041419350627
0.7036331626866877,0.7105634189623958
0.7037752722317357,0.7104226672869793
0.7039173538885742,0.7102818869255416
0.7040594076399959,0.7101410778948211
0.7042014334688032,0.7100002402115669
0.704343431357809,0.7098593738925388
0.7044854012898362,0.7097184789545067
0.7046273432477171,0.7095775554142506
0.7047692572142945,0.7094366032885613
0.7049111431724212,0.7092956225942401
0.7050530011049595,0.7091546133480978
0.7051948309947824,0.7090135755669563
0.7053366328247728,0.708872509267648
0.705478406577823,0.7087314144670152
0.7056201522368362,0.7085902911819101
0.7057618697847252,0.7084491394291961
0.7059035592044131,0.7083079592257464
0.7060452204788328,0.7081667505884447
0.7061868535909276,0.7080255135341846
0.7063284585236508,0.7078842480798703
0.7064700352599659,0.7077429542424162
0.706611583782846,0.7076016320387467
0.7067531040752754,0.707460281485797
0.7068945961202475,0.7073189026005118
0.7070360599007666,0.7071774953998464
0.7071774953998464,0.7070360599007666
0.7073189026005118,0.7068945961202475
0.707460281485797,0.7067531040752754
0.7076016320387467,0.706611583782846
0.7077429542424162,0.7064700352599659
0.7078842480798703,0.7063284585236508
0.7080255135341846,0.7061868535909276
0.7081667505884447,0.7060452204788328
0.7083079592257464,0.7059035592044131
0.7084491394291961,0.7057618697847252
0.7085902911819101,0.7056201522368362
0.7087314144670152,0.705478406577823
0.708872509267648,0.7053366328247728
0.7090135755669563,0.7051948309947824
0.7091546133480978,0.7050530011049595
0.7092956225942401,0.7049111431724212
0.7094366032885613,0.7047692572142945
0.7095775554142506,0.7046273432477171
0.7097184789545067,0.7044854012898362
0.7098593738925388,0.704343431357809
0.7100002402115669,0.7042014334688032
0.7101410778948211,0.7040594076399959
0.7102818869255416,0.7039173538885742
0.7104226672869793,0.7037752722317357
0.7105634189623958,0.7036331626866877
0.7107041419350627,0.7034910252706471
0.7108448361882621,0.7033488600008411
0.7109855017052867,0.7032066668945067
0.7111261384694394,0.703064445968891
0.7112667464640341,0.7029221972412506
0.7114073256723943,0.7027799207288523
0.7115478760778547,0.7026376164489728
0.7116883976637604,0.7024952844188985
0.7118288904134666,0.7023529246559259
0.7119693543103397,0.7022105371773611
0.7121097893377557,0.70206812200052
0.7122501954791018,0.7019256791427289
0.7123905727177758,0.7017832086213229
0.7125309210371856,0.7016407104536478
0.71267124042075,0.701498184657059
0.7128115308518984,0.7013556312489215
0.7129517923140704,0.70121305024661
0.7130920247907164,0.7010704416675092
0.7132322282652975,0.7009278055290135
0.7133724027212854,0.7007851418485269
0.7135125481421626,0.7006424506434635
0.7136526645114215,0.7004997319312466
0.713792751812566,0.7003569857293098
0.71393281002911,0.7002142120550958
0.7140728391445786,0.7000714109260574
0.7142128391425072,0.699928582359657
0.7143528100064419,0.6997857263733667
0.7144927517199396,0.6996428429846678
0.7146326642665682,0.6994999322110521
0.7147725476299055,0.6993569940700203
0.7149124017935408,0.6992140285790833
0.7150522267410736,0.6990710357557609
0.7151920224561146,0.6989280156175831
0.7153317889222848,0.6987849681820896
0.7154715261232161,0.698641893466829
0.7156112340425516,0.6984987914893602
0.7157509126639443,0.698355662267251
0.7158905619710589,0.6982125058180794
0.7160301819475702,0.6980693221594325
0.7161697725771642,0.697926111308907
0.7163093338435376,0.6977828732841095
0.7164488657303977,0.6976396081026554
0.7165883682214631,0.6974963157821702
0.7167278413004627,0.6973529963402886
0.716867284951137,0.6972096497946548
0.7170066991572365,0.6970662761629228
0.717146083902523,0.6969228754627556
0.7172854391707691,0.6967794477118257
0.7174247649457586,0.6966359929278152
0.7175640612112856,0.6964925111284157
0.7177033279511557,0.6963490023313281
0.7178425651491848,0.6962054665542625
0.7179817727892004,0.6960619038149387
0.7181209508550405,0.6959183141310858
0.7182600993305539,0.6957746975204422
0.7183992181996011,0.6956310540007554
0.7185383074460527,0.6954873835897829
0.7186773670537908,0.6953436863052911
0.7188163970067082,0.6951999621650555
0.7189553972887087,0.6950562111868615
0.7190943678837076,0.6949124333885033
0.7192333087756306,0.6947686287877847
0.7193722199484145,0.6946247974025186
0.7195111013860075,0.6944809392505272
0.7196499530723685,0.6943370543496421
0.7197887749914674,0.6941931427177039
0.7199275671272857,0.6940492043725629
0.7200663294638152,0.693905239332078
0.7202050619850593,0.6937612476141175
0.7203437646750324,0.6936172292365594
0.7204824375177596,0.6934731842172901
0.7206210804972779,0.6933291125742059
0.7207596935976346,0.6931850143252117
0.7208982768028884,0.6930408894882221
0.7210368300971094,0.6928967380811603
0.7211753534643787,0.6927525601219591
0.7213138468887882,0.6926083556285599
0.7214523103544414,0.6924641246189139
0.7215907438454526,0.692319867110981
0.7217291473459477,0.69217558312273
0.7218675208400634,0.692031272672139
0.7220058643119479,0.6918869357771956
0.7221441777457601,0.6917425724558955
0.7222824611256708,0.6915981827262444
0.7224207144358618,0.6914537666062563
0.7225589376605255,0.6913093241139547
0.7226971307838663,0.691164855267372
0.7228352937900996,0.6910203600845494
0.722973426663452,0.6908758385835374
0.7231115293881616,0.6907312907823953
0.7232496019484773,0.6905867166991914
0.7233876443286598,0.6904421163520027
0.7235256565129806,0.6902974897589157
0.723663638485723,0.6901528369380255
0.7238015902311813,0.6900081579074361
0.7239395117336611,0.6898634526852603
0.7240774029774795,0.6897187212896202
0.7242152639469647,0.6895739637386464
0.7243530946264566,0.6894291800504788
0.7244908950003063,0.6892843702432656
0.7246286650528759,0.6891395343351643
0.7247664047685394,0.6889946723443411
0.7249041141316818,0.6888497842889708
0.7250417931266998,0.6887048701872377
0.7251794417380013,0.6885599300573341
0.7253170599500057,0.6884149639174616
0.7254546477471437,0.6882699717858304
0.7255922051138576,0.6881249536806595
0.7257297320346008,0.6879799096201767
0.7258672284938384,0.6878348396226187
0.7260046944760472,0.6876897437062306
0.7261421299657151,0.6875446218892665
0.7262795349473414,0.6873994741899891
0.726416909405437,0.6872543006266698
0.7265542533245244,0.6871091012175888
0.7266915666891376,0.6869638759810349
0.7268288494838218,0.6868186249353055
0.7269661016931338,0.686673348098707
0.7271033233016425,0.686528045489554
0.7272405142939274,0.6863827171261698
0.7273776746545804,0.6862373630268869
0.7275148043682041,0.6860919832100457
0.7276519034194134,0.6859465776939954
0.7277889717928345,0.685801146497094
0.727926009473105,0.6856556896377082
0.7280630164448741,0.6855102071342126
0.7281999926928028,0.6853646990049909
0.7283369382015638,0.6852191652684354
0.7284738529558409,0.6850736059429468
0.7286107369403299,0.6849280210469341
0.7287475901397381,0.6847824105988151
0.7288844125387848,0.684636774617016
0.7290212041222001,0.6844911131199715
0.7291579648747265,0.6843454261261247
0.729294694781118,0.6841997136539274
0.72943139382614,0.6840539757218393
0.7295680619945698,0.6839082123483295
0.7297046992711962,0.6837624235518744
0.7298413056408202,0.68361660935096
0.7299778810882537,0.6834707697640795
0.7301144255983208,0.6833249048097353
0.7302509391558576,0.6831790145064381
0.730387421745711,0.6830330988727068
0.7305238733527407,0.6828871579270684
0.7306602939618172,0.682741191688059
0.7307966835578235,0.6825952001742224
0.7309330421256536,0.6824491834041105
0.7310693696502143,0.6823031413962846
0.7312056661164231,0.6821570741693133
0.7313419315092099,0.6820109817417738
0.7314781658135162,0.6818648641322517
0.7316143690142956,0.6817187213593406
0.7317505410965127,0.6815725534416426
0.7318866820451448,0.681426360397768
0.7320227918451808,0.6812801422463355
0.7321588704816211,0.6811338990059713
0.7322949179394781,0.6809876306953108
0.7324309342037761,0.6808413373329969
0.7325669192595515,0.6806950189376809
0.732702873091852,0.6805486755280221
0.7328387956857377,0.6804023071226887
0.7329746870262802,0.680255913740356
0.7331105470985632,0.680109495399708
0.7332463758876822,0.6799630521194369
0.7333821733787445,0.6798165839182426
0.7335179395568697,0.6796700908148336
0.7336536744071892,0.6795235728279263
0.7337893779148459,0.679377029976245
0.7339250500649948,0.6792304622785221
0.7340606908428033,0.6790838697534983
0.7341963002334504,0.6789372524199221
0.734331878222127,0.6787906102965504
0.7344674247940359,0.6786439434021475
0.7346029399343923,0.6784972517554864
0.7347384236284229,0.6783505353753472
0.7348738758613668,0.678203794280519
0.7350092966184746,0.6780570284897984
0.7351446858850094,0.6779102380219897
0.7352800436462462,0.6777634228959056
0.7354153698874718,0.6776165831303665
0.7355506645939851,0.6774697187442008
0.7356859277510975,0.6773228297562448
0.7358211593441317,0.6771759161853426
0.7359563593584227,0.6770289780503462
0.736091527779318,0.6768820153701158
0.7362266645921766,0.6767350281635189
0.7363617697823699,0.6765880164494315
0.7364968433352813,0.6764409802467367
0.7366318852363064,0.6762939195743263
0.7367668954708526,0.6761468344510989
0.7369018740243397,0.6759997248959618
0.7370368208821997,0.6758525909278299
0.737171736029876,0.6757054325656253
0.7373066194528252,0.6755582498282785
0.7374414711365154,0.6754110427347276
0.7375762910664267,0.6752638113039182
0.7377110792280519,0.6751165555548041
0.7378458356068955,0.6749692755063463
0.7379805601884745,0.6748219711775137
0.7381152529583179,0.6746746425872833
0.7382499139019668,0.6745272897546392
0.7383845430049745,0.6743799126985731
0.7385191402529068,0.6742325114380852
0.7386537056313413,0.6740850859921823
0.7387882391258682,0.6739376363798798
0.7389227407220896,0.6737901626202
0.7390572104056202,0.673642664732173
0.7391916481620864,0.6734951427348367
0.7393260539771275,0.6733475966472366
0.7394604278363943,0.6732000264884255
0.7395947697255505,0.6730524322774637
0.7397290796302719,0.6729048140334195
0.7398633575362462,0.6727571717753684
0.7399976034291741,0.6726095055223936
0.7401318172947678,0.6724618152935855
0.7402659991187525,0.6723141011080426
0.740400148886865,0.67216636298487
0.7405342665848552,0.6720186009431813
0.7406683521984846,0.6718708150020967
0.7408024057135276,0.6717230051807443
0.7409364271157703,0.6715751714982597
0.7410704163910117,0.6714273139737855
0.7412043735250633,0.6712794326264724
0.7413382985037481,0.6711315274754777
0.7414721913129021,0.6709835985399666
0.7416060519383737,0.6708356458391117
0.7417398803660236,0.6706876693920928
0.7418736765817244,0.670539669218097
0.7420074405713619,0.670391645336319
0.7421411723208337,0.6702435977659604
0.7422748718160502,0.6700955265262306
0.7424085390429338,0.6699474316363461
0.7425421739874197,0.6697993131155306
0.7426757766354553,0.6696511709830151
0.7428093469730005,0.669503005258038
0.7429428849860276,0.6693548159598449
0.7430763906605217,0.669206603107689
0.7432098639824796,0.6690583667208296
0.7433433049379112,0.6689101068185347
0.743476713512839,0.6687618234200784
0.7436100896932971,0.6686135165447424
0.7437434334653332,0.6684651862118158
0.7438767448150065,0.6683168324405945
0.7440100237283894,0.6681684552503817
0.7441432701915666,0.6680200546604879
0.7442764841906351,0.6678716306902303
0.7444096657117046,0.6677231833589337
0.7445428147408973,0.6675747126859298
0.7446759312643482,0.6674262186905575
0.7448090152682042,0.6672777013921625
0.7449420667386254,0.6671291608100979
0.7450750856617839,0.6669805969637236
0.7452080720238651,0.666832009872407
0.7453410258110663,0.6666833995555218
0.7454739470095975,0.6665347660324493
0.7456068356056813,0.6663861093225777
0.7457396915855532,0.6662374294453021
0.745872514935461,0.6660887264200246
0.7460053056416652,0.6659400002661543
0.7461380636904388,0.6657912510031073
0.7462707890680675,0.6656424786503066
0.7464034817608497,0.665493683227182
0.7465361417550962,0.6653448647531707
0.7466687690371306,0.6651960232477161
0.7468013635932894,0.6650471587302691
0.7469339254099212,0.6648982712202871
0.7470664544733875,0.6647493607372346
0.7471989507700627,0.664600427300583
0.7473314142863334,0.6644514709298103
0.7474638450085997,0.6643024916444015
0.7475962429232733,0.6641534894638484
0.7477286080167792,0.6640044644076497
0.7478609402755552,0.6638554164953107
0.7479932396860517,0.6637063457463437
0.7481255062347312,0.6635572521802673
0.7482577399080701,0.6634081358166078
0.7483899406925566,0.6632589966748974
0.7485221085746919,0.6631098347746752
0.74865424354099,0.6629606501354872
0.7487863455779775,0.6628114427768862
0.748918414672194,0.6626622127184314
0.7490504508101916,0.6625129599796888
0.7491824539785351,0.6623636845802311
0.7493144241638026,0.6622143865396379
0.7494463613525844,0.6620650658774949
0.7495782655314837,0.6619157226133948
0.7497101366871166,0.661766356766937
0.7498419748061121,0.6616169683577273
0.7499737798751118,0.6614675574053781
0.7501055518807703,0.6613181239295086
0.7502372908097549,0.6611686679497445
0.7503689966487453,0.6610191894857176
0.7505006693844352,0.660869688557067
0.7506323090035297,0.6607201651834379
0.7507639154927479,0.660570619384482
0.750895488838821,0.6604210511798577
0.7510270290284932,0.6602714605892297
0.7511585360485222,0.6601218476322694
0.7512900098856776,0.6599722123286546
0.7514214505267423,0.6598225546980692
0.7515528579585125,0.6596728747602042
0.7516842321677966,0.6595231725347565
0.751815573141416,0.6593734480414296
0.7519468808662058,0.6592237012999338
0.7520781553290127,0.6590739323299848
0.7522093965166974,0.6589241411513057
0.7523406044161329,0.6587743277836255
0.7524717790142054,0.6586244922466798
0.7526029202978141,0.65847463456021
0.7527340282538706,0.6583247547439645
0.7528651028693003,0.6581748528176975
0.7529961441310408,0.65802492880117
0.753127152026043,0.6578749827141488
0.7532581265412706,0.6577250145764073
0.7533890676637004,0.6575750244077251
0.7535199753803222,0.657425012227888
0.7536508496781388,0.657274978056688
0.7537816905441654,0.6571249219139234
0.7539124979654312,0.6569748438193989
0.7540432719289778,0.6568247437929251
0.7541740124218597,0.6566746218543189
0.7543047194311445,0.6565244780234035
0.7544353929439129,0.6563743123200081
0.754566032947259,0.6562241247639682
0.7546966394282891,0.6560739153751252
0.7548272123741233,0.6559236841733269
0.754957751771894,0.6557734311784271
0.7550882576087473,0.6556231564102857
0.7552187298718422,0.6554728598887687
0.7553491685483505,0.6553225416337483
0.7554795736254571,0.6551722016651024
0.7556099450903602,0.6550218400027152
0.7557402829302712,0.6548714566664773
0.7558705871324138,0.6547210516762845
0.7560008576840257,0.6545706250520394
0.7561310945723572,0.6544201768136502
0.7562612977846717,0.654269706981031
0.7563914673082458,0.6541192155741021
0.7565216031303694,0.65396870261279
0.7566517052383452,0.6538181681170265
0.7567817736194891,0.6536676121067497
0.7569118082611302,0.6535170346019039
0.7570418091506106,0.6533664356224387
0.7571717762752858,0.6532158151883101
0.7573017096225241,0.6530651733194797
0.7574316091797073,0.6529145100359153
0.7575614749342299,0.65276382535759
0.7576913068734998,0.6526131193044833
0.7578211049849386,0.6524623918965803
0.7579508692559801,0.6523116431538719
0.7580805996740716,0.6521608730963548
0.7582102962266741,0.6520100817440317
0.7583399589012614,0.6518592691169109
0.7584695876853201,0.6517084352350063
0.7585991825663507,0.6515575801183381
0.7587287435318665,0.6514067037869316
0.7588582705693941,0.651255806260818
0.7589877636664734,0.6511048875600348
0.7591172228106572,0.6509539477046244
0.759246647989512,0.6508029867146355
0.7593760391906171,0.6506520046101221
0.7595053964015653,0.6505010014111439
0.7596347196099626,0.6503499771377664
0.7597640088034283,0.6501989318100608
0.7598932639695947,0.6500478654481038
0.7600224850961075,0.6498967780719775
0.7601516721706256,0.6497456697017702
0.7602808251808214,0.649594540357575
0.7604099441143806,0.6494433900594913
0.7605390289590017,0.6492922188276238
0.7606680797023968,0.6491410266820825
0.7607970963322914,0.6489898136429832
0.7609260788364242,0.6488385797304472
0.761055027202547,0.6486873249646015
0.7611839414184253,0.6485360493655781
0.7613128214718373,0.6483847529535148
0.7614416673505753,0.6482334357485549
0.7615704790424443,0.6480820977708471
0.7616992565352629,0.6479307390405458
0.7618279998168631,0.6477793595778101
0.7619567088750898,0.6476279594028053
0.7620853836978019,0.6474765385357018
0.7622140242728711,0.6473250969966754
0.7623426305881825,0.6471736348059072
0.7624712026316351,0.6470221519835838
0.7625997403911408,0.6468706485498973
0.7627282438546246,0.6467191245250448
0.7628567130100253,0.6465675799292288
0.7629851478452954,0.6464160147826574
0.7631135483483998,0.6462644291055437
0.7632419145073178,0.6461128229181062
0.7633702463100416,0.6459611962405688
0.7634985437445765,0.6458095490931602
0.7636268067989418,0.6456578814961152
0.7637550354611699,0.6455061934696731
0.7638832297193068,0.6453544850340786
0.7640113895614116,0.6452027562095817
0.7641395149755571,0.6450510070164377
0.7642676059498293,0.6448992374749067
0.7643956624723283,0.6447474476052547
0.7645236845311663,0.6445956374277519
0.76465167211447,0.6444438069626744
0.7647796252103798,0.6442919562303034
0.7649075438070485,0.6441400852509246
0.765035427892643,0.6439881940448293
0.7651632774553435,0.643836282632314
0.765291092483344,0.6436843510336799
0.7654188729648516,0.6435323992692336
0.7655466188880867,0.6433804273592866
0.7656743302412838,0.6432284353241555
0.7658020070126905,0.6430764231841618
0.7659296491905677,0.6429243909596322
0.7660572567631901,0.6427723386708982
0.7661848297188458,0.6426202663382965
0.7663123680458367,0.6424681739821687
0.7664398717324776,0.6423160616228614
0.7665673407670972,0.6421639292807257
0.7666947751380377,0.6420117769761188
0.7668221748336549,0.6418596047294014
0.7669495398423181,0.6417074125609402
0.7670768701524096,0.6415552004911061
0.767204165752326,0.6414029685402756
0.7673314266304769,0.6412507167288289
0.7674586527752861,0.6410984450771525
0.7675858441751902,0.6409461536056369
0.7677130008186397,0.6407938423346774
0.7678401226940986,0.6406415112846745
0.7679672097900445,0.6404891604760331
0.7680942620949687,0.6403367899291633
0.768221279597376,0.6401843996644799
0.7683482622857842,0.6400319897024022
0.7684752101487258,0.6398795600633542
0.768602123174746,0.6397271107677655
0.7687290013524037,0.6395746418360692
0.7688558446702719,0.6394221532887039
0.7689826531169367,0.6392696451461127
0.769109426680998,0.6391171174287437
0.7692361653510693,0.638964570157049
0.7693628691157777,0.6388120033514859
0.7694895379637638,0.6386594170325162
0.7696161718836819,0.6385068112206064
0.7697427708642001,0.6383541859362274
0.7698693348939998,0.638201541199855
0.7699958639617765,0.6380488770319694
0.7701223580562389,0.6378961934530557
0.7702488171661094,0.6377434904836031
0.770375241280124,0.6375907681441055
0.770501630387033,0.6374380264550618
0.7706279844755993,0.6372852654369747
0.7707543035346005,0.6371324851103521
0.770880587552827,0.6369796854957058
0.7710068365190833,0.6368268666135525
0.7711330504221877,0.6366740284844135
0.7712592292509718,0.636521171128814
0.7713853729942811,0.6363682945672843
0.7715114816409747,0.6362153988203585
0.7716375551799256,0.6360624839085758
0.7717635936000201,0.6359095498524792
0.7718895968901588,0.6357565966726166
0.7720155650392553,0.63560362438954
0.7721414980362372,0.6354506330238058
0.7722673958700461,0.6352976225959749
0.7723932585296368,0.6351445931266122
0.7725190860039782,0.6349915446362874
0.7726448782820526,0.6348384771455744
0.7727706353528566,0.6346853906750511
0.7728963572054,0.6345322852453001
0.7730220438287061,0.6343791608769079
0.7731476952118128,0.6342260175904658
0.773273311343771,0.6340728554065688
0.7733988922136456,0.6339196743458162
0.7735244378105154,0.6337664744288121
0.7736499481234725,0.6336132556761641
0.7737754231416234,0.6334600181084844
0.773900862854088,0.6333067617463894
0.7740262672499996,0.6331534866104996
0.7741516363185059,0.6330001927214397
0.774276970048768,0.6328468800998382
0.7744022684299612,0.6326935487663284
0.7745275314512738,0.6325401987415472
0.7746527591019087,0.6323868300461358
0.774777951371082,0.6322334427007394
0.774903108248024,0.6320800367260075
0.7750282297219786,0.6319266121425937
0.7751533157822035,0.6317731689711551
0.7752783664179701,0.6316197072323535
0.7754033816185637,0.6314662269468543
0.7755283613732836,0.6313127281353272
0.7756533056714427,0.631159210818446
0.7757782145023677,0.6310056750168878
0.7759030878553994,0.6308521207513347
0.7760279257198918,0.6306985480424718
0.7761527280852133,0.630544956910989
0.776277494940746,0.6303913473775794
0.7764022262758858,0.6302377194629405
0.7765269220800425,0.6300840731877736
0.7766515823426394,0.6299304085727838
0.7767762070531141,0.6297767256386803
0.7769007962009179,0.6296230244061757
0.7770253497755159,0.6294693048959872
0.7771498677663867,0.6293155671288352
0.7772743501630236,0.6291618111254442
0.7773987969549332,0.6290080369065426
0.7775232081316359,0.6288542444928625
0.7776475836826661,0.6287004339051397
0.7777719235975721,0.6285466051641139
0.7778962278659161,0.6283927582905284
0.7780204964772742,0.6282388933051308
0.7781447294212364,0.6280850102286719
0.7782689266874062,0.6279311090819062
0.7783930882654015,0.6277771898855922
0.778517214144854,0.6276232526604919
0.7786413043154089,0.6274692974273712
0.7787653587667257,0.6273153242069995
0.7788893774884779,0.6271613330201501
0.7790133604703523,0.6270073238875994
0.7791373077020501,0.626853296830128
0.7792612191732866,0.6266992518685202
0.7793850948737906,0.6265451890235632
0.7795089347933047,0.6263911083160484
0.7796327389215859,0.6262370097667708
0.7797565072484046,0.6260828933965283
0.7798802397635459,0.6259287592261233
0.7800039364568079,0.6257746072763611
0.7801275973180032,0.6256204375680509
0.7802512223369583,0.625466250122005
0.7803748115035135,0.6253120449590394
0.780498364807523,0.6251578220999738
0.7806218822388552,0.6250035815656313
0.7807453637873922,0.6248493233768381
0.7808688094430303,0.6246950475544242
0.7809922191956794,0.624540754119223
0.7811155930352636,0.6243864430920714
0.7812389309517208,0.6242321144938093
0.7813622329350034,0.6240777683452805
0.7814854989750768,0.6239234046673319
0.7816087290619211,0.6237690234808139
0.7817319231855305,0.6236146248065801
0.7818550813359126,0.6234602086654877
0.7819782035030891,0.623305775078397
0.7821012896770962,0.6231513240661716
0.7822243398479835,0.6229968556496785
0.7823473540058147,0.6228423698497881
0.7824703321406677,0.6226878666873741
0.7825932742426344,0.6225333461833131
0.7827161803018206,0.6223788083584852
0.7828390503083454,0.6222242532337738
0.7829618842523437,0.6220696808300656
0.7830846821239623,0.6219150911682501
0.7832074439133636,0.6217604842692203
0.7833301696107231,0.6216058601538725
0.7834528592062308,0.621451218843106
0.7835755126900903,0.6212965603578231
0.7836981300525196,0.6211418847189296
0.7838207112837505,0.6209871919473342
0.7839432563740292,0.6208324820639489
0.7840657653136149,0.6206777550896885
0.7841882380927824,0.620523011045471
0.784310674701819,0.620368249952218
0.784433075131027,0.6202134718308533
0.7845554393707225,0.6200586767023043
0.7846777674112354,0.6199038645875012
0.7848000592429101,0.6197490355073777
0.7849223148561044,0.6195941894828698
0.7850445342411909,0.6194393265349172
0.7851667173885556,0.6192844466844618
0.7852888642885989,0.6191295499524493
0.7854109749317353,0.6189746363598279
0.785533049308393,0.6188197059275486
0.7856550874090146,0.6186647586765658
0.7857770892240569,0.6185097946278367
0.7858990547439899,0.6183548138023209
0.786020983959299,0.6181998162209816
0.7861428768604825,0.6180448019047844
0.7862647334380533,0.6178897708746981
0.7863865536825384,0.6177347231516941
0.7865083375844787,0.6175796587567466
0.7866300851344294,0.6174245777108329
0.7867517963229594,0.617269480034933
0.7868734711406521,0.6171143657500296
0.7869951095781047,0.6169592348771084
0.7871167116259288,0.6168040874371574
0.7872382772747496,0.6166489234511682
0.7873598065152067,0.6164937429401343
0.787481299337954,0.6163385459250522
0.7876027557336591,0.6161833324269215
0.7877241756930039,0.6160281024667441
0.7878455592066845,0.6158728560655248
0.7879669062654108,0.6157175932442708
0.7880882168599072,0.6155623140239922
0.7882094909809116,0.6154070184257019
0.7883307286191767,0.6152517064704152
0.788451929765469,0.61509637817915
0.7885730944105691,0.6149410335729268
0.7886942225452718,0.6147856726727692
0.7888153141603859,0.6146302954997028
0.7889363692467342,0.6144749020747559
0.7890573877951541,0.6143194924189593
0.7891783697964967,0.6141640665533468
0.7892993152416274,0.6140086244989544
0.7894202241214257,0.6138531662768206
0.7895410964267853,0.6136976919079864
0.7896619321486137,0.6135422014134955
0.789782731277833,0.6133866948143938
0.7899034938053792,0.6132311721317298
0.7900242197222025,0.6130756333865546
0.7901449090192673,0.6129200785999217
0.7902655616875517,0.6127645077928867
0.7903861777180484,0.612608920986508
0.7905067571017644,0.6124533182018462
0.7906272998297206,0.6122976994599646
0.7907478058929518,0.6121420647819285
0.7908682752825072,0.6119864141888055
0.7909887079894505,0.6118307477016661
0.7911091040048588,0.6116750653415827
0.791229463319824,0.6115193671296301
0.7913497859254519,0.6113636530868852
0.7914700718128626,0.6112079232344279
0.7915903209731897,0.6110521775933395
0.7917105333975824,0.6108964161847044
0.7918307090772025,0.6107406390296085
0.7919508480032269,0.6105848461491404
0.7920709501668466,0.6104290375643912
0.7921910155592663,0.6102732132964532
0.7923110441717053,0.610117373366422
0.7924310359953969,0.6099615177953949
0.7925509910215888,0.6098056466044715
0.7926709092415424,0.6096497598147532
0.792790790646534,0.6094938574473442
0.7929106352278533,0.6093379395233504
0.7930304429768046,0.6091820060638796
0.7931502138847067,0.6090260570900428
0.793269947942892,0.6088700926229516
0.7933896451427072,0.6087141126837207
0.7935093054755131,0.6085581172934665
0.7936289289326857,0.608402106473308
0.7937485155056135,0.6082460802443652
0.7938680651857006,0.6080900386277612
0.7939875779643648,0.6079339816446205
0.7941070538330378,0.6077779093160698
0.794226492783166,0.6076218216632376
0.7943458948062098,0.6074657187072551
0.7944652598936437,0.6073096004692544
0.7945845880369563,0.6071534669703701
0.794703879227651,0.606997318231739
0.7948231334572448,0.6068411542744996
0.7949423507172689,0.6066849751197919
0.7950615309992692,0.6065287807887585
0.7951806742948057,0.6063725713025435
0.7952997805954521,0.606216346682293
0.7954188498927965,0.6060601069491546
0.7955378821784419,0.6059038521242784
0.7956568774440047,0.605747582228816
0.7957758356811158,0.6055912972839206
0.7958947568814202,0.6054349973107476
0.7960136410365775,0.6052786823304539
0.7961324881382613,0.6051223523641986
0.7962512981781591,0.6049660074331419
0.7963700711479731,0.6048096475584466
0.7964888070394195,0.6046532727612765
0.7966075058442287,0.6044968830627973
0.7967261675541454,0.6043404784841767
0.7968447921609287,0.6041840590465842
0.7969633796563514,0.6040276247711904
0.7970819300322014,0.6038711756791683
0.79720044328028,0.6037147117916918
0.7973189193924026,0.6035582331299368
0.7974373583604001,0.6034017397150814
0.7975557601761164,0.6032452315683043
0.79767412483141,0.6030887087107868
0.7977924523181538,0.6029321711637109
0.7979107426282347,0.6027756189482609
0.7980289957535542,0.6026190520856223
0.7981472116860275,0.6024624705969821
0.7982653904175846,0.6023058745035293
0.7983835319401694,0.6021492638264541
0.7985016362457401,0.601992638586948
0.7986197033262692,0.6018359988062045
0.7987377331737432,0.6016793445054184
0.7988557257801635,0.6015226757057859
0.7989736811375452,0.6013659924285046
0.7990915992379176,0.6012092946947739
0.7992094800733243,0.6010525825257943
0.7993273236358235,0.6008958559427677
0.7994451299174873,0.6007391149668979
0.7995628989104023,0.6005823596193897
0.7996806306066689,0.6004255899214491
0.7997983249984024,0.6002688058942841
0.799915982077732,0.6001120075591035
0.8000336018368008,0.5999551949371179
0.800151184267767,0.5997983680495388
0.8002687293628024,0.5996415269175791
0.8003862371140932,0.5994846715624536
0.8005037075138397,0.5993278020053775
0.8006211405542571,0.599170918267568
0.8007385362275742,0.599014020370243
0.8008558945260342,0.5988571083346224
0.8009732154418948,0.5987001821819267
0.8010904989674276,0.5985432419333777
0.8012077450949189,0.5983862876101989
0.8013249538166687,0.5982293192336143
0.8014421251249919,0.59807233682485
0.8015592590122173,0.5979153404051322
0.8016763554706878,0.5977583299956892
0.8017934144927611,0.59760130561775
0.8019104360708085,0.5974442672925447
0.8020274201972162,0.597287215041305
0.8021443668643841,0.597130148885263
0.802261276064727,0.5969730688456524
0.8023781477906732,0.5968159749437079
0.802494982034666,0.5966588672006654
0.8026117787891623,0.5965017456377614
0.8027285380466341,0.5963446102762341
0.8028452597995668,0.5961874611373221
0.8029619440404606,0.5960302982422656
0.8030785907618299,0.5958731216123054
0.803195199956203,0.5957159312686836
0.8033117716161231,0.595558727232643
0.8034283057341471,0.5954015095254276
0.8035448023028465,0.5952442781682821
0.8036612613148071,0.5950870331824525
0.8037776827626286,0.5949297745891855
0.8038940666389255,0.5947725024097288
0.804010412936326,0.5946152166653309
0.8041267216474732,0.5944579173772415
0.8042429927650239,0.5943006045667106
0.8043592262816495,0.5941432782549899
0.8044754221900355,0.5939859384633311
0.8045915804828819,0.5938285852129874
0.8047077011529028,0.5936712185252124
0.8048237841928265,0.5935138384212608
0.8049398295953961,0.593356444922388
0.8050558373533679,0.5931990380498501
0.8051718074595138,0.593041617824904
0.805287739906619,0.5928841842688078
0.8054036346874832,0.5927267374028197
0.8055194917949207,0.5925692772481989
0.8056353112217596,0.5924118038262054
0.8057510929608428,0.5922543171581
0.805866837005027,0.5920968172651438
0.8059825433471834,0.5919393041685992
0.8060982119801975,0.5917817778897287
0.8062138428969692,0.5916242384497961
0.8063294360904122,0.5914666858700648
0.806444991553455,0.5913091201718
0.8065605092790398,0.5911515413762668
0.8066759892601237,0.590993949504731
0.806791431489678,0.5908363445784596
0.8069068359606878,0.5906787266187192
0.8070222026661528,0.5905210956467779
0.807137531599087,0.5903634516839036
0.8072528227525185,0.5902057947513653
0.8073680761194902,0.5900481248704323
0.8074832916930582,0.5898904420623743
0.8075984694662942,0.589732746348462
0.8077136094322829,0.5895750377499657
0.8078287115841245,0.5894173162881572
0.8079437759149324,0.5892595819843082
0.8080588024178349,0.5891018348596908
0.8081737910859745,0.5889440749355779
0.808288741912508,0.5887863022332426
0.808403654890606,0.5886285167739583
0.808518530013454,0.5884707185789991
0.8086333672742514,0.5883129076696393
0.8087481666662122,0.5881550840671538
0.8088629281825642,0.5879972477928175
0.80897765181655,0.5878393988679058
0.8090923375614261,0.5876815373136947
0.8092069854104632,0.5875236631514601
0.8093215953569468,0.5873657764024787
0.8094361673941761,0.587207877088027
0.8095507015154648,0.5870499652293821
0.809665197714141,0.5868920408478214
0.809779655983547,0.5867341039646224
0.809894076317039,0.5865761546010629
0.8100084587079881,0.586418192778421
0.8101228031497794,0.5862602185179752
0.8102371096358117,0.5861022318410035
0.8103513781594994,0.585944232768785
0.8104656087142696,0.5857862213225984
0.810579801293565,0.585628197523723
0.8106939558908418,0.5854701613934378
0.8108080724995704,0.5853121129530221
0.8109221511132361,0.5851540522237556
0.811036191725338,0.584995979226918
0.8111501943293896,0.5848378939837889
0.8112641589189186,0.584679796515648
0.8113780854874668,0.5845216868437756
0.8114919740285909,0.5843635649894515
0.811605824535861,0.5842054309739557
0.8117196370028621,0.5840472848185683
0.8118334114231932,0.5838891265445696
0.8119471477904675,0.5837309561732397
0.8120608460983127,0.5835727737258587
0.8121745063403709,0.5834145792237069
0.8122881285102977,0.5832563726880643
0.8124017126017637,0.5830981541402112
0.8125152586084534,0.5829399236014273
0.812628766524066,0.5827816810929932
0.8127422363423141,0.5826234266361884
0.8128556680569256,0.5824651602522931
0.8129690616616417,0.5823068819625868
0.8130824171502185,0.5821485917883492
0.8131957345164261,0.5819902897508602
0.813309013754049,0.5818319758713989
0.8134222548568858,0.5816736501712447
0.8135354578187493,0.5815153126716767
0.8136486226334668,0.5813569633939739
0.8137617492948797,0.5811986023594151
0.8138748377968433,0.5810402295892788
0.8139878881332281,0.5808818451048434
0.8141009002979178,0.5807234489273871
0.814213874284811,0.580565041078188
0.8143268100878202,0.5804066215785234
0.8144397077008724,0.580248190449671
0.8145525671179086,0.5800897477129079
0.8146653883328842,0.5799312933895108
0.814778171339769,0.5797728275007566
0.8148909161325467,0.5796143500679213
0.8150036227052153,0.5794558611122809
0.8151162910517874,0.5792973606551112
0.8152289211662893,0.5791388487176872
0.8153415130427619,0.578980325321284
0.8154540666752602,0.578821790487176
0.8155665820578536,0.5786632442366374
0.8156790591846256,0.5785046865909421
0.8157914980496738,0.5783461175713632
0.8159038986471102,0.5781875371991739
0.8160162609710611,0.5780289454956465
0.8161285850156668,0.5778703424820532
0.8162408707750822,0.5777117281796653
0.8163531182434759,0.5775531026097541
0.8164653274150312,0.5773944657935904
0.8165774982839455,0.5772358177524443
0.8166896308444302,0.577077158507585
0.816801725090711,0.576918488080282
0.8169137810170282,0.5767598064918038
0.8170257986176357,0.5766011137634184
0.8171377778868023,0.5764424099163933
0.8172497188188101,0.5762836949719952
0.8173616214079565,0.5761249689514907
0.8174734856485527,0.5759662318761453
0.8175853115349234,0.575807483767224
0.8176970990614086,0.5756487246459917
0.8178088482223619,0.5754899545337119
0.8179205590121512,0.5753311734516477
0.8180322314251587,0.5751723814210621
0.8181438654557806,0.5750135784632164
0.8182554610984276,0.5748547645993721
0.8183670183475245,0.5746959398507897
0.8184785371975102,0.5745371042387288
0.8185900176428378,0.5743782577844487
0.8187014596779748,0.5742194005092075
0.8188128632974025,0.5740605324342627
0.8189242284956171,0.5739016535808713
0.8190355552671281,0.5737427639702893
0.81914684360646,0.5735838636237719
0.819258093508151,0.5734249525625735
0.8193693049667536,0.573266030807948
0.8194804779768347,0.5731070983811479
0.8195916125329747,0.5729481553034254
0.8197027086297695,0.5727892015960315
0.8198137662618277,0.5726302372802167
0.8199247854237731,0.5724712623772302
0.8200357661102434,0.5723122769083206
0.8201467083158902,0.5721532808947356
0.8202576120353796,0.5719942743577219
0.8203684772633918,0.5718352573185251
0.8204793039946212,0.5716762297983904
0.8205900922237762,0.5715171918185614
0.8207008419455798,0.5713581434002815
0.8208115531547685,0.5711990845647923
0.8209222258460935,0.5710400153333349
0.8210328600143202,0.5708809357271494
0.8211434556542279,0.5707218457674749
0.8212540127606097,0.5705627454755491
0.8213645313282739,0.5704036348726091
0.8214750113520422,0.570244513979891
0.8215854528267506,0.5700853828186295
0.821695855747249,0.5699262414100584
0.8218062201084021,0.5697670897754104
0.8219165459050883,0.5696079279359171
0.8220268331322,0.569448755912809
0.8221370817846445,0.5692895737273157
0.8222472918573424,0.5691303814006652
0.8223574633452285,0.5689711789540844
0.8224675962432527,0.5688119664087999
0.8225776905463779,0.5686527437860363
0.8226877462495816,0.5684935111070168
0.8227977633478558,0.5683342683929643
0.8229077418362059,0.5681750156650996
0.8230176817096521,0.5680157529446432
0.8231275829632282,0.5678564802528135
0.8232374455919824,0.567697197610828
0.8233472695909775,0.5675379050399033
0.8234570549552893,0.5673786025612543
0.8235668016800087,0.5672192901960945
0.8236765097602403,0.5670599679656365
0.823786179191103,0.5669006358910916
0.8238958099677296,0.5667412939936695
0.8240054020852672,0.5665819422945786
0.824114955538877,0.5664225808150263
0.824224470323734,0.5662632095762181
0.8243339464350281,0.5661038285993588
0.8244433838679623,0.5659444379056514
0.8245527826177546,0.5657850375162973
0.8246621426796364,0.5656256274524971
0.8247714640488535,0.5654662077354495
0.824880746720666,0.5653067783863522
0.8249899906903478,0.565147339426401
0.825099195953187,0.5649878908767906
0.8252083625044859,0.564828432758714
0.8253174903395605,0.5646689650933627
0.8254265794537414,0.5645094879019272
0.8255356298423732,0.564350001205596
0.8256446415008141,0.5641905050255563
0.8257536144244368,0.5640309993829936
0.8258625486086283,0.5638714842990921
0.825971444048789,0.5637119597950342
0.8260803007403339,0.563552425892001
0.8261891186786922,0.563392882611172
0.8262978978593065,0.5632333299737251
0.826406638277634,0.5630737680008363
0.826515339929146,0.5629141967136804
0.8266240028093277,0.5627546161334304
0.8267326269136782,0.5625950262812577
0.8268412122377109,0.5624354271783321
0.8269497587769531,0.5622758188458215
0.8270582665269464,0.5621162013048925
0.8271667354832462,0.5619565745767099
0.827275165641422,0.5617969386824367
0.8273835569970577,0.5616372936432344
0.8274919095457505,0.5614776394802624
0.8276002232831123,0.5613179762146788
0.8277084982047687,0.5611583038676399
0.8278167343063597,0.5609986224602999
0.8279249315835389,0.5608389320138114
0.828033090031974,0.5606792325493256
0.8281412096473473,0.5605195240879915
0.8282492904253541,0.5603598066509564
0.8283573323617048,0.5602000802593659
0.8284653354521233,0.5600403449343636
0.8285732996923472,0.5598806006970913
0.8286812250781288,0.5597208475686892
0.8287891116052338,0.5595610855702953
0.8288969592694426,0.5594013147230459
0.8290047680665488,0.5592415350480755
0.8291125379923605,0.5590817465665164
0.8292202690427001,0.5589219492994995
0.8293279612134031,0.5587621432681533
0.8294356145003199,0.5586023284936046
0.8295432288993142,0.5584425049969781
0.8296508044062644,0.5582826727993969
0.8297583410170623,0.5581228319219818
0.8298658387276137,0.5579629823858516
0.8299732975338389,0.5578031242121235
0.8300807174316718,0.5576432574219122
0.8301880984170603,0.5574833820363309
0.8302954404859663,0.5573234980764902
0.8304027436343654,0.5571636055634989
0.8305100078582481,0.5570037045184641
0.830617233153618,0.5568437949624906
0.8307244195164927,0.5566838769166809
0.8308315669429039,0.5565239504021356
0.8309386754288979,0.5563640154399533
0.831045744970534,0.5562040720512305
0.8311527755638857,0.5560441202570612
0.8312597672050408,0.5558841600785378
0.8313667198901008,0.5557241915367501
0.8314736336151813,0.5555642146527863
0.8315805083764115,0.5554042294477317
0.8316873441699352,0.5552442359426703
0.8317941409919094,0.5550842341586829
0.8319008988385055,0.5549242241168489
0.8320076177059084,0.5547642058382453
0.8321142975903175,0.5546041793439466
0.8322209384879459,0.5544441446550253
0.8323275403950203,0.5542841017925518
0.8324341033077818,0.5541240507775939
0.832540627222485,0.5539639916312171
0.8326471121353989,0.553803924374485
0.8327535580428059,0.5536438490284589
0.8328599649410028,0.5534837656141973
0.8329663328262997,0.5533236741527567
0.8330726616950214,0.5531635746651914
0.8331789515435055,0.553003467172553
0.8332852023681047,0.552843351695891
0.8333914141651848,0.5526832282562528
0.833497586931126,0.5525230968746828
0.8336037206623218,0.5523629575722234
0.8337098153551799,0.5522028103699147
0.833815871006122,0.5520426552887938
0.8339218876115836,0.5518824923498963
0.834027865168014,0.5517223215742545
0.8341338036718763,0.5515621429828987
0.8342397031196477,0.5514019565968569
0.8343455635078191,0.5512417624371541
0.8344513848328953,0.5510815605248132
0.8345571670913948,0.5509213508808545
0.8346629102798505,0.5507611335262957
0.8347686143948084,0.5506009084821525
0.8348742794328289,0.5504406757694373
0.8349799053904858,0.5502804354091604
0.8350854922643675,0.5501201874223297
0.8351910400510753,0.5499599318299501
0.8352965487472248,0.5497996686530241
0.8354020183494456,0.5496393979125519
0.8355074488543809,0.5494791196295307
0.8356128402586877,0.5493188338249553
0.8357181925590368,0.5491585405198179
0.8358235057521133,0.5489982397351081
0.8359287798346152,0.5488379314918125
0.8360340148032551,0.5486776158109156
0.8361392106547592,0.5485172927133987
0.8362443673858673,0.5483569622202409
0.8363494849933332,0.5481966243524182
0.8364545634739244,0.5480362791309044
0.8365596028244224,0.54787592657667
0.8366646030416222,0.547715566710683
0.8367695641223328,0.547555199553909
0.8368744860633769,0.5473948251273105
0.8369793688615909,0.5472344434518472
0.837084212513825,0.5470740545484764
0.8371890170169436,0.5469136584381521
0.8372937823678241,0.546753255141826
0.8373985085633584,0.5465928446804467
0.8375031956004516,0.54643242707496
0.8376078434760231,0.5462720023463092
0.8377124521870055,0.5461115705154342
0.8378170217303453,0.5459511316032727
0.8379215521030033,0.5457906856307589
0.8380260433019533,0.5456302326188246
0.8381304953241832,0.5454697725883986
0.8382349081666947,0.5453093055604067
0.838339281826503,0.5451488315557719
0.8384436163006371,0.5449883505954142
0.83854791158614,0.5448278627002506
0.8386521676800681,0.5446673678911956
0.8387563845794915,0.5445068661891603
0.8388605622814944,0.5443463576150528
0.8389647007831743,0.5441858421897787
0.8390688000816428,0.5440253199342402
0.8391728601740245,0.5438647908693365
0.8392768810574587,0.5437042550159641
0.8393808627290975,0.5435437123950162
0.8394848051861072,0.5433831630273831
0.8395887084256678,0.5432226069339521
0.8396925724449728,0.5430620441356073
0.8397963972412291,0.5429014746532299
0.839900182811658,0.542740898507698
0.840003929153494,0.5425803157198865
0.8401076362639854,0.5424197263106673
0.840211304140394,0.5422591303009092
0.8403149327799954,0.5420985277114777
0.840418522180079,0.5419379185632356
0.8405220723379475,0.5417773028770422
0.8406255832509176,0.5416166806737535
0.8407290549163194,0.5414560519742229
0.8408324873314971,0.5412954167993
0.8409358804938077,0.5411347751698318
0.8410392344006227,0.5409741271066617
0.8411425490493265,0.5408134726306301
0.841245824437318,0.540652811762574
0.8413490605620088,0.5404921445233272
0.8414522574208246,0.5403314709337205
0.841555415011205,0.5401707910145814
0.8416585333306025,0.5400101047867336
0.8417616123764837,0.5398494122709984
0.8418646521463287,0.539688713488193
0.8419676526376313,0.539528008459132
0.8420706138478985,0.5393672972046261
0.8421735357746514,0.539206579745483
0.8422764184154244,0.5390458561025072
0.8423792617677656,0.5388851262964995
0.8424820658292367,0.5387243903482576
0.8425848305974125,0.5385636482785757
0.8426875560698825,0.5384029001082449
0.8427902422442485,0.5382421458580525
0.8428928891181265,0.5380813855487827
0.8429954966891461,0.5379206192012163
0.8430980649549502,0.5377598468361304
0.8432005939131956,0.5375990684742992
0.8433030835615523,0.5374382841364927
0.8434055338977039,0.5372774938434784
0.8435079449193477,0.5371166976160194
0.8436103166241946,0.5369558954748761
0.8437126490099687,0.5367950874408048
0.8438149420744078,0.5366342735345587
0.8439171958152634,0.5364734537768875
0.8440194102303001,0.5363126281885372
0.8441215853172966,0.5361517967902503
0.8442237210740446,0.5359909596027658
0.8443258174983496,0.5358301166468192
0.8444278745880301,0.5356692679431424
0.8445298923409189,0.5355084135124637
0.8446318707548619,0.535347553375508
0.8447338098277181,0.5351866875529964
0.8448357095573608,0.5350258160656465
0.8449375699416759,0.5348649389341721
0.8450393909785634,0.5347040561792836
0.8451411726659368,0.534543167821688
0.8452429150017224,0.534382273882088
0.845344617983861,0.5342213743811832
0.8454462816103057,0.5340604693396692
0.8455479058790237,0.5338995587782382
0.845649490787996,0.5337386427175785
0.8457510363352163,0.5335777211783749
0.8458525425186921,0.5334167941813083
0.8459540093364443,0.5332558617470559
0.8460554367865072,0.5330949238962912
0.8461568248669287,0.5329339806496841
0.8462581735757697,0.5327730320279006
0.8463594829111051,0.532612078051603
0.8464607528710226,0.5324511187414498
0.8465619834536241,0.5322901541180957
0.8466631746570239,0.5321291842021914
0.8467643264793506,0.5319682090143845
0.8468654389187456,0.5318072285753178
0.846966511973364,0.531646242905631
0.8470675456413743,0.53148525202596
0.8471685399209582,0.5313242559569362
0.8472694948103108,0.5311632547191877
0.8473704103076408,0.5310022483333385
0.84747128641117,0.5308412368200089
0.8475721231191334,0.5306802201998152
0.8476729204297803,0.5305191984933698
0.8477736783413721,0.530358171721281
0.8478743968521845,0.5301971399041536
0.8479750759605057,0.5300361030625882
0.8480757156646381,0.5298750612171813
0.8481763159628972,0.5297140143885258
0.8482768768536116,0.5295529625972107
0.848377398335123,0.5293919058638205
0.848477880405787,0.529230844208936
0.8485783230639723,0.5290697776531341
0.8486787263080607,0.5289087062169878
0.8487790901364476,0.5287476299210657
0.8488794145475415,0.5285865487859326
0.8489796995397644,0.5284254628321493
0.8490799451115516,0.5282643720802725
0.8491801512613513,0.528103276550855
0.8492803179876252,0.5279421762644448
0.8493804452888487,0.5277810712415871
0.8494805331635097,0.527619961502822
0.8495805816101101,0.5274588470686856
0.8496805906271646,0.5272977279597104
0.8497805602132013,0.5271366041964244
0.8498804903667616,0.5269754757993514
0.8499803810864002,0.5268143427890114
0.8500802323706846,0.5266532051859198
0.8501800442181966,0.5264920630105885
0.8502798166275298,0.5263309162835245
0.8503795495972921,0.5261697650252308
0.8504792431261042,0.5260086092562066
0.8505788972126004,0.5258474489969467
0.8506785118554276,0.5256862842679415
0.8507780870532464,0.5255251150896773
0.8508776228047304,0.5253639414826361
0.8509771191085667,0.5252027634672959
0.8510765759634548,0.52504158106413
0.8511759933681087,0.5248803942936082
0.8512753713212541,0.5247192031761949
0.851374709821631,0.5245580077323513
0.8514740088679922,0.5243968079825336
0.8515732684591035,0.5242356039471942
0.8516724885937443,0.5240743956467806
0.8517716692707068,0.5239131831017366
0.8518708104887962,0.5237519663325012
0.8519699122468314,0.5235907453595092
0.8520689745436442,0.5234295202031911
0.8521679973780791,0.5232682908839731
0.8522669807489945,0.5231070574222767
0.8523659246552615,0.5229458198385194
0.8524648290957644,0.522784578153114
0.8525636940694005,0.5226233323864691
0.8526625195750804,0.5224620825589888
0.8527613056117278,0.5223008286910729
0.8528600521782794,0.5221395708031162
0.8529587592736853,0.5219783089155101
0.8530574268969079,0.5218170430486405
0.8531560550469237,0.5216557732228894
0.8532546437227216,0.5214944994586341
0.8533531929233041,0.5213332217762476
0.8534517026476862,0.5211719401960984
0.8535501728948963,0.52101065473855
0.8536486036639759,0.5208493654239621
0.8537469949539797,0.5206880722726895
0.8538453467639746,0.5205267753050824
0.8539436590930419,0.5203654745414867
0.854041931940275,0.5202041700022434
0.8541401653047803,0.5200428617076892
0.8542383591856776,0.519881549678156
0.8543365135821,0.5197202339339717
0.8544346284931928,0.5195589144954587
0.8545327039181153,0.5193975913829355
0.8546307398560388,0.5192362646167155
0.8547287363061482,0.5190749342171079
0.8548266932676416,0.5189136002044169
0.8549246107397295,0.5187522625989424
0.8550224887216358,0.5185909214209793
0.8551203272125972,0.518429576690818
0.8552181262118637,0.5182682284287442
0.8553158857186977,0.518106876655039
0.855413605732375,0.5179455213899785
0.8555112862521845,0.5177841626538346
0.8556089272774279,0.517622800466874
0.8557065288074192,0.5174614348493589
0.8558040908414866,0.5173000658215469
0.8559016133789701,0.5171386934036903
0.8559990964192233,0.5169773176160372
0.8560965399616128,0.5168159384788309
0.8561939440055176,0.5166545560123096
0.8562913085503298,0.5164931702367068
0.8563886335954548,0.5163317811722515
0.8564859191403105,0.5161703888391677
0.8565831651843278,0.5160089932576745
0.8566803717269506,0.5158475944479859
0.8567775387676355,0.5156861924303119
0.8568746663058524,0.515524787224857
0.8569717543410836,0.5153633788518208
0.8570688028728246,0.5152019673313984
0.8571658119005836,0.51504055268378
0.8572627814238815,0.5148791349291505
0.8573597114422526,0.5147177140876904
0.8574566019552436,0.5145562901795749
0.8575534529624143,0.5143948632249746
0.8576502644633371,0.514233433244055
0.8577470364575974,0.5140720002569766
0.8578437689447935,0.5139105642838951
0.8579404619245365,0.5137491253449615
0.85803711539645,0.5135876834603212
0.858133729360171,0.513426238650115
0.8582303038153487,0.513264790934479
0.8583268387616455,0.5131033403335435
0.8584233341987365,0.5129418868674348
0.8585197901263096,0.5127804305562735
0.8586162065440656,0.5126189714201752
0.8587125834517179,0.512457509479251
0.8588089208489924,0.5122960447536062
0.8589052187356288,0.5121345772633419
0.8590014771113782,0.5119731070285533
0.8590976959760054,0.5118116340693311
0.8591938753292879,0.5116501584057608
0.8592900151710156,0.5114886800579227
0.8593861155009911,0.511327199045892
0.8594821763190301,0.511165715389739
0.859578197624961,0.5110042291095287
0.8596741794186245,0.5108427402253211
0.8597701216998743,0.5106812487571707
0.8598660244685772,0.5105197547251276
0.8599618877246119,0.5103582581492359
0.8600577114678705,0.5101967590495351
0.8601534956982574,0.5100352574460593
0.86024924041569,0.5098737533588376
0.8603449456200977,0.5097122468078935
0.8604406113114237,0.509550737813246
0.860536237489623,0.5093892263949081
0.8606318241546637,0.5092277125728883
0.860727371306526,0.5090661963671893
0.8608228789452034,0.5089046777978089
0.8609183470707019,0.5087431568847393
0.8610137756830399,0.508581633647968
0.8611091647822484,0.5084201081074767
0.8612045143683718,0.5082585802832423
0.8612998244414659,0.5080970501952359
0.8613950950016002,0.5079355178634237
0.861490326048856,0.5077739833077664
0.8615855175833278,0.5076124465482194
0.8616806696051227,0.507450907604733
0.86177578211436,0.507289366497252
0.8618708551111717,0.5071278232457156
0.8619658885957026,0.5069662778700582
0.8620608825681096,0.5068047303902083
0.8621558370285631,0.5066431808260895
0.8622507519772452,0.5064816291976197
0.8623456274143508,0.5063200755247117
0.8624404633400875,0.5061585198272723
0.8625352597546753,0.5059969621252037
0.8626300166583467,0.5058354024384023
0.8627247340513471,0.5056738407867588
0.8628194119339341,0.5055122771901589
0.8629140503063779,0.5053507116684829
0.8630086491689608,0.5051891442416051
0.8631032085219787,0.505027574929395
0.8631977283657392,0.5048660037517161
0.863292208700562,0.5047044307284267
0.8633866495267803,0.5045428558793797
0.8634810508447393,0.5043812792244223
0.8635754126547968,0.5042197007833962
0.8636697349573226,0.5040581205761376
0.8637640177526996,0.5038965386224775
0.863858261041323,0.5037349549422407
0.8639524648236003,0.5035733695552472
0.8640466290999516,0.5034117824813108
0.8641407538708092,0.5032501937402403
0.8642348391366184,0.5030886033518385
0.8643288848978361,0.5029270113359028
0.8644228911549322,0.5027654177122249
0.8645168579083892,0.5026038225005913
0.8646107851587015,0.5024422257207825
0.8647046729063762,0.5022806273925733
0.8647985211519325,0.5021190275357332
0.8648923298959026,0.501957426170026
0.8649860991388306,0.5017958233152097
0.8650798288812729,0.5016342189910368
0.8651735191237989,0.5014726132172541
0.8652671698669895,0.5013110060136026
0.8653607811114389,0.5011493973998178
0.8654543528577526,0.5009877873956294
0.8655478851065497,0.5008261760207617
0.8656413778584606,0.5006645632949329
0.8657348311141285,0.5005029492378555
0.8658282448742088,0.5003413338692366
0.8659216191393695,0.5001797172087775
0.8660149539102905,0.5000180992761735
0.8661082491876645,0.4998564800911142
0.8662015049721958,0.49969485967328375
0.866294721264602,0.49953323804236044
0.8663878980656121,0.49937161521801643
0.8664810353759677,0.4992099912199183
0.866574133196423,0.49904836606772723
0.8666671915277439,0.49888673978109804
0.8667602103707088,0.49872511237968
0.8668531897261089,0.4985634838831165
0.8669461295947469,0.4984018543110452
0.867039029977438,0.4982402236830979
0.8671318908750097,0.49807859201890026
0.867224712288302,0.4979169593380726
0.8673174942181665,0.49775532566022906
0.8674102366654676,0.4975936910049779
0.8675029396310817,0.49743205539192165
0.8675956031158973,0.49727041884065665
0.8676882271208156,0.49710878137077397
0.8677808116467493,0.49694714300185816
0.8678733566946236,0.496785503753488
0.8679658622653761,0.49662386364523636
0.8680583283599563,0.4964622226966705
0.868150754979326,0.49630058092735124
0.8682431421244592,0.4961389383568338
0.868335489796342,0.49597729500466736
0.8684277979959727,0.4958156508903951
0.8685200667243616,0.49565400603355414
0.8686122959825313,0.49549236045367584
0.8687044857715166,0.49533071417028524
0.8687966360923643,0.4951690672029019
0.8688887469461332,0.49500741957103883
0.8689808183338945,0.4948457712942033
0.8690728502567314,0.49468412239189646
0.8691648427157392,0.49452247288361373
0.8692567957120251,0.4943608227888439
0.8693487092467087,0.49419917212707015
0.8694405833209216,0.49403752091776953
0.8695324179358074,0.4938758691804131
0.8696242130925217,0.4937142169344655
0.8697159687922322,0.49355256419938565
0.8698076850361193,0.49339091099462623
0.8698993618253742,0.49322925733963385
0.8699909991612012,0.493067603253849
0.8700825970448158,0.49290594875670596
0.8701741554774467,0.4927442938676331
0.8702656744603334,0.49258263860605245
0.8703571539947281,0.49242098299138
0.870448594081895,0.4922593270430256
0.8705399947231098,0.4920976707803928
0.8706313559196609,0.49193601422287925
0.870722677672848,0.4917743573898761
0.8708139599839834,0.4916127003007686
0.870905202854391,0.49145104297493564
0.8709964062854069,0.49128938543174994
0.8710875702783787,0.49112772769057794
0.8711786948346667,0.4909660697707801
0.8712697799556427,0.4908044116917106
0.8713608256426901,0.49064275347271696
0.8714518318972051,0.490481095133141
0.8715427987205953,0.490319436692318
0.8716337261142799,0.49015777816957706
0.8717246140796909,0.4899961195842412
0.8718154626182714,0.4898344609556267
0.8719062717314768,0.489672802303044
0.8719970414207746,0.4895111436457971
0.8720877716876433,0.4893494850031835
0.8721784625335745,0.4891878263944947
0.8722691139600708,0.48902616783901576
0.8723597259686469,0.4888645093560254
0.8724502985608293,0.488702850964796
0.8725408317381569,0.4885411926845937
0.8726313255021798,0.4883795345346781
0.8727217798544601,0.4882178765343026
0.8728121947965716,0.4880562187027141
0.8729025703301004,0.48789456105915346
0.8729929064566441,0.4877329036228546
0.8730832031778124,0.4875712464130458
0.8731734604952259,0.487409589448948
0.8732636784105183,0.4872479327497766
0.8733538569253343,0.4870862763347401
0.8734439960413304,0.4869246202230407
0.8735340957601752,0.4867629644338743
0.8736241560835488,0.4866013089864301
0.8737141770131434,0.4864396538998911
0.8738041585506624,0.4862779991934337
0.8738941006978214,0.4861163448862278
0.8739840034563479,0.4859546909974371
0.8740738668279806,0.48579303754621855
0.8741636908144703,0.48563138455172267
0.8742534754175795,0.48546973203309357
0.8743432206390823,0.4853080800094689
0.8744329264807646,0.48514642849997947
0.874522592944424,0.48498477752375
0.8746122200318697,0.4848231270998985
0.8747018077449228,0.4846614772475365
0.8747913560854157,0.4844998279857687
0.874880865055193,0.48433817933369366
0.8749703346561106,0.4841765313104033
0.875059764890036,0.48401488393498265
0.8751491557588489,0.4838532372265106
0.87523850726444,0.4836915912040593
0.875327819408712,0.4835299458866942
0.875417092193579,0.48336830129347413
0.8755063256209671,0.4832066574434516
0.8755955196928137,0.4830450143556723
0.8756846744110678,0.4828833720491753
0.8757737897776903,0.4827217305429931
0.8758628657946534,0.4825600898561515
0.8759519024639412,0.4823984500076698
0.8760408997875487,0.4822368110165604
0.8761298577674838,0.48207517290182944
0.8762187764057645,0.4819135356824759
0.876307655704421,0.48175189937749247
0.8763964956654956,0.4815902640058651
0.8764852962910412,0.4814286295865729
0.8765740575831229,0.48126699613858825
0.8766627795438169,0.48110536368087714
0.8767514621752113,0.48094373223239867
0.8768401054794053,0.480782101812105
0.8769287094585102,0.4806204724389419
0.8770172741146484,0.48045884413184836
0.8771057994499538,0.48029721690975646
0.8771942854665717,0.4801355907915915
0.8772827321666594,0.4799739657962722
0.8773711395523853,0.4798123419427107
0.8774595076259293,0.4796507192498119
0.8775478363894825,0.4794890977364742
0.877636125845248,0.479327477421589
0.8777243759954401,0.4791658583240413
0.8778125868422845,0.479004240462709
0.8779007583880184,0.4788426238564632
0.8779888906348902,0.47868100852416823
0.8780769835851601,0.47851939448468167
0.8781650372410995,0.47835778175685423
0.8782530516049915,0.4781961703595296
0.8783410266791299,0.478034560311545
0.8784289624658205,0.4778729516317304
0.8785168589673805,0.4777113443389091
0.8786047161861381,0.4775497384518975
0.8786925341244332,0.4773881339895053
0.8787803127846168,0.47722653097053497
0.8788680521690516,0.4770649294137824
0.8789557522801114,0.47690332933803636
0.8790434131201813,0.4767417307620789
0.8791310346916578,0.47658013370468494
0.8792186169969487,0.4764185381846227
0.8793061600384735,0.4762569442206533
0.8793936638186625,0.4760953518315312
0.8794811283399573,0.47593376103600343
0.8795685536048113,0.47577217185281057
0.8796559396156888,0.4756105843006859
0.8797432863750653,0.475448998398356
0.8798305938854278,0.4752874141645403
0.8799178621492748,0.4751258316179513
0.8800050911691155,0.4749642507772944
0.8800922809474708,0.4748026716612683
0.8801794314868725,0.47464109428856444
0.8802665427898639,0.4744795186778673
0.8803536148589997,0.47431794484785433
0.880440647696845,0.47415637281719614
0.8805276413059773,0.4739948026045561
0.8806145956889845,0.47383323422859064
0.8807015108484658,0.47367166770794905
0.8807883867870319,0.4735101030612738
0.8808752235073042,0.47334854030719986
0.8809620210119159,0.4731869794643558
0.881048779303511,0.4730254205513624
0.8811354983847445,0.4728638635868338
0.8812221782582831,0.4727023085893771
0.8813088189268041,0.472540755577592
0.8813954203929963,0.47237920457007126
0.8814819826595596,0.4722176555854007
0.8815685057292045,0.4720561086421585
0.8816549896046536,0.4718945637589164
0.88174143428864,0.4717330209542386
0.8818278397839077,0.47157148024668216
0.8819142060932122,0.47140994165479716
0.88200053321932,0.4712484051971264
0.8820868211650089,0.4710868708922056
0.8821730699330673,0.4709253387585633
0.8822592795262949,0.47076380881472085
0.8823454499475026,0.4706022810791925
0.8824315811995121,0.47044075557048504
0.8825176732851564,0.4702792323070985
0.8826037262072793,0.4701177113075254
0.882689739968736,0.4699561925902512
0.8827757145723922,0.46979467617375387
0.8828616500211252,0.4696331620765047
0.8829475463178225,0.4694716503169672
0.8830334034653835,0.4693101409135979
0.8831192214667183,0.4691486338848462
0.8832050003247476,0.4689871292491539
0.8832907400424034,0.46882562702495595
0.8833764406226289,0.4686641272306799
0.8834621020683778,0.4685026298847458
0.8835477243826151,0.46834113500556673
0.8836333075683165,0.4681796426115483
0.8837188516284687,0.468018152721089
0.8838043565660695,0.46785666535257975
0.8838898223841277,0.4676951805244046
0.8839752490856624,0.46753369825493973
0.8840606366737045,0.4673722185625547
0.884145985151295,0.467210741465611
0.8842312945214865,0.46704926698246335
0.8843165647873418,0.4668877951314588
0.8844017959519352,0.46672632593093727
0.8844869880183516,0.46656485939923126
0.8845721409896865,0.466403395554666
0.8846572548690467,0.466241934415559
0.8847423296595497,0.46608047600022084
0.884827365364324,0.46591902032695476
0.8849123619865084,0.46575756741405605
0.8849973195292529,0.46559611727981304
0.8850822379957186,0.4654346699425067
0.885167117389077,0.4652732254204105
0.8852519577125103,0.46511178373179035
0.8853367589692122,0.4649503448949051
0.8854215211623863,0.46478890892800573
0.8855062442952476,0.4646274758493362
0.8855909283710214,0.4644660456771328
0.8856755733929443,0.4643046184296244
0.8857601793642635,0.46414319412503247
0.8858447462882366,0.4639817727815711
0.8859292741681324,0.4638203544174468
0.8860137630072301,0.4636589390508586
0.8860982128088198,0.46349752669999805
0.8861826235762023,0.4633361173830494
0.886266995312689,0.46317471111818925
0.8863513280216022,0.4630133079235867
0.8864356217062749,0.4628519078174034
0.8865198763700505,0.46269051081779344
0.8866040920162832,0.4625291169429035
0.8866882686483382,0.46236772621087263
0.886772406269591,0.4622063386398324
0.8868565048834279,0.462044954247907
0.8869405644932458,0.4618835730532127
0.8870245851024523,0.46172219507385864
0.8871085667144657,0.4615608203279461
0.8871925093327145,0.4613994488335689
0.8872764129606385,0.4612380806088135
0.8873602776016877,0.4610767156717584
0.8874441032593228,0.46091535404047485
0.887527889937015,0.4607539957330265
0.8876116376382462,0.4605926407674691
0.8876953463665088,0.4604312891618511
0.8877790161253057,0.46026994093421314
0.887862646918151,0.4601085961025887
0.887946238748568,0.4599472546850029
0.8880297916200922,0.459785916699474
0.8881133055362684,0.45962458216401203
0.8881967805006526,0.45946325109661984
0.8882802165168109,0.4593019235152923
0.8883636135883204,0.45914059943801694
0.888446971718768,0.4589792788827732
0.888530290911752,0.4588179618675334
0.8886135711708804,0.4586566484102618
0.8886968124997722,0.4584953385289152
0.8887800149020568,0.45833403224144265
0.8888631783813736,0.45817272956578536
0.8889463029413732,0.45801143051987714
0.8890293885857163,0.4578501351216439
0.8891124353180738,0.45768884338900384
0.8891954431421275,0.4575275553398678
0.8892784120615692,0.4573662709921383
0.8893613420801015,0.4572049903637106
0.8894442332014373,0.457043713472472
0.8895270854292999,0.4568824403363025
0.8896098987674228,0.45672117097307374
0.8896926732195503,0.45655990540064995
0.8897754087894367,0.45639864363688765
0.8898581054808469,0.45623738569963534
0.8899407632975561,0.4560761316067342
0.8900233822433499,0.4559148813760172
0.8901059623220242,0.45575363502530974
0.8901885035373852,0.4555923925724295
0.8902710058932496,0.4554311540351862
0.8903534693934444,0.45526991943138184
0.8904358940418067,0.45510868877881067
0.8905182798421842,0.45494746209525916
0.8906006267984348,0.4547862393985058
0.8906829349144267,0.45462502070632144
0.8907652041940383,0.454463806036469
0.8908474346411583,0.4543025954067037
0.890929626259686,0.4541413888347728
0.8910117790535305,0.45398018633841564
0.8910938930266114,0.453818987935364
0.8911759681828585,0.4536577936433417
0.891258004526212,0.45349660348006443
0.891340002060622,0.4533354174632403
0.8914219607900492,0.4531742356105696
0.8915038807184642,0.4530130579397445
0.8915857618498481,0.4528518844684495
0.891667604188192,0.45269071521436105
0.8917494077374973,0.4525295501951479
0.8918311725017753,0.45236838942847063
0.8919128984850482,0.4522072329319823
0.8919945856913476,0.4520460807233276
0.8920762341247155,0.4518849328201437
0.8921578437892043,0.45172378924005957
0.8922394146888761,0.4515626500006965
0.8923209468278039,0.45140151511966764
0.89240244021007,0.4512403846145783
0.892483894839767,0.4510792585030259
0.8925653107209982,0.45091813680259973
0.8926466878578762,0.45075701953088115
0.8927280262545244,0.4505959067054439
0.8928093259150759,0.45043479834385336
0.8928905868436738,0.45027369446366705
0.8929718090444717,0.45011259508243445
0.8930529925216328,0.4499515002176974
0.8931341372793306,0.4497904098869892
0.8932152433217487,0.4496293241078357
0.8932963106530808,0.4494682428977543
0.8933773392775303,0.44930716627425465
0.8934583291993107,0.44914609425483837
0.8935392804226459,0.448985026856999
0.8936201929517695,0.44882396409822195
0.8937010667909252,0.44866290599598496
0.8937819019443667,0.44850185256775743
0.8938626984163575,0.4483408038310007
0.8939434562111713,0.44817975980316827
0.8940241753330918,0.4480187205017055
0.8941048557864123,0.4478576859440495
0.8941854975754365,0.44769665614762966
0.894266100704478,0.447535631129867
0.89434666517786,0.4473746109081748
0.8944271909999159,0.4472135954999579
0.894507678174989,0.44705258492261335
0.8945881267074324,0.44689157919352984
0.8946685366016092,0.4467305783300882
0.8947489078618924,0.44656958234966115
0.8948292404926649,0.4464085912696131
0.8949095344983194,0.44624760510730044
0.8949897898832587,0.4460866238800717
0.895070006651895,0.4459256476052668
0.8951501848086509,0.4457646763002181
0.8952303243579585,0.4456037099822492
0.8953104253042597,0.44544274866867617
0.8953904876520068,0.4452817923768066
0.8954705114056611,0.44512084112393996
0.8955504965696942,0.4449598949273675
0.8956304431485876,0.4447989538043727
0.8957103511468323,0.4446380177722303
0.8957902205689293,0.44447708684820736
0.8958700514193894,0.44431616104956245
0.8959498437027328,0.44415524039354615
0.8960295974234898,0.44399432489740076
0.8961093125862007,0.44383341457836056
0.896188989195415,0.4436725094536511
0.8962686272556925,0.4435116095404906
0.8963482267716021,0.4433507148560884
0.8964277877477229,0.4431898254176457
0.8965073101886438,0.4430289412423558
0.896586794098963,0.44286806234740356
0.8966662394832887,0.44270718874996556
0.8967456463462385,0.4425463204672102
0.8968250146924404,0.4423854575162979
0.8969043445265309,0.44222459991438035
0.8969836358531574,0.4420637476786015
0.8970628886769761,0.4419029008260966
0.8971421030026534,0.4417420593739931
0.8972212788348648,0.4415812233394097
0.8973004161782961,0.44142039273945727
0.897379515037642,0.44125956759123797
0.8974585754176074,0.44109874791184617
0.8975375973229068,0.4409379337183677
0.8976165807582637,0.4407771250278799
0.897695525728412,0.44061632185745225
0.8977744322380945,0.44045552422414563
0.8978533002920641,0.4402947321450128
0.8979321298950829,0.440133945637098
0.8980109210519228,0.43997316471743736
0.8980896737673651,0.4398123894030586
0.8981683880462008,0.43965161971098105
0.8982470638932304,0.439490855658216
0.8983257013132638,0.4393300972617659
0.8984043003111205,0.4391693445386255
0.8984828608916297,0.43900859750578064
0.8985613830596296,0.43884785618020916
0.8986398668199687,0.4386871205788804
0.8987183121775041,0.4385263907187553
0.8987967191371029,0.4383656666167867
0.8988750877036417,0.43820494828991874
0.8989534178820064,0.43804423575508744
0.8990317096770926,0.4378835290292204
0.8991099630938046,0.4377228281292367
0.8991881781370573,0.4375621330720471
0.8992663548117741,0.43740144387455393
0.8993444931228881,0.43724076055365146
0.8994225930753419,0.437080083126225
0.8995006546740877,0.436919411609152
0.8995786779240867,0.43675874601930104
0.8996566628303097,0.4365980863735326
0.8997346093977366,0.4364374326886986
0.8998125176313573,0.4362767849816427
0.8998903875361703,0.4361161432691997
0.8999682191171843,0.43595550756819657
0.9000460123794164,0.4357948778954514
0.9001237673278938,0.4356342542677741
0.9002014839676529,0.43547363670196587
0.9002791623037388,0.4353130252148197
0.9003568023412069,0.43515241982312003
0.9004344040851211,0.43499182054364277
0.9005119675405552,0.4348312273931555
0.9005894927125917,0.43467064038841724
0.9006669796063229,0.4345100595461786
0.9007444282268499,0.43434948488318154
0.9008218385792837,0.4341889164161598
0.9008992106687439,0.4340283541618385
0.9009765445003596,0.43386779813693416
0.9010538400792695,0.43370724835815505
0.9011310974106208,0.4335467048422006
0.9012083164995707,0.4333861676057621
0.9012854973512848,0.43322563666552205
0.9013626399709389,0.43306511203815473
0.9014397443637172,0.43290459374032547
0.9015168105348131,0.4327440817886914
0.90159383848943,0.4325835761999011
0.9016708282327794,0.43242307699059457
0.9017477797700827,0.4322625841774031
0.9018246931065701,0.43210209777694975
0.9019015682474811,0.43194161780584883
0.9019784051980646,0.4317811442807062
0.902055203963578,0.43162067721811886
0.9021319645492885,0.43146021663467593
0.9022086869604716,0.4312997625469572
0.902285371202413,0.43113931497153435
0.9023620172804065,0.4309788739249703
0.9024386251997555,0.4308184394238195
0.9025151949657725,0.4306580114846278
0.9025917265837787,0.4304975901239323
0.902668220059105,0.4303371753582618
0.9027446753970904,0.4301767672041363
0.9028210926030842,0.4300163656780673
0.9028974716824437,0.4298559707965576
0.9029738126405356,0.42969558257610135
0.9030501154827356,0.4295352010331843
0.9031263802144284,0.4293748261842834
0.9032026068410081,0.42921445804586705
0.9032787953678771,0.4290540966343951
0.9033549458004473,0.4288937419663186
0.9034310581441393,0.42873339405808
0.9035071324043829,0.4285730529261132
0.9035831685866167,0.4284127185868435
0.9036591666962883,0.42825239105668733
0.9037351267388544,0.4280920703520528
0.9038110487197804,0.42793175648933895
0.9038869326445407,0.42777144948493656
0.9039627785186186,0.42761114935522754
0.9040385863475068,0.42745085611658523
0.904114356136706,0.427290569785374
0.9041900878917265,0.42713029037795003
0.9042657816180872,0.42697001791066047
0.9043414373213161,0.4268097523998439
0.9044170550069498,0.4266494938618301
0.904492634680534,0.42648924231294055
0.904568176347623,0.42632899776948746
0.9046436800137801,0.42616876024777467
0.9047191456845778,0.4260085297640973
0.9047945733655967,0.42584830633474174
0.9048699630624265,0.4256880899759856
0.9049453147806661,0.42552788070409797
0.9050206285259228,0.4253676785353389
0.905095904303813,0.42520748348596005
0.9051711421199613,0.42504729557220405
0.9052463419800019,0.4248871148103051
0.9053215038895772,0.42472694121648835
0.9053966278543383,0.42456677480697047
0.9054717138799456,0.4244066155979593
0.9055467619720676,0.4242464636056537
0.9056217721363824,0.4240863188462442
0.9056967443785758,0.4239261813359124
0.9057716787043428,0.423766051090831
0.9058465751193874,0.423605928127164
0.905921433629422,0.4234458124610668
0.9059962542401675,0.42328570410868577
0.9060710369573538,0.42312560308615865
0.9061457817867196,0.42296550940961447
0.906220488734012,0.4228054230951733
0.9062951578049866,0.4226453441589466
0.906369789005408,0.42248527261703694
0.9064443823410495,0.4223252084855381
0.9065189378176928,0.422165151780535
0.906593455441128,0.42200510251810386
0.9066679352171545,0.42184506071431205
0.9067423771515799,0.42168502638521826
0.9068167812502201,0.421524999546872
0.9068911475189003,0.42136498021531443
0.9069654759634537,0.42120496840657756
0.9070397665897222,0.42104496413668463
0.9071140194035567,0.4208849674216502
0.9071882344108163,0.42072497827748
0.9072624116173683,0.42056499672017056
0.9073365510290892,0.42040502276570996
0.9074106526518636,0.42024505643007726
0.9074847164915851,0.4200850977292429
0.907558742554155,0.41992514667916797
0.9076327308454842,0.41976520329580536
0.9077066813714912,0.4196052675950985
0.9077805941381032,0.4194453395929823
0.9078544691512563,0.4192854193053828
0.9079283064168945,0.419125506748217
0.9080021059409706,0.41896560193739324
0.908075867729446,0.41880570488881075
0.9081495917882901,0.41864581561836
0.9082232781234814,0.4184859341419226
0.9082969267410059,0.41832606047537124
0.9083705376468588,0.4181661946345698
0.9084441108470435,0.418006336635373
0.9085176463475716,0.4178464864936269
0.9085911441544636,0.41768664422516877
0.9086646042737478,0.41752680984582663
0.9087380267114614,0.41736698337142
0.9088114114736496,0.41720716481775894
0.9088847585663662,0.41704735420064515
0.908958067995673,0.41688755153587104
0.9090313397676405,0.4167277568392203
0.9091045738883478,0.4165679701264676
0.9091777703638815,0.4164081914133788
0.9092509292003372,0.4162484207157106
0.9093240504038188,0.41608865804921097
0.9093971339804381,0.4159289034296188
0.9094701799363154,0.4157691568726642
0.9095431882775794,0.41560941839406806
0.9096161590103672,0.41544968800954274
0.9096890921408236,0.41528996573479116
0.9097619876751023,0.41513025158550765
0.909834845619365,0.4149705455773775
0.9099076659797813,0.41481084772607685
0.9099804487625299,0.41465115804727304
0.9100531939737968,0.4144914765566245
0.9101259016197769,0.4143318032697806
0.9101985717066728,0.4141721382023816
0.9102712042406959,0.4140124813700589
0.9103437992280651,0.41385283278843515
0.9104163566750079,0.4136931924731236
0.91048887658776,0.4135335604397287
0.9105613589725652,0.4133739367038459
0.9106338038356755,0.4132143212810618
0.9107062111833508,0.4130547141869537
0.9107785810218596,0.4128951154370901
0.9108509133574781,0.4127355250470305
0.9109232081964909,0.4125759430323252
0.9109954655451906,0.4124163694085158
0.911067685409878,0.41225680419113453
0.911139867796862,0.41209724739570486
0.9112120127124594,0.41193769903774125
0.9112841201629954,0.4117781591327489
0.9113561901548028,0.4116186276962241
0.9114282226942233,0.41145910474365427
0.9115002177876056,0.41129959029051755
0.9115721754413073,0.4111400843522831
0.9116440956616936,0.4109805869444112
0.911715978455138,0.4108210980823529
0.9117878238280218,0.4106616177815503
0.9118596317867346,0.4105021460574364
0.9119314023376734,0.4103426829254352
0.9120031354872441,0.41018322840096144
0.9120748312418601,0.41002378249942123
0.9121464896079422,0.4098643452362112
0.9122181105919205,0.40970491662671904
0.9122896942002319,0.4095454966863234
0.9123612404393219,0.40938608543039406
0.9124327493156436,0.40922668287429126
0.9125042208356583,0.40906728903336653
0.9125756550058354,0.4089079039229623
0.9126470518326514,0.4087485275584116
0.9127184113225916,0.4085891599550388
0.9127897334821489,0.40842980112815896
0.9128610183178241,0.408270451093078
0.9129322658361255,0.40811110986509286
0.91300347604357,0.40795177745949124
0.9130746489466819,0.40779245389155194
0.9131457845519936,0.4076331391765445
0.9132168828660452,0.4074738333297294
0.9132879438953845,0.407314536366358
0.9133589676465674,0.40715524830167255
0.9134299541261578,0.40699596915090624
0.9135009033407269,0.406836698929283
0.913571815296854,0.40667743765201775
0.9136426900011265,0.4065181853343163
0.913713527460139,0.40635894199137523
0.9137843276804942,0.4061997076383821
0.9138550906688028,0.4060404822905153
0.9139258164316827,0.405881265962944
0.9139965049757602,0.40572205867082844
0.9140671563076688,0.40556286042931944
0.9141377704340503,0.4054036712535589
0.9142083473615535,0.4052444911586794
0.9142788870968358,0.4050853201598046
0.9143493896465615,0.4049261582720487
0.9144198550174034,0.4047670055105171
0.9144902832160413,0.4046078618903056
0.914560674249163,0.40444872742650134
0.914631028123464,0.40428960213418186
0.9147013448456476,0.40413048602841595
0.9147716244224244,0.4039713791242627
0.914841866860513,0.40381228143677256
0.9149120721666396,0.40365319298098645
0.9149822403475378,0.40349411377193634
0.9150523714099493,0.4033350438246448
0.9151224653606228,0.4031759831541254
0.9151925222063151,0.4030169317753825
0.9152625419537904,0.4028578897034112
0.9153325246098208,0.4026988569531974
0.9154024701811855,0.40253983353971784
0.9154723786746716,0.40238081947794013
0.9155422500970737,0.40222181478282265
0.915612084455194,0.4020628194693145
0.9156818817558423,0.4019038335523556
0.9157516420058358,0.40174485704687674
0.9158213652119993,0.4015858899677995
0.9158910513811654,0.40142693233003607
0.9159607005201738,0.40126798414848974
0.9160303126358718,0.40110904543805426
0.9160998877351144,0.4009501162136144
0.916169425824764,0.4007911964900455
0.9162389269116905,0.4006322862822139
0.9163083910027713,0.40047338560497664
0.9163778181048913,0.40031449447318146
0.9164472082249427,0.4001556129016668
0.9165165613698253,0.39999674090526205
0.9165858775464463,0.3998378784987873
0.9166551567617204,0.39967902569705344
0.9167243990225696,0.39952018251486193
0.9167936043359235,0.3993613489670053
0.916862772708719,0.39920252506826653
0.9169319041479004,0.39904371083341955
0.9170009986604193,0.3988849062772289
0.917070056253235,0.39872611141445
0.9171390769333139,0.39856732625982894
0.9172080607076298,0.3984085508281026
0.9172770075831641,0.39824978513399845
0.9173459175669052,0.39809102919223505
0.9174147906658489,0.3979322830175212
0.9174836268869988,0.3977735466245569
0.9175524262373651,0.39761482002803245
0.917621188723966,0.39745610324262937
0.9176899143538265,0.39729739628301947
0.9177586031339792,0.39713869916386546
0.9178272550714639,0.3969800118998208
0.9178958701733277,0.3968213345055297
0.9179644484466248,0.3966626669956269
0.9180329898984172,0.3965040093847381
0.9181014945357736,0.3963453616874795
0.9181699623657699,0.39618672391845816
0.9182383933954898,0.3960280960922718
0.9183067876320239,0.39586947822350876
0.9183751450824698,0.3957108703267482
0.9184434657539328,0.39555227241655994
0.9185117496535251,0.39539368450750456
0.9185799967883662,0.39523510661413325
0.9186482071655826,0.3950765387509878
0.9187163807923083,0.39491798093260105
0.9187845176756844,0.39475943317349615
0.918852617822859,0.39460089548818705
0.9189206812409874,0.3944423678911786
0.9189887079372319,0.3942838503969659
0.9190566979187624,0.3941253430200352
0.9191246511927559,0.3939668457748632
0.9191925677663958,0.3938083586759173
0.9192604476468732,0.39364988173765547
0.9193282908413865,0.39349141497452667
0.9193960973571406,0.39333295840097005
0.9194638672013479,0.3931745120314159
0.9195316003812278,0.393016075880285
0.9195992969040068,0.3928576499619887
0.9196669567769182,0.39269923429092896
0.919734580007203,0.3925408288814989
0.9198021666021082,0.39238243374808157
0.9198697165688889,0.39222404890505125
0.9199372299148066,0.3920656743667725
0.9200047066471302,0.39190731014760094
0.9200721467731351,0.39174895626188244
0.9201395503001044,0.3915906127239538
0.9202069172353275,0.39143227954814214
0.9202742475861013,0.3912739567487657
0.9203415413597293,0.39111564434013296
0.9204087985635224,0.3909573423365433
0.9204760192047982,0.39079905075228644
0.9205432032908809,0.39064076960164307
0.9206103508291023,0.3904824988988843
0.9206774618268008,0.39032423865827204
0.9207445362913218,0.39016598889405857
0.9208115742300177,0.3900077496204873
0.9208785756502474,0.3898495208517916
0.9209455405593774,0.38969130260219603
0.9210124689647804,0.38953309488591537
0.9210793608738364,0.3893748977171554
0.921146216293932,0.38921671111011213
0.9212130352324611,0.3890585350789726
0.9212798176968242,0.38890036963791413
0.9213465636944286,0.3887422148011049
0.9214132732326882,0.3885840705827034
0.9214799463190244,0.3884259369968592
0.9215465829608648,0.3882678140577119
0.9216131831656442,0.38810970177939225
0.921679746940804,0.38795160017602126
0.9217462742937926,0.38779350926171074
0.9218127652320649,0.38763542905056286
0.921879219763083,0.3874773595566708
0.921945637894315,0.38731930079411786
0.9220120196332371,0.38716125277697844
0.9220783649873306,0.38700321551931693
0.9221446739640851,0.386845189035189
0.9222109465709959,0.3866871733386404
0.9222771828155654,0.3865291684437077
0.9223433827053027,0.3863711743644179
0.9224095462477236,0.38621319111478897
0.9224756734503508,0.38605521870882886
0.9225417643207134,0.38589725716053674
0.9226078188663472,0.38573930648390176
0.9226738370947949,0.3855813666929042
0.9227398190136058,0.3854234378015146
0.9228057646303358,0.3852655198236942
0.9228716739525474,0.38510761277339467
0.92293754698781,0.3849497166645585
0.9230033837436995,0.38479183151111856
0.923069184227798,0.38463395732699834
0.9231349484476954,0.38447609412611194
0.9232006764109867,0.38431824192236397
0.9232663681252745,0.3841604007296497
0.9233320235981679,0.3840025705618549
0.9233976428372823,0.3838447514328558
0.9234632258502399,0.38368694335651954
0.9235287726446693,0.3835291463467034
0.9235942832282055,0.38337136041725545
0.923659757608491,0.3832135855820144
0.9237251957931735,0.38305582185480924
0.9237905977899082,0.3828980692494598
0.9238559636063565,0.3827403277797763
0.9239212932501863,0.3825825974595596
0.923986586729072,0.38242487830260097
0.9240518440506947,0.3822671703226824
0.9241170652227417,0.38210947353357644
0.9241822502529071,0.381951787949046
0.9242473991488913,0.38179411358284476
0.924312511918401,0.3816364504487167
0.9243775885691499,0.38147879856039657
0.9244426291088574,0.38132115793160953
0.92450763354525,0.38116352857607133
0.9245726018860605,0.38100591050748833
0.9246375341390278,0.3808483037395572
0.9247024303118977,0.3806907082859655
0.9247672904124218,0.380533124160391
0.9248321144483587,0.3803755513765021
0.924896902427473,0.3802179899479578
0.9249616543575361,0.38006043988840765
0.9250263702463253,0.3799029012114917
0.9250910501016244,0.37974537393084035
0.925155693931224,0.37958785806007483
0.9252203017429204,0.3794303536128067
0.9252848735445164,0.3792728606026381
0.9253494093438218,0.3791153790431617
0.9254139091486518,0.3789579089479607
0.9254783729668284,0.37880045033060883
0.9255428008061799,0.3786430032046703
0.9256071926745408,0.37848556758369983
0.925671548579752,0.37832814348124266
0.9257358685296606,0.3781707309108347
0.9258001525321199,0.37801332988600217
0.9258644005949896,0.377855940420262
0.9259286127261358,0.37769856252712125
0.9259927889334304,0.37754119622007803
0.9260569292247519,0.3773838415126206
0.9261210336079851,0.3772264984182279
0.9261851020910208,0.37706916695036913
0.9262491346817561,0.37691184712250436
0.9263131313880943,0.3767545389480839
0.9263770922179448,0.3765972424405487
0.9264410171792234,0.37643995761333
0.9265049062798523,0.37628268447984997
0.9265687595277589,0.37612542305352076
0.9266325769308781,0.37596817334774557
0.9266963584971497,0.3758109353759175
0.9267601042345208,0.37565370915142066
0.9268238141509436,0.37549649468762936
0.9268874882543774,0.37533929199790866
0.926951126552787,0.3751821010956138
0.9270147290541431,0.37502492199409077
0.9270782957664231,0.3748677547066759
0.9271418266976105,0.37471059924669614
0.9272053218556944,0.3745534556274688
0.9272687812486703,0.3743963238623018
0.9273322048845398,0.3742392039644935
0.9273955927713105,0.3740820959473328
0.9274589449169962,0.37392499982409905
0.9275222613296161,0.37376791560806194
0.9275855420171965,0.3736108433124819
0.927648786987769,0.37345378295060977
0.9277119962493712,0.3732967345356866
0.9277751698100469,0.3731396980809444
0.9278383076778465,0.3729826735996054
0.9279014098608254,0.3728256611048823
0.9279644763670455,0.3726686606099783
0.9280275072045746,0.3725116721280871
0.9280905023814864,0.3723546956723928
0.9281534619058607,0.37219773125607025
0.9282163857857836,0.37204077889228443
0.928279274029346,0.37188383859419094
0.9283421266446462,0.37172691037493605
0.9284049436397874,0.37156999424765613
0.9284677250228792,0.37141309022547825
0.9285304708020369,0.37125619832152
0.9285931809853817,0.3710993185488893
0.928655855581041,0.37094245092068456
0.9287184945971481,0.3707855954499949
0.9287810980418413,0.37062875214989943
0.9288436659232658,0.37047192103346827
0.9289061982495725,0.3703151021137616
0.9289686950289179,0.3701582954038304
0.9290311562694642,0.37000150091671574
0.9290935819793797,0.36984471866544943
0.9291559721668388,0.3696879486630537
0.9292183268400211,0.3695311909225413
0.9292806460071125,0.36937444545691517
0.9293429296763046,0.3692177122791691
0.9294051778557944,0.36906099140228693
0.9294673905537856,0.3689042828392435
0.9295295677784866,0.3687475866030035
0.9295917095381127,0.36859090270652267
0.9296538158408837,0.36843423116274654
0.9297158866950264,0.3682775719846118
0.9297779221087723,0.36812092518504513
0.9298399220903596,0.36796429077696396
0.9299018866480314,0.3678076687732758
0.9299638157900371,0.367651059186879
0.9300257095246316,0.36749446203066227
0.9300875678600752,0.3673378773175046
0.9301493908046345,0.3671813050602756
0.9302111783665816,0.3670247452718354
0.930272930554194,0.3668681979650343
0.9303346473757552,0.36671166315271336
0.9303963288395541,0.36655514084770385
0.9304579749538856,0.36639863106282783
0.9305195857270498,0.3662421338108974
0.930581161167353,0.3660856491047154
0.9306427012831067,0.36592917695707494
0.930704206082628,0.3657727173807598
0.9307656755742398,0.36561627038854383
0.9308271097662708,0.3654598359931919
0.9308885086670552,0.36530341420745877
0.9309498722849321,0.3651470050440899
0.9310112006282473,0.36499060851582127
0.9310724937053514,0.36483422463537923
0.9311337515246011,0.3646778534154805
0.9311949740943578,0.36452149486883223
0.9312561614229898,0.3643651490081324
0.9313173135188696,0.3642088158460688
0.931378430390376,0.36405249539532014
0.9314395120458931,0.36389618766855547
0.9315005584938106,0.36373989267843415
0.9315615697425238,0.3635836104376063
0.931622545800433,0.36342734095871193
0.9316834866759449,0.36327108425438215
0.9317443923774708,0.36311484033723807
0.9318052629134279,0.36295860921989137
0.9318660982922387,0.36280239091494404
0.9319268985223315,0.3626461854349889
0.9319876636121395,0.36248999279260874
0.932048393570102,0.36233381300037715
0.9321090884046633,0.3621776460708579
0.9321697481242731,0.36202149201660533
0.932230372737387,0.36186535085016436
0.9322909622524653,0.36170922258407
0.9323515166779744,0.36155310723084805
0.9324120360223853,0.36139700480301445
0.9324725202941754,0.36124091531307584
0.9325329695018264,0.3610848387735291
0.9325933836538265,0.3609287751968617
0.9326537627586684,0.36077272459555143
0.9327141068248503,0.36061668698206667
0.9327744158608761,0.360460662368866
0.9328346898752545,0.36030465076839857
0.9328949288765003,0.3601486521931041
0.9329551328731327,0.3599926666554125
0.9330153018736772,0.3598366941677444
0.9330754358866639,0.35968073474251055
0.9331355349206282,0.3595247883921124
0.9331955989841111,0.35936885512894157
0.9332556280856589,0.3592129349653803
0.9333156222338227,0.35905702791380134
0.9333755814371595,0.35890113398656776
0.9334355057042314,0.358745253196033
0.9334953950436052,0.35858938555454106
0.9335552494638538,0.3584335310744264
0.9336150689735545,0.35827768976801366
0.9336748535812904,0.35812186164761833
0.9337346032956497,0.35796604672554583
0.9337943181252256,0.35781024501409253
0.9338539980786167,0.35765445652554495
0.9339136431644266,0.35749868127217993
0.9339732533912647,0.3573429192662651
0.9340328287677445,0.3571871705200583
0.9340923693024857,0.3570314350458077
0.9341518750041122,0.3568757128557521
0.9342113458812543,0.3567200039621207
0.9342707819425462,0.35656430837713315
0.9343301831966279,0.3564086261129994
0.9343895496521443,0.35625295718191996
0.9344488813177456,0.35609730159608566
0.9345081782020872,0.355941659367678
0.9345674403138289,0.3557860305088686
0.9346266676616367,0.3556304150318198
0.9346858602541809,0.35547481294868416
0.9347450181001367,0.3553192242716048
0.9348041412081852,0.3551636490127152
0.9348632295870122,0.35500808718413934
0.934922283245308,0.3548525387979915
0.9349813021917688,0.3546970038663766
0.9350402864350952,0.3545414824013899
0.9350992359839932,0.35438597441511704
0.9351581508471739,0.35423047991963413
0.9352170310333529,0.3540749989270077
0.9352758765512513,0.35391953144929483
0.935334687409595,0.35376407749854294
0.9353934636171148,0.3536086370867897
0.935452205182547,0.35345321022606363
0.935510912114632,0.35329779692838337
0.9355695844221158,0.353142397205758
0.9356282221137493,0.3529870110701872
0.9356868251982883,0.3528316385336611
0.9357453936844932,0.35267627960816
0.9358039275811296,0.3525209343056548
0.9358624268969685,0.35236560263810696
0.935920891640785,0.3522102846174682
0.9359793218213597,0.3520549802556807
0.9360377174474777,0.3518996895646772
0.9360960785279291,0.35174441255638056
0.936154405071509,0.35158914924270457
0.9362126970870177,0.35143389963555316
0.9362709545832595,0.3512786637468205
0.9363291775690445,0.3511234415883917
0.9363873660531868,0.3509682331721418
0.9364455200445062,0.35081303850993667
0.9365036395518266,0.3506578576136324
0.9365617245839771,0.3505026904950755
0.9366197751497916,0.3503475371661031
0.9366777912581086,0.35019239763854265
0.9367357729177718,0.350037271924212
0.9367937201376293,0.34988216003491945
0.9368516329265344,0.349727061982464
0.9369095112933447,0.34957197777863463
0.9369673552469228,0.3494169074352111
0.9370251647961363,0.34926185096396345
0.9370829399498571,0.3491068083766523
0.9371406807169622,0.3489517796850286
0.9371983871063333,0.3487967649008338
0.9372560591268566,0.34864176403579966
0.9373136967874234,0.34848677710164866
0.9373713000969293,0.34833180411009346
0.9374288690642749,0.34817684507283725
0.9374864036983653,0.3480219000015736
0.9375439040081108,0.34786696890798685
0.9376013700024257,0.34771205180375125
0.937658801690229,0.3475571487005318
0.9377161990804452,0.34740225960998405
0.9377735621820026,0.34724738454375376
0.9378308910038345,0.3470925235134773
0.9378881855548789,0.34693767653078134
0.9379454458440781,0.3467828436072832
0.9380026718803794,0.3466280247545903
0.938059863672735,0.3464732199843011
0.9381170212301008,0.3463184293080038
0.9381741445614378,0.3461636527372775
0.9382312336757118,0.3460088902836917
0.9382882885818931,0.3458541419588062
0.9383453092889563,0.3456994077741714
0.9384022958058811,0.3455446877413281
0.9384592481416508,0.34538998187180747
0.9385161663052545,0.3452352901771313
0.9385730503056848,0.34508061266881146
0.9386299001519397,0.3449259493583509
0.9386867158530211,0.34477130025724256
0.9387434974179357,0.3446166653769699
0.9388002448556944,0.3444620447290066
0.9388569581753132,0.3443074383248176
0.9389136373858122,0.3441528461758574
0.9389702824962163,0.34399826829357144
0.9390268935155541,0.3438437046893954
0.9390834704528597,0.34368915537475564
0.9391400133171711,0.34353462036106874
0.9391965221175308,0.3433800996597419
0.939252996862986,0.34322559328217267
0.9393094375625882,0.3430711012397492
0.9393658442253932,0.34291662354385
0.9394222168604613,0.342762160205844
0.9394785554768573,0.3426077112370906
0.9395348600836505,0.3424532766489397
0.9395911306899145,0.34229885645273184
0.9396473673047274,0.34214445065979776
0.9397035699371713,0.3419900592814586
0.9397597385963334,0.34183568232902634
0.9398158732913048,0.3416813198138031
0.9398719740311807,0.34152697174708163
0.9399280408250611,0.34137263814014485
0.9399840736820505,0.3412183190042667
0.9400400726112572,0.34106401435071104
0.9400960376217945,0.34090972419073257
0.9401519687227795,0.34075544853557616
0.9402078659233337,0.34060118739647743
0.9402637292325832,0.3404469407846623
0.9403195586596582,0.3402927087113473
0.9403753542136929,0.3401384911877391
0.9404311159038264,0.3399842882250353
0.9404868437392017,0.3398300998344236
0.9405425377289662,0.3396759260270824
0.9405981978822718,0.33952176681418056
0.9406538242082739,0.3393676222068773
0.940709416716133,0.33921349221632224
0.9407649754150135,0.3390593768536559
0.9408205003140836,0.3389052761300086
0.9408759914225168,0.33875119005650184
0.9409314487494898,0.33859711864424724
0.9409868723041839,0.3384430619043468
0.9410422620957848,0.3382890198478932
0.941097618133482,0.3381349924859697
0.9411529404264697,0.3379809798296497
0.9412082289839456,0.3378269818899973
0.9412634838151122,0.3376729986780671
0.9413187049291759,0.3375190302049042
0.9413738923353473,0.33736507648154407
0.9414290460428408,0.33721113751901266
0.9414841660608759,0.3370572133283266
0.9415392523986752,0.33690330392049284
0.9415943050654657,0.3367494093065087
0.9416493240704793,0.3365955294973625
0.9417043094229506,0.33644166450403223
0.9417592611321195,0.33628781433748733
0.9418141792072297,0.33613397900868697
0.9418690636575285,0.3359801585285811
0.941923914492268,0.33582635290811025
0.9419787317207038,0.33567256215820523
0.942033515352096,0.33551878628978765
0.9420882653957086,0.3353650253137693
0.9421429818608091,0.33521127924105265
0.9421976647566702,0.33505754808253063
0.9422523140925675,0.3349038318490867
0.9423069298777815,0.33475013055159464
0.9423615121215961,0.3345964442009191
0.9424160608332995,0.33444277280791485
0.942470576022184,0.33428911638342745
0.9425250576975455,0.33413547493829265
0.9425795058686844,0.3339818484833372
0.9426339205449046,0.33382823702937775
0.9426883017355143,0.333674640587222
0.9427426494498258,0.33352105916766783
0.9427969636971547,0.33336749278150374
0.9428512444868213,0.3332139414395087
0.9429054918281494,0.33306040515245233
0.9429597057304668,0.3329068839310944
0.9430138862031056,0.3327533777861858
0.9430680332554012,0.3325998867284674
0.9431221468966934,0.33244641076867076
0.9431762271363257,0.332292949917518
0.9432302739836455,0.3321395041857218
0.943284287448004,0.3319860735839852
0.9433382675387566,0.3318326581230019
0.9433922142652624,0.331679257813456
0.9434461276368844,0.33152587266602235
0.9435000076629891,0.33137250269136603
0.9435538543529475,0.33121914790014295
0.9436076677161339,0.33106580830299914
0.9436614477619267,0.33091248391057165
0.9437151944997082,0.3307591747334877
0.9437689079388644,0.3306058807823652
0.9438225880887847,0.3304526020678124
0.9438762349588634,0.3302993386004285
0.9439298485584974,0.3301460903908027
0.9439834288970881,0.32999285744951523
0.9440369759840406,0.32983963978713643
0.9440904898287634,0.3296864374142275
0.9441439704406696,0.32953325034134
0.9441974178291748,0.329380078579016
0.9442508320036994,0.32922692213778837
0.9443042129736674,0.32907378102818025
0.944357560748506,0.32892065526070535
0.9444108753376468,0.3287675448458682
0.9444641567505245,0.3286144497941633
0.944517404996578,0.32846137011607646
0.9445706200852498,0.3283083058220835
0.944623802025986,0.32815525692265085
0.9446769508282361,0.32800222342823554
0.9447300665014542,0.32784920534928547
0.9447831490550971,0.32769620269623856
0.9448361984986258,0.32754321547952364
0.9448892148415047,0.3273902437095598
0.9449421980932019,0.3272372873967571
0.9449951482631896,0.32708434655151597
0.9450480653609432,0.32693142118422724
0.9451009493959415,0.3267785113052723
0.9451538003776674,0.3266256169250235
0.9452066183156075,0.3264727380538434
0.9452594032192515,0.3263198747020852
0.945312155098093,0.3261670268800926
0.9453648739616292,0.3260141945982
0.9454175598193609,0.32586137786673236
0.9454702126807923,0.3257085766960051
0.9455228325554315,0.3255557910963242
0.9455754194527898,0.3254030210779865
0.9456279733823824,0.3252502666512791
0.9456804943537278,0.32509752782647977
0.9457329823763483,0.3249448046138568
0.9457854374597694,0.3247920970236693
0.9458378596135204,0.32463940506616673
0.9458902488471338,0.32448672875158896
0.9459426051701462,0.32433406809016696
0.945994928592097,0.3241814230921219
0.9460472191225295,0.3240287937676656
0.9460994767709909,0.3238761801270005
0.9461517015470309,0.3237235821803197
0.9462038934602034,0.32357099993780675
0.9462560525200654,0.32341843340963594
0.9463081787361779,0.32326588260597194
0.9463602721181046,0.32311334753697024
0.9464123326754134,0.3229608282127769
0.9464643604176748,0.3228083246435283
0.9465163553544638,0.32265583683935184
0.9465683174953577,0.3225033648103653
0.9466202468499383,0.3223509085666769
0.9466721434277896,0.3221984681183858
0.9467240072385001,0.32204604347558147
0.9467758382916615,0.3218936346483443
0.9468276365968681,0.32174124164674495
0.9468794021637185,0.32158886448084495
0.946931135001814,0.32143650316069616
0.94698283512076,0.32128415769634144
0.9470345025301645,0.32113182809781393
0.9470861372396394,0.3209795143751376
0.9471377392587995,0.32082721653832674
0.9471893085972634,0.3206749345973868
0.9472408452646526,0.3205226685623132
0.9472923492705924,0.3203704184430925
0.9473438206247108,0.3202181842497015
0.9473952593366397,0.320065965992108
0.947446665416014,0.31991376368027014
0.9474980388724717,0.3197615773241368
0.9475493797156549,0.31960940693364737
0.9476006879552078,0.31945725251873214
0.9476519636007787,0.3193051140893117
0.9477032066620189,0.3191529916552976
0.9477544171485832,0.31900088522659165
0.9478055950701294,0.3188487948130868
0.9478567404363184,0.3186967204246662
0.9479078532568145,0.31854466207120374
0.9479589335412855,0.318392619762564
0.948009981299402,0.31824059350860234
0.948060996540838,0.31808858331916456
0.9481119792752708,0.3179365892040872
0.9481629295123806,0.31778461117319734
0.9482138472618512,0.31763264923631307
0.9482647325333692,0.3174807034032425
0.9483155853366247,0.31732877368378515
0.9483664056813107,0.31717686008773044
0.9484171935771234,0.3170249626248591
0.9484679490337624,0.3168730813049421
0.9485186720609301,0.31672121613774123
0.9485693626683324,0.31656936713300887
0.948620020865678,0.3164175343004882
0.948670646662679,0.31626571764991296
0.9487212400690505,0.3161139171910076
0.9487718010945105,0.3159621329334872
0.9488223297487806,0.31581036488705744
0.9488728260415848,0.3156586130614149
0.9489232899826512,0.31550687746624667
0.94897372158171,0.3153551581112305
0.949024120848495,0.31520345500603486
0.9490744877927425,0.315051768160319
0.9491248224241928,0.3149000975837326
0.9491751247525887,0.31474844328591634
0.9492253947876759,0.31459680527650136
0.9492756325392033,0.3144451835651096
0.949325838016923,0.31429357816135356
0.94937601123059,0.31414198907483654
0.9494261521899622,0.3139904163151525
0.9494762609048005,0.3138388598918862
0.9495263373848694,0.3136873198146129
0.9495763816399355,0.3135357960928987
0.9496263936797688,0.31338428873630036
0.9496763735141424,0.31323279775436536
0.9497263211528322,0.3130813231566318
0.9497762366056175,0.31292986495262864
0.9498261198822795,0.3127784231518754
0.9498759709926036,0.3126269977638823
0.9499257899463774,0.31247558879815046
0.9499755767533918,0.31232419626417157
0.95002533142344,0.31217282017142806
0.9500750539663192,0.312021460529393
0.9501247443918286,0.31187011734753034
0.9501744027097706,0.3117187906352946
0.9502240289299506,0.3115674804021312
0.9502736230621767,0.31141618665747606
0.9503231851162601,0.31126490941075596
0.9503727151020149,0.3111136486713884
0.950422213029258,0.31096240444878165
0.950471678907809,0.3108111767523346
0.9505211127474904,0.31065996559143694
0.9505705145581277,0.3105087709754691
0.9506198843495494,0.3103575929138022
0.9506692221315863,0.3102064314157982
0.9507185279140729,0.3100552864908097
0.9507678017068456,0.3099041581481801
0.950817043519744,0.3097530463972436
0.9508662533626109,0.309601951247325
0.9509154312452912,0.3094508727077399
0.950964577177633,0.3092998107877947
0.9510136911694872,0.30914876549678666
0.9510627732307074,0.3089977368440035
0.95111182337115,0.30884672483872394
0.951160841600674,0.3086957294902174
0.9512098279291417,0.3085447508077441
0.9512587823664173,0.3083937888005548
0.9513077049223685,0.3082428434778914
0.9513565956068655,0.3080919148489862
0.9514054544297811,0.3079410029230626
0.9514542814009911,0.3077901077093345
0.9515030765303737,0.30763922921700676
0.9515518398278098,0.30748836745527475
0.9516005713031835,0.3073375224333251
0.9516492709663812,0.30718669416033473
0.951697938827292,0.3070358826454716
0.9517465748958078,0.3068850878978944
0.9517951791818232,0.30673430992675266
0.9518437516952353,0.3065835487411865
0.9518922924459438,0.30643280435032694
0.9519408014438515,0.30628207676329605
0.9519892786988635,0.3061313659892063
0.9520377242208878,0.3059806720371613
0.9520861380198344,0.30582999491625495
0.952134520105617,0.3056793346355727
0.9521828704881509,0.3055286912041901
0.9522311891773545,0.3053780646311738
0.9522794761831488,0.3052274549255814
0.9523277315154574,0.30507686209646107
0.9523759551842061,0.30492628615285183
0.9524241471993243,0.3047757271037838
0.9524723075707427,0.3046251849582774
0.9525204363083953,0.30447465972534427
0.9525685334222188,0.3043241514139868
0.9526165989221521,0.30417366003319807
0.9526646328181368,0.3040231855919621
0.9527126351201168,0.3038727280992537
0.9527606058380391,0.3037222875640386
0.9528085449818527,0.30357186399527314
0.9528564525615095,0.30342145740190474
0.9529043285869634,0.3032710677928714
0.9529521730681715,0.3031206951771023
0.9529999860150928,0.3029703395635171
0.9530477674376892,0.30282000096102646
0.9530955173459251,0.302669679378532
0.953143235749767,0.3025193748249261
0.9531909226591843,0.3023690873090918
0.9532385780841482,0.30221881683990315
0.9532862020346338,0.3020685634262253
0.953333794520617,0.30191832707691385
0.9533813555520767,0.30176810780081537
0.9534288851389952,0.3016179056067674
0.9534763832913558,0.3014677205035983
0.9535238500191451,0.3013175525001273
0.9535712853323518,0.3011674016051644
0.9536186892409674,0.3010172678275106
0.9536660617549854,0.30086715117595775
0.9537134028844015,0.3007170516592884
0.9537607126392147,0.30056696928627624
0.9538079910294255,0.30041690406568566
0.9538552380650371,0.30026685600627206
0.9539024537560552,0.3001168251167815
0.9539496381124879,0.2999668114059512
0.9539967911443452,0.2998168148825091
0.9540439128616398,0.29966683555517404
0.954091003274387,0.29951687343265576
0.954138062392604,0.29936692852365504
0.9541850902263107,0.2992170008368633
0.9542320867855287,0.299067090380963
0.9542790520802827,0.29891719716462756
0.9543259861205995,0.2987673211965212
0.9543728889165078,0.29861746248529913
0.954419760478039,0.29846762103960733
0.9544666008152267,0.2983177968680828
0.9545134099381066,0.29816798997935345
0.9545601878567173,0.2980182003820381
0.9546069345810989,0.2978684280847465
0.9546536501212939,0.2977186730960792
0.9547003344873477,0.29756893542462787
0.9547469876893073,0.2974192150789749
0.9547936097372224,0.29726951206769386
0.9548402006411442,0.297119826399349
0.9548867604111272,0.29697015808249555
0.9549332890572274,0.29682050712567987
0.9549797865895031,0.29667087353743904
0.955026253018015,0.2965212573263011
0.9550726883528259,0.2963716585007852
0.9551190926040007,0.2962220770694012
0.955165465781607,0.29607251304065013
0.9552118078957138,0.29592296642302374
0.9552581189563928,0.29577343722500493
0.9553043989737181,0.29562392545506755
0.9553506479577653,0.29547443112167626
0.9553968659186125,0.29532495423328675
0.95544305286634,0.29517549479834565
0.9554892088110304,0.29502605282529065
0.955535333762768,0.29487662832255035
0.9555814277316396,0.2947272212985442
0.9556274907277342,0.29457783176168284
0.9556735227611425,0.2944284597203677
0.9557195238419576,0.2942791051829913
0.9557654939802745,0.29412976815793695
0.9558114331861909,0.2939804486535793
0.9558573414698057,0.29383114667828364
0.955903218841221,0.2936818622404065
0.9559490653105395,0.29353259534829507
0.9559948808878674,0.2933833460102879
0.9560406655833121,0.2932341142347143
0.9560864194069837,0.2930849000298947
0.9561321423689937,0.2929357034041403
0.9561778344794559,0.2927865243657537
0.9562234957484865,0.2926373629230282
0.9562691261862033,0.29248821908424816
0.9563147258027263,0.292339092857689
0.9563602946081774,0.2921899842516171
0.9564058326126808,0.29204089327428984
0.956451339826362,0.2918918199339557
0.9564968162593499,0.2917427642388542
0.9565422619217737,0.29159372619721563
0.956587676823766,0.2914447058172617
0.9566330609754604,0.2912957031072048
0.9566784143869934,0.2911467180752486
0.9567237370685024,0.2909977507295875
0.9567690290301276,0.2908488010784073
0.9568142902820108,0.29069986912988466
0.9568595208342958,0.2905509548921871
0.9569047206971287,0.29040205837347355
0.9569498898806567,0.29025317958189367
0.9569950283950298,0.2901043185255883
0.9570401362503996,0.2899554752126895
0.9570852134569194,0.28980664965131997
0.9571302600247448,0.2896578418495938
0.9571752759640331,0.2895090518156161
0.9572202612849434,0.2893602795574829
0.9572652159976369,0.28921152508328135
0.9573101401122766,0.2890627884010898
0.9573550336390275,0.28891406951897747
0.9573998965880562,0.2887653684450047
0.9574447289695314,0.28861668518722305
0.9574895307936235,0.288468019753675
0.957534302070505,0.2883193721523941
0.9575790428103502,0.28817074239140517
0.9576237530233349,0.2880221304787238
0.957668432719637,0.2878735364223571
0.9577130819094364,0.28772496023030275
0.9577577006029144,0.28757640191054995
0.9578022888102546,0.28742786147107885
0.9578468465416419,0.2872793389198606
0.9578913738072636,0.28713083426485764
0.9579358706173082,0.28698234751402335
0.9579803369819664,0.2868338786753022
0.9580247729114305,0.28668542775663
0.9580691784158947,0.2865369947659334
0.9581135535055548,0.28638857971113035
0.9581578981906085,0.2862401826001298
0.9582022124812551,0.2860918034408319
0.9582464963876961,0.28594344224112783
0.9582907499201342,0.28579509900890004
0.958334973088774,0.2856467737520219
0.9583791659038221,0.2854984664783582
0.9584233283754866,0.2853501771957646
0.9584674605139772,0.285201905912088
0.9585115623295056,0.28505365263516635
0.9585556338322853,0.284905417372829
0.9585996750325309,0.28475720013289607
0.9586436859404592,0.28460900092317915
0.9586876665662887,0.2844608197514808
0.9587316169202393,0.28431265662559485
0.9587755370125329,0.28416451155330613
0.9588194268533927,0.28401638454239075
0.9588632864530441,0.28386827560061606
0.9589071158217136,0.28372018473574034
0.9589509149696298,0.2835721119555132
0.9589946839070224,0.2834240572676753
0.959038422644123,0.2832760206799586
0.9590821311911655,0.2831280022000863
0.9591258095583843,0.2829800018357725
0.9591694577560163,0.28283201959472276
0.9592130757942994,0.2826840554846336
0.9592566636834737,0.282536109513193
0.9593002214337804,0.28238818168807983
0.9593437490554624,0.2822402720169643
0.9593872465587645,0.2820923805075078
0.9594307139539325,0.28194450716736297
0.9594741512512147,0.28179665200417353
0.9595175584608598,0.28164881502557454
0.9595609355931192,0.2815009962391921
0.9596042826582452,0.28135319565264383
0.9596475996664915,0.28120541327353804
0.959690886628114,0.2810576491094748
0.9597341435533695,0.28090990316804504
0.9597773704525168,0.28076217545683113
0.959820567335816,0.28061446598340645
0.9598637342135288,0.2804667747553358
0.9599068710959183,0.2803191017801751
0.9599499779932492,0.2801714470654716
0.9599930549157879,0.28002381061876364
0.9600361018738017,0.2798761924475808
0.9600791188775604,0.27972859255944416
0.9601221059373339,0.2795810109618657
0.9601650630633951,0.27943344766234895
0.960207990266017,0.2792859026683884
0.9602508875554752,0.27913837598747
0.9602937549420458,0.27899086762707087
0.9603365924360073,0.2788433775946595
0.9603794000476389,0.27869590589769544
0.9604221777872214,0.2785484525436297
0.9604649256650374,0.2784010175399044
0.9605076436913705,0.27825360089395307
0.9605503318765058,0.27810620261320035
0.9605929902307301,0.27795882270506234
0.9606356187643315,0.27781146117694633
0.9606782174875991,0.27766411803625074
0.9607207864108241,0.27751679329036566
0.9607633255442986,0.27736948694667213
0.9608058348983161,0.27722219901254247
0.9608483144831717,0.27707492949534057
0.9608907643091618,0.2769276784024214
0.960933184386584,0.27678044574113125
0.9609755747257377,0.2766332315188078
0.961017935336923,0.2764860357427799
0.9610602662304419,0.2763388584203678
0.9611025674165975,0.2761916995588832
0.9611448389056946,0.2760445591656288
0.9611870807080387,0.27589743724789884
0.9612292928339371,0.27575033381297887
0.9612714752936982,0.2756032488681456
0.9613136280976319,0.2754561824206673
0.9613557512560492,0.27530913447780336
0.9613978447792626,0.2751621050468046
0.9614399086775859,0.2750150941349133
0.961481942961334,0.2748681017493629
0.9615239476408232,0.274721127897378
0.961565922726371,0.27457417258617506
0.9616078682282964,0.2744272358229616
0.9616497841569194,0.2742803176149362
0.9616916705225613,0.2741334179692894
0.9617335273355451,0.2739865368932027
0.9617753546061943,0.273839674393849
0.9618171523448341,0.2736928304783926
0.9618589205617911,0.27354600515398914
0.9619006592673924,0.2733991984277857
0.9619423684719675,0.2732524103069208
0.9619840481858458,0.273105640798524
0.9620256984193588,0.2729588899097167
0.9620673191828392,0.27281215764761124
0.9621089104866203,0.27266544401931175
0.9621504723410372,0.2725187490319134
0.9621920047564259,0.27237207269250296
0.9622335077431237,0.2722254150081585
0.9622749813114687,0.2720787759859496
0.9623164254718007,0.27193215563293704
0.9623578402344609,0.27178555395617326
0.9623992256097904,0.2716389709627018
0.962440581608133,0.271492406659558
0.9624819082398324,0.2713458610537682
0.9625232055152342,0.2711993341523503
0.962564473444685,0.2710528259623139
0.9626057120385322,0.2709063364906596
0.9626469213071246,0.27075986574437966
0.9626881012608124,0.27061341373045766
0.9627292519099463,0.2704669804558688
0.9627703732648782,0.2703205659275795
0.9628114653359618,0.2701741701525477
0.9628525281335513,0.2700277931377228
0.9628935616680019,0.26988143489004557
0.9629345659496701,0.26973509541644836
0.9629755409889136,0.26958877472385484
0.9630164867960909,0.26944247281918016
0.9630574033815618,0.269296189709331
0.9630982907556869,0.2691499254012054
0.9631391489288282,0.26900367990169294
0.9631799779113486,0.2688574532176746
0.9632207777136118,0.2687112453560229
0.9632615483459831,0.2685650563236019
0.963302289818828,0.2684188861272668
0.963343002142514,0.26827273477386465
0.9633836853274089,0.2681266022702339
0.9634243393838815,0.26798048862320417
0.9634649643223026,0.2678343938395971
0.9635055601530425,0.26768831792622544
0.9635461268864736,0.2675422608898936
0.9635866645329688,0.2673962227373972
0.9636271731029024,0.26725020347552386
0.9636676526066492,0.2671042031110523
0.9637081030545855,0.266958221650753
0.9637485244570878,0.2668122591013876
0.9637889168245345,0.26666631546970965
0.9638292801673041,0.266520390762464
0.9638696144957766,0.26637448498638705
0.9639099198203329,0.2662285981482068
0.9639501961513547,0.2660827302546427
0.9639904434992246,0.26593688131240567
0.964030661874326,0.26579105132819836
0.9640708512870437,0.2656452403087147
0.9641110117477631,0.26549944826064037
0.9641511432668707,0.26535367519065256
0.9641912458547534,0.2652079211054199
0.9642313195217994,0.26506218601160264
0.9642713642783982,0.2649164699158526
0.9643113801349392,0.2647707728248131
0.9643513671018135,0.2646250947451191
0.9643913251894128,0.26447943568339705
0.9644312544081297,0.26433379564626486
0.9644711547683577,0.26418817464033234
0.9645110262804908,0.2640425726722006
0.9645508689549245,0.2638969897484623
0.9645906828020547,0.2637514258757019
0.9646304678322782,0.2636058810604952
0.9646702240559929,0.2634603553094098
0.9647099514835972,0.2633148486290047
0.9647496501254904,0.26316936102583066
0.9647893199920726,0.2630238925064299
0.9648289610937452,0.26287844307733627
0.9648685734409096,0.2627330127450753
0.9649081570439687,0.262587601516164
0.9649477119133258,0.26244220939711116
0.964987238059385,0.2622968363944169
0.9650267354925517,0.2621514825145734
0.9650662042232313,0.26200614776406395
0.9651056442618304,0.2618608321493638
0.9651450556187565,0.2617155356769397
0.9651844383044175,0.26157025835325004
0.9652237923292225,0.26142500018474496
0.965263117703581,0.261279761177866
0.9653024144379033,0.26113454133904657
0.9653416825426008,0.2609893406747115
0.965380922028085,0.2608441591912775
0.9654201329047687,0.2606989968951528
0.9654593151830649,0.26055385379273727
0.9654984688733883,0.26040872989042246
0.9655375939861529,0.2602636251945915
0.9655766905317746,0.26011853971161936
0.9656157585206696,0.25997347344787264
0.9656547979632546,0.2598284264097093
0.9656938088699473,0.25968339860347944
0.965732791251166,0.2595383900355246
0.9657717451173292,0.25939340071217787
0.9658106704788572,0.25924843063976427
0.9658495673461696,0.25910347982460025
0.9658884357296877,0.2589585482729943
0.9659272756398333,0.25881363599124624
0.9659660870870286,0.25866874298564785
0.9660048700816962,0.25852386926248233
0.9660436246342601,0.25837901482802494
0.9660823507551443,0.2582341796885424
0.9661210484547736,0.2580893638502931
0.9661597177435737,0.2579445673195273
0.9661983586319705,0.257799790102487
0.9662369711303905,0.25765503220540564
0.9662755552492618,0.2575102936345088
0.9663141109990117,0.2573655743960133
0.9663526383900688,0.25722087449612824
0.9663911374328624,0.25707619394105397
0.9664296081378224,0.25693153273698277
0.9664680505153788,0.2567868908900987
0.9665064645759626,0.25664226840657756
0.9665448503300051,0.2564976652925868
0.9665832077879387,0.25635308155428566
0.966621536960196,0.2562085171978252
0.96665983785721,0.25606397222934824
0.9666981104894143,0.25591944665498917
0.9667363548672437,0.2557749404808744
0.9667745710011323,0.2556304537131218
0.966812758901516,0.2554859863578415
0.9668509185788304,0.25534153842113483
0.9668890500435121,0.25519710990909533
0.9669271533059978,0.25505270082780807
0.9669652283767253,0.25490831118335006
0.9670032752661322,0.25476394098178995
0.9670412939846572,0.25461959022918834
0.9670792845427393,0.2544752589315975
0.9671172469508179,0.2543309470950616
0.9671551812193327,0.25418665472561647
0.9671930873587244,0.2540423818292899
0.967230965379434,0.2538981284121014
0.9672688152919029,0.2537538944800624
0.9673066371065727,0.2536096800391759
0.967344430833886,0.253465485095437
0.9673821964842855,0.2533213096548324
0.9674199340682142,0.2531771537233409
0.967457643596116,0.2530330173069327
0.9674953250784352,0.25288890041157025
0.967532978525616,0.2527448030432077
0.9675706039481037,0.252600725207791
0.9676082013563434,0.2524566669112578
0.9676457707607814,0.252312628159538
0.9676833121718635,0.2521686089585529
0.9677208256000367,0.25202460931421605
0.9677583110557479,0.25188062923243254
0.9677957685494447,0.25173666871909944
0.9678331980915749,0.2515927277801057
0.9678705996925866,0.2514488064213322
0.9679079733629289,0.25130490464865163
0.9679453191130503,0.25116102246792843
0.9679826369534005,0.2510171598850191
0.9680199268944293,0.250873316905772
0.9680571889465867,0.2507294935360273
0.9680944231203231,0.25058568978161705
0.9681316294260897,0.2504419056483653
0.9681688078743372,0.250298141142088
0.9682059584755177,0.25015439626859276
0.9682430812400826,0.2500106710336793
0.9682801761784846,0.24986696544313938
0.9683172433011757,0.24972327950275638
0.968354282618609,0.24957961321830566
0.9683912941412378,0.24943596659555464
0.9684282778795154,0.24929233964026257
0.9684652338438957,0.24914873235818066
0.9685021620448329,0.24900514475505195
0.9685390624927811,0.2488615768366115
0.9685759351981953,0.24871802860858633
0.9686127801715302,0.24857450007669532
0.9686495974232413,0.24843099124664936
0.968686386963784,0.24828750212415115
0.968723148803614,0.24814403271489557
0.9687598829531876,0.24800058302456932
0.968796589422961,0.247857153058851
0.9688332682233909,0.24771374282341124
0.9688699193649339,0.24757035232391267
0.9689065428580474,0.24742698156600987
0.9689431387131887,0.2472836305553493
0.9689797069408151,0.2471402992975695
0.9690162475513845,0.24699698779830093
0.9690527605553549,0.2468536960631661
0.9690892459631848,0.2467104240977794
0.9691257037853321,0.24656717190774727
0.9691621340322562,0.24642393949866825
0.9691985367144154,0.24628072687613264
0.9692349118422688,0.24613753404572292
0.9692712594262759,0.24599436101301345
0.9693075794768962,0.24585120778357084
0.9693438720045892,0.24570807436295342
0.9693801370198147,0.24556496075671164
0.9694163745330328,0.24542186697038804
0.9694525845547034,0.24527879300951708
0.9694887670952872,0.2451357388796253
0.9695249221652447,0.24499270458623132
0.9695610497750361,0.24484969013484562
0.9695971499351227,0.244706695530971
0.969633222655965,0.24456372078010188
0.9696692679480245,0.24442076588772518
0.9697052858217624,0.24427783085931962
0.9697412762876396,0.24413491570035595
0.969777239356118,0.24399202041629706
0.9698131750376591,0.24384914501259788
0.9698490833427245,0.24370628949470535
0.9698849642817761,0.24356345386805864
0.969920817865276,0.24342063813808876
0.9699566441036859,0.24327784231021893
0.9699924430074681,0.24313506638986443
0.9700282145870849,0.2429923103824326
0.9700639588529985,0.24284957429332285
0.9700996758156712,0.24270685812792675
0.9701353654855657,0.24256416189162786
0.9701710278731444,0.24242148558980192
0.9702066629888699,0.24227882922781677
0.9702422708432047,0.24213619281103219
0.9702778514466118,0.24199357634480032
0.9703134048095539,0.24185097983446524
0.9703489309424936,0.24170840328536317
0.970384429855894,0.24156584670282247
0.970419901560218,0.24142331009216364
0.9704553460659282,0.2412807934586992
0.9704907633834879,0.24113829680773394
0.97052615352336,0.2409958201445647
0.9705615164960075,0.24085336347448047
0.9705968523118933,0.24071092680276238
0.9706321609814804,0.24056851013468367
0.970667442515232,0.2404261134755098
0.970702696923611,0.24028373683049833
0.9707379242170803,0.240141380204899
0.9707731244061032,0.23999904360395366
0.9708082975011424,0.23985672703289637
0.970843443512661,0.23971443049695335
0.9708785624511219,0.23957215400134294
0.9709136543269878,0.23942989755127567
0.9709487191507218,0.23928766115195427
0.9709837569327869,0.23914544480857372
0.9710187676836456,0.23900324852632107
0.9710537514137606,0.2388610723103755
0.9710887081335948,0.23871891616590862
0.9711236378536106,0.23857678009808397
0.9711585405842705,0.23843466411205747
0.9711934163360374,0.23829256821297717
0.9712282651193732,0.2381504924059833
0.9712630869447407,0.2380084366962084
0.9712978818226019,0.23786640108877713
0.9713326497634188,0.23772438558880635
0.9713673907776538,0.23758239020140523
0.9714021048757686,0.23744041493167511
0.9714367920682254,0.23729845978470962
0.9714714523654856,0.23715652476559448
0.9715060857780109,0.23701460987940773
0.9715406923162632,0.23687271513121977
0.9715752719907035,0.23673084052609306
0.9716098248117933,0.23658898606908235
0.9716443507899937,0.2364471517652347
0.9716788499357656,0.23630533761958936
0.97171332225957,0.23616354363717795
0.9717477677718676,0.23602176982302414
0.971782186483119,0.23588001618214408
0.9718165784037845,0.2357382827195461
0.9718509435443249,0.23559656944023086
0.9718852819151997,0.23545487634919113
0.971919593526869,0.23531320345141213
0.9719538783897927,0.23517155075187138
0.9719881365144305,0.2350299182555385
0.9720223679112413,0.2348883059673756
0.9720565725906848,0.23474671389233695
0.9720907505632199,0.2346051420353693
0.9721249018393053,0.2344635904014114
0.9721590264294,0.23432205899539466
0.9721931243439621,0.23418054782224254
0.9722271955934497,0.2340390568868709
0.972261240188321,0.2338975861941879
0.9722952581390342,0.23375613574909415
0.9723292494560462,0.23361470555648242
0.9723632141498145,0.23347329562123786
0.9723971522307964,0.23333190594823797
0.9724310637094487,0.23319053654235258
0.9724649485962279,0.23304918740844388
0.9724988069015903,0.23290785855136636
0.9725326386359924,0.23276654997596694
0.9725664438098898,0.23262526168708478
0.972600222433738,0.23248399368955147
0.9726339745179925,0.232342745988191
0.9726677000731084,0.23220151858781962
0.9727013991095405,0.232060311493246
0.9727350716377432,0.23191912470927117
0.9727687176681709,0.23177795824068864
0.9728023372112774,0.2316368120922841
0.9728359302775164,0.23149568626883574
0.9728694968773413,0.2313545807751142
0.9729030370212051,0.23121349561588236
0.9729365507195605,0.23107243079589562
0.9729700379828601,0.23093138631990168
0.973003498821556,0.23079036219264082
0.9730369332460999,0.23064935841884543
0.9730703412669433,0.23050837500324053
0.9731037228945374,0.23036741195054355
0.973137078139333,0.23022646926546428
0.9731704070117806,0.23008554695270492
0.9732037095223303,0.2299446450169601
0.9732369856814319,0.22980376346291692
0.973270235499535,0.2296629022952549
0.9733034589870885,0.22952206151864601
0.973336656154541,0.22938124113775457
0.9733698270123413,0.22924044115723743
0.973402971570937,0.22909966158174389
0.973436089840776,0.2289589024159157
0.9734691818323052,0.22881816366438698
0.9735022475559719,0.22867744533178444
0.9735352870222224,0.22853674742272717
0.9735683002415023,0.2283960699418267
0.9736012872242581,0.2282554128936872
0.9736342479809347,0.22811477628290508
0.9736671825219769,0.2279741601140694
0.9737000908578293,0.2278335643917616
0.9737329729989359,0.22769298912055572
0.9737658289557405,0.2275524343050182
0.9737986587386861,0.22741189994970798
0.9738314623582156,0.22727138605917652
0.9738642398247713,0.22713089263796776
0.9738969911487955,0.22699041969061826
0.9739297163407292,0.2268499672216569
0.9739624154110136,0.2267095352356052
0.9739950883700895,0.22656912373697718
0.9740277352283967,0.22642873273027933
0.9740603559963753,0.22628836222001075
0.974092950684464,0.226148012210663
0.9741255193031021,0.22600768270672023
0.9741580618627277,0.22586737371265905
0.9741905783737785,0.22572708523294868
0.974223068846692,0.22558681727205085
0.974255533291905,0.22544656983441988
0.9742879717198537,0.22530634292450255
0.9743203841409742,0.22516613654673834
0.9743527705657019,0.2250259507055591
0.9743851310044715,0.2248857854053895
0.9744174654677176,0.22474564065064648
0.9744497739658737,0.2246055164457398
0.9744820565093737,0.22446541279507168
0.9745143131086499,0.2243253297030369
0.974546543774135,0.22418526717402293
0.9745787485162605,0.22404522521240972
0.974610927345458,0.22390520382256984
0.974643080272158,0.2237652030088685
0.9746752073067905,0.22362522277566346
0.9747073084597853,0.2234852631273051
0.9747393837415718,0.22334532406813642
0.9747714331625782,0.223205405602493
0.9748034567332325,0.22306550773470307
0.9748354544639624,0.2229256304690875
0.9748674263651943,0.22278577380995962
0.9748993724473548,0.2226459377616256
0.9749312927208698,0.2225061223283842
0.9749631871961638,0.22236632751452667
0.9749950558836622,0.22222655332433708
0.9750268987937883,0.222086799762092
0.975058715936966,0.22194706683206075
0.9750905073236175,0.22180735453850517
0.9751222729641655,0.22166766288567993
0.9751540128690315,0.22152799187783226
0.9751857270486362,0.22138834151920195
0.9752174155134002,0.22124871181402173
0.9752490782737434,0.2211091027665167
0.9752807153400846,0.2209695143809048
0.9753123267228425,0.22082994666139666
0.9753439124324351,0.22069039961219558
0.9753754724792794,0.22055087323749736
0.9754070068737922,0.2204113675414908
0.9754385156263893,0.2202718825283571
0.9754699987474861,0.22013241820227042
0.9755014562474975,0.21999297456739744
0.9755328881368375,0.21985355162789758
0.9755642944259191,0.21971414938792297
0.9755956751251554,0.21957476785161856
0.9756270302449583,0.21943540702312184
0.9756583597957392,0.21929606690656314
0.9756896637879089,0.2191567475060655
0.9757209422318772,0.21901744882574467
0.9757521951380538,0.21887817086970915
0.9757834225168469,0.21873891364206008
0.9758146243786648,0.21859967714689152
0.9758458007339148,0.21846046138829012
0.9758769515930034,0.21832126637033536
0.9759080769663365,0.21818209209709946
0.9759391768643192,0.21804293857264737
0.9759702512973558,0.21790380580103677
0.9760013002758506,0.21776469378631824
0.9760323238102061,0.21762560253253493
0.976063321910825,0.217486532043723
0.9760942945881085,0.21734748232391118
0.9761252418524576,0.21720845337712105
0.9761561637142727,0.21706944520736698
0.9761870601839527,0.21693045781865616
0.9762179312718967,0.21679149121498856
0.9762487769885023,0.21665254540035686
0.9762795973441665,0.2165136203787466
0.9763103923492862,0.21637471615413623
0.9763411620142565,0.21623583273049682
0.9763719063494726,0.21609697011179238
0.9764026253653283,0.21595812830197966
0.9764333190722171,0.21581930730500828
0.9764639874805318,0.21568050712482076
0.9764946306006638,0.21554172776535221
0.9765252484430043,0.21540296923053082
0.9765558410179431,0.21526423152427746
0.9765864083358702,0.21512551465050594
0.9766169504071739,0.21498681861312283
0.9766474672422418,0.2148481434160276
0.9766779588514615,0.21470948906311257
0.9767084252452187,0.21457085555826286
0.9767388664338991,0.21443224290535653
0.9767692824278872,0.2142936511082645
0.9767996732375664,0.21415508017085047
0.9768300388733201,0.21401653009697102
0.9768603793455304,0.21387800089047576
0.9768906946645785,0.213739492555207
0.9769209848408447,0.21360100509500005
0.9769512498847087,0.213462538513683
0.9769814898065493,0.21332409281507692
0.9770117046167444,0.21318566800299574
0.977041894325671,0.21304726408124633
0.9770720589437056,0.21290888105362843
0.9771021984812231,0.2127705189239346
0.9771323129485985,0.21263217769595047
0.977162402356205,0.21249385737345453
0.9771924667144157,0.21235555796021818
0.9772225060336023,0.21221727946000565
0.9772525203241358,0.21207902187657424
0.9772825095963865,0.21194078521367418
0.9773124738607234,0.21180256947504847
0.9773424131275151,0.21166437466443322
0.9773723274071289,0.21152620078555745
0.9774022167099315,0.21138804784214307
0.9774320810462884,0.21124991583790495
0.9774619204265645,0.21111180477655095
0.9774917348611235,0.21097371466178186
0.9775215243603286,0.21083564549729153
0.9775512889345417,0.21069759728676662
0.9775810285941235,0.2105595700338868
0.977610743349435,0.21042156374232487
0.9776404332108348,0.21028357841574646
0.9776700981886814,0.21014561405781013
0.9776997382933322,0.21000767067216758
0.9777293535351439,0.20986974826246343
0.9777589439244714,0.2097318468323353
0.97778850947167,0.20959396638541386
0.9778180501870927,0.2094561069253226
0.9778475660810925,0.20931826845567825
0.977877057164021,0.20918045098009047
0.977906523446229,0.20904265450216186
0.977935964938066,0.20890487902548807
0.9779653816498811,0.2087671245536579
0.977994773592022,0.20862939109025297
0.9780241407748355,0.2084916786388481
0.9780534832086676,0.20835398720301107
0.9780828009038631,0.20821631678630276
0.9781120938707659,0.20807866739227698
0.9781413621197191,0.2079410390244807
0.9781706056610642,0.2078034316864538
0.9781998245051426,0.20766584538172947
0.9782290186622937,0.2075282801138337
0.9782581881428568,0.20739073588628565
0.9782873329571696,0.20725321270259756
0.9783164531155689,0.2071157105662747
0.9783455486283907,0.2069782294808155
0.9783746195059697,0.20684076944971133
0.9784036657586401,0.2067033304764468
0.9784326873967343,0.2065659125644995
0.9784616844305841,0.20642851571734017
0.9784906568705202,0.2062911399384325
0.9785196047268723,0.20615378523123354
0.978548528009969,0.20601645159919324
0.978577426730138,0.20587913904575475
0.9786063008977058,0.20574184757435426
0.9786351505229979,0.20560457718842118
0.9786639756163384,0.20546732789137792
0.978692776188051,0.20533009968664012
0.9787215522484578,0.20519289257761644
0.9787503038078802,0.20505570656770877
0.978779030876638,0.2049185416603121
0.9788077334650507,0.20478139785881458
0.978836411583436,0.20464427516659747
0.978865065242111,0.20450717358703516
0.9788936944513913,0.20437009312349527
0.9789222992215917,0.2042330337793385
0.978950879563026,0.20409599555791874
0.9789794354860064,0.20395897846258307
0.9790079670008444,0.2038219824966717
0.9790364741178506,0.20368500766351802
0.9790649568473339,0.2035480539664486
0.9790934151996026,0.20341112140878323
0.9791218491849635,0.20327420999383483
0.9791502588137226,0.20313731972490948
0.9791786440961846,0.20300045060530655
0.979207005042653,0.20286360263831854
0.9792353416634305,0.2027267758272312
0.9792636539688183,0.20258997017532343
0.9792919419691166,0.20245318568586734
0.9793202056746245,0.20231642236212827
0.97934844509564,0.20217968020736488
0.9793766602424596,0.2020429592248288
0.9794048511253791,0.2019062594177651
0.979433017754693,0.2017695807894121
0.9794611601406946,0.20163292334300117
0.9794892782936759,0.20149628708175704
0.979517372223928,0.20135967200889765
0.9795454419417406,0.20122307812763424
0.9795734874574026,0.20108650544117124
0.979601508781201,0.20094995395270626
0.9796295059234222,0.20081342366543037
0.9796574788943515,0.2006769145825277
0.9796854277042727,0.2005404267071758
0.9797133523634686,0.20040396004254543
0.9797412528822204,0.2002675145918005
0.9797691292708086,0.20013109035809842
0.9797969815395124,0.19999468734458978
0.9798248096986097,0.1998583055544184
0.979852613758377,0.1997219449907214
0.9798803937290901,0.19958560565662936
0.9799081496210227,0.19944928755526595
0.9799358814444485,0.19931299068974825
0.9799635892096391,0.19917671506318657
0.9799912729268649,0.19904046067868464
0.9800189326063955,0.19890422753933942
0.9800465682584988,0.1987680156482412
0.980074179893442,0.19863182500847365
0.9801017675214907,0.1984956556231137
0.9801293311529091,0.19835950749523162
0.9801568707979607,0.19822338062789108
0.9801843864669071,0.19808727502414894
0.9802118781700092,0.19795119068705558
0.9802393459175263,0.19781512761965464
0.9802667897197165,0.1976790858249831
0.9802942095868369,0.19754306530607132
0.9803216055291429,0.197407066065943
0.9803489775568889,0.1972710881076152
0.9803763256803281,0.19713513143409842
0.9804036499097122,0.1969991960483964
0.9804309502552917,0.19686328195350639
0.980458226727316,0.19672738915241897
0.9804854793360326,0.19659151764811797
0.9805127080916887,0.19645566744358084
0.9805399130045294,0.1963198385417783
0.9805670940847988,0.19618403094567446
0.9805942513427397,0.19604824465822684
0.9806213847885934,0.19591247968238637
0.9806484944326002,0.19577673602109738
0.980675580284999,0.1956410136772977
0.9807026423560271,0.19550531265391832
0.9807296806559209,0.195369632953884
0.9807566951949153,0.19523397458011263
0.9807836859832436,0.19509833753551575
0.9808106530311385,0.19496272182299815
0.9808375963488304,0.19482712744545816
0.9808645159465492,0.19469155440578753
0.980891411834523,0.19455600270687148
0.9809182840229788,0.1944204723515886
0.9809451325221419,0.19428496334281098
0.9809719573422367,0.19414947568340424
0.9809987584934862,0.19401400937622731
0.9810255359861114,0.1938785644241327
0.9810522898303331,0.19374314082996635
0.9810790200363696,0.19360773859656774
0.9811057266144383,0.1934723577267696
0.9811324095747553,0.19333699822339845
0.9811590689275356,0.1932016600892741
0.9811857046829922,0.19306634332720995
0.981212316851337,0.19293104794001278
0.9812389054427807,0.19279577393048292
0.9812654704675322,0.19266052130141426
0.9812920119357995,0.19252529005559413
0.981318529857789,0.19239008019580336
0.9813450242437056,0.19225489172481638
0.9813714951037529,0.19211972464540103
0.981397942448133,0.19198457896031876
0.981424366287047,0.19184945467232445
0.9814507666306939,0.19171435178416663
0.981477143489272,0.19157927029858726
0.9815034968729776,0.19144421021832192
0.9815298267920058,0.1913091715460996
0.9815561332565507,0.19117415428464302
0.9815824162768042,0.19103915843666833
0.9816086758629575,0.19090418400488532
0.9816349120252,0.19076923099199716
0.9816611247737195,0.19063429940070079
0.9816873141187027,0.19049938923368662
0.9817134800703348,0.19036450049363865
0.9817396226387993,0.1902296331832344
0.9817657418342788,0.19009478730514506
0.9817918376669538,0.18995996286203531
0.9818179101470038,0.18982515985656356
0.9818439592846069,0.18969037829138166
0.9818699850899391,0.1895556181691351
0.9818959875731755,0.18942087949246297
0.9819219667444901,0.1892861622639981
0.9819479226140544,0.18915146648636663
0.9819738551920393,0.1890167921621886
0.9819997644886136,0.1888821392940775
0.9820256505139453,0.1887475078846405
0.9820515132782004,0.18861289793647842
0.9820773527915437,0.18847830945218566
0.9821031690641381,0.1883437424343502
0.9821289621061456,0.18820919688555385
0.9821547319277263,0.1880746728083718
0.9821804785390389,0.1879401702053731
0.9822062019502407,0.18780568907912035
0.982231902171487,0.1876712294321698
0.9822575792129328,0.18753679126707137
0.9822832330847302,0.1874023745863687
0.9823088637970305,0.18726797939259893
0.9823344713599835,0.18713360568829313
0.9823600557837374,0.18699925347597574
0.9823856170784387,0.1868649227581651
0.9824111552542327,0.18673061353737322
0.9824366703212627,0.1865963258161056
0.9824621622896713,0.1864620595968617
0.9824876311695986,0.18632781488213446
0.9825130769711836,0.18619359167441057
0.9825384997045638,0.18605938997617052
0.9825638993798753,0.1859252097898884
0.9825892760072527,0.18579105111803207
0.9826146295968281,0.185656913963063
0.9826399601587334,0.18552279832743654
0.9826652677030983,0.18538870421360162
0.9826905522400506,0.185254631624001
0.9827158137797173,0.18512058056107106
0.9827410523322233,0.18498655102724204
0.9827662679076921,0.1848525430249378
0.9827914605162456,0.184718556556576
0.982816630168004,0.1845845916245681
0.9828417768730867,0.1844506482313193
0.9828669006416101,0.1843167263792283
0.9828920014836903,0.18418282607068795
0.9829170794094413,0.18404894730808466
0.9829421344289753,0.18391509009379856
0.9829671665524036,0.18378125443020366
0.9829921757898352,0.18364744031966773
0.9830171621513776,0.18351364776455223
0.9830421256471373,0.1833798767672125
0.9830670662872184,0.18324612732999765
0.983091984081724,0.18311239945525054
0.9831168790407555,0.18297869314530787
0.983141751174412,0.18284500840250006
0.9831666004927923,0.1827113452291515
0.9831914270059924,0.18257770362758022
0.983216230724107,0.18244408360009812
0.9832410116572297,0.18231048514901094
0.9832657698154516,0.18217690827661814
0.983290505208863,0.1820433529852132
0.9833152178475522,0.1819098192770833
0.9833399077416057,0.1817763071545094
0.9833645749011086,0.1816428166197664
0.9833892193361442,0.18150934767512292
0.9834138410567946,0.18137590032284165
0.9834384400731399,0.18124247456517892
0.9834630163952579,0.1811090704043849
0.9834875700332264,0.1809756878427038
0.9835121009971198,0.18084232688237356
0.983536609297012,0.18070898752562597
0.9835610949429746,0.18057566977468673
0.9835855579450782,0.18044237363177548
0.983609998313391,0.18030909909910564
0.98363441605798,0.1801758461788845
0.9836588111889101,0.18004261487331327
0.9836831837162451,0.1799094051845871
0.983707533650047,0.17977621711489503
0.9837318610003756,0.17964305066641983
0.9837561657772894,0.17950990584133839
0.9837804479908455,0.1793767826418214
0.9838047076510988,0.17924368107003352
0.9838289447681029,0.17911060112813318
0.9838531593519091,0.17897754281827286
0.983877351412568,0.17884450614259895
0.9839015209601276,0.17871149110325174
0.9839256680046345,0.17857849770236545
0.9839497925561338,0.17844552594206822
0.9839738946246686,0.17831257582448218
0.9839979742202802,0.17817964735172334
0.9840220313530089,0.17804674052590172
0.9840460660328926,0.17791385534912124
0.9840700782699674,0.17778099182347978
0.9840940680742681,0.1776481499510692
0.9841180354558279,0.17751532973397535
0.9841419804246775,0.17738253117427794
0.9841659029908467,0.17724975427405076
0.9841898031643632,0.17711699903536157
0.9842136809552527,0.176984265460272
0.9842375363735398,0.17685155355083781
0.9842613694292469,0.17671886330910863
0.9842851801323949,0.17658619473712817
0.9843089684930025,0.17645354783693407
0.9843327345210874,0.176320922610558
0.9843564782266649,0.1761883190600256
0.9843801996197488,0.17605573718735662
0.9844038987103509,0.17592317699456467
0.984427575508482,0.1757906384836575
0.9844512300241502,0.1756581216566368
0.9844748622673621,0.17552562651549836
0.9844984722481231,0.1753931530622319
0.9845220599764362,0.17526070129882126
0.9845456254623026,0.1751282712272443
0.9845691687157223,0.1749958628494729
0.984592689746693,0.17486347616747297
0.9846161885652107,0.1747311111832045
0.98463966518127,0.1745987678986215
0.9846631196048629,0.1744664463156721
0.9846865518459806,0.17433414643629838
0.9847099619146119,0.17420186826243664
0.9847333498207441,0.17406961179601715
0.9847567155743622,0.1739373770389642
0.9847800591854499,0.17380516399319623
0.984803380663989,0.1736729726606258
0.9848266800199593,0.17354080304315952
0.984849957263339,0.17340865514269801
0.9848732124041046,0.17327652896113613
0.9848964454522304,0.17314442450036271
0.9849196564176891,0.17301234176226074
0.9849428453104516,0.1728802807487073
0.984966012140487,0.17274824146157358
0.9849891569177625,0.17261622390272494
0.9850122796522433,0.17248422807402072
0.9850353803538933,0.17235225397731457
0.9850584590326741,0.17222030161445412
0.9850815156985456,0.17208837098728116
0.9851045503614657,0.17195646209763163
0.9851275630313912,0.17182457494733566
0.9851505537182756,0.1716927095382174
0.9851735224320722,0.17156086587209524
0.9851964691827316,0.17142904395078176
0.9852193939802022,0.17129724377608352
0.9852422968344314,0.17116546534980145
0.9852651777553643,0.17103370867373047
0.985288036752944,0.1709019737496598
0.9853108738371119,0.17077026057937272
0.9853336890178077,0.17063856916464673
0.9853564823049693,0.1705068995072536
0.9853792537085322,0.1703752516089591
0.9854020032384304,0.17024362547152333
0.9854247309045961,0.17011202109670054
0.9854474367169596,0.16998043848623912
0.9854701206854488,0.16984887764188178
0.9854927828199906,0.1697173385653653
0.9855154231305093,0.16958582125842078
0.9855380416269279,0.16945432572277344
0.9855606383191667,0.16932285196014282
0.9855832132171453,0.16919139997224256
0.9856057663307798,0.16905996976078053
0.9856282976699862,0.16892856132745898
0.9856508072446772,0.16879717467397426
0.9856732950647642,0.16866580980201692
0.9856957611401567,0.1685344667132719
0.9857182054807622,0.16840314540941828
0.9857406280964864,0.1682718458921294
0.9857630289972327,0.16814056816307282
0.9857854081929032,0.16800931222391047
0.9858077656933972,0.16787807807629834
0.9858301015086135,0.16774686572188696
0.9858524156484476,0.1676156751623209
0.9858747081227934,0.16748450639923904
0.9858969789415436,0.16735335943427465
0.9859192281145881,0.1672222342690552
0.9859414556518153,0.16709113090520242
0.9859636615631117,0.1669600493443323
0.9859858458583616,0.1668289895880553
0.9860080085474473,0.16669795163797602
0.9860301496402498,0.16656693549569337
0.9860522691466475,0.16643594116280058
0.9860743670765173,0.1663049686408853
0.9860964434397336,0.16617401793152925
0.9861184982461695,0.16604308903630874
0.9861405315056956,0.16591218195679422
0.9861625432281808,0.16578129669455047
0.986184533423492,0.16565043325113674
0.9862065021014944,0.16551959162810648
0.9862284492720508,0.16538877182700745
0.9862503749450222,0.16525797384938193
0.9862722791302678,0.1651271976967664
0.9862941618376447,0.16499644337069166
0.9863160230770079,0.164865710872683
0.9863378628582108,0.16473500020426
0.9863596811911041,0.1646043113669365
0.9863814780855374,0.1644736443622209
0.986403253551358,0.16434299919161582
0.9864250075984108,0.16421237585661833
0.9864467402365392,0.16408177435871982
0.9864684514755845,0.1639511946994061
0.9864901413253858,0.16382063688015736
0.9865118097957806,0.1636901009024482
0.9865334568966041,0.1635595867677476
0.9865550826376893,0.16342909447751883
0.9865766870288681,0.16329862403321982
0.9865982700799691,0.1631681754363026
0.9866198318008202,0.16303774868821386
0.9866413722012461,0.1629073437903945
0.9866628912910707,0.16277696074428008
0.9866843890801145,0.16264659955130034
0.9867058655781974,0.16251626021287957
0.9867273207951361,0.16238594273043644
0.9867487547407461,0.16225564710538412
0.9867701674248405,0.16212537333913016
0.9867915588572302,0.16199512143307657
0.9868129290477249,0.1618648913886198
0.9868342780061313,0.16173468320715081
0.9868556057422545,0.16160449689005496
0.9868769122658977,0.16147433243871198
0.9868981975868616,0.16134418985449622
0.9869194617149456,0.16121406913877642
0.9869407046599461,0.16108397029291582
0.9869619264316585,0.1609538933182721
0.9869831270398752,0.16082383821619736
0.9870043064943873,0.16069380498803837
0.9870254648049834,0.16056379363513626
0.9870466019814502,0.16043380415882658
0.9870677180335724,0.16030383656043948
0.9870888129711325,0.16017389084129963
0.9871098868039112,0.16004396700272616
0.9871309395416867,0.15991406504603267
0.9871519711942356,0.1597841849725273
0.9871729817713323,0.15965432678351277
0.9871939712827491,0.15952449048028625
0.9872149397382558,0.15939467606413935
0.987235887147621,0.15926488353635837
0.9872568135206105,0.15913511289822407
0.9872777188669883,0.15900536415101174
0.9872986031965164,0.15887563729599116
0.9873194665189547,0.1587459323344268
0.9873403088440611,0.15861624926757756
0.9873611301815907,0.15848658809669686
0.9873819305412974,0.15835694882303275
0.9874027099329326,0.1582273314478278
0.987423468366246,0.15809773597231924
0.9874442058509846,0.15796816239773873
0.9874649223968937,0.15783861072531255
0.9874856180137164,0.1577090809562616
0.9875062927111936,0.15757957309180126
0.9875269464990645,0.15745008713314168
0.9875475793870656,0.15732062308148734
0.9875681913849318,0.1571911809380375
0.9875887825023956,0.15706176070398595
0.9876093527491873,0.15693236238052108
0.9876299021350358,0.15680298596882594
0.9876504306696667,0.15667363147007807
0.9876709383628046,0.15654429888544974
0.9876914252241713,0.15641498821610778
0.9877118912634868,0.1562856994632136
0.9877323364904688,0.1561564326279233
0.9877527609148331,0.15602718771138763
0.9877731645462929,0.1558979647147519
0.9877935473945598,0.155768763639156
0.9878139094693432,0.15563958448573467
0.9878342507803499,0.15551042725561706
0.9878545713372852,0.15538129194992717
0.9878748711498516,0.1552521785697834
0.9878951502277502,0.15512308711629913
0.9879154085806793,0.1549940175905821
0.9879356462183352,0.15486496999373486
0.9879558631504124,0.15473594432685464
0.9879760593866032,0.1546069405910333
0.987996234936597,0.1544779587873574
0.9880163898100822,0.1543489989169081
0.9880365240167442,0.15422006098076133
0.9880566375662664,0.15409114497998766
0.9880767304683304,0.15396225091565247
0.9880968027326152,0.15383337878881562
0.988116854368798,0.15370452860053185
0.9881368853865535,0.15357570035185053
0.9881568957955542,0.1534468940438157
0.9881768856054712,0.15331810967746626
0.9881968548259723,0.1531893472538356
0.988216803466724,0.15306060677395203
0.98823673153739,0.15293188823883852
0.9882566390476324,0.15280319164951267
0.9882765260071107,0.15267451700698695
0.9882963924254824,0.15254586431226852
0.9883162383124027,0.15241723356635922
0.9883360636775248,0.15228862477025573
0.9883558685304995,0.15216003792494937
0.9883756528809756,0.1520314730314263
0.9883954167385994,0.1519029300906674
0.9884151601130157,0.15177440910364834
0.9884348830138661,0.15164591007133946
0.9884545854507909,0.151517432994706
0.9884742674334275,0.15138897787470784
0.9884939289714116,0.15126054471229972
0.9885135700743768,0.15113213350843116
0.9885331907519537,0.1510037442640464
0.9885527910137716,0.15087537698008455
0.9885723708694568,0.1507470316574794
0.9885919303286342,0.15061870829715965
0.9886114694009259,0.15049040690004872
0.9886309880959518,0.15036212746706493
0.9886504864233301,0.15023386999912122
0.9886699643926761,0.15010563449712555
0.9886894220136032,0.14997742096198058
0.9887088592957228,0.1498492293945838
0.9887282762486437,0.14972105979582756
0.9887476728819725,0.14959291216659895
0.9887670492053139,0.14946478650778
0.9887864052282701,0.14933668282024756
0.988805740960441,0.1492086011048732
0.9888250564114245,0.14908054136252344
0.9888443515908162,0.14895250359405965
0.9888636265082091,0.14882448780033802
0.9888828811731947,0.14869649398220958
0.9889021155953616,0.14856852214052021
0.9889213297842961,0.1484405722761107
0.9889405237495831,0.14831264438981673
0.9889596975008044,0.14818473848246874
0.9889788510475397,0.14805685455489212
0.9889979843993667,0.14792899260790712
0.9890170975658605,0.14780115264232888
0.9890361905565948,0.14767333465896743
0.9890552633811396,0.14754553865862766
0.9890743160490639,0.1474177646421094
0.9890933485699341,0.14729001261020735
0.9891123609533139,0.1471622825637111
0.9891313532087651,0.14703457450340518
0.9891503253458471,0.14690688843006897
0.9891692773741174,0.14677922434447685
0.9891882093031308,0.14665158224739802
0.98920712114244,0.1465239621395967
0.9892260129015953,0.14639636402183195
0.9892448845901448,0.14626878789485784
0.9892637362176346,0.14614123375942328
0.9892825677936077,0.14601370161627217
0.989301379327606,0.1458861914661434
0.9893201708291679,0.1457587033097707
0.9893389423078307,0.14563123714788284
0.9893576937731282,0.14550379298120344
0.989376425234593,0.14537637081045118
0.9893951367017547,0.14524897063633974
0.9894138281841407,0.14512159245957754
0.9894324996912764,0.14499423628086816
0.9894511512326849,0.1448669021009102
0.9894697828178863,0.14473958992039698
0.9894883944563997,0.14461229974001716
0.9895069861577404,0.144485031560454
0.9895255579314225,0.14435778538238608
0.9895441097869574,0.14423056120648675
0.989562641733854,0.14410335903342444
0.9895811537816195,0.1439761788638626
0.9895996459397578,0.14384902069845965
0.9896181182177716,0.14372188453786902
0.9896365706251605,0.14359477038273916
0.9896550031714222,0.14346767823371354
0.9896734158660516,0.14334060809143065
0.989691808718542,0.143213559956524
0.9897101817383837,0.14308653382962208
0.989728534935065,0.1429595297113485
0.9897468683180718,0.1428325476023219
0.9897651818968876,0.1427055875031558
0.989783475680994,0.14257864941445897
0.9898017496798696,0.1424517333368351
0.9898200039029912,0.14232483927088307
0.9898382383598328,0.1421979672171966
0.9898564530598666,0.14207111717636464
0.989874648012562,0.14194428914897114
0.9898928232273861,0.1418174831355951
0.9899109787138042,0.14169069913681065
0.9899291144812787,0.14156393715318696
0.9899472305392696,0.14143719718528824
0.989965326897235,0.1413104792336739
0.9899834035646303,0.14118378329889827
0.9900014605509088,0.1410571093815109
0.9900194978655209,0.14093045748205632
0.9900375155179156,0.14080382760107438
0.9900555135175386,0.14067721973909972
0.9900734918738338,0.14055063389666234
0.9900914505962426,0.14042407007428723
0.9901093896942038,0.1402975282724945
0.9901273091771541,0.14017100849179942
0.9901452090545281,0.14004451073271237
0.9901630893357575,0.13991803499573882
0.9901809500302718,0.1397915812813794
0.9901987911474982,0.13966514959012985
0.9902166126968615,0.13953873992248106
0.9902344146877842,0.13941235227891907
0.9902521971296864,0.1392859866599251
0.9902699600319855,0.1391596430659754
0.9902877034040973,0.13903332149754147
0.9903054272554342,0.13890702195508997
0.9903231315954071,0.1387807444390827
0.9903408164334241,0.1386544889499766
0.9903584817788907,0.13852825548822378
0.9903761276412106,0.13840204405427153
0.9903937540297847,0.13827585464856237
0.9904113609540114,0.1381496872715339
0.9904289484232874,0.13802354192361901
0.9904465164470061,0.13789741860524568
0.9904640650345592,0.1377713173168372
0.9904815941953354,0.13764523805881185
0.9904991039387215,0.13751918083158332
0.9905165942741018,0.1373931456355604
0.9905340652108581,0.13726713247114716
0.9905515167583697,0.13714114133874275
0.9905689489260139,0.13701517223874168
0.990586361723165,0.13688922517153357
0.9906037551591954,0.13676330013750332
0.9906211292434748,0.13663739713703102
0.9906384839853707,0.136511516170492
0.990655819394248,0.1363856572382569
0.990673135479469,0.13625982034069148
0.9906904322503944,0.1361340054781568
0.9907077097163814,0.13600821265100915
0.9907249678867855,0.13588244185960005
0.9907422067709599,0.1357566931042764
0.9907594263782545,0.13563096638538016
0.9907766267180177,0.13550526170324867
0.9907938077995949,0.13537957905821452
0.9908109696323294,0.13525391845060555
0.990828112225562,0.1351282798807449
0.9908452355886311,0.13500266334895097
0.9908623397308723,0.13487706885553746
0.9908794246616192,0.13475149640081324
0.990896490390203,0.13462594598508268
0.990913536925952,0.13450041760864523
0.9909305642781925,0.1343749112717958
0.9909475724562482,0.13424942697482445
0.9909645614694403,0.13412396471801669
0.9909815313270878,0.1339985245016532
0.9909984820385069,0.13387310632601013
0.9910154136130114,0.13374771019135875
0.9910323260599133,0.13362233609796584
0.9910492193885211,0.13349698404609334
0.9910660936081417,0.13337165403599863
0.9910829487280791,0.1332463460679344
0.9910997847576349,0.13312106014214858
0.9911166017061087,0.13299579625888458
0.9911333995827968,0.13287055441838108
0.9911501783969938,0.13274533462087207
0.9911669381579915,0.1326201368665869
0.9911836788750793,0.1324949611557504
0.991200400557544,0.13236980748858257
0.9912171032146702,0.1322446758652989
0.9912337868557398,0.13211956628611018
0.9912504514900323,0.13199447875122255
0.9912670971268249,0.13186941326083768
0.9912837237753922,0.13174436981515242
0.9913003314450064,0.13161934841435907
0.9913169201449368,0.13149434905864532
0.9913334898844509,0.13136937174819432
0.9913500406728133,0.13124441648318447
0.9913665725192861,0.1311194832637896
0.991383085433129,0.13099457209017906
0.9913995794235996,0.13086968296251753
0.9914160544999525,0.13074481588096498
0.9914325106714398,0.13061997084567695
0.9914489479473115,0.13049514785680436
0.9914653663368149,0.13037034691449348
0.9914817658491949,0.1302455680188861
0.9914981464936938,0.13012081117011934
0.9915145082795513,0.12999607636832577
0.991530851216005,0.1298713636136335
0.9915471753122895,0.1297466729061659
0.9915634805776375,0.12962200424604195
0.9915797670212787,0.12949735763337594
0.9915960346524406,0.12937273306827773
0.9916122834803479,0.1292481305508525
0.9916285135142229,0.12912355008120094
0.9916447247632859,0.1289989916594193
0.991660917236754,0.12887445528559915
0.9916770909438419,0.1287499409598276
0.9916932458937622,0.1286254486821872
0.9917093820957248,0.12850097845275602
0.991725499558937,0.1283765302716076
0.9917415982926034,0.12825210413881083
0.9917576783059268,0.12812770005443028
0.9917737396081064,0.12800331801852594
0.99178978220834,0.12787895803115326
0.9918058061158223,0.1277546200923632
0.9918218113397452,0.12763030420220223
0.9918377978892989,0.12750601036071235
0.9918537657736706,0.12738173856793106
0.9918697150020446,0.1272574888238913
0.9918856455836034,0.1271332611286216
0.9919015575275266,0.12700905548214605
0.9919174508429912,0.12688487188448416
0.991933325539172,0.126760710335651
0.991949181625241,0.12663657083565727
0.9919650191103678,0.126512453384509
0.9919808380037194,0.12638835798220802
0.9919966383144599,0.12626428462875144
0.9920124200517519,0.12614023332413213
0.9920281832247544,0.12601620406833838
0.9920439278426243,0.1258921968613541
0.9920596539145161,0.12576821170315874
0.9920753614495814,0.12564424859372725
0.9920910504569697,0.1255203075330303
0.9921067209458274,0.12539638852103396
0.9921223729252988,0.12527249155769993
0.9921380064045259,0.12514861664298557
0.9921536213926473,0.12502476377684374
0.9921692178987996,0.12490093295922283
0.992184795932117,0.12477712419006694
0.9922003555017307,0.1246533374693157
0.9922158966167699,0.12452957279690437
0.9922314192863606,0.12440583017276373
0.9922469235196266,0.1242821095968202
0.9922624093256894,0.1241584110689959
0.9922778767136676,0.12403473458920845
0.9922933256926773,0.12391108015737111
0.9923087562718318,0.12378744777339273
0.9923241684602422,0.12366383743717786
0.9923395622670171,0.12354024914862664
0.9923549377012624,0.1234166829076348
0.9923702947720812,0.12329313871409374
0.9923856334885743,0.12316961656789051
0.9924009538598398,0.12304611646890777
0.9924162558949735,0.12292263841702382
0.9924315396030683,0.12279918241211264
0.9924468049932148,0.12267574845404386
0.9924620520745007,0.12255233654268274
0.9924772808560115,0.1224289466778902
0.9924924913468298,0.12230557885952284
0.9925076835560358,0.12218223308743292
0.9925228574927073,0.12205890936146839
0.9925380131659189,0.12193560768147281
0.9925531505847435,0.12181232804728549
0.9925682697582506,0.1216890704587414
0.9925833706955078,0.1215658349156712
0.9925984534055794,0.12144262141790119
0.9926135178975278,0.1213194299652534
0.9926285641804127,0.12119626055754561
0.9926435922632906,0.12107311319459121
0.9926586021552158,0.12094998787619932
0.9926735938652406,0.12082688460217479
0.9926885674024138,0.12070380337231817
0.9927035227757821,0.12058074418642575
0.9927184599943893,0.12045770704428947
0.9927333790672771,0.12033469194569708
0.9927482800034841,0.12021169889043197
0.9927631628120466,0.12008872787827335
0.9927780275019981,0.11996577890899607
0.9927928740823695,0.11984285198237075
0.9928077025621894,0.1197199470981638
0.9928225129504836,0.11959706425613736
0.9928373052562754,0.11947420345604927
0.9928520794885852,0.11935136469765313
0.992866835656431,0.11922854798069832
0.9928815737688282,0.11910575330493
0.9928962938347898,0.11898298067008907
0.9929109958633258,0.11886023007591213
0.9929256798634436,0.11873750152213164
0.9929403458441485,0.11861479500847588
0.9929549938144427,0.11849211053466875
0.9929696237833259,0.11836944810043006
0.9929842357597951,0.11824680770547533
0.9929988297528449,0.11812418934951592
0.9930134057714675,0.11800159303225898
0.9930279638246517,0.11787901875340742
0.9930425039213844,0.11775646651265996
0.9930570260706496,0.11763393630971118
0.9930715302814287,0.11751142814425138
0.9930860165627003,0.11738894201596671
0.993100484923441,0.11726647792453915
0.993114935372624,0.1171440358696465
0.9931293679192201,0.11702161585096232
0.993143782572198,0.1168992178681561
0.9931581793405231,0.11677684192089308
0.9931725582331585,0.11665448800883434
0.9931869192590645,0.11653215613163681
0.9932012624271993,0.1164098462889533
0.9932155877465173,0.11628755848043237
0.9932298952259717,0.11616529270571854
0.9932441848745119,0.11604304896445208
0.9932584567010856,0.11592082725626919
0.9932727107146369,0.11579862758080188
0.9932869469241081,0.11567644993767806
0.9933011653384384,0.11555429432652146
0.9933153659665644,0.11543216074695171
0.9933295488174205,0.11531004919858437
0.9933437138999377,0.11518795968103071
0.993357861223045,0.11506589219389808
0.9933719907956683,0.11494384673678955
0.9933861026267313,0.11482182330930421
0.9934001967251548,0.11469982191103695
0.993414273099857,0.11457784254157859
0.9934283317597532,0.11445588520051585
0.9934423727137565,0.11433394988743134
0.9934563959707771,0.11421203660190357
0.9934704015397227,0.114090145343507
0.9934843894294978,0.11396827611181196
0.9934983596490049,0.11384642890638469
0.9935123122071438,0.11372460372678742
0.9935262471128113,0.11360280057257822
0.9935401643749017,0.11348101944331115
0.9935540640023068,0.11335926033853619
0.9935679460039154,0.11323752325779919
0.9935818103886139,0.11311580820064202
0.993595657165286,0.11299411516660247
0.9936094863428127,0.11287244415521427
0.9936232979300723,0.1127507951660071
0.9936370919359405,0.11262916819850656
0.9936508683692902,0.11250756325223425
0.9936646272389918,0.11238598032670775
0.9936783685539133,0.11226441942144057
0.9936920923229194,0.11214288053594215
0.9937057985548725,0.11202136366971797
0.9937194872586322,0.11189986882226949
0.9937331584430557,0.11177839599309404
0.9937468121169971,0.11165694518168506
0.9937604482893081,0.1115355163875319
0.9937740669688377,0.11141410961011995
0.9937876681644325,0.11129272484893056
0.9938012518849358,0.11117136210344106
0.9938148181391887,0.11105002137312481
0.9938283669360293,0.11092870265745118
0.9938418982842934,0.11080740595588552
0.9938554121928137,0.11068613126788922
0.9938689086704205,0.11056487859291964
0.9938823877259417,0.11044364793043024
0.9938958493682019,0.1103224392798704
0.9939092936060231,0.11020125264068559
0.993922720448225,0.11008008801231729
0.9939361299036246,0.10995894539420306
0.9939495219810356,0.10983782478577638
0.9939628966892696,0.10971672618646686
0.9939762540371357,0.10959564959570017
0.9939895940334396,0.10947459501289798
0.9940029166869847,0.10935356243747801
0.9940162220065716,0.10923255186885403
0.9940295100009987,0.10911156330643593
0.994042780679061,0.1089905967496296
0.994056034049551,0.10886965219783698
0.9940692701212587,0.10874872965045612
0.9940824889029715,0.10862782910688117
0.9940956904034736,0.10850695056650228
0.9941088746315468,0.10838609402870569
0.9941220415959706,0.1082652594928738
0.9941351913055211,0.10814444695838502
0.9941483237689722,0.1080236564246139
0.9941614389950946,0.107902887890931
0.9941745369926569,0.10778214135670307
0.9941876177704246,0.10766141682129295
0.9942006813371606,0.1075407142840595
0.994213727701625,0.10742003374435775
0.9942267568725754,0.10729937520153889
0.9942397688587666,0.10717873865495015
0.9942527636689508,0.10705812410393488
0.9942657413118771,0.10693753154783259
0.9942787017962921,0.10681696098597887
0.9942916451309398,0.1066964124177055
0.9943045713245617,0.10657588584234036
0.994317480385896,0.10645538125920741
0.9943303723236788,0.10633489866762688
0.9943432471466427,0.10621443806691501
0.9943561048635187,0.10609399945638429
0.9943689454830338,0.10597358283534324
0.9943817690139134,0.10585318820309667
0.9943945754648795,0.10573281555894548
0.9944073648446518,0.1056124649021867
0.9944201371619469,0.1054921362321136
0.9944328924254788,0.10537182954801558
0.9944456306439591,0.10525154484917816
0.9944583518260962,0.10513128213488311
0.9944710559805959,0.10501104140440835
0.9944837431161617,0.10489082265702801
0.9944964132414937,0.10477062589201233
0.99450906636529,0.10465045110862785
0.9945217024962452,0.10453029830613718
0.9945343216430516,0.10441016748379921
0.9945469238143991,0.10429005864086904
0.994559509018974,0.10416997177659788
0.9945720772654609,0.10404990689023326
0.9945846285625406,0.10392986398101883
0.994597162918892,0.1038098430481945
0.9946096803431911,0.1036898440909964
0.9946221808441109,0.10356986710865687
0.9946346644303217,0.10344991210040443
0.9946471311104912,0.10332997906546393
0.9946595808932845,0.10321006800305635
0.9946720137873637,0.10309017891239895
0.9946844298013883,0.10297031179270524
0.994696828944015,0.10285046664318497
0.9947092112238979,0.10273064346304407
0.994721576649688,0.1026108422514848
0.9947339252300339,0.10249106300770564
0.9947462569735814,0.10237130573090134
0.9947585718889734,0.10225157042026285
0.9947708699848504,0.10213185707497748
0.99478315126985,0.10201216569422873
0.9947954157526065,0.10189249627719642
0.9948076634417526,0.1017728488230566
0.9948198943459171,0.1016532233309816
0.9948321084737266,0.10153361980014006
0.9948443058338051,0.1014140382296969
0.9948564864347735,0.1012944786188133
0.9948686502852503,0.10117494096664675
0.9948807973938508,0.10105542527235103
0.9948929277691878,0.10093593153507623
0.9949050414198716,0.1008164597539687
0.9949171383545093,0.10069700992817116
0.9949292185817056,0.10057758205682256
0.9949412821100619,0.10045817613905823
0.9949533289481778,0.10033879217400979
0.9949653591046491,0.10021943016080515
0.9949773725880696,0.10010009009856859
0.9949893694070301,0.0999807719864207
0.9950013495701183,0.09986147582347837
0.9950133130859198,0.09974220160885484
0.9950252599630167,0.09962294934165972
0.9950371902099893,0.09950371902099893
0.9950491038354138,0.09938451064597467
0.995061000847865,0.09926532421568561
0.9950728812559142,0.09914615972922669
0.9950847450681299,0.09902701718568921
0.9950965922930783,0.09890789658416084
0.9951084229393224,0.09878879792372561
0.9951202370154226,0.09866972120346391
0.9951320345299364,0.09855066642245248
0.9951438154914188,0.09843163357976448
0.9951555799084219,0.09831262267446937
0.9951673277894949,0.09819363370563305
0.9951790591431845,0.09807466667231778
0.9951907739780342,0.09795572157358219
0.9952024723025854,0.09783679840848132
0.9952141541253761,0.09771789717606658
0.9952258194549417,0.09759901787538579
0.995237468299815,0.09748016050548314
0.9952491006685259,0.09736132506539927
0.9952607165696016,0.0972425115541712
0.9952723160115665,0.09712371997083234
0.9952838990029419,0.09700495031441252
0.995295465552247,0.096886202583938
0.9953070156679977,0.09676747677843146
0.9953185493587071,0.09664877289691198
0.9953300666328859,0.09653009093839508
0.9953415674990418,0.0964114309018927
0.9953530519656796,0.09629279278641324
0.9953645200413016,0.09617417659096149
0.995375971734407,0.09605558231453867
0.9953874070534924,0.09593700995614253
0.9953988260070518,0.0958184595147672
0.995410228603576,0.09569993098940323
0.9954216148515533,0.09558142437903769
0.9954329847594694,0.09546293968265407
0.9954443383358067,0.09534447689923234
0.9954556755890448,0.09522603602774887
0.9954669965276616,0.0951076170671766
0.9954783011601306,0.09498922001648485
0.9954895894949238,0.09487084487463948
0.9955008615405099,0.09475249164060276
0.9955121173053547,0.09463416031333347
0.9955233567979214,0.09451585089178688
0.9955345800266704,0.09439756337491477
0.9955457870000591,0.09427929776166534
0.9955569777265427,0.09416105405098335
0.9955681522145727,0.09404283224181001
0.9955793104725987,0.09392463233308308
0.9955904525090669,0.09380645432373677
0.9956015783324209,0.09368829821270182
0.9956126879511018,0.09357016399890551
0.9956237813735471,0.09345205168127158
0.9956348586081926,0.0933339612587203
0.9956459196634704,0.0932158927301685
0.9956569645478102,0.0930978460945295
0.9956679932696388,0.09297982135071313
0.9956790058373803,0.09286181849762579
0.9956900022594559,0.09274383753417037
0.9957009825442842,0.09262587845924636
0.9957119467002806,0.09250794127174974
0.9957228947358582,0.09239002597057307
0.9957338266594268,0.09227213255460538
0.9957447424793938,0.09215426102273234
0.9957556422041635,0.09203641137383614
0.9957665258421377,0.09191858360679554
0.995777393401715,0.09180077772048581
0.9957882448912917,0.09168299371377882
0.995799080319261,0.09156523158554306
0.995809899694013,0.09144749133464349
0.9958207030239357,0.0913297729599417
0.9958314903174137,0.09121207646029586
0.995842261582829,0.09109440183456072
0.9958530168285608,0.09097674908158758
0.9958637560629855,0.09085911820022437
0.9958744792944768,0.0907415091893156
0.9958851865314053,0.09062392204770237
0.9958958777821391,0.09050635677422232
0.9959065530550432,0.09038881336770982
0.9959172123584799,0.09027129182699571
0.9959278557008088,0.09015379215090755
0.9959384830903866,0.0900363143382694
0.9959490945355672,0.08991885838790205
0.9959596900447019,0.08980142429862281
0.9959702696261385,0.08968401206924567
0.9959808332882232,0.08956662169858122
0.9959913810392977,0.08944925318543666
0.9960019128877026,0.08933190652861588
0.9960124288417744,0.08921458172691932
0.9960229289098476,0.08909727877914413
0.9960334131002535,0.08897999768408409
0.9960438814213207,0.0888627384405296
0.9960543338813749,0.0887455010472677
0.9960647704887389,0.08862828550308208
0.996075191251733,0.08851109180675315
0.9960855961786744,0.08839391995705789
0.9960959852778777,0.08827676995276999
0.9961063585576542,0.08815964179265978
0.9961167160263129,0.08804253547549429
0.9961270576921601,0.08792545100003721
0.9961373835634987,0.08780838836504885
0.996147693648629,0.08769134756928626
0.9961579879558484,0.08757432861150316
0.9961682664934521,0.08745733149044996
0.9961785292697317,0.08734035620487368
0.9961887762929763,0.08722340275351816
0.996199007571472,0.08710647113512382
0.9962092231135025,0.08698956134842785
0.9962194229273481,0.0868726733921641
0.9962296070212867,0.08675580726506313
0.9962397754035932,0.08663896296585222
0.9962499280825398,0.08652214049325536
0.9962600650663954,0.08640533984599322
0.9962701863634269,0.08628856102278323
0.9962802919818978,0.08617180402233952
0.9962903819300688,0.08605506884337295
0.9963004562161978,0.0859383554845911
0.9963105148485402,0.08582166394469827
0.996320557835348,0.08570499422239553
0.996330585184871,0.08558834631638065
0.9963405969053554,0.08547172022534812
0.9963505930050452,0.08535511594798922
0.9963605734921815,0.08523853348299196
0.9963705383750023,0.08512197282904113
0.996380487661743,0.08500543398481819
0.9963904213606359,0.08488891694900143
0.9964003394799108,0.08477242172026588
0.9964102420277944,0.08465594829728332
0.9964201290125106,0.08453949667872228
0.9964300004422807,0.08442306686324812
0.9964398563253228,0.08430665884952292
0.9964496966698526,0.08419027263620556
0.9964595214840826,0.08407390822195165
0.9964693307762225,0.08395756560541366
0.9964791245544793,0.08384124478524078
0.9964889028270569,0.08372494576007905
0.9964986656021568,0.08360866852857121
0.9965084128879776,0.08349241308935688
0.9965181446927145,0.08337617944107245
0.9965278610245606,0.08325996758235112
0.9965375618917053,0.08314377751182286
0.9965472473023361,0.08302760922811447
0.996556917264637,0.08291146272984956
0.9965665717867895,0.08279533801564858
0.9965762108769721,0.08267923508412875
0.9965858345433606,0.08256315393390413
0.9965954427941276,0.08244709456358565
0.9966050356374432,0.08233105697178099
0.9966146130814745,0.08221504115709469
0.9966241751343861,0.08209904711812814
0.9966337218043391,0.08198307485347957
0.9966432530994923,0.08186712436174402
0.9966527690280015,0.08175119564151338
0.9966622695980195,0.08163528869137641
0.9966717548176968,0.08151940350991872
0.9966812246951801,0.08140354009572273
0.9966906792386141,0.08128769844736777
0.9967001184561401,0.08117187856342997
0.996709542355897,0.08105608044248237
0.9967189509460208,0.0809403040830949
0.9967283442346441,0.08082454948383426
0.9967377222298974,0.08070881664326413
0.9967470849399077,0.08059310555994498
0.9967564323727997,0.08047741623243422
0.9967657645366949,0.08036174865928611
0.9967750814397119,0.0802461028390518
0.9967843830899669,0.08013047877027935
0.9967936694955727,0.08001487645151367
0.9968029406646397,0.0798992958812966
0.996812196605275,0.07978373705816685
0.9968214373255831,0.07966819998066006
0.9968306628336661,0.07955268464730877
0.996839873137622,0.07943719105664238
0.9968490682455474,0.07932171920718725
0.9968582481655351,0.07920626909746668
0.9968674129056755,0.07909084072600081
0.9968765624740555,0.07897543409130671
0.9968856968787603,0.07886004919189848
0.9968948161278709,0.078744686026287
0.9969039202294664,0.07862934459298015
0.9969130091916228,0.07851402489048276
0.9969220830224131,0.07839872691729657
0.9969311417299075,0.07828345067192026
0.9969401853221735,0.07816819615284946
0.9969492138072754,0.07805296335857673
0.9969582271932751,0.0779377522875916
0.9969672254882314,0.07782256293838055
0.9969762087001999,0.07770739530942697
0.996985176837234,0.07759224939921126
0.9969941299073837,0.07747712520621078
0.9970030679186965,0.07736202272889983
0.9970119908792171,0.07724694196574969
0.9970208987969869,0.0771318829152286
0.9970297916800446,0.07701684557580175
0.9970386695364263,0.07690182994593141
0.9970475323741649,0.07678683602407668
0.9970563802012908,0.07667186380869377
0.9970652130258313,0.0765569132982358
0.9970740308558107,0.07644198449115293
0.9970828336992509,0.07632707738589227
0.9970916215641704,0.07621219198089794
0.9971003944585852,0.07609732827461108
0.9971091523905082,0.0759824862654698
0.9971178953679496,0.0758676659519092
0.9971266233989169,0.07575286733236149
0.9971353364914144,0.07563809040525576
0.9971440346534437,0.07552333516901823
0.9971527178930033,0.075408601622072
0.9971613862180894,0.07529388976283734
0.9971700396366947,0.07517919958973143
0.9971786781568095,0.07506453110116858
0.9971873017864208,0.07494988429556002
0.9971959105335132,0.07483525917131406
0.9972045044060679,0.07472065572683607
0.997213083412064,0.07460607396052849
0.997221647559477,0.07449151387079068
0.9972301968562799,0.07437697545601916
0.9972387313104427,0.07426245871460743
0.9972472509299325,0.07414796364494611
0.9972557557227137,0.07403349024542277
0.9972642456967478,0.07391903851442218
0.9972727208599933,0.07380460845032603
0.9972811812204059,0.0736902000515132
0.9972896267859385,0.07357581331635951
0.9972980575645407,0.07346144824323794
0.9973064735641601,0.07334710483051854
0.9973148747927408,0.07323278307656841
0.997323261258224,0.07311848297975172
0.9973316329685482,0.07300420453842975
0.9973399899316492,0.07288994775096085
0.9973483321554597,0.07277571261570047
0.9973566596479092,0.07266149913100112
0.9973649724169253,0.07254730729521246
0.9973732704704316,0.0724331371066812
0.9973815538163497,0.0723189885637512
0.9973898224625979,0.07220486166476336
0.9973980764170916,0.07209075640805573
0.9974063156877434,0.07197667279196347
0.9974145402824635,0.07186261081481886
0.9974227502091583,0.07174857047495124
0.9974309454757321,0.07163455177068714
0.9974391260900859,0.07152055470035021
0.9974472920601181,0.07140657926226116
0.9974554433937238,0.07129262545473787
0.9974635800987962,0.07117869327609538
0.9974717021832243,0.07106478272464582
0.9974798096548951,0.07095089379869848
0.9974879025216926,0.07083702649655979
0.9974959807914977,0.0707231808165333
0.9975040444721887,0.07060935675691975
0.9975120935716406,0.070495554316017
0.997520128097726,0.07038177349212006
0.9975281480583147,0.07026801428352114
0.9975361534612729,0.07015427668850957
0.9975441443144645,0.0700405607053718
0.9975521206257505,0.06992686633239155
0.9975600824029889,0.06981319356784962
0.9975680296540349,0.06969954241002406
0.9975759623867405,0.06958591285719
0.9975838806089555,0.06947230490761983
0.9975917843285261,0.06935871855958306
0.9975996735532962,0.06924515381134644
0.9976075482911063,0.06913161066117388
0.9976154085497942,0.06901808910732644
0.9976232543371956,0.06890458914806248
0.9976310856611419,0.06879111078163744
0.9976389025294625,0.068677654006304
0.997646704949984,0.06856421882031206
0.9976544929305297,0.06845080522190873
0.9976622664789203,0.06833741320933831
0.9976700256029735,0.06822404278084229
0.9976777703105043,0.06811069393465942
0.9976855006093244,0.06799736666902563
0.997693216507243,0.06788406098217409
0.9977009180120665,0.06777077687233518
0.997708605131598,0.06765751433773652
0.9977162778736383,0.06754427337660295
0.9977239362459844,0.06743105398715654
0.9977315802564316,0.06731785616761661
0.9977392099127713,0.06720467991619969
0.9977468252227926,0.06709152523111957
0.9977544261942818,0.06697839211058733
0.9977620128350216,0.06686528055281117
0.9977695851527927,0.06675219055599668
0.9977771431553721,0.06663912211834662
0.9977846868505348,0.06652607523806105
0.9977922162460522,0.06641304991333724
0.9977997313496931,0.06630004614236976
0.9978072321692233,0.06618706392335041
0.997814718712406,0.06607410325446834
0.9978221909870012,0.06596116413390987
0.9978296490007661,0.06584824655985866
0.9978370927614552,0.0657353505304956
0.9978445222768199,0.06562247604399891
0.9978519375546087,0.06550962309854406
0.9978593386025675,0.06539679169230381
0.997866725428439,0.06528398182344822
0.9978740980399632,0.06517119349014462
0.9978814564448772,0.06505842669055767
0.9978888006509151,0.06494568142284929
0.9978961306658083,0.06483295768517873
0.9979034464972851,0.06472025547570252
0.9979107481530709,0.06460757479257451
0.9979180356408888,0.06449491563394585
0.9979253089684583,0.06438227799796505
0.9979325681434961,0.06426966188277786
0.9979398131737164,0.06415706728652738
0.9979470440668304,0.06404449420735406
0.9979542608305461,0.06393194264339563
0.997961463472569,0.06381941259278719
0.9979686520006015,0.06370690405366113
0.9979758264223432,0.06359441702414718
0.9979829867454908,0.06348195150237246
0.9979901329777381,0.06336950748646135
0.997997265126776,0.06325708497453562
0.9980043832002925,0.06314468396471438
0.9980114872059729,0.06303230445511408
0.9980185771514994,0.06291994644384852
0.9980256530445513,0.06280760992902885
0.9980327148928051,0.06269529490876359
0.9980397627039345,0.06258300138115862
0.9980467964856103,0.06247072934431716
0.9980538162455,0.06235847879633982
0.9980608219912691,0.06224624973532458
0.9980678137305791,0.06213404215936677
0.9980747914710897,0.06202185606655911
0.9980817552204568,0.06190969145499169
0.9980887049863341,0.061797548322751986
0.9980956407763718,0.061685426667924856
0.9981025625982177,0.06157332648859254
0.9981094704595168,0.06146124778283467
0.9981163643679107,0.06134919054872827
0.9981232443310385,0.06123715478434776
0.9981301103565361,0.06112514048776495
0.998136962452037,0.06101314765704906
0.9981438006251714,0.060901176290266715
0.9981506248835668,0.06078922638548194
0.9981574352348473,0.060677297940756166
0.9981642316866354,0.06056539095414824
0.9981710142465493,0.06045350542371443
0.9981777829222049,0.06034164134750842
0.9981845377212156,0.06022979872358131
0.9981912786511911,0.06011797754998161
0.9981980057197389,0.06000617782475529
0.9982047189344632,0.05989439954594574
0.9982114183029654,0.05978264271159376
0.9982181038328444,0.05967090731973759
0.9982247755316956,0.05955919336841295
0.9982314334071117,0.059447500855652945
0.998238077466683,0.059335829779488154
0.9982447077179964,0.0592241801379466
0.9982513241686359,0.05911255192905375
0.9982579268261828,0.05900094515083253
0.9982645156982154,0.058889359801303325
0.9982710907923094,0.05877779587848395
0.9982776521160373,0.05866625338038973
0.9982841996769688,0.05855473230503343
0.9982907334826705,0.05844323265042524
0.9982972535407068,0.058331754414572896
0.9983037598586382,0.05822029759548154
0.9983102524440233,0.05810886219115386
0.9983167313044172,0.057997448199589956
0.9983231964473723,0.05788605561878743
0.9983296478804381,0.05777468444674139
0.9983360856111613,0.05766333468144442
0.9983425096470853,0.05755200632088655
0.9983489199957513,0.05744069936305539
0.9983553166646971,0.057329413805935966
0.9983616996614578,0.05721814964751086
0.9983680689935657,0.057106906885760096
0.9983744246685498,0.05699568551866126
0.9983807666939367,0.056884485544189414
0.9983870950772499,0.056773306960317134
0.9983934098260099,0.05666214976501451
0.9983997109477346,0.05655101395624915
0.9984059984499388,0.056439899531986186
0.9984122723401345,0.05632880649018826
0.9984185326258307,0.05621773482881553
0.9984247793145337,0.0561066845458257
0.9984310124137465,0.055995655639174
0.99843723193097,0.05588464810681319
0.9984434378737015,0.05577366194669357
0.9984496302494354,0.055662697156762954
0.998455809065664,0.055551753734966736
0.9984619743298756,0.05544083167924782
0.9984681260495567,0.05532993098754668
0.9984742642321899,0.05521905165780132
0.9984803888852558,0.05510819368794732
0.9984865000162316,0.05499735707591779
0.9984925976325916,0.054886541819643406
0.9984986817418076,0.05477574791705242
0.9985047523513481,0.05466497536607064
0.9985108094686789,0.05455422416462141
0.9985168531012628,0.054443494310625694
0.99852288325656,0.054332785802002
0.9985288999420275,0.05422209863666641
0.9985349031651196,0.054111432812532584
0.9985408929332876,0.05400078832751176
0.99854686925398,0.053890165179512776
0.9985528321346422,0.05377956336644205
0.998558781582717,0.05366898288620357
0.9985647176056444,0.053558423736698946
0.998570640210861,0.053447885915827345
0.9985765494058009,0.05333736942148557
0.9985824451978954,0.053226874251568
0.9985883275945727,0.05311640040396663
0.998594196603258,0.053005947876571036
0.9986000522313739,0.05289551666726844
0.9986058944863402,0.05278510677394364
0.9986117233755731,0.05267471819447906
0.9986175389064869,0.05256435092675475
0.9986233410864924,0.052454004968648396
0.9986291299229976,0.05234368031803524
0.9986349054234078,0.05223337697278822
0.9986406675951252,0.052123094930777866
0.998646416445549,0.05201283418987235
0.9986521519820759,0.05190259474793746
0.9986578742120996,0.05179237660283664
0.9986635831430108,0.05168217975243098
0.9986692787821975,0.0515720041945792
0.9986749611370443,0.05146184992713763
0.9986806302149335,0.0513517169479603
0.9986862860232442,0.05124160525489887
0.9986919285693528,0.05113151484580265
0.998697557860633,0.05102144571851862
0.9987031739044548,0.05091139787089138
0.9987087767081864,0.05080137130076323
0.9987143662791921,0.050691366005974126
0.9987199426248342,0.05058138198436168
0.9987255057524713,0.05047141923376116
0.9987310556694602,0.05036147775200555
0.9987365923831534,0.05025155753692547
0.9987421159009016,0.050141658586349225
0.9987476262300523,0.05003178089810281
0.99875312337795,0.04992192447000989
0.9987586073519364,0.04981208929989184
0.9987640781593505,0.04970227538556768
0.9987695358075279,0.04959248272485416
0.9987749803038022,0.04948271131556572
0.9987804116555031,0.04937296115551448
0.9987858298699579,0.04926323224251026
0.9987912349544913,0.049153524574360584
0.9987966269164245,0.0490438381488707
0.9988020057630764,0.04893417296384355
0.9988073715017627,0.04882452901707977
0.9988127241397963,0.04871490630637773
0.9988180636844871,0.048605304829533506
0.9988233901431423,0.048495724584340906
0.9988287035230659,0.048386165568591426
0.9988340038315596,0.04827662778007433
0.9988392910759217,0.04816711121657658
0.9988445652634479,0.04805761587588287
0.9988498264014306,0.04794814175577562
0.9988550744971599,0.047838688854035014
0.9988603095579226,0.04772925716843893
0.998865531591003,0.04761984669676303
0.9988707406036818,0.04751045743678067
0.9988759366032378,0.04740108938626301
0.9988811195969461,0.04729174254297891
0.9988862895920795,0.047182416904695004
0.9988914465959073,0.04707311246917565
0.9988965906156965,0.046963829234183005
0.998901721658711,0.04685456719747697
0.998906839732212,0.04674532635681519
0.9989119448434571,0.046636106709953086
0.998917036999702,0.04652690825464385
0.9989221162081988,0.04641773098863844
0.9989271824761973,0.04630857490968558
0.9989322358109438,0.04619944001553177
0.9989372762196824,0.04609032630392132
0.9989423037096536,0.04598123377259626
0.9989473182880956,0.04587216241929644
0.9989523199622434,0.0457631122417595
0.9989573087393291,0.045654083237720855
0.9989622846265822,0.04554507540491372
0.9989672476312292,0.04543608874106909
0.9989721977604937,0.045327123243915766
0.9989771350215962,0.045218178911180344
0.9989820594217548,0.04510925574058724
0.9989869709681841,0.045000353729858625
0.9989918696680966,0.04489147287671455
0.9989967555287013,0.04478261317887281
0.9990016285572042,0.04467377463404904
0.9990064887608092,0.0445649572399567
0.9990113361467168,0.04445616099430704
0.9990161707221245,0.04434738589480915
0.9990209924942272,0.04423863193916995
0.9990258014702168,0.04412989912509416
0.9990305976572824,0.04402118745028435
0.9990353810626103,0.043912496912440896
0.9990401516933836,0.043803827509262046
0.9990449095567827,0.04369517923844384
0.9990496546599855,0.0435865520976802
0.9990543870101665,0.04347794608466284
0.9990591066144971,0.04336936119708138
0.9990638134801468,0.04326079743262322
0.9990685076142815,0.04315225478897366
0.9990731890240642,0.043043733263815824
0.9990778577166552,0.04293523285483071
0.9990825136992124,0.04282675355969715
0.9990871569788898,0.042718295376091855
0.9990917875628393,0.04260985830168939
0.99909640545821,0.0425014423341622
0.9991010106721474,0.04239304747118056
0.9991056032117946,0.042284673710412654
0.999110183084292,0.04217632104952452
0.9991147502967768,0.042067989486180075
0.9991193048563836,0.041959679018041124
0.9991238467702437,0.04185138964276732
0.9991283760454859,0.041743121358016236
0.9991328926892362,0.04163487416144333
0.9991373967086175,0.041526648050701914
0.9991418881107497,0.04141844302344322
0.9991463669027502,0.04131025907731637
0.9991508330917331,0.041202096209968384
0.9991552866848104,0.041093954419044156
0.9991597276890902,0.04098583370218652
0.9991641561116783,0.04087773405703618
0.9991685719596778,0.04076965548123178
0.9991729752401884,0.040661597972409834
0.9991773659603074,0.040553561528204794
0.999181744127129,0.040445546146249026
0.9991861097477447,0.04033755182417281
0.999190462829243,0.040229578559604344
0.9991948033787091,0.04012162635016974
0.9991991314032265,0.04001369519349305
0.9992034469098745,0.03990578508719624
0.9992077499057306,0.039797896028899216
0.9992120403978686,0.0396900280162198
0.9992163183933599,0.03958218104677377
0.999220583899273,0.03947435511817484
0.9992248369226735,0.03936655022803464
0.9992290774706242,0.039258766373962785
0.9992333055501846,0.03915100355356678
0.9992375211684118,0.03904326176445213
0.9992417243323601,0.038935541004222265
0.9992459150490807,0.03882784127047856
0.9992500933256216,0.03872016256082037
0.9992542591690288,0.03861250487284499
0.9992584125863445,0.038504868204147676
0.9992625535846089,0.03839725255232166
0.9992666821708585,0.03828965791495813
0.9992707983521275,0.038182084289646236
0.9992749021354472,0.03807453167397312
0.9992789935278459,0.037967000065523886
0.9992830725363488,0.037859489461881606
0.9992871391679786,0.03775199986062732
0.9992911934297554,0.0376445312593401
0.9992952353286954,0.037537083655596944
0.9992992648718131,0.037429657046972875
0.9993032820661194,0.03732225143104088
0.9993072869186226,0.03721486680537194
0.9993112794363282,0.03710750316753506
0.9993152596262388,0.037000160515097205
0.9993192274953538,0.036892838845623346
0.9993231830506704,0.03678553815667648
0.9993271262991822,0.036678258445817576
0.9993310572478806,0.03657099971060563
0.9993349759037536,0.03646376194859763
0.999338882273787,0.03635654515734859
0.9993427763649627,0.03624934933441153
0.9993466581842607,0.03614217447733751
0.9993505277386578,0.03603502058367557
0.9993543850351281,0.0359278876509728
0.9993582300806424,0.035820775676774295
0.999362062882169,0.0357136846586232
0.9993658834466733,0.03560661459406066
0.999369691781118,0.03549956548062588
0.9993734878924625,0.03539253731585608
0.9993772717876636,0.03528553009728653
0.9993810434736752,0.035178543822450524
0.9993848029574486,0.03507157848887941
0.999388550245932,0.034964634094102574
0.9993922853460704,0.03485771063564746
0.9993960082648068,0.03475080811103954
0.9993997190090805,0.034643926517802355
0.9994034175858286,0.0345370658534575
0.9994071040019847,0.03443022611552461
0.9994107782644801,0.0343234073015214
0.9994144403802431,0.034216609408963636
0.9994180903561989,0.034109832435365146
0.99942172819927,0.03400307637823783
0.9994253539163764,0.033896341235091665
0.9994289675144346,0.03378962700343467
0.9994325690003586,0.033682933680772964
0.9994361583810597,0.03357626126461075
0.9994397356634459,0.03346960975245028
0.9994433008544228,0.03336297914179191
0.999446853960893,0.03325636943013408
0.999450394989756,0.033149780614973305
0.9994539239479087,0.03304321269380419
0.9994574408422452,0.032936665664119444
0.9994609456796565,0.03283013952340985
0.9994644384670313,0.03272363426916432
0.9994679192112544,0.03261714989886981
0.999471387919209,0.032510686410011445
0.9994748445977745,0.032404243800072396
0.9994782892538279,0.03229782206653398
0.9994817218942432,0.0321914212068756
0.9994851425258918,0.032085041218574764
0.999488551155642,0.03197868209910713
0.9994919477903589,0.03187234384594643
0.9994953324369057,0.03176602645656454
0.9994987051021421,0.03165972992843145
0.9995020657929249,0.03155345425901527
0.9995054145161081,0.03144719944578224
0.9995087512785433,0.03134096548619672
0.9995120760870787,0.03123475237772121
0.9995153889485602,0.031128560117816353
0.9995186898698302,0.031022388703940904
0.9995219788577284,0.030916238133551762
0.9995252559190925,0.030810108404103986
0.9995285210607562,0.030703999513050754
0.999531774289551,0.030597911457843397
0.9995350156123054,0.030491844235931403
0.9995382450358452,0.0303857978447624
0.9995414625669929,0.03027977228178217
0.9995446682125688,0.030173767544434647
0.9995478619793899,0.03006778363016193
0.9995510438742707,0.029961820536404282
0.9995542139040224,0.029855878260600113
0.9995573720754537,0.029749956800186005
0.9995605183953704,0.02964405615259671
0.9995636528705756,0.029538176315265154
0.9995667755078689,0.029432317285622418
0.9995698863140481,0.029326479061097768
0.9995729852959073,0.02922066163911865
0.9995760724602383,0.029114865017110685
0.9995791478138295,0.02900908919249768
0.9995822113634673,0.028903334162701615
0.9995852631159342,0.028797599925142664
0.9995883030780108,0.028691886477239196
0.9995913312564745,0.028586193816407767
0.9995943476580995,0.028480521940063112
0.999597352289658,0.028374870845618183
0.9996003451579184,0.02826924053048412
0.9996033262696472,0.028163630992070265
0.999606295631607,0.028058042227784158
0.9996092532505589,0.027952474235031565
0.9996121991332598,0.027846927011216428
0.9996151332864649,0.02774140055374093
0.9996180557169256,0.027635894860005446
0.9996209664313913,0.027530409927408576
0.9996238654366081,0.02742494575334714
0.9996267527393192,0.027319502335216166
0.9996296283462653,0.02721407967040891
0.999632492264184,0.027108677756316854
0.9996353444998104,0.02700329659032972
0.9996381850598763,0.02689793616983543
0.9996410139511109,0.026792596492220166
0.9996438311802406,0.026687277554868317
0.999646636753989,0.026581979355162537
0.9996494306790769,0.026476701890483713
0.999652212962222,0.026371445158210948
0.9996549836101393,0.02626620915572161
0.9996577426295412,0.02616099388039132
0.9996604900271371,0.026055799329593926
0.9996632258096335,0.025950625500701548
0.9996659499837343,0.02584547239108454
0.9996686625561401,0.025740339998111525
0.999671363533549,0.025635228319149377
0.9996740529226565,0.02553013735156323
0.9996767307301551,0.025425067092716486
0.999679396962734,0.025320017539970808
0.9996820516270803,0.025214988690686127
0.9996846947298779,0.025109980542220637
0.999687326277808,0.02500499309193082
0.9996899462775487,0.024900026337171415
0.9996925547357757,0.02479508027529545
0.9996951516591613,0.02469015490365422
0.9996977370543758,0.024585250219597312
0.9997003109280859,0.024480366220472595
0.999702873286956,0.02437550290362622
0.9997054241376471,0.024270660266402618
0.9997079634868181,0.024165838306144532
0.9997104913411247,0.024061037020192983
0.9997130077072196,0.02395625640588729
0.9997155125917531,0.02385149646056507
0.9997180060013723,0.023746757181562234
0.9997204879427217,0.02364203856621301
0.9997229584224432,0.02353734061184993
0.9997254174471749,0.023432663315803796
0.9997278650235535,0.023328006675403766
0.9997303011582118,0.02322337068797729
0.9997327258577802,0.02311875535085013
0.9997351391288863,0.02301416066134637
0.9997375409781548,0.022909586616788408
0.9997399314122077,0.022805033214496964
0.9997423104376637,0.022700500451791075
0.9997446780611398,0.022595988325988123
0.9997470342892486,0.022491496834403796
0.9997493791286012,0.022387025974352114
0.9997517125858055,0.022282575743145447
0.9997540346674663,0.02217814613809448
0.9997563453801858,0.02207373715650824
0.9997586447305636,0.02196934879569411
0.999760932725196,0.021864981052957786
0.9997632093706769,0.021760633925603328
0.9997654746735973,0.021656307410933138
0.9997677286405451,0.02155200150624796
0.999769971278106,0.021447716208846897
0.9997722025928621,0.021343451516027394
0.9997744225913935,0.021239207425085265
0.9997766312802768,0.021134983933314675
0.9997788286660863,0.021030781038008147
0.9997810147553929,0.02092659873645656
0.9997831895547657,0.020822437025949176
0.9997853530707697,0.020718295903773606
0.9997875053099682,0.02061417536721584
0.999789646278921,0.02051007541356023
0.9997917759841856,0.02040599604008951
0.9997938944323161,0.02030193724408479
0.9997960016298645,0.020197899022825545
0.9997980975833792,0.020093881373589646
0.9998001822994065,0.019989884293653337
0.9998022557844894,0.019885907780291253
0.9998043180451687,0.019781951830776412
0.9998063690879816,0.01967801644238022
0.9998084089194632,0.019574101612372483
0.9998104375461452,0.019470207338021385
0.9998124549745571,0.019366333616593522
0.9998144612112251,0.019262480445353877
0.9998164562626729,0.019158647821565844
0.9998184401354212,0.019054835742491213
0.999820412835988,0.018951044205390174
0.9998223743708885,0.01884727320752133
0.9998243247466351,0.018743522746141706
0.9998262639697375,0.018639792818506723
0.9998281920467024,0.018536083421870207
0.9998301089840336,0.018432394553484426
0.9998320147882328,0.01832872621060005
0.9998339094657979,0.018225078390466175
0.9998357930232249,0.018121451090330316
0.9998376654670061,0.018017844307438413
0.999839526803632,0.01791425803903484
0.9998413770395898,0.0178106922823624
0.9998432161813635,0.017707147034662314
0.9998450442354351,0.017603622293174262
0.9998468612082835,0.017500118055136335
0.9998486671063842,0.017396634317785074
0.9998504619362111,0.017293171078355467
0.9998522457042344,0.017189728334080934
0.9998540184169215,0.01708630608219335
0.9998557800807377,0.016982904319923026
0.9998575307021448,0.01687952304449873
0.999859270287602,0.016776162253147684
0.9998609988435662,0.016672821943095564
0.9998627163764908,0.016569502111566492
0.9998644228928266,0.016466202755783057
0.9998661183990223,0.016362923872966312
0.9998678029015226,0.016259665460335766
0.9998694764067704,0.0161564275151094
0.9998711389212052,0.016053210034503648
0.9998727904512643,0.015950013015733438
0.9998744310033818,0.015846836456012148
0.9998760605839889,0.015743680352551633
0.9998776791995144,0.015640544702562237
0.9998792868563842,0.01553742950325277
0.9998808835610211,0.015434334751830528
0.9998824693198458,0.015331260445501291
0.9998840441392752,0.015228206581469315
0.9998856080257245,0.015125173156937354
0.9998871609856054,0.01502216016910665
0.9998887030253268,0.014919167615176924
0.9998902341512955,0.014816195492346407
0.9998917543699148,0.014713243797811817
0.9998932636875857,0.014610312528768377
0.9998947621107059,0.014507401682409797
0.9998962496456709,0.014404511255928303
0.999897726298873,0.014301641246514616
0.999899192076702,0.014198791651357977
0.9999006469855446,0.014095962467646115
0.9999020910317851,0.013993153692565293
0.9999035242218047,0.013890365323300267
0.999904946561982,0.013787597357034326
0.999906358058693,0.013684849790949265
0.9999077587183104,0.013582122622225402
0.9999091485472046,0.013479415848041578
0.999910527551743,0.013376729465575159
0.9999118957382902,0.013274063472002029
0.9999132531132082,0.013171417864496611
0.9999145996828561,0.013068792640231858
0.9999159354535906,0.012966187796379253
0.9999172604317648,0.012863603330108804
0.9999185746237296,0.012761039238589074
0.9999198780358333,0.012658495518987152
0.9999211706744211,0.01255597216846868
0.9999224525458353,0.012453469184197829
0.9999237236564159,0.012350986563337323
0.9999249840124995,0.012248524303048436
0.9999262336204208,0.01214608240049099
0.9999274724865109,0.012043660852823362
0.9999287006170987,0.011941259657202474
0.9999299180185097,0.011838878810783812
0.9999311246970674,0.011736518310721422
0.9999323206590919,0.011634178154167906
0.999933505910901,0.011531858338274428
0.9999346804588094,0.01142955886019072
0.9999358443091294,0.011327279717065085
0.9999369974681699,0.011225020906044382
0.9999381399422378,0.011122782424274058
0.9999392717376366,0.011020564268898117
0.9999403928606676,0.010918366437059155
0.9999415033176287,0.010816188925898328
0.9999426031148156,0.010714031732555387
0.9999436922585211,0.01061189485416866
0.9999447707550351,0.010509778287875053
0.9999458386106448,0.010407682030810066
0.9999468958316345,0.010305606080107782
0.999947942424286,0.010203550432900877
0.9999489783948784,0.010101515086320623
0.9999500037496876,0.009999500037496877
0.999951018494987,0.009897505283558098
0.9999520226370475,0.009795530821631347
0.999953016182137,0.009693576648842286
0.9999539991365204,0.00959164276231517
0.9999549715064602,0.009489729159172868
0.9999559332982161,0.009387835836536854
0.9999568845180449,0.009285962791527215
0.9999578251722007,0.009184110021262643
0.9999587552669349,0.009082277522860444
0.9999596748084962,0.008980465293436544
0.9999605838031302,0.008878673330105485
0.9999614822570806,0.008776901629980427
0.9999623701765872,0.008675150190173156
0.9999632475678878,0.008573419007794075
0.9999641144372172,0.008471708079952218
0.9999649707908077,0.008370017403755248
0.9999658166348885,0.008268346976309454
0.9999666519756862,0.00816669679471976
0.9999674768194247,0.008065066856089724
0.9999682911723253,0.007963457157521541
0.9999690950406062,0.007861867696116045
0.999969888430483,0.007760298468972705
0.9999706713481685,0.007658749473189642
0.9999714437998732,0.007557220705863612
0.9999722057918041,0.007455712164090025
0.9999729573301661,0.007354223844962938
0.9999736984211609,0.007252755745575056
0.999974429070988,0.007151307863017742
0.9999751492858434,0.007049880194381009
0.9999758590719211,0.00694847273675353
0.9999765584354119,0.006847085487222637
0.9999772473825039,0.006745718442874321
0.9999779259193827,0.006644371600793241
0.9999785940522311,0.0065430449580627156
0.9999792517872288,0.006441738511764735
0.9999798991305533,0.006340452258979957
0.999980536088379,0.006239186196787713
0.9999811626668776,0.006137940322266003
0.9999817788722182,0.006036714632491507
0.9999823847105671,0.005935509124539583
0.9999829801880877,0.005834323795484266
0.999983565310941,0.005733158642398275
0.999984140085285,0.005632013662353008
0.9999847045172751,0.005530888852418557
0.999985258613064,0.005429784209663696
0.9999858023788014,0.005328699731155889
0.9999863358206345,0.0052276354139612945
0.9999868589447076,0.005126591255144761
0.9999873717571627,0.00502556725176984
0.9999878742641385,0.004924563400898772
0.9999883664717714,0.004823579699592506
0.9999888483861947,0.0047226161449106865
0.9999893200135394,0.004621672733911665
0.9999897813599332,0.004520749463652501
0.9999902324315016,0.004419846331188957
0.9999906732343673,0.004318963333575512
0.9999911037746501,0.004218100467865351
0.999991524058467,0.004117257731110379
0.9999919340919325,0.004016435120361211
0.9999923338811584,0.0039156326326671865
0.9999927234322534,0.003814850265076361
0.9999931027513237,0.0037140880146355132
0.9999934718444732,0.003613345878390147
0.9999938307178023,0.0035126238533844923
0.9999941793774092,0.0034119219366615067
0.9999945178293893,0.0033112401252628786
0.9999948460798351,0.0032105784162290286
0.9999951641348367,0.003109936806599111
0.999995472000481,0.0030093152934110167
0.9999957696828528,0.002908713873701377
0.9999960571880334,0.0028081325445055596
0.999996334522102,0.002707571302857677
0.9999966016911352,0.0026070301457905864
0.9999968587012062,0.002506509070335889
0.9999971055583861,0.002406008073523937
0.9999973422687432,0.0023055271523838303
0.9999975688383423,0.002205066303943423
0.9999977852732467,0.0021046255252293224
0.9999979915795164,0.0020042048132668934
0.9999981877632085,0.0019038041650802566
0.9999983738303775,0.0018034235776922948
0.9999985497870756,0.0017030630481246528
0.9999987156393516,0.0016027225733977388
0.9999988713932522,0.0015024021505307273
0.999999017054821,0.0014021017765415617
0.9999991526300991,0.0013018214484469546
0.999999278125125,0.001201561163262391
0.9999993935459339,0.0011013209180021299
0.999999498898559,0.001001100709679206
0.9999995941890304,9.009005353054327E-4
0.9999996794233755,8.007203918914027E-4
0.9999997546076195,7.005602764464907E-4
0.9999998197477838,6.004201859788555E-4
0.9999998748498885,5.003001174954415E-4
0.9999999199199496,4.0020006800198086E-4
0.9999999549639814,3.0012003450299564E-4
0.9999999799879952,2.0006001400179956E-4
0.9999999949979994,1.0002000350050006E-4
1.0,0.0
