0.0,1.0,1.0
0.8510047079803609,1.0,0.01116209470106655
0.9778004029559825,0.8526678075398971,0.01116209470106655
0.7856049068219546,0.26820054462369225,0.35308091608600944
0.8938800737472566,0.29571327950141946,0.2980607030650966
0.874961239671355,0.17015454536472718,0.45619688320435947
0.7738260540614534,0.22799552916685917,0.40598447563028317
0.9135189411521129,0.4260506629437215,0.18568852092506594
0.9261347930134564,0.5097783590274892,0.13153775331390838
0.6767440966865121,0.43372154945625285,0.24182169813245513
0.9409308664606979,0.6079755441592921,0.08194354014270289
0.755968157564338,0.16704078091661445,0.5033840525904824
0.73927470362815,0.11006064989884468,0.6257938095470035
0.8642262659561336,0.0989096840130046,0.5881726871876487
0.3479527144621787,0.9999999292079981,0.24182169813245513
0.4195718691803495,1.0,0.18568852092506594
0.8671398311703902,0.11824615890670498,0.5473872082499349
0.2877632251711981,1.0,0.2980607030650966
0.5042446913234855,1.0,0.13153775331390838
0.2374413472604987,1.0,0.35308091608600944
0.8598615327903529,0.06994223448936188,0.6603623065360831
0.36910824303133427,0.26642062382608145,0.7473403676063891
0.19554642346014128,1.0,0.40598447563028317
0.6035503354594849,1.0,0.08194354014270289
0.9581096360248724,0.7219859822153636,0.040336828193727525
0.16078717230767559,1.0,0.45619688320435947
0.13202960835144428,1.0,0.5033840525904824
0.7188477339968167,1.0,0.040336828193727525
0.10829283913147125,1.0,0.5473872082499349
0.5839557855621011,0.2711753422145361,0.45619688320435947
0.30663048483421873,0.31665518098451073,0.7713549174737019
0.08873809230180274,1.0,0.5881726871876487
0.7325130953612363,0.08698110468235942,0.6920271884731896
0.8166754281298158,0.7868364523954943,0.040336828193727525
0.8569229077433771,0.05043944486076324,0.7209593259127723
0.07265447268741532,1.0,0.6257938095470035
0.8542259718527253,0.03254067503596825,0.7931851377249264
0.6810746494423554,0.26146619740227606,0.40598447563028317
0.05944365550036801,1.0,0.6603623065360831
0.4962055679686288,0.2932017465834148,0.5033840525904824
0.2576416410644484,0.3702179002583059,0.7713549174737019
0.853632795248341,0.028603936478656333,0.8130071414507398
0.04860484163504819,1.0,0.6920271884731896
0.7228923589931318,0.05414243505547944,0.8309886922929985
0.2745053898143379,0.3845243157103394,0.6920271884731896
0.6558934293998305,0.20315417498217525,0.5033840525904824
0.44262689044781367,0.21803355637657174,0.7209593259127723
0.38655696448229204,0.4795836292135013,0.40598447563028317
0.8527523167769354,0.022760459980011416,0.8472878485288049
0.03972071655952836,1.0,0.7209593259127723
0.8368113157680631,0.7710544824256784,0.040336828193727525
0.03244477668779788,0.9999999924177103,0.7473403676063891
0.6387305223844998,0.16341011901578595,0.5881726871876487
0.6672943559832809,0.2295552423419528,0.45619688320435947
0.5579314412145642,0.22558599568604143,0.5473872082499349
0.8521654634472707,0.018865687136136344,0.8754190627608147
0.026490150929872613,0.9999999890374073,0.7713549174737019
0.6073405877520581,0.09072060798489345,0.8620522808099423
0.48242807937858245,0.737290803299446,0.18568852092506594
0.9581096360248724,0.8570147054762313,0.01116209470106655
0.842827663485713,0.6360368244603216,0.08194354014270289
0.3479527144621749,0.24182169813245524,0.9999999856707897
0.9028480242806787,0.887035002510291,0.01116209470106655
0.40228176220945977,0.4109235377508975,0.45619688320435947
0.6631031849532067,0.527350710295551,0.18568852092506594
0.6976838779289576,0.7435291461974411,0.08194354014270289
0.02161990374796441,1.0,0.7931851377249264
0.4058141466713703,0.3091009942648014,0.5881726871876487
0.31605378022744557,0.32594223492064245,0.7209593259127723
0.49271877658146657,0.5000530190254877,0.2980607030650966
0.7203009992945235,0.045297290383484734,0.8984558950246667
0.7122496728409718,0.4959200814685576,0.18568852092506594
0.7437966497282682,0.12549550731211334,0.5881726871876487
0.5482370716639308,0.7958344234152933,0.13153775331390838
0.21067305052850782,0.48852252833918597,0.6603623065360831
0.017638726917853065,1.0,0.8130071414507398
0.3556007653270189,0.2507145903289487,0.8472878485288049
0.47545822907599,0.39008075340773685,0.40598447563028317
0.5865977400851022,0.42001741843759755,0.2980607030650966
0.5696990705661951,0.7538000076983149,0.13153775331390838
0.5149628733796141,0.15031382349600264,0.7931851377249264
0.7249262189263276,0.061084653598645344,0.7931851377249264
0.6976838779289576,0.29992810283242344,0.35308091608600944
0.25399357386515,0.44914236032150345,0.6257938095470035
0.8034579741810163,0.5448686363609776,0.13153775331390838
0.47107795422758647,0.7609638426038474,0.18568852092506594
0.4195718691803495,0.18568852092506594,1.0
0.9209534033212753,0.7301885246468642,0.040336828193727525
0.014385887952506393,1.0,0.8309886922929985
0.18362494129712048,0.5329047198842826,0.6603623065360831
0.7856049068219546,0.818117233636878,0.040336828193727525
0.7997530168260834,0.8026481760700706,0.040336828193727525
0.2669320991876506,0.6687040452913049,0.40598447563028317
0.33951041247497005,0.349059732542477,0.6257938095470035
0.33812166752670014,0.43849338937024873,0.5033840525904824
0.6011878688465563,0.3013624395635325,0.40598447563028317
0.9409308664606979,0.8632139096730459,0.01116209470106655
0.2715881132714013,0.583233526497356,0.45619688320435947
0.29284464406851307,0.4000824809992062,0.6257938095470035
0.22749989595917985,0.4295791979057323,0.7209593259127723
0.17893087286644072,0.4679538542473243,0.7931851377249264
0.01172928871030543,1.0,0.8472878485288049
0.5073910526100454,0.13704953693778243,0.8875147865181154
0.7300153034647983,0.07845533703366248,0.7209593259127723
0.6469048378439821,0.6520098671758614,0.13153775331390838
0.2827706211127704,0.3915361512468064,0.6603623065360831
0.3223813808184095,0.3321783514300346,0.6920271884731896
0.3817995676053406,0.39073747352590005,0.5033840525904824
0.7542266739190538,0.5694552308202374,0.13153775331390838
0.8515151896312165,0.014550011188113054,0.9172921972217961
0.8368113157680631,0.4429844989720282,0.18568852092506594
0.6767440966865121,0.6241290819258197,0.13153775331390838
0.30175811410761744,0.6004955249396831,0.40598447563028317
0.6464829952052966,0.18136248066363714,0.5473872082499349
0.009560488081043372,1.0,0.8620522808099423
0.4477834865593656,0.821243916662221,0.18568852092506594
0.605218911181334,0.08580745240500764,0.908349152579334
0.5696990705661951,0.2462004836118884,0.5033840525904824
0.46174256895799337,0.24485189204056446,0.6257938095470035
0.19412130716956277,0.47779713267078716,0.7209593259127723
0.6323541767837786,0.14864444813091005,0.6257938095470035
0.21293863235463872,0.4188270340919531,0.7931851377249264
0.9135189411521129,0.8786714233802859,0.01116209470106655
0.3301011826488146,0.3397865408142655,0.6603623065360831
0.1550222750288751,0.516539483991542,0.7713549174737019
0.007790551306526727,1.0,0.8754190627608147
0.8801402044472006,0.911494483482335,0.01116209470106655
0.2827706211127704,0.7410063380526037,0.35308091608600944
0.3108715882793559,0.8200465182945439,0.2980607030650966
0.7122496728409718,0.596300761332377,0.13153775331390838
0.2217597377761762,0.4957066119009197,0.6257938095470035
0.19412130716956277,0.7658254868580854,0.45619688320435947
0.4962055679686288,0.7117501339098637,0.18568852092506594
0.5027757004178272,0.5781781673712659,0.24182169813245513
0.14290683121362258,0.6126532080961085,0.6603623065360831
0.36489336765125147,0.6776325249576735,0.2980607030650966
0.3248922392847814,0.5014945521005512,0.45619688320435947
0.12112083843417354,0.5538984451579224,0.8309886922929985
0.006346601300063592,0.9999999922131908,0.8875147865181154
0.6215334128492531,0.5599319854190041,0.18568852092506594
0.5402635318573645,0.19463541989581434,0.6257938095470035
0.5573895065500603,0.6245099653322419,0.18568852092506594
0.15494534568574336,0.6180937834383053,0.6257938095470035
0.3817995676053406,0.6462918592884952,0.2980607030650966
0.12777928074279177,0.6480379934183965,0.6603623065360831
0.2539277919349042,0.36706724441295124,0.7931851377249264
0.6192976002148187,0.11840940057033866,0.7209593259127723
0.7640534118353639,0.8471085214533118,0.040336828193727525
0.005168961710201536,1.0,0.8984558950246667
0.14371208652243184,0.565365312662256,0.7209593259127723
0.42792184323480376,0.19740311462147764,0.8309886922929985
0.7698894622466713,0.6771664872892517,0.08194354014270289
0.20323739229040327,0.41166355397097465,0.8620522808099423
0.45407463903151535,0.8028647284268413,0.18568852092506594
0.42703857914575627,0.5769202987246733,0.2980607030650966
0.749294511110548,0.1442614776785417,0.5473872082499349
0.8863823508529753,0.9036121021791576,0.01116209470106655
0.6092536159123734,0.0951505975082847,0.8309886922929985
0.4568776845550213,0.46473011542440723,0.35308091608600944
0.6558934293998305,0.8031167742440266,0.08194354014270289
0.3031617156887574,0.31323656310174297,0.7931851377249264
0.4568776845550213,0.5392404380978963,0.2980607030650966
0.8514201660732167,0.013919367798158278,0.9253741348679578
0.5203293616052853,0.8747426459526108,0.13153775331390838
0.528340799591442,0.8473208437575521,0.13153775331390838
0.8513427521289938,0.013405594232506313,0.9326761471415648
0.7188477339968167,0.040336828193727525,1.0
0.22602458634512146,0.6071454978795499,0.5033840525904824
0.004208795897918227,1.0,0.908349152579334
0.24841143059602344,0.36238742154153425,0.8309886922929985
0.8034579741810163,0.6556984336351969,0.08194354014270289
0.096803227468504,0.6738529590910953,0.7209593259127723
0.2346467621506092,0.43485650612103344,0.6920271884731896
0.7640534118353639,0.1946383559562731,0.45619688320435947
0.1874212314788012,0.5875512039412287,0.5881726871876487
0.3528544431922297,0.5221420869005817,0.40598447563028317
0.46174256895799337,0.7828002003342251,0.18568852092506594
0.6464829952052966,0.8205618105439406,0.08194354014270289
0.6219574997271815,0.3377465992119335,0.35308091608600944
0.33951041247497005,0.7334765897907853,0.2980607030650966
0.517377324274612,0.8866479865348079,0.13153775331390838
0.749294511110548,0.8727468879774423,0.040336828193727525
0.8706764980319228,0.9260065618941091,0.01116209470106655
0.17558981820129982,0.8430731944186046,0.45619688320435947
0.6387305223844998,0.8367311999869216,0.08194354014270289
0.5239364474223069,0.16603369605717777,0.7209593259127723
0.003426159605018686,1.0,0.9172921972217961
0.4340422621983562,0.34192368238859017,0.5033840525904824
0.1601907138801021,0.7806989199175374,0.5033840525904824
0.2168565201187579,0.42172003652552437,0.7713549174737019
0.18801524509568845,0.7879647954552546,0.45619688320435947
0.6271167527416677,0.13651617207234745,0.6603623065360831
0.43840373026810897,0.8533492418361964,0.18568852092506594
0.17307935269596642,0.5802715519661148,0.6257938095470035
0.7193666405686054,0.04210802333162578,0.9392720936586432
0.16078717230767559,0.45619688320435947,1.0
0.7414960723839756,0.6994204665627144,0.08194354014270289
0.44262689044781367,0.8380369431168951,0.18568852092506594
0.22602458634512146,0.5571640034934244,0.5473872082499349
0.5042446913234855,0.13153775331390838,1.0
0.18301804677553035,0.8081181137551605,0.45619688320435947
0.1275714621208195,0.8155817063352784,0.5473872082499349
0.5355879443126645,0.4599975315326821,0.2980607030650966
0.2877632251711981,0.2980607030650966,1.0
0.8885372784582323,0.7418863459922604,0.040336828193727525
0.7355604524402577,0.9045100928625252,0.040336828193727525
0.38655696448229204,0.5470283220302803,0.35308091608600944
0.002788397453532321,1.0,0.9253741348679578
0.7698894622466713,0.4671342050181235,0.18568852092506594
0.14451613315179346,0.5105283139653435,0.8309886922929985
0.10274199123350025,0.7656972199673431,0.6257938095470035
0.6810746494423554,0.7645027446317676,0.08194354014270289
0.04860484163504819,0.6920271884731896,1.0
0.7997530168260834,0.3164925975907221,0.2980607030650966
0.3301011826488146,0.7580975445969667,0.2980607030650966
0.29572182983665307,0.5436334486460311,0.45619688320435947
0.14733950106251514,0.8376957353295157,0.5033840525904824
0.2516679120540276,0.6201615391857107,0.45619688320435947
0.874961239671355,0.9189758958118436,0.01116209470106655
0.31605378022744557,0.8012569702420582,0.2980607030650966
0.320020988769929,0.423137620371386,0.5473872082499349
0.5049888460914448,0.13284136077983622,0.9452290959363047
0.11535376282148957,0.6805516125812918,0.6603623065360831
0.10948930153054492,0.6406575475728078,0.7209593259127723
0.10184740400133618,0.5940971887655491,0.8309886922929985
0.6323541767837786,0.8516460813259255,0.08194354014270289
0.7191908873644486,0.041508121080244376,0.9506080947349599
0.3509657578366946,0.7066814429361188,0.2980607030650966
0.00226882436384912,1.0,0.9326761471415648
0.11875192986634497,0.5526960343583487,0.8472878485288049
0.2216467401066773,0.7967470550737138,0.40598447563028317
0.05944365550036801,0.6603623065360831,1.0
0.6672943559832809,0.7844094367702817,0.08194354014270289
0.19554642346014128,0.40598447563028317,1.0
0.8511525415765825,0.012143222773229767,0.9554643759667808
0.20905164508078566,0.6425460860066912,0.5033840525904824
0.2669320991876506,0.4586962800605069,0.5881726871876487
0.42980988247531726,0.8914640846356296,0.18568852092506594
0.1387915762201285,0.5072529646084156,0.8754190627608147
0.2374413472604987,0.35308091608600944,1.0
0.5337141991049308,0.18316232392099208,0.6603623065360831
0.13202960835144428,0.5033840525904824,1.0
0.2217597377761762,0.6859613647699683,0.45619688320435947
0.9261347930134564,0.8706032139469738,0.01116209470106655
0.20498209171341508,0.8771501635679004,0.40598447563028317
0.1128775577733716,0.7916444459112738,0.5881726871876487
0.6228197086207445,0.8779042821825966,0.08194354014270289
0.24662739922145283,0.5689520616280423,0.5033840525904824
0.13302983301352556,0.7193561082489013,0.5881726871876487
0.8938800737472566,0.8954143494731238,0.01116209470106655
0.10829283913147125,0.5473872082499349,1.0
0.0994265463078986,0.5930031286384141,0.8472878485288049
0.5839557855621011,0.7304067179737266,0.13153775331390838
0.08639493905657003,0.704260089227887,0.7209593259127723
0.0018456425024256928,1.0,0.9392720936586432
0.6035503354594849,0.08194354014270289,1.0
0.17893087286644072,0.8264383146213369,0.45619688320435947
0.6271167527416677,0.8653507503609158,0.08194354014270289
0.1950915394649595,0.539465422377682,0.6257938095470035
0.6164130562934542,0.8998331734946231,0.08194354014270289
0.2961172559332619,0.30629395173595486,0.8472878485288049
0.36005099675323393,0.45709720630041184,0.45619688320435947
0.21067305052850782,0.7149716908772474,0.45619688320435947
0.09270359372901871,0.8082111624874423,0.6257938095470035
0.5330725142377871,0.6552166795122307,0.18568852092506594
0.717633969545703,0.7217164012023525,0.08194354014270289
0.1706305418530707,0.46257530696281945,0.8472878485288049
0.24336608473001553,0.44129492982278706,0.6603623065360831
0.30032617514325577,0.3104420186366411,0.8130071414507398
0.3541866047638359,0.24907025275076555,0.8620522808099423
0.05227857376345768,0.7774117602191967,0.7713549174737019
0.5128972670626708,0.6843613733844063,0.18568852092506594
0.8606172715824904,0.5242418880356985,0.13153775331390838
0.15079504467496907,0.5141208415731803,0.7931851377249264
0.0015010525453492685,0.9999999887560076,0.9452290959363047
0.717633969545703,0.3461264279204913,0.2980607030650966
0.5239364474223069,0.8616641044845837,0.13153775331390838
0.510059548468619,0.14172419773929001,0.8472878485288049
0.09583732494740893,0.5913810489975424,0.8754190627608147
0.017638726917853065,0.8130071414507398,1.0
0.29800938360953977,0.30815872314026316,0.8309886922929985
0.07947264509005114,0.7020192975690902,0.7473403676063891
0.7437966497282682,0.8842138178008057,0.040336828193727525
0.5402635318573645,0.8144852945433121,0.13153775331390838
0.4349474979697059,0.8672879621281561,0.18568852092506594
0.755968157564338,0.8603753010524964,0.040336828193727525
0.07297439368535874,0.8410353422440002,0.6603623065360831
0.07977839313798729,0.805478969150362,0.6603623065360831
0.43212066950128125,0.8799588360639556,0.18568852092506594
0.08435913502421244,0.7849464169912483,0.6603623065360831
0.06677110795887164,0.6630082714126442,0.8754190627608147
0.07603387201185119,0.8241226805153712,0.6603623065360831
0.0012205249934852391,0.9999999921730202,0.9506080947349599
0.5330725142377872,0.34492421824070696,0.40598447563028317
0.320020988769929,0.6548561993104058,0.35308091608600944
0.24336608473001553,0.726777242765204,0.40598447563028317
0.13302983301352556,0.6081894885078805,0.6920271884731896
0.42409372431325143,0.19203245628229293,0.8754190627608147
0.11523972951861483,0.550913311426054,0.8754190627608147
0.5149628733796141,0.8974704341139301,0.13153775331390838
0.8511248598977927,0.011959507617545606,0.9598480626596273
0.08901166720217446,0.8265930089849488,0.6257938095470035
0.3594539984693039,0.8780718141679964,0.24182169813245513
0.6140523469092605,0.9093537337336107,0.08194354014270289
0.014385887952506393,0.8309886922929985,1.0
0.096803227468504,0.7375465236138039,0.6603623065360831
0.09344837021065988,0.590301406798791,0.8984558950246667
0.8618298823549552,0.944245039377899,0.01116209470106655
0.8671398311703902,0.9325628249213749,0.01116209470106655
0.5129891838313065,0.9072972976896078,0.13153775331390838
0.08152034854829615,0.8720747996061277,0.6257938095470035
0.05601673442907151,0.8814742994860711,0.6920271884731896
0.2168565201187579,0.8160656456034683,0.40598447563028317
0.5089843540432013,0.13984067627218688,0.8620522808099423
0.03244477668779788,0.7473403676063891,0.9999999921634554
0.05770064370695871,0.8687572078550911,0.6920271884731896
0.606638896911543,0.08909570609550943,0.8754190627608147
0.25089191109501674,0.8574069777127681,0.35308091608600944
0.08599516153659215,0.8432681197326612,0.6257938095470035
0.7738260540614534,0.8329911892823849,0.040336828193727525
0.8511023400045026,0.011810049713160242,0.9638045721125097
0.7279696564825583,0.928964171825005,0.040336828193727525
0.3520909986122721,0.2466335535287677,0.8875147865181154
0.7262954999575166,0.9357159169372464,0.040336828193727525
0.0009922031375472207,1.0,0.9554643759667808
0.73927470362815,0.8947910816017213,0.040336828193727525
0.4225720799640801,0.18989766578058187,0.8984558950246667
0.8606172715824904,0.7558298714059898,0.040336828193727525
0.21293863235463872,0.8336270443612188,0.40598447563028317
0.0972199956700679,0.7879670053772206,0.6257938095470035
0.0651586597126963,0.780436863989459,0.7209593259127723
0.7221454500963246,0.051592994600490716,0.8472878485288049
0.42703857914575627,0.435322422066843,0.40598447563028317
0.06843583322150648,0.8702523975065377,0.6603623065360831
0.8885372784582323,0.6195418574655165,0.08194354014270289
0.0835315761114751,0.8583830693669053,0.6257938095470035
0.08599516153659215,0.6311770978739946,0.8309886922929985
0.07987900559682215,0.6287090820729475,0.8754190627608147
0.070876763468673,0.7573761892507304,0.7209593259127723
0.20905164508078566,0.5474528043702553,0.5881726871876487
0.2745053898143379,0.7651526677617191,0.35308091608600944
0.08995979605994997,0.7623593797532445,0.6603623065360831
0.23525731767229396,0.6543892362938153,0.45619688320435947
0.5113765716459662,0.14403135388571642,0.8309886922929985
0.07853996501666549,0.8956873403887731,0.6257938095470035
0.7300153034647983,0.9215470821733202,0.040336828193727525
0.07047571241331363,0.6643460150996237,0.8472878485288049
0.0008064141880139708,0.9999999921697749,0.9598480626596273
0.24638561785702195,0.360668816793443,0.8472878485288049
0.050984109517526854,0.853353684612588,0.7209593259127723
0.16881045654428672,0.884232504504805,0.45619688320435947
0.14003027297334425,0.6529815629907325,0.6257938095470035
0.29457255636782964,0.3047715853470586,0.8620522808099423
0.03790872901194198,0.8513332164701024,0.7713549174737019
0.2447317801711112,0.35926577827716866,0.8620522808099423
0.6121215390477636,0.9180083172290543,0.08194354014270289
0.6011878688465563,0.7055136503574495,0.13153775331390838
0.15163412447032454,0.5693863813149438,0.6920271884731896
0.504508599595993,0.13200006681262355,0.9673750385075176
0.07947264509005114,0.75962084902645,0.6920271884731896
0.29284464406851307,0.7146458315613817,0.35308091608600944
0.3484785346444885,0.24243310387212547,0.9598480626596273
0.11681799481473587,0.5517144074507891,0.8620522808099423
0.1403278289354989,0.8802654641475807,0.5033840525904824
0.24228100299735,0.3571866535850139,0.8875147865181154
0.06917391338517787,0.8032373413535807,0.6920271884731896
0.5081068984912129,0.13830355300449781,0.8754190627608147
0.6037217485749277,0.0823404806171486,0.9705967019958414
0.4206431320081937,0.18719144880105976,0.9392720936586432
0.15079504467496907,0.8204908229923623,0.5033840525904824
0.0006552691888341844,1.0,0.9638045721125097
0.5865977400851022,0.5925746859312144,0.18568852092506594
0.29331194230789703,0.30352919717193516,0.8754190627608147
0.7325130953612363,0.913412746171866,0.040336828193727525
0.20973596041481812,0.8495729261526358,0.40598447563028317
0.8642262659561336,0.9386396692658604,0.01116209470106655
0.1728599940151634,0.8581635425472298,0.45619688320435947
0.24338209956890178,0.3581207724004126,0.8754190627608147
0.03972071655952836,0.7209593259127723,1.0
0.42637987830231616,0.19523981536325163,0.8472878485288049
0.0974502009090602,0.5921099573032393,0.8620522808099423
0.037446032589604106,0.7486463555719453,0.8984558950246667
0.09270359372901871,0.6338841113664897,0.7931851377249264
0.062291505781843504,0.6964576508322327,0.8309886922929985
0.6219574997271815,0.6792864298654917,0.13153775331390838
0.05464296738400132,0.8929821125056869,0.6920271884731896
0.8510570202420524,0.011509275786934614,0.9735032657568307
0.719485619107876,0.042514135379010276,0.9326761471415648
0.04753734016446409,0.798663694641134,0.7713549174737019
0.1874212314788012,0.6327706361239828,0.5473872082499349
0.0835315761114751,0.6301829819920102,0.8472878485288049
0.1422102836670871,0.5092090044157904,0.8472878485288049
0.00053233574686673,0.999999992167627,0.9673750385075176
0.04581522630823576,0.8919827797999673,0.7209593259127723
0.2516679120540276,0.5150868666507025,0.5473872082499349
0.29800938360953977,0.879623931289167,0.2980607030650966
0.06541299161915237,0.8942013187972179,0.6603623065360831
0.8558388269574713,0.9623549042899393,0.01116209470106655
0.03097369499691205,0.8650346972210826,0.7931851377249264
0.6105432028289894,0.9258667439566738,0.08194354014270289
0.3051093473728349,0.41048728146616686,0.5881726871876487
0.3051093473728349,0.6859575191804843,0.35308091608600944
0.8582466005533431,0.9541135010124536,0.01116209470106655
0.1696017355782422,0.6247174572843945,0.5881726871876487
0.11204585257227906,0.5492921631111979,0.908349152579334
0.04049495453925678,0.8354658273430122,0.7713549174737019
0.30032617514325577,0.8668168095108566,0.2980607030650966
0.044684363406731875,0.9024892996366829,0.7209593259127723
0.24841143059602344,0.8711189648972077,0.35308091608600944
0.1651250312807272,0.9147828845281644,0.45619688320435947
0.1356827185753292,0.5054742077527803,0.908349152579334
0.08873809230180274,0.5881726871876487,1.0
0.423255615110003,0.19085663121681962,0.8875147865181154
0.1275714621208195,0.5571726532426687,0.7931851377249264
0.2879662433619493,0.29826078603064576,0.9761252228161587
0.3509657578366946,0.3603494571867686,0.5881726871876487
0.5059432281360465,0.13451324358198802,0.9172921972217961
0.16881045654428684,0.46139590642091843,0.8620522808099423
0.1665060142601794,0.5231099938764774,0.7209593259127723
0.0004323704388589089,0.9999999921668437,0.9705967019958414
0.06538624102441515,0.8220958997274117,0.6920271884731896
0.167325102898908,0.4604334092864051,0.8754190627608147
0.42512104540695306,0.9199312631996808,0.18568852092506594
0.07265447268741532,0.6257938095470035,1.0
0.5113765716459662,0.9162117469778941,0.13153775331390838
0.12112083843417354,0.8492914066499124,0.5473872082499349
0.0774478862102207,0.905833528426165,0.6257938095470035
0.027829292138793926,0.8899467060066629,0.7931851377249264
0.0533632274866479,0.7998951997471588,0.7473403676063891
0.047201821585766135,0.7231332066008567,0.8754190627608147
0.03579738023868584,0.7735408760599838,0.8620522808099423
0.510059548468619,0.9242921402087431,0.13153775331390838
0.07603387201185119,0.6663530830621026,0.8130071414507398
0.07977839313798729,0.6677052407779536,0.7931851377249264
0.5089843540432013,0.9316116858917118,0.13153775331390838
0.15163412447032454,0.7253784386087294,0.5473872082499349
0.3223813808184095,0.780650437983186,0.2980607030650966
0.34943209522998475,0.9561016644917093,0.24182169813245513
0.6192976002148187,0.8893744183649593,0.08194354014270289
0.0003511000984161017,1.0,0.9735032657568307
0.8510391800511139,0.01139087568986652,0.9784901545587459
0.03496632914842357,0.816305457418279,0.8130071414507398
0.7238069020391824,0.9474265340924628,0.040336828193727525
0.16312723121938455,0.9373730167035529,0.45619688320435947
0.04277238725785759,0.7976564551409621,0.7931851377249264
0.30663048483421873,0.8371505638410042,0.2980607030650966
0.35132312191436066,0.2457406927443141,0.8984558950246667
0.11290203930271314,0.9094523944495096,0.5473872082499349
0.034074329356462485,0.773136188720108,0.8754190627608147
0.29228350801227965,0.3025156319195893,0.8875147865181154
0.22749989595917985,0.7755247317304367,0.40598447563028317
0.0918602210395506,0.9246315298588076,0.5881726871876487
0.20065196957484988,0.40975445532950594,0.8875147865181154
0.05601673442907151,0.6944264664624045,0.8754190627608147
0.06157761265034167,0.936678123057839,0.6603623065360831
0.6044498101174341,0.08402644900621614,0.9326761471415648
0.0002850431175784873,0.9999999921656891,0.9761252228161587
0.02924202408510046,0.8781124906327571,0.7931851377249264
0.07655748073872137,0.9150079965700373,0.6257938095470035
0.0533632274866479,0.752802844539735,0.7931851377249264
0.16611332153093772,0.45964818477239333,0.8875147865181154
0.24138298373829215,0.3564248160603595,0.8984558950246667
0.5068072315316636,0.9496589708936732,0.13153775331390838
0.06340226518485903,0.9137972139797248,0.6603623065360831
0.24138298373829203,0.9225666641163713,0.35308091608600944
0.04636391771822945,0.750975100768125,0.8309886922929985
0.05770064370695871,0.6949715588670771,0.8620522808099423
0.0535351867342162,0.724973573784383,0.8309886922929985
0.06917391338517787,0.6986855310153892,0.7931851377249264
0.2346467621506092,0.7522501702902216,0.40598447563028317
0.0774478862102207,0.6277280670171754,0.8984558950246667
0.1997046131949105,0.40905491913101555,0.8984558950246667
0.6036247695314633,0.08211590674236313,0.9806230029256294
0.16431924781434748,0.9230854331757051,0.45619688320435947
0.05464296738400143,0.6939817691192098,0.8875147865181154
0.24065080099007075,0.9301108532684633,0.35308091608600944
0.05260906967487389,0.9128038275039334,0.6920271884731896
0.051257709471935975,0.9290013132245792,0.6920271884731896
0.13753827036749766,0.9023661651994572,0.5033840525904824
0.02161990374796441,0.7931851377249264,1.0
0.11077927310813362,0.5486492726058869,0.9253741348679578
0.04379351124519071,0.7503038853801733,0.8472878485288049
0.1422102836670871,0.8674503740780533,0.5033840525904824
0.05665882060500649,0.820434631783831,0.7209593259127723
0.04753734016446409,0.7762982021503658,0.7931851377249264
0.00023136348998553657,1.0,0.9784901545587459
0.02924202408510046,0.7947963395204327,0.8754190627608147
0.06340226518485903,0.6617917722671125,0.908349152579334
0.043010786649988364,0.9205774104132105,0.7209593259127723
0.14371208652243184,0.7511774327428378,0.5473872082499349
0.8598615327903529,0.949395582681467,0.01116209470106655
0.19737158733418048,0.40733219252447783,0.9326761471415648
0.07297439368535874,0.6652482963387027,0.8309886922929985
0.8510274040018098,0.011312721516208879,0.9825463182716505
0.13651611407146425,0.9118627234349579,0.5033840525904824
0.2907608843874441,0.30101502229862376,0.908349152579334
0.29457255636782964,0.9017485613890841,0.2980607030650966
0.8549516157538015,0.9659329591601397,0.01116209470106655
0.2400539949129723,0.35529736411903123,0.9172921972217961
0.07583170647298842,0.9233012890197813,0.6257938095470035
0.29144474978888557,0.30168900041383884,0.8984558950246667
0.1706305418530707,0.8718420035408798,0.45619688320435947
0.5081068984912129,0.9382383390037782,0.13153775331390838
0.2447317801711112,0.8948067731059426,0.35308091608600944
0.6082004080339842,0.9394573187779843,0.08194354014270289
0.02434801631694028,0.9269875388892213,0.7931851377249264
0.1636624493979285,0.458060039476208,0.9172921972217961
0.00018775163314799226,0.9999999921649267,0.9806230029256294
0.2897492243804428,0.3000179888132041,0.9253741348679578
0.1372240788367609,0.774701596532207,0.5473872082499349
0.42201477271637966,0.9468032699435859,0.18568852092506594
0.24065080099007086,0.3558036664726717,0.908349152579334
0.18362494129712048,0.7052045381855119,0.5033840525904824
0.09127905268472936,0.5893210254179897,0.9253741348679578
0.20181356032189401,0.8997804194692497,0.40598447563028317
0.20157697889576198,0.74154526598623,0.45619688320435947
0.03152218606422008,0.7725367751505061,0.8984558950246667
0.7188824729493767,0.04045540341943299,0.9842804848045819
0.29228350801227965,0.9198838943337333,0.2980607030650966
0.19830260980819492,0.4080196676246327,0.9172921972217961
0.06538624102441515,0.6974594367938344,0.8130071414507398
0.0643053552313737,0.9044920478189136,0.6603623065360831
0.11681799481473587,0.8769910309727447,0.5473872082499349
0.00015232710471069222,1.0,0.9825463182716505
0.3541866047638359,0.9100515641559888,0.24182169813245513
0.0925734076808521,0.5899059842924641,0.908349152579334
0.04376233606852853,0.9119895899121708,0.7209593259127723
0.5128972670626707,0.31661936102320554,0.45619688320435947
0.025291862817344524,0.814463918909222,0.8754190627608147
0.061179586265702635,0.9428819824024575,0.6603623065360831
0.04169507686802543,0.8665279637536548,0.7473403676063891
0.19893220437314785,0.4084845657325502,0.908349152579334
0.7249262189263276,0.9418535328282268,0.040336828193727525
0.5063312242330145,0.9545636058465036,0.13153775331390838
0.8510196376429207,0.011261178477824929,0.9858439254419276
0.20323739229040327,0.889027463922042,0.40598447563028317
0.1350034134456628,0.5050855380887049,0.9172921972217961
0.605599568595517,0.08668893883150841,0.8984558950246667
0.1344498547812586,0.9352269586142291,0.5033840525904824
0.23956766386596662,0.35488478361223663,0.9253741348679578
0.0643053552313737,0.6621178807689392,0.8984558950246667
0.2884699087338598,0.298757169437883,0.9554643759667808
0.07524028059431831,0.9307960377479686,0.6257938095470035
0.03569477018760869,0.7961603531605287,0.8309886922929985
0.03790872901194198,0.7740367616588444,0.8472878485288049
0.050984109517526854,0.7242322745410597,0.8472878485288049
0.00012355921242901413,0.9999999921644237,0.9842804848045819
0.059764030125097456,0.695639490494512,0.8472878485288049
0.28937916531875907,0.29965328004392555,0.9326761471415648
0.023808839923244562,0.8640367812415144,0.8309886922929985
0.29020346203832537,0.9410924612960754,0.2980607030650966
0.6060664434158674,0.9554052748493386,0.08194354014270289
0.04890145520333389,0.867531663063924,0.7209593259127723
0.42792184323480376,0.9019010825802404,0.18568852092506594
0.29331194230789703,0.9112688750556133,0.2980607030650966
0.06059162802661089,0.9535441301360417,0.6603623065360831
0.42637987830231616,0.9113615713681269,0.18568852092506594
0.14451613315179346,0.8533031890565195,0.5033840525904824
0.1997046131949105,0.9183124815760543,0.40598447563028317
0.7188705755479898,0.04041479375936019,0.9872532878203727
0.035142705208633496,0.7480448830819659,0.9253741348679578
0.050360776975928556,0.9422237639291928,0.6920271884731896
0.025737705883674855,0.9103306350789881,0.7931851377249264
0.07655748073872137,0.6273687670263577,0.908349152579334
0.03177086612129443,0.8156971997617484,0.8309886922929985
0.8531481375568063,0.9748181108535743,0.01116209470106655
0.8569229077433771,0.9584242532790166,0.01116209470106655
0.00010020224369167163,1.0,0.9858439254419276
0.4215605085957803,0.9519940646292469,0.18568852092506594
0.03463998955181802,0.7479136079361248,0.9326761471415648
0.29144474978888557,0.9276765541694914,0.2980607030650966
0.028564822132830736,0.833420070028378,0.8309886922929985
0.0500329357591448,0.947891227054529,0.6920271884731896
0.04067350867747954,0.9572333628658061,0.7209593259127723
0.42409372431325143,0.9276897194624995,0.18568852092506594
0.06085547999532348,0.9484848786889107,0.6603623065360831
0.02100445342922186,0.8136478088291283,0.9172921972217961
0.03152218606422008,0.901145813691502,0.7713549174737019
0.6042820398104332,0.08363794416464199,0.9392720936586432
0.040892761425693536,0.9525699766043276,0.7209593259127723
0.1356827185753292,0.9204497780693625,0.5033840525904824
0.11204585257227906,0.9182742830553232,0.5473872082499349
0.1550222750288751,0.8015428381711327,0.5033840525904824
0.5056270541637742,0.13395937123105683,0.9253741348679578
0.020377940590164068,0.9266904401240305,0.8130071414507398
0.4211903335022855,0.9566850485906094,0.18568852092506594
0.5579314412145642,0.7756148057150075,0.13153775331390838
0.07404646705160611,0.9492084470896655,0.6257938095470035
0.7215356868848984,0.9612156861597445,0.040336828193727525
0.7210380651500607,0.9649737871944026,0.040336828193727525
0.718866249531442,0.04040002767256812,0.9885236130827492
0.023425643637134508,0.9405850251485587,0.7931851377249264
0.16269119881759864,0.4574306769648825,0.9326761471415648
0.023088503681762518,0.9464132376103508,0.7931851377249264
0.09041995600949204,0.588932773179835,0.9392720936586432
8.12426358780538e-05,1.0,0.9872532878203727
0.09080558551983609,0.5891070510286559,0.9326761471415648
0.5337141991049308,0.8316228104386165,0.13153775331390838
0.8542259718527253,0.969185559201324,0.01116209470106655
0.0747584568134887,0.6266428176690064,0.9326761471415648
0.025946440429662765,0.8329710747164003,0.8472878485288049
0.16611332153093772,0.9056009659202928,0.45619688320435947
0.022716514723999492,0.9002470037624444,0.8130071414507398
0.1636624493979285,0.9305905509582844,0.45619688320435947
0.07524028059431831,0.6268372451355586,0.9253741348679578
0.0925734076808521,0.9164820739372874,0.5881726871876487
0.1350034134456628,0.9282120760302108,0.5033840525904824
0.7206320953337483,0.9683745273377163,0.040336828193727525
0.06157761265034167,0.6611328848098956,0.9326761471415648
0.8510126600802801,0.011214870448006842,0.9896684889539771
0.04169507686802543,0.7497559170104491,0.8620522808099423
0.02703058016043358,0.8644855029576765,0.8130071414507398
0.02703058016043358,0.8147948844461403,0.8620522808099423
0.19607355710269525,0.4063737157010918,0.9638045721125097
0.6039436940605214,0.08285443864261877,0.9554643759667808
0.0500329357591448,0.6924894718458302,0.9452290959363047
0.04376233606852853,0.722133751157223,0.908349152579334
0.1103159660634685,0.5484141071792472,0.9326761471415648
0.04890145520333389,0.7236270909515097,0.8620522808099423
0.6046557946945433,0.9704146008023562,0.08194354014270289
0.03998256529690947,0.7493087254356396,0.8754190627608147
0.16269119881759864,0.9435009590715305,0.45619688320435947
0.023321001206961234,0.8490790534429824,0.8472878485288049
0.004208795897918227,0.908349152579334,1.0
0.5073910526100454,0.9442348582687446,0.13153775331390838
0.20065196957485,0.9095108677066484,0.40598447563028317
6.585589683683057e-05,0.9999999921639715,0.9885236130827492
0.7221454500963247,0.9570646325676522,0.040336828193727525
0.23819796034831064,0.3537227912308081,0.9554643759667808
0.05352256677990774,0.9033914301659655,0.6920271884731896
0.0743660210070578,0.9436842476712852,0.6257938095470035
0.04239835686815363,0.9283383277048773,0.7209593259127723
0.6092536159123734,0.9329955237560055,0.08194354014270289
0.028698873793889912,0.9344595661649652,0.7713549174737019
0.853632795248341,0.9721389444348659,0.01116209470106655
0.19778955976445,0.9399669558921476,0.40598447563028317
0.1665060142601794,0.7578009568266321,0.5033840525904824
0.027951440366741798,0.7716981257568095,0.9452290959363047
0.049228261568730836,0.6922289935675817,0.9638045721125097
0.24338209956890167,0.9049997283418625,0.35308091608600944
0.06037687845642048,0.9581117362593055,0.6603623065360831
0.16129917240935132,0.697142636637355,0.5473872082499349
0.005168961710201536,0.8984558950246667,1.0
0.019029573229738972,0.863371128335066,0.8620522808099423
0.167325102898908,0.8954500793829433,0.45619688320435947
0.033225026947563796,0.9611507833002182,0.7473403676063891
0.2907608843874441,0.9347228960227782,0.2980607030650966
0.5053694730463183,0.13350814161827296,0.9326761471415648
0.4225720799640801,0.941060944953413,0.18568852092506594
0.027128061938994863,0.7715047415514598,0.9638045721125097
0.05260906967487389,0.693323383179014,0.908349152579334
0.014087709083540068,0.87620972829906,0.8875147865181154
0.01683762217627549,0.848077211792442,0.8984558950246667
0.8510111511598794,0.011204856187367107,0.9907001885045824
0.023873382250728326,0.8894988824810187,0.8130071414507398
0.02064118775738799,0.8320613396782173,0.8875147865181154
0.23917145891069802,0.9486616134670391,0.35308091608600944
0.13399888072311616,0.9415648890671742,0.5033840525904824
0.016204979248691798,0.9401457185148603,0.8309886922929985
0.01727655791465932,0.8766101173264151,0.8620522808099423
0.5059432281360465,0.9589971677037352,0.13153775331390838
0.0015010525453492685,0.9452290959363047,0.9999999887391045
5.3371484504682876e-05,1.0,0.9896684889539771
0.04023190754907924,0.9686709253557261,0.7209593259127723
0.019428462391345436,0.8484775603799714,0.8754190627608147
0.8524291756938461,0.9794464392958342,0.01116209470106655
0.0135532831389642,0.8475697005661971,0.9392720936586432
0.04049509939815055,0.9614429263820402,0.7209593259127723
0.23917145891069813,0.3545486618650324,0.9326761471415648
0.13399888072311616,0.5045107869514411,0.9326761471415648
0.019867532108323704,0.9338636541971924,0.8130071414507398
0.0418994215938977,0.9353502988186501,0.7209593259127723
0.022064365260849206,0.8323053835570732,0.8754190627608147
0.16233605917104543,0.457200549349669,0.9392720936586432
0.0012205249934852391,0.9506080947349599,0.9999999921634554
0.13333247751711608,0.9524604769488889,0.5033840525904824
0.42014777179286944,0.18649648332954483,0.9554643759667808
0.19893220437314796,0.9262711479995364,0.40598447563028317
0.028698873793889912,0.7718736730076119,0.9326761471415648
0.1336315713971179,0.9472899753488957,0.5033840525904824
0.0894729468331672,0.9634110689814335,0.5881726871876487
0.08964224922574815,0.959416382282959,0.5881726871876487
0.423255615110003,0.9347104177938603,0.18568852092506594
0.0898503102357594,0.9549910381833309,0.5881726871876487
0.7188575829777426,0.040370445935489885,0.9916297958906259
0.025737705883674855,0.7940555792688984,0.908349152579334
0.026677113003514497,0.9006512688004066,0.7931851377249264
0.2890777596346128,0.9567473518453264,0.2980607030650966
4.324418195478241e-05,1.0,0.9907001885045824
0.6049086352855568,0.967210519333698,0.08194354014270289
0.05076339014999476,0.6927259246913847,0.9326761471415648
0.003426159605018686,0.9172921972217961,1.0
0.06541299161915237,0.6625178515629718,0.8875147865181154
0.5056270541637742,0.9630038311962126,0.13153775331390838
0.5051596783919821,0.9698938180464622,0.13153775331390838
0.02434801631694028,0.793761819760247,0.9253741348679578
0.1336315713971179,0.5043006280904038,0.9392720936586432
0.7190319644140994,0.04096566590187101,0.9638045721125097
0.051257709471935975,0.6928859390766081,0.9253741348679578
0.018837723404281803,0.9514793050638823,0.8130071414507398
0.018534136584222205,0.90966763140108,0.8309886922929985
0.7228923589931318,0.9524820878580152,0.040336828193727525
0.8510089351309366,0.011190149055429144,0.9924673202538475
0.026490150929872613,0.7713549174737019,0.9999999887391045
0.007790551306526727,0.8754190627608147,1.0
0.28883232999494624,0.960990147935216,0.2980607030650966
0.5051596783919821,0.13314062414814432,0.9392720936586432
3.5030771993738163e-05,1.0,0.9916297958906259
0.1620468748587729,0.45701316025699434,0.9452290959363047
0.002788397453532321,0.9253741348679578,1.0
0.026677113003514497,0.794254155829127,0.8984558950246667
0.022408883338852492,0.9607161436802205,0.7931851377249264
0.23525731767229396,0.504452934376579,0.5881726871876487
0.4208887586650165,0.9609233419258012,0.18568852092506594
0.23884875792058724,0.3542748974429114,0.9392720936586432
0.6041454272375462,0.9782860934573673,0.08194354014270289
0.05352256677990774,0.6936190881437547,0.8984558950246667
0.23858598786717145,0.3540519756235535,0.9452290959363047
0.605599568595517,0.9597428736464623,0.08194354014270289
0.014680031994423137,0.8627653272884455,0.8984558950246667
0.04049495453925678,0.7746441800118168,0.8309886922929985
0.015363817366890742,0.9561050604640177,0.8309886922929985
0.049228261568730725,0.965563845152894,0.6920271884731896
0.25399357386515,0.6989684917267314,0.40598447563028317
0.8527523167769354,0.9772466083966019,0.01116209470106655
0.5053694730463183,0.9666238425448742,0.13153775331390838
0.013212734976980944,0.9458715196829922,0.8472878485288049
0.08913209501274955,0.9732058945681118,0.5881726871876487
0.04013591293473662,0.9717646220617798,0.7209593259127723
0.015588854610192104,0.9513186411498635,0.8309886922929985
0.022064365260849206,0.8772112701649558,0.8309886922929985
0.04239835686815363,0.7217374022178291,0.9253741348679578
0.10938119000818103,0.5479396334746369,0.9506080947349599
0.28937916531875907,0.9520494761710593,0.2980607030650966
0.5042560799478767,0.1315577038623993,0.9932217988665297
0.16161984190838175,0.9626251330220399,0.45619688320435947
0.061179586265702635,0.6609891562985659,0.9392720936586432
0.23884875792058724,0.9536914095566443,0.35308091608600944
2.8371034536900375e-05,0.9999999921636777,0.9924673202538475
0.1613370826165368,0.45655322063158765,0.9638045721125097
0.6042820398104332,0.9759244419027213,0.08194354014270289
0.0018456425024256928,0.9392720936586432,1.0
0.5048497730683782,0.13259773319188706,0.9506080947349599
0.04116214622218284,0.9474046354923279,0.7209593259127723
0.011482757671155142,0.8880962182795671,0.8984558950246667
0.851950321694396,0.9832402327693751,0.01116209470106655
0.6073405877520581,0.9453106730029724,0.08194354014270289
0.6040342121837153,0.9804185957266579,0.08194354014270289
0.13289081129733604,0.5038767964916581,0.9554643759667808
0.0893352141528756,0.967016485333293,0.5881726871876487
0.06037687845642048,0.6606992961211673,0.9554643759667808
0.10993861176728759,0.9458484910508588,0.5473872082499349
0.015846412775022523,0.8885902000609026,0.8620522808099423
0.019867532108323704,0.8134313954040823,0.9326761471415648
0.0743660210070578,0.6264844603967743,0.9392720936586432
0.07378632108109706,0.9541966375670181,0.6257938095470035
0.19830260980819492,0.9334654122473206,0.40598447563028317
0.16181145253872742,0.9585496795174142,0.45619688320435947
0.605218911181334,0.963665052285223,0.08194354014270289
0.23858598786717145,0.9582339731878641,0.35308091608600944
0.19703115717223163,0.951147218547918,0.40598447563028317
0.023873382250728326,0.8141939105699112,0.8875147865181154
0.019428462391345436,0.8768803085414935,0.8472878485288049
0.07340229727783143,0.9627652804944702,0.6257938095470035
0.2882299319848981,0.2985206622588099,0.9638045721125097
0.85100747879988,0.011180483814790865,0.9939013905125218
0.23794102845031784,0.9723988632747855,0.35308091608600944
0.013971501378158058,0.8476343255787187,0.9326761471415648
0.009356002503277394,0.908822892300359,0.8984558950246667
0.16146392543868993,0.9663039791272608,0.45619688320435947
2.2972269165477677e-05,1.0,0.9932217988665297
0.009001567737429328,0.9509928849070542,0.8754190627608147
0.07357458782920523,0.9587000882467194,0.6257938095470035
0.42044312230350867,0.968209426531007,0.18568852092506594
0.1620468748587729,0.9540355547254412,0.45619688320435947
0.011482757671155142,0.899100354973317,0.8875147865181154
0.7200310465006613,0.9742321565665677,0.040336828193727525
0.10948930153054492,0.7412328789469208,0.6257938095470035
0.01119001923935814,0.8758458969355389,0.9172921972217961
0.7203009992945235,0.9714506447869199,0.040336828193727525
0.5047365812962101,0.9779212279603102,0.13153775331390838
0.023839676347446104,0.9341316823603062,0.7931851377249264
0.10901192443754926,0.5477522016268788,0.9598480626596273
0.04149304881924498,0.9416842496136818,0.7209593259127723
0.006346601300063592,0.8875147865181154,0.9999999921634554
0.02281404110856855,0.7934375604333573,0.9506080947349599
0.851006950534397,0.011176977872243143,0.9945134600092607
0.01119001923935814,0.9179365366027897,0.8754190627608147
0.01662207326327325,0.9336446605453173,0.8309886922929985
0.11077927310813362,0.933455581675749,0.5473872082499349
0.5049888460914448,0.9728470335494109,0.13153775331390838
0.02064118775738799,0.8891329861955796,0.8309886922929985
1.8596691758854256e-05,1.0,0.9939013905125218
0.014087709083540068,0.8883911083449716,0.8754190627608147
0.5048497730683782,0.9755137007592088,0.13153775331390838
0.009279909825007593,0.9456557914745178,0.8754190627608147
0.13259836260591196,0.5037094697195035,0.9638045721125097
0.008775024634624318,0.9558113330307798,0.8754190627608147
0.009560488081043372,0.8620522808099423,1.0
0.014812038358677837,0.9710196945463633,0.8309886922929985
0.01727655791465932,0.8631269695939108,0.8754190627608147
0.0074260586077867785,0.89868628076404,0.9326761471415648
0.4206431320081937,0.9647518148336954,0.18568852092506594
0.0194518146361905,0.8133522634181285,0.9392720936586432
0.01586534652412741,0.9460170240252225,0.8309886922929985
0.011966558364063573,0.9090631632084514,0.8754190627608147
0.5046444754381856,0.1322380935913905,0.9598480626596273
0.01662207326327325,0.8313721492656903,0.9326761471415648
0.010769344259875746,0.9510803054565463,0.8620522808099423
0.606638896911543,0.9506099292233819,0.08194354014270289
0.021773285014275,0.813794156226742,0.908349152579334
0.02226100608000703,0.9645871137795535,0.7931851377249264
0.19675395054882172,0.9559393503356388,0.40598447563028317
0.603810116709582,0.08254511425445754,0.9638045721125097
0.01683762217627549,0.8996469351487519,0.8472878485288049
0.23805628537726065,0.9693817927568446,0.35308091608600944
0.050360776975928556,0.6925955961837349,0.9392720936586432
0.6039436940605214,0.9823438667919278,0.08194354014270289
0.13272955199004566,0.9651493072212285,0.5033840525904824
0.01713417183270516,0.9264476942021063,0.8309886922929985
0.0898503102357594,0.5886753327159361,0.9506080947349599
0.8510065225777521,0.011174137649934357,0.9950646546954414
0.033225026947563796,0.7475441159186897,0.9598480626596273
0.0129192439553234,0.8992469795843524,0.8754190627608147
1.5051173803959372e-05,0.9999999921635734,0.9945134600092607
0.01713417183270516,0.8314599629930269,0.9253741348679578
0.0184309169862219,0.9605562917175969,0.8130071414507398
0.018161672939852158,0.967950501293989,0.8130071414507398
0.012709854010793054,0.95598674715896,0.8472878485288049
0.19737158733418048,0.9458410857815885,0.40598447563028317
0.016204979248691798,0.8313006267458931,0.9392720936586432
0.04034995798664265,0.9652422804443795,0.7209593259127723
0.07378632108109706,0.6262505375551682,0.9506080947349599
0.00714789749874345,0.9601028909973518,0.8875147865181154
0.34829982254091396,0.2422253035450379,0.9673750385075176
0.01911330280726553,0.8132878275570273,0.9452290959363047
0.23770908167852367,0.3533080494400389,0.9735032657568307
0.018001448891391325,0.8888341580626847,0.8472878485288049
0.0893352141528756,0.5884425449368551,0.9638045721125097
0.040892761425693536,0.7212999020296949,0.9506080947349599
0.03981693869829972,0.9864062148670443,0.7209593259127723
0.06048186223867558,0.8013999722496525,0.7209593259127723
0.1608908647837255,0.9868079812029007,0.45619688320435947
0.7189464465850803,0.040673766027795044,0.9735032657568307
0.1965282791564068,0.9602665051574206,0.40598447563028317
0.8510061759603598,0.01117183725230797,0.9955609736350631
0.04149304881924498,0.7214743352407733,0.9392720936586432
1.2178890800296216e-05,1.0,0.9950646546954414
0.012526244233488026,0.9603190163249706,0.8472878485288049
0.1103159660634685,0.9399668383088741,0.5473872082499349
0.10963133843499906,0.9511603926391597,0.5473872082499349
0.025946440429662765,0.8494847484288557,0.8309886922929985
0.23819796034831064,0.9660389745383154,0.35308091608600944
0.01518070115636827,0.9604256839312819,0.8309886922929985
0.0074260586077867785,0.9330241415591732,0.8984558950246667
0.059944347264487385,0.9693143854791895,0.6603623065360831
0.16123391529508524,0.9726207138125407,0.45619688320435947
0.05977388492548774,0.9750783284990664,0.6603623065360831
0.13308898790805646,0.9571292886428348,0.5033840525904824
0.7198110065334562,0.9767465138327636,0.040336828193727525
0.603810116709582,0.9856503347561041,0.08194354014270289
0.42028029622093677,0.9713315487493915,0.18568852092506594
0.6044498101174341,0.9733094811186983,0.08194354014270289
0.01448498024506617,0.8477136707030907,0.9253741348679578
0.018837723404281803,0.8132353709082025,0.9506080947349599
0.04878346762980024,0.9815648187997921,0.6920271884731896
0.07326213363886647,0.9664343318393707,0.6257938095470035
0.04911130328724178,0.6921911334098283,0.9673750385075176
0.1611500231262809,0.9753243751384499,0.45619688320435947
0.01180762137660396,0.8623652599561782,0.9326761471415648
0.34823464043317953,0.24214951201756696,0.9705967019958414
0.0221407304472222,0.9680803870347662,0.7931851377249264
0.009751016436078785,0.9178171106704336,0.8875147865181154
0.012935497813763908,0.9511874266517656,0.8472878485288049
0.8510058952853312,0.011169974494742996,0.99600783022065
0.8516317987542222,0.9863444552247105,0.01116209470106655
0.0122553805375063,0.9677577061000255,0.8472878485288049
0.0418994215938977,0.7215924201926464,0.9326761471415648
9.852526070441847e-06,1.0,0.9955609736350631
0.010359192555824404,0.9602319347780007,0.8620522808099423
0.015031730512211294,0.9643252754824921,0.8309886922929985
0.015888718426014248,0.9094241518292752,0.8472878485288049
0.5046444754381856,0.9800944639098634,0.13153775331390838
0.05971175461306244,0.977544426846223,0.6603623065360831
0.42014777179286944,0.9741502709875118,0.18568852092506594
0.01172928871030543,0.8472878485288049,1.0
0.06005997309328115,0.9659561606585421,0.6603623065360831
0.0327844854219258,0.9743629463823061,0.7473403676063891
0.011388485340322774,0.9398526820834064,0.8620522808099423
0.10938119000818103,0.9559568843862237,0.5473872082499349
0.008440715587125669,0.8755006968105036,0.9638045721125097
0.018282437992407807,0.8131296721094793,0.9638045721125097
0.059586927725142846,0.9835838289155235,0.6603623065360831
0.040057870710451304,0.9745557350274567,0.7209593259127723
0.23784728449043446,0.9751215533186145,0.35308091608600944
0.014731937164246589,0.9738844448067602,0.8309886922929985
0.015115261900149224,0.9182623009191766,0.8472878485288049
0.28814237426667255,0.9767633026476805,0.2980607030650966
0.014680031994423137,0.8994267062299836,0.8620522808099423
0.8510056680583722,0.011168466456286219,0.9964101087961766
0.6038700380938037,0.9840817779107575,0.08194354014270289
0.08964224922574815,0.5885813035395489,0.9554643759667808
7.968741523978196e-06,1.0,0.99600783022065
0.1613370826165368,0.9696243326130056,0.45619688320435947
0.05966126589875953,0.979768778401022,0.6603623065360831
0.7196316982593948,0.9790187689156784,0.040336828193727525
0.03983936791150211,0.9849048752121122,0.7209593259127723
0.13289081129733604,0.9613443969655739,0.5033840525904824
0.007620535496445702,0.9086631630105324,0.9172921972217961
0.8521654634472707,0.9814380268759673,0.01116209470106655
0.5045695445024623,0.9820559244749587,0.13153775331390838
0.021773285014275,0.9099657568487769,0.8130071414507398
0.0595598699015395,0.9852149102504911,0.6603623065360831
0.015363817366890742,0.8311563858427864,0.9554643759667808
0.07357458782920523,0.6261650981032605,0.9554643759667808
0.07314813186130076,0.9697453878812011,0.6257938095470035
0.42003993466016487,0.18634519325525456,0.9598480626596273
0.19634460482279525,0.9641731579630424,0.40598447563028317
0.1323343528413744,0.9770016192015486,0.5033840525904824
0.01237687205764082,0.8473879160964246,0.9638045721125097
0.6037217485749277,0.9883430723698665,0.08194354014270289
0.8517748589398106,0.9848704064263273,0.01116209470106655
0.03295984092023452,0.7474748673605025,0.9673750385075176
0.02189878426077685,0.9766413932008774,0.7931851377249264
0.005703530819472058,0.9454596154926532,0.908349152579334
0.8510054841428445,0.011167245863053621,0.9967722158632909
0.2880132915729361,0.9811280514591492,0.2980607030650966
0.008601026340255502,0.8877699957110359,0.9326761471415648
6.44368018820618e-06,0.9999999921635059,0.9964101087961766
0.28833758301164536,0.9714023136455648,0.2980607030650966
0.16102638414839288,0.9799639807290244,0.45619688320435947
0.2377710550798393,0.9775782606878507,0.35308091608600944
0.010557225606634302,0.925955511499063,0.8754190627608147
0.05353518673421609,0.8377019425417837,0.7209593259127723
0.009988724847474928,0.9708778118759535,0.8620522808099423
0.16108182001407045,0.9777636007311779,0.45619688320435947
0.13240489309059789,0.5035987746456081,0.9705967019958414
0.006662255372418824,0.9455122046422431,0.8984558950246667
0.08894892503705865,0.5882679689920123,0.9784901545587459
0.010041700277763743,0.9332006370714114,0.8754190627608147
0.13210012455392595,0.9889362312372174,0.5033840525904824
0.04049509939815066,0.7211843482713893,0.9598480626596273
0.03307878581412993,0.7475059276787588,0.9638045721125097
0.03266863364101713,0.9791880366906764,0.7473403676063891
0.005971207574155035,0.898537781631628,0.9598480626596273
0.06005997309328115,0.6605848606519767,0.9638045721125097
0.02204292637955174,0.971232398468564,0.7931851377249264
0.19589424540607137,0.40624131038324396,0.9705967019958414
0.010769344259875746,0.8622206494490081,0.9506080947349599
0.009751016436078785,0.8879001788127089,0.9172921972217961
0.015031730512211294,0.8310994401955035,0.9638045721125097
0.504246778673505,0.13154140992565977,0.9970981263824255
0.00831873986444509,0.9676292049438983,0.8754190627608147
0.00857741162740877,0.9177197106874915,0.8984558950246667
5.209308785003586e-06,1.0,0.9967722158632909
0.023425643637134508,0.7935668440248747,0.9392720936586432
0.007005064157201479,0.9395859938812624,0.8984558950246667
0.0730554294800333,0.9727329831076044,0.6257938095470035
0.504508599595993,0.983826002144735,0.13153775331390838
0.603761379787753,0.9870658449606582,0.08194354014270289
0.2375032995354589,0.9902798843334452,0.35308091608600944
0.005569019746705761,0.9255822214402597,0.9253741348679578
0.01054320527232011,0.9558901582695323,0.8620522808099423
0.4199522058508083,0.18622211414741774,0.9638045721125097
0.13223042501046023,0.9813300910280548,0.5033840525904824
0.1961951462378616,0.9676996304015328,0.40598447563028317
0.03999443756022625,0.9770735460736,0.7209593259127723
0.11523972951861483,0.8889102861561057,0.5473872082499349
0.1088771473594512,0.5476837914668409,0.9638045721125097
0.059620246490115436,0.98177484246435,0.6603623065360831
0.006046670467750759,0.9085183072787169,0.9392720936586432
0.419822829145998,0.18604060513664145,0.9705967019958414
0.014666830471733783,0.9764686826856165,0.8309886922929985
0.2375177573484497,0.9892051628569163,0.35308091608600944
0.28807117529810233,0.9790578898601879,0.2980607030650966
0.5045695445024623,0.13210682986582745,0.9638045721125097
0.0069854575556863585,0.9256882199030042,0.908349152579334
0.8510052149123921,0.011165459059773064,0.9973914256329859
4.210444110142042e-06,0.9999999921634884,0.9970981263824255
0.012156587751457115,0.9709415817671673,0.8472878485288049
0.01786600945042005,0.9788695608485294,0.8130071414507398
0.02658769880100531,0.9862189219935454,0.7713549174737019
0.7192697583213314,0.9846010362114491,0.040336828193727525
0.01020949257660786,0.9641506180694163,0.8620522808099423
0.0062050035638329115,0.91752281944845,0.9253741348679578
0.07326213363886647,0.6260390153338784,0.9638045721125097
0.16108182001407045,0.4563878125321854,0.9735032657568307
0.2879662433619493,0.9829955056988247,0.2980607030650966
0.02226100608000703,0.7933206571319683,0.9638045721125097
0.1609447358866335,0.9837385754930316,0.45619688320435947
0.01448498024506617,0.926249443185348,0.8472878485288049
0.026831950333690124,0.9742051682460809,0.7713549174737019
0.1321925712100004,0.9831813402603857,0.5033840525904824
0.1609813355163311,0.9819486617840203,0.45619688320435947
0.8515151896312165,0.9876769267727588,0.01116209470106655
0.0037778339343773615,0.9555885589874266,0.9253741348679578
0.004738891152277214,0.967512350311617,0.908349152579334
0.5044590412638646,0.9854231589218407,0.13153775331390838
0.6036420594374765,0.9914724289904965,0.08194354014270289
0.08887690218983557,0.984095124691867,0.5881726871876487
0.07298006379332056,0.9754283720112067,0.6257938095470035
0.0486821354854754,0.987872839747231,0.6920271884731896
0.2879280107571186,0.9846798970558551,0.2980607030650966
0.23744344330737177,0.3530826942741109,0.9976553470536219
0.0075593801080383605,0.8876520775325676,0.9506080947349599
0.01180762137660396,0.9333197960343877,0.8620522808099423
0.13240489309059789,0.9744788079155712,0.5033840525904824
3.4023359020141086e-06,1.0,0.9973914256329859
0.039771968090424714,0.9900788639758678,0.7209593259127723
0.13227701733784558,0.9792774002972192,0.5033840525904824
0.8514201660732167,0.9888810974324331,0.01116209470106655
0.10876752672893852,0.9709080882140935,0.5473872082499349
0.4197061590583817,0.18587692287080004,0.9784901545587459
0.4198808518228718,0.18612200803446144,0.9673750385075176
0.004079183737027647,0.9639285834254241,0.9172921972217961
0.19597466285562815,0.9737547330428974,0.40598447563028317
0.048824959739242835,0.692098442137685,0.9784901545587459
0.01237687205764082,0.9642291187361951,0.8472878485288049
0.04034995798664276,0.7211421726689332,0.9638045721125097
0.005050895433302727,0.9328638728014371,0.9253741348679578
0.23770908167852356,0.9797946860335321,0.35308091608600944
0.603689528975722,0.9894953785978763,0.08194354014270289
0.6036420594374765,0.08215594488925926,0.9784901545587459
0.07274739478992953,0.986872427574268,0.6257938095470035
0.01806347089261362,0.8130879916350543,0.9705967019958414
0.34807513740492424,0.24196404734684818,0.9806230029256294
0.010087734438346985,0.967686949063011,0.8620522808099423
0.011388485340322774,0.8623068829835923,0.9392720936586432
0.6036633407078285,0.9905348525944866,0.08194354014270289
0.8510050387699944,0.01116429005451669,0.997892806444303
0.2879280107571185,0.29822310619059345,0.9784901545587459
2.7487024971684093e-06,1.0,0.9976553470536219
0.004861307192478459,0.9084092085557793,0.9638045721125097
0.13216182376817864,0.9848507210345352,0.5033840525904824
0.08882940278954488,0.9871001084926929,0.5881726871876487
0.008219553341298202,0.9708257698975238,0.8754190627608147
0.01020949257660786,0.8621426736999975,0.9638045721125097
0.0068755585241870865,0.9675820961305404,0.8875147865181154
0.004922069304772014,0.9454167497953381,0.9172921972217961
0.006997711756612013,0.9640342900621968,0.8875147865181154
0.1320671430209921,0.9919280389740647,0.5033840525904824
0.16091500716795404,0.9853526464031099,0.45619688320435947
0.7188905611074798,0.04048301090618622,0.9825463182716505
0.10867838694794962,0.547582904641337,0.9705967019958414
0.003956671484653174,0.9674868168326984,0.9172921972217961
0.8512797000239736,0.9909518278609283,0.01116209470106655
0.023839676347446104,0.7936543643232622,0.9326761471415648
0.009279909825007593,0.8756060652937595,0.9452290959363047
0.23765870935621203,0.9817940820762342,0.35308091608600944
0.5043593910018798,0.13173868377022235,0.9784901545587459
0.00813891614161244,0.9737096899244074,0.8754190627608147
0.02204292637955174,0.7932745583576909,0.9705967019958414
0.07286902658503691,0.980052941036868,0.6257938095470035
0.19573254464714085,0.40612190913510693,0.9784901545587459
0.017823166851215544,0.9809647884855123,0.8130071414507398
0.006840580640398275,0.9175755673546946,0.9172921972217961
0.00807337378107309,0.9763112204927413,0.8754190627608147
0.0069854575556863585,0.9086047115688959,0.9253741348679578
0.23748204614781732,0.9921216168559814,0.35308091608600944
0.5044187510611522,0.13184267049419052,0.9735032657568307
0.026831950333690124,0.7714351947846791,0.9735032657568307
0.8510049750990956,0.01116386748949827,0.9981064328761917
0.026715385566088767,0.7714078175979632,0.9784901545587459
0.07291880614759294,0.9778598321629802,0.6257938095470035
2.220134805108742e-06,0.9999999921634728,0.997892806444303
0.039942890125906017,0.9793445410327573,0.7209593259127723
0.0061560361877219805,0.9556945789021485,0.8984558950246667
0.005687210614481519,0.9174798466998197,0.9326761471415648
0.6035993204678032,0.9937680034740369,0.08194354014270289
0.0145360236965566,0.9827974049813533,0.8309886922929985
0.00015232710471069222,0.9825463182716505,1.0
0.0033192488367580486,0.9674660098670649,0.9253741348679578
0.012010988474862927,0.9764052569706422,0.8472878485288049
0.007620535496445702,0.9176402974828548,0.908349152579334
0.5043377701923313,0.9903937508341715,0.13153775331390838
0.0003511000984161017,0.9735032657568307,1.0
0.00018775163314799226,0.9806230029256294,0.9999999921634554
0.08879810427198742,0.9895420057643034,0.5881726871876487
0.00023136348998553657,0.9784901545587459,1.0
0.41968084550983586,0.9887530458072252,0.18568852092506594
0.0002850431175784873,0.9761252228161587,0.9999999921634554
0.04864598394038744,0.991152204369553,0.6920271884731896
0.005011816053205664,0.9600170539687989,0.908349152579334
0.03973516988992376,0.9947313893091254,0.7209593259127723
0.009621815236343756,0.9397451975287334,0.8754190627608147
0.23746806027879475,0.993617228431201,0.35308091608600944
0.008180530245383899,0.9396575094679794,0.8875147865181154
0.5044590412638646,0.1319132507166404,0.9705967019958414
0.1957757274155454,0.9807938501053667,0.40598447563028317
0.07272981268242396,0.9881793934722818,0.6257938095470035
0.23761777549171526,0.9835974812396824,0.35308091608600944
0.00010020224369167163,0.9858439254419276,1.0
0.42003993466016487,0.9766946860607397,0.18568852092506594
0.0046425028850742844,0.9507773192855938,0.9172921972217961
0.0327844854219258,0.7474290764281883,0.9735032657568307
0.13203086464117675,0.5033847713863326,0.998298596622854
0.10854701412057222,0.9787106902210282,0.5473872082499349
1.7927998332556427e-06,1.0,0.9981064328761917
0.10901192443754926,0.9641962299508452,0.5473872082499349
0.0075593801080383605,0.9509215654651275,0.8875147865181154
0.00226882436384912,0.9326761471415648,1.0
0.16087126331594515,0.9881200406410966,0.45619688320435947
0.00012355921242901413,0.9842804848045819,0.9999999921634554
0.719485619107876,0.981071746212786,0.040336828193727525
0.012076270654301058,0.973814053602649,0.8472878485288049
0.03990101056327244,0.9813926711341954,0.7209593259127723
0.0055182469856525085,0.973640226361579,0.8984558950246667
0.004439185626196274,0.9083703572392534,0.9784901545587459
6.585589683683057e-05,0.9885236130827492,0.9999999921634554
0.0004323704388589089,0.9705967019958414,0.9999999921634554
0.0006552691888341844,0.9638045721125097,1.0
0.07282858332466069,0.9820308284303334,0.6257938095470035
0.19589424540607137,0.9763464117584872,0.40598447563028317
0.3481035743977925,0.9859745636676921,0.24182169813245513
0.00053233574686673,0.9673750385075176,0.9999999921634554
0.0054525314508194755,0.9762486306252616,0.8984558950246667
0.014613923073248714,0.9787995927851395,0.8309886922929985
0.021699389925874613,0.9875288705107992,0.7931851377249264
0.05952006877698701,0.9880109989879408,0.6603623065360831
0.0032195622717604566,0.9706786900771216,0.9253741348679578
0.03979873217969421,0.9877595963619256,0.7209593259127723
0.10849914761225488,0.5474919263250463,0.9784901545587459
0.07314813186130076,0.6259930128788804,0.9673750385075176
0.08878672770258922,0.9905852875347961,0.5881726871876487
0.41973731622428856,0.9861424077054474,0.18568852092506594
0.02184626518156574,0.9789551953468194,0.7931851377249264
0.8510048820451662,0.011163249917954254,0.9984714343968634
0.07271554385879408,0.9893574239225787,0.6257938095470035
1.447387773301223e-06,1.0,0.998298596622854
0.021803596208875176,0.9810419317373019,0.7931851377249264
0.011914838150342333,0.9808502813186535,0.8472878485288049
0.010041700277763743,0.8757017150264941,0.9326761471415648
0.00677622765613306,0.9707833130051807,0.8875147865181154
0.0017320687465791629,0.9452417679238185,0.9784901545587459
0.851228357742692,0.99183939315485,0.01116209470106655
0.1088771473594512,0.9677242777620244,0.5473872082499349
0.0730554294800333,0.6259556052417934,0.9705967019958414
0.6036107254890478,0.9930804937337989,0.08194354014270289
0.23758451889292165,0.9852239032168307,0.35308091608600944
0.01450766965594985,0.9845066239888509,0.8309886922929985
0.10860591760341054,0.5475461206456627,0.9735032657568307
0.0026505683381397027,0.9599221687817374,0.9392720936586432
0.04013591293473662,0.7210799748514869,0.9705967019958414
0.719074459173114,0.9887111918323364,0.040336828193727525
0.08877001450991795,0.9923725518354685,0.5881726871876487
0.04863183369994439,0.9928334449599968,0.6920271884731896
0.005971207574155035,0.9600556064863301,0.8984558950246667
0.006576496418222777,0.9786266689717875,0.8875147865181154
0.0397427763537016,0.9934910338725358,0.7209593259127723
0.8513427521289938,0.9899690628834702,0.01116209470106655
0.008180530245383899,0.887722394009012,0.9392720936586432
0.003138518545328095,0.9735771491831212,0.9253741348679578
3.5030771993738163e-05,0.9916297958906259,1.0
0.6035714945666127,0.9959040759116076,0.08194354014270289
0.28783459289407565,0.9899175231125225,0.2980607030650966
0.010557225606634302,0.8757664439289711,0.9253741348679578
0.014570938611697004,0.9809017582343974,0.8309886922929985
0.1323343528413744,0.5035584144984928,0.9735032657568307
0.00677622765613306,0.8875634217992336,0.9705967019958414
0.00411027942759834,0.939409874612116,0.9326761471415648
0.08876394574485813,0.9931357558844416,0.5881726871876487
8.12426358780538e-05,0.9872532878203727,1.0
0.07265534693359388,0.6257941623263316,0.9986268721490964
1.1682570839610662e-06,1.0,0.9984714343968634
0.005265478641657273,0.9394801571582473,0.9172921972217961
0.017737161721531725,0.9860936205752862,0.8130071414507398
0.07291880614759294,0.6259004744461474,0.9761252228161587
0.7191266941572736,0.9874787083851946,0.040336828193727525
0.003956671484653174,0.9173362255417598,0.9673750385075176
0.05977388492548774,0.6604815533636841,0.9735032657568307
0.19607355710269536,0.9708824585815179,0.40598447563028317
0.011828315652951393,0.9860099661274238,0.8472878485288049
0.00859068308343458,0.9601608683875339,0.8754190627608147
0.0061560361877219805,0.8985566474042227,0.9554643759667808
0.032592161573612666,0.7473788545166689,0.9825463182716505
0.6036247695314633,0.9923179960100632,0.08194354014270289
0.048700173564553806,0.6920580480399006,0.9858439254419276
0.05947034005690166,0.9929150902736724,0.6603623065360831
0.005355742862346746,0.9807231618815656,0.8984558950246667
0.16085535216986002,0.9893027956279548,0.45619688320435947
0.07269457498613341,0.9913758614048743,0.6257938095470035
0.41977565755420376,0.9846205500704122,0.18568852092506594
0.2878210891641545,0.29811773046380596,0.9872532878203727
0.1609813355163311,0.4563226993913263,0.9784901545587459
0.0025532207686577157,0.9761793904923148,0.9326761471415648
0.0032587763667439873,0.9555654194756467,0.9326761471415648
0.603550636991864,0.08194423839969045,0.9987666456637396
0.005424183950817563,0.9508159751832297,0.908349152579334
9.427404918938009e-07,0.9999999921634628,0.9986268721490964
0.0037664712846120496,0.9453533614978744,0.9326761471415648
0.008020112347373098,0.9786577281132515,0.8754190627608147
0.13207593321975275,0.9910325543110621,0.5033840525904824
0.004492639327192682,0.9762257068804338,0.908349152579334
0.004331835074840806,0.9843466450356536,0.908349152579334
0.4199522058508083,0.9789911554470465,0.18568852092506594
0.08875503875861179,0.9944425694841342,0.5881726871876487
0.03250849590476823,0.7473570067330748,0.9885236130827492
0.13208676932001406,0.9900388359527235,0.5033840525904824
0.03976224305158882,0.9910695836810489,0.7209593259127723
0.05950559668196054,0.9892058114730471,0.6603623065360831
1.8596691758854256e-05,0.9939013905125218,1.0
0.021768937555333046,0.982923665190665,0.7931851377249264
0.05966126589875953,0.6604408862981735,0.9784901545587459
0.0030191158101515736,0.9785501325570002,0.9253741348679578
0.006468071243091678,0.9329594994973074,0.908349152579334
0.10867838694794962,0.9737808686165405,0.5473872082499349
0.23745552832871175,0.9953494525656442,0.35308091608600944
0.23753556840706214,0.9880129476708638,0.35308091608600944
0.004628893571104076,0.9255118675364259,0.9392720936586432
0.012076270654301058,0.8473414657802159,0.9735032657568307
0.0030734089397058684,0.9599391603533209,0.9326761471415648
0.0045325011637042945,0.9328288931391981,0.9326761471415648
0.0008064141880139708,0.9598480626596273,0.9999999921634554
0.1321165809321454,0.9877129464216237,0.5033840525904824
0.5043059464589832,0.1316450598251332,0.9842804848045819
0.006468071243091678,0.9085570922549294,0.9326761471415648
0.16084243942108023,0.9903688688834827,0.45619688320435947
5.3371484504682876e-05,0.9896684889539771,1.0
0.8510047993857854,0.01116270133197006,0.9988923191599932
0.10846025860721409,0.9827213929526553,0.5473872082499349
7.60581748693312e-07,0.999999988739113,0.9987666456637396
0.07268695831714211,0.9922379286564785,0.6257938095470035
0.0055182469856525085,0.8984915471699171,0.9735032657568307
0.00794169169911274,0.982682292074643,0.8754190627608147
0.014731937164246589,0.831048032179768,0.9735032657568307
0.0026191278778078253,0.973563382193044,0.9326761471415648
0.3480332809112423,0.2419153780463147,0.9842804848045819
0.011851398661058998,0.9844648635366949,0.8472878485288049
0.003656730406760733,0.9173113327876958,0.9784901545587459
0.04862253443754916,0.9941978124608547,0.6920271884731896
0.0887518078631564,0.9950003251013765,0.5881726871876487
0.005196823054970268,0.9556518173185231,0.908349152579334
0.0035779648127564068,0.982606117370947,0.9172921972217961
0.07279573254665728,0.9838144063140777,0.6257938095470035
0.13223042501046023,0.5034989513892575,0.9784901545587459
0.07276905477041962,0.9854225778920068,0.6257938095470035
0.5043860029622268,0.9881639524676418,0.13153775331390838
0.23765870935621203,0.3532653159185093,0.9761252228161587
0.004628893571104076,0.9394414271980438,0.9253741348679578
0.10860591760341054,0.9763726723357355,0.5473872082499349
0.039747960676243865,0.9927665236909782,0.7209593259127723
0.0036878786086046444,0.9393841756636702,0.9392720936586432
0.419822829145998,0.9829334986995131,0.18568852092506594
0.002700213830122089,0.9706634129147307,0.9326761471415648
0.8511865604581824,0.992640838651629,0.01116209470106655
0.03973241169605912,0.9952606901474071,0.7209593259127723
0.504294367117737,0.992982050887815,0.13153775331390838
0.002975625560504458,0.9806770336949288,0.9253741348679578
0.6035674796009141,0.9963130928523517,0.08194354014270289
0.0045584182876804435,0.9083813312008833,0.9735032657568307
0.0034917898690419724,0.9885629330160166,0.9172921972217961
4.324418195478241e-05,0.9907001885045824,1.0
0.6035900606053826,0.9943878289902417,0.08194354014270289
0.003441839491428955,0.925423034898069,0.9638045721125097
0.009621815236343756,0.8756489946335753,0.9392720936586432
0.005196823054970268,0.9084400888377037,0.9554643759667808
0.007005064157201479,0.8986433091406799,0.9392720936586432
0.7191908873644486,0.9861133539125194,0.040336828193727525
0.0887491904610671,0.9955026078226186,0.5881726871876487
0.8510047816901327,0.01116258389113034,0.9990053020914923
6.134786098010991e-07,1.0,0.9988923191599932
0.23749156624446555,0.991248581854064,0.35308091608600944
0.0024997022985944195,0.9638713759326123,0.9392720936586432
0.006383177856729039,0.9508633996020688,0.8984558950246667
0.005320501441940517,0.9826365356842064,0.8984558950246667
0.23745886496312385,0.9948312240756636,0.35308091608600944
0.017788367166361563,0.8130356255314843,0.9825463182716505
0.0118798291264266,0.9827510375437001,0.8472878485288049
0.0010873563086662985,0.9706159690710736,0.9638045721125097
0.005050895433302727,0.9255434478489428,0.9326761471415648
0.02651251466016058,0.9934013544375884,0.7713549174737019
0.006629835362621406,0.8875468496540477,0.9761252228161587
0.6036107254890478,0.08208338502519386,0.9825463182716505
0.41966028411700984,0.18581256263500612,0.9825463182716505
0.004639346577847703,0.9707204544758665,0.908349152579334
0.7193666405686054,0.9829262115224985,0.040336828193727525
0.009711358864285091,0.862073293986608,0.9825463182716505
0.3479956556209439,0.24187162864448686,0.9885236130827492
0.7189692959254547,0.9917331961381639,0.040336828193727525
0.603582544075225,0.08201812546938658,0.9872532878203727
0.16091500716795404,0.4562797191586736,0.9825463182716505
0.040057870710451304,0.7210572971209065,0.9735032657568307
0.16083196234210495,0.9913296634007326,0.45619688320435947
7.968741523978196e-06,0.99600783022065,1.0
0.2877834320653352,0.9946349484717821,0.2980607030650966
0.07279573254665728,0.62585081129256,0.9825463182716505
0.05948432909006829,0.9912530032953344,0.6603623065360831
0.005265478641657273,0.9174448462578858,0.9392720936586432
0.4196300293813594,0.9917834161045144,0.18568852092506594
0.039730177736203354,0.995737294943105,0.7209593259127723
0.08887690218983557,0.5882354196498503,0.9825463182716505
0.00411027942759834,0.9328004029058273,0.9392720936586432
0.008020112347373098,0.87544788624124,0.9784901545587459
0.0019689736687206194,0.984309497409944,0.9392720936586432
0.8510047674065004,0.011162489094866723,0.9991068643163503
4.94712086962501e-07,1.0,0.9990053020914923
0.0046425028850742844,0.9173931441622432,0.9506080947349599
0.19564582111049422,0.4060578717206449,0.9842804848045819
0.006997711756612013,0.8875884946127095,0.9638045721125097
0.0011797684829356614,0.9554727376029263,0.9806230029256294
0.03247222723045473,0.9927117163660721,0.7473403676063891
0.1956974609329284,0.9844121054009203,0.40598447563028317
0.02654210859569739,0.9899421722409198,0.7713549174737019
0.011957938471119922,0.9787424497460404,0.8472878485288049
0.5044187510611522,0.986864103336358,0.13153775331390838
0.032626436761135524,0.7473878048650016,0.9806230029256294
6.44368018820618e-06,0.9964101087961766,0.9999999921634554
0.00306391484310764,0.9506992545345928,0.9392720936586432
0.03247867089421708,0.9919013652937858,0.7473403676063891
0.23761777549171526,0.353230589543002,0.9784901545587459
0.0016885223534303107,0.9806520888164092,0.9452290959363047
0.0016468221662362392,0.9554935587890153,0.9638045721125097
0.0010375911031985652,0.95985735235198,0.9784901545587459
0.6035825440752252,0.9949465702323923,0.08194354014270289
0.01786600945042005,0.8130504047710962,0.9784901545587459
0.1320542335694027,0.9934618570105689,0.5033840525904824
0.006383177856729039,0.8985798321427302,0.9506080947349599
2.8371034536900375e-05,0.9924673202538475,0.9999999921634554
0.009659732342378491,0.9859792644240143,0.8620522808099423
0.10840301776598549,0.985982795734864,0.5473872082499349
0.02189878426077685,0.7932440888780309,0.9761252228161587
0.006533161348452499,0.980745981000453,0.8875147865181154
0.014465961840927744,0.9874366605935516,0.8309886922929985
0.0024395603057106863,0.9506683787898117,0.9506080947349599
0.0018989154822501852,0.9896875572298779,0.9392720936586432
0.002196094595577569,0.9735521692557253,0.9392720936586432
0.003138518545328095,0.9254003360165501,0.9735032657568307
0.03986699312248854,0.9832395910165025,0.7209593259127723
0.0009922031375472207,0.9554643759667808,1.0
0.419572055777504,0.18568878271149014,0.9991981497943173
0.23745282466331674,0.9958161914564604,0.35308091608600944
0.07267577591847818,0.9937142654956512,0.6257938095470035
0.01054320527232011,0.8621891529697402,0.9554643759667808
0.13203520127506085,0.9968840807258417,0.5033840525904824
0.08874396418210362,0.9967286688931749,0.5881726871876487
0.009746444716940417,0.9808082564752054,0.8620522808099423
0.0021553381406995697,0.9452649856221822,0.9638045721125097
0.007976840250943806,0.9807739604155038,0.8754190627608147
0.0042852644677864316,0.9453818189857236,0.9253741348679578
3.9884575420146007e-07,1.0,0.9991068643163503
0.23755750561224265,0.3531794593970442,0.9825463182716505
0.3480520389373153,0.2419371892380331,0.9825463182716505
0.011794372164315003,0.9886582229382528,0.8472878485288049
0.0037102261193819874,0.9762070216133248,0.9172921972217961
0.6035764440076938,0.9954501902565187,0.08194354014270289
0.011809578427851686,0.9874027976876347,0.8472878485288049
0.0024917663338512863,0.945283439799163,0.9554643759667808
0.005249784406005542,0.9873191750875602,0.8984558950246667
0.005399129291166149,0.8984793886231812,0.9784901545587459
0.4198808518228718,0.9810635545828554,0.18568852092506594
0.006427328321323089,0.887523925113356,0.9872532878203727
0.004079183737027647,0.9173463930966328,0.9638045721125097
0.7189974013983227,0.990827418148122,0.040336828193727525
0.004229810889316732,0.9599856296054061,0.9172921972217961
0.28777394517068555,0.9960922844520266,0.2980607030650966
0.0034865802004924173,0.9327583175866362,0.9506080947349599
0.4196435864230652,0.18578913661009233,0.9842804848045819
0.7190319644140994,0.9898235734304772,0.040336828193727525
0.28780123830518956,0.9926415178934724,0.2980607030650966
0.02658769880100531,0.77137782822398,0.9858439254419276
0.0029998519319545114,0.9453113099412606,0.9452290959363047
0.16082346337989506,0.992195478897925,0.45619688320435947
0.419610093795454,0.18574214813782497,0.9885236130827492
0.0014080474710723712,0.9506173681458376,0.9806230029256294
0.005698545833975666,0.967543675684269,0.8984558950246667
2.2972269165477677e-05,0.9932217988665297,1.0
0.021672121346111295,0.9898918552283631,0.7931851377249264
0.13204954760090892,0.9941167221075091,0.5033840525904824
0.03973857457736496,0.9941436316513811,0.7209593259127723
0.004308576410817722,0.9859035054704581,0.908349152579334
0.41966028411700984,0.989869392138493,0.18568852092506594
0.23758451889292176,0.35320237620052886,0.9806230029256294
0.10842867030153613,0.9844364270193106,0.5473872082499349
0.007913147924571873,0.9844029484942255,0.8754190627608147
0.03266863364101713,0.7473988238207181,0.9784901545587459
0.6035577081116942,0.9975822083145256,0.08194354014270289
0.0013439333988072288,0.9842996708657633,0.9506080947349599
0.1320401792680621,0.9957162664030813,0.5033840525904824
0.0034865802004924173,0.9507201562930021,0.9326761471415648
0.19573254464714096,0.9826963279039636,0.40598447563028317
0.08874283934646399,0.9970586432699444,0.5881726871876487
0.0265082549924599,0.9940629435983074,0.7713549174737019
0.7188478068332489,0.040337076807912764,0.9992801889526707
3.2148192785630414e-07,1.0,0.9991981497943173
0.0019834218080282406,0.9555085643526792,0.9554643759667808
0.05947660391521947,0.9921273514201713,0.6603623065360831
0.00306391484310764,0.9393462135861348,0.9506080947349599
0.4196435864230652,0.9908759511777323,0.18568852092506594
0.28777647041895893,0.9956563460476981,0.2980607030650966
0.017703421200509606,0.9887260419375862,0.8130071414507398
0.1608165705808967,0.9929756173410103,0.45619688320435947
0.021626208116407142,0.9964877218984689,0.7931851377249264
0.07267171824634067,0.994344481768961,0.6257938095470035
0.039942890125906017,0.7210238857369771,0.9784901545587459
0.00788997291949789,0.9859542090670712,0.8754190627608147
0.002700213830122089,0.9327052559853708,0.9705967019958414
0.0015821732317619075,0.9872724213051347,0.9452290959363047
0.5042711505202607,0.994878098552284,0.13153775331390838
0.05952006877698701,0.6603898995975437,0.9872532878203727
0.5043202082943012,0.9913472446272205,0.13153775331390838
0.0035260185398307,0.985892426412744,0.9172921972217961
0.006389571028436958,0.9907592107003096,0.8875147865181154
0.0020765789781206356,0.9785298540437128,0.9392720936586432
0.5043593910018798,0.989336379933687,0.13153775331390838
0.13203816005235636,0.9961470565474875,0.5033840525904824
0.4197061590583817,0.9875150806163133,0.18568852092506594
0.7188575829777426,0.9976466981477403,0.040336828193727525
0.08874192911913481,0.99735563311135,0.5881726871876487
0.1320426723246656,0.9952378457354425,0.5033840525904824
0.13216182376817875,0.5034597006599044,0.9825463182716505
0.07266843032612313,0.9949120816791662,0.6257938095470035
0.8510047390781015,0.011162301087619286,0.9993539098489788
0.009746444716940417,0.8620781807195094,0.9806230029256294
0.23753556840706214,0.35316084889852317,0.9842804848045819
0.10836528377165155,0.5474239797061689,0.9872532878203727
0.0023498826744555723,0.9872822078715248,0.9326761471415648
0.048609797746204664,0.9969291018000878,0.6920271884731896
2.590640054700444e-07,1.0,0.9992801889526707
0.16081098164379382,0.9936784785301307,0.45619688320435947
0.0006135351343854456,0.9673776890453847,0.9872532878203727
0.011782034185259471,0.9897896702298495,0.8472878485288049
0.19566896354432972,0.9859593233098408,0.40598447563028317
0.0052220573195463915,0.9897218921389824,0.8984558950246667
0.04861242305715241,0.9962018690005555,0.6920271884731896
0.014438491640815121,0.9898171169142652,0.8309886922929985
0.34807513740492424,0.9873652816557823,0.24182169813245513
0.006497961645373418,0.8875319210650079,0.9825463182716505
0.237462981838372,0.9942558898812559,0.35308091608600944
0.03972398375221042,0.9974950400760425,0.7209593259127723
0.02174079162211351,0.9846203392100714,0.7931851377249264
0.014613923073248714,0.8310277953389967,0.9784901545587459
1.5051173803959372e-05,0.9945134600092607,0.9999999921634554
0.002922606861982757,0.9327202623880164,0.9638045721125097
0.02184626518156574,0.7932329871332433,0.9784901545587459
0.1321925712100004,0.5034772930456558,0.9806230029256294
0.006469376331434296,0.9843802503001575,0.8875147865181154
0.03986699312248854,0.7210018313707526,0.9825463182716505
0.026502007200017386,0.9951953927374502,0.7713549174737019
0.1956270315134564,0.9886120951919937,0.40598447563028317
0.0014516060985486634,0.978516407862713,0.9506080947349599
0.13206001402433143,0.9927349106610082,0.5033840525904824
0.1955893583417363,0.9916887789879658,0.40598447563028317
0.08882940278954488,0.5882139532084061,0.9858439254419276
0.0028360143876912103,0.9555465728073685,0.9392720936586432
0.001310108999958537,0.963828289861181,0.9638045721125097
0.13203652498314578,0.99653491483309,0.5033840525904824
0.2877633449082012,0.298060821070949,0.9994201482466656
2.0871626338347937e-07,1.0,0.9993539098489788
0.23745063437905922,0.9962365097337516,0.35308091608600944
0.0023769957478123604,0.9674352525230882,0.9392720936586432
0.10842867030153613,0.5474561534460571,0.9825463182716505
0.04861097212118126,0.9965845948896255,0.6920271884731896
0.0024208058651133957,0.9825859176099946,0.9326761471415648
1.2178890800296216e-05,0.9950646546954414,1.0
0.011957938471119922,0.8473231805451324,0.9784901545587459
0.059461146736788484,0.9942639141539267,0.6603623065360831
0.6035642233972904,0.996681635388703,0.08194354014270289
0.002196094595577569,0.9392934152325363,0.9735032657568307
0.001997688465757652,0.9825785315284721,0.9392720936586432
0.021654177158039523,0.9918107588978214,0.7931851377249264
0.00529188224979249,0.9843617383767299,0.8984558950246667
0.5042773397339501,0.9943105202613471,0.13153775331390838
0.2878210891641545,0.9909213228275112,0.2980607030650966
0.23749156624446555,0.35312351952246146,0.9885236130827492
0.0021301595323113265,0.9392894037303907,0.9761252228161587
0.01771853653706279,0.9874781235956096,0.8130071414507398
0.41961902469163503,0.9926014496754828,0.18568852092506594
0.6035674796009141,0.08198324074329777,0.9907001885045824
0.02162323252569176,0.9974478227597201,0.7931851377249264
0.0009401255264401831,0.9638148893701168,0.9761252228161587
0.16085535216986002,0.45624106320296665,0.9872532878203727
0.7188477720588111,0.04033695811156479,0.999479656708249
1.6811404213168402e-07,0.9999999887391063,0.9994201482466656
0.0020330476131795727,0.9806587659349993,0.9392720936586432
0.014413850844519294,0.9925756845406578,0.8309886922929985
0.0023921032421265753,0.9843161496236451,0.9326761471415648
0.009625714363363347,0.988633332943085,0.8620522808099423
0.2877702425025904,0.9968383621784573,0.2980607030650966
0.08874059708968396,0.9978634070831933,0.5881726871876487
0.014428510028504982,0.990833974550735,0.8309886922929985
9.852526070441847e-06,0.9955609736350631,1.0
0.0008875913086777709,0.9598513247088525,0.9872532878203727
0.7188541927023477,0.9980942933918995,0.040336828193727525
0.8511525415765825,0.9933644016918937,0.01116209470106655
0.07266576672732661,0.9954232296060743,0.6257938095470035
0.0009586184539861486,0.9598541788879908,0.9825463182716505
0.6035615831466097,0.9970136716415468,0.08194354014270289
0.03972836877692898,0.996166402064913,0.7209593259127723
0.021717939628792204,0.7932058610381552,0.9858439254419276
0.021631819332317836,0.9951713563858888,0.7931851377249264
0.16079739298906226,0.9958581949113233,0.45619688320435947
0.0021301595323113265,0.9761692871196651,0.9392720936586432
0.0029402998097320943,0.9825949860733366,0.9253741348679578
0.021768937555333046,0.793216641234108,0.9825463182716505
0.021662212994867702,0.9909012495339876,0.7931851377249264
0.006576496418222777,0.8875408114896783,0.9784901545587459
0.10835156330626605,0.9897664236049896,0.5473872082499349
0.0024561500215174448,0.9806669659286901,0.9326761471415648
0.007871161017481754,0.9873525917355976,0.8754190627608147
0.5043059464589831,0.9922069668920503,0.13153775331390838
0.03972284850898811,0.9979765056822649,0.7209593259127723
0.6035563024922903,0.9978248630611832,0.08194354014270289
0.6035503786692609,0.08194364020336031,0.9995331128011057
1.3537857979084578e-07,1.0,0.999479656708249
0.03972690429212211,0.9965527018471632,0.7209593259127723
0.0726565315194968,0.9980459034809425,0.6257938095470035
0.059457811977381425,0.9948396000023592,0.6603623065360831
0.0029116121337680045,0.9843243170607235,0.9253741348679578
0.0024997022985944195,0.9393118867845711,0.9638045721125097
0.03972335608159272,0.9977484783487355,0.7209593259127723
0.4196100937954539,0.993338782193057,0.18568852092506594
0.002032589228288084,0.945258252446426,0.9673750385075176
0.0007210819323308915,0.9885311332054951,0.9638045721125097
0.0020765789781206356,0.9392861438789939,0.9784901545587459
0.1321165809321454,0.5034338146226658,0.9858439254419276
0.007976840250943806,0.8754424530352404,0.9806230029256294
0.1320315353627206,0.9981710183841823,0.5033840525904824
0.007843506997743166,0.9897489771208551,0.8754190627608147
0.003549295483865178,0.9843343423725549,0.9172921972217961
0.504266129856259,0.9953895690814558,0.13153775331390838
0.014400722601810356,0.9945923887588144,0.8309886922929985
0.011747667276097551,0.9939729228639318,0.8472878485288049
0.048608847431189095,0.9972391714900526,0.6920271884731896
0.014408529745181586,0.9933193093085554,0.8309886922929985
0.6035594428078892,0.9973127844344476,0.08194354014270289
0.10834043086639034,0.990787317617669,0.5473872082499349
0.017666597523459338,0.9926001871348495,0.8130071414507398
0.5042849677915129,0.13160830947598978,0.9872532878203727
0.19561177938914087,0.9897458617979746,0.40598447563028317
0.0042896966001236825,0.9873069361303063,0.908349152579334
0.0118798291264266,0.8473111107286927,0.9825463182716505
0.4196028474913397,0.9940033003550143,0.18568852092506594
0.19561177938914087,0.40603273501723547,0.9872532878203727
0.007855894149620402,0.9886130204638416,0.8754190627608147
0.01768120832749165,0.8130152278039392,0.9907001885045824
0.7189278745152325,0.9932875522944419,0.040336828193727525
0.2878101301627646,0.9918260951953698,0.2980607030650966
0.0015240106992155944,0.9674074090966728,0.9554643759667808
0.014570938611697004,0.831020424442041,0.9806230029256294
0.0011872561124878223,0.9673964166395705,0.9638045721125097
0.8511023400045026,0.9946070516521276,0.01116209470106655
0.011772025668765007,0.9908092686785636,0.8472878485288049
0.048667496616448536,0.692047470298894,0.9885236130827492
0.8510047210513465,0.01116218144935155,0.9995811265015507
0.23744455797108677,0.997787151163762,0.35308091608600944
1.0899183422452552e-07,0.9999999921634563,0.9995331128011057
0.0037102261193819874,0.917315772511748,0.9761252228161587
0.7188529624988449,0.998285362123127,0.040336828193727525
0.0023119704323503187,0.9907212881434825,0.9326761471415648
0.8511248598977927,0.994017550370817,0.01116209470106655
0.07272981268242396,0.6258242110442778,0.9872532878203727
0.504294367117737,0.13162477517958782,0.9858439254419276
0.001064388112385961,0.9673924059407603,0.9673750385075176
0.7188627395106251,0.9970952722581737,0.040336828193727525
0.001874994409896913,0.9506404597286578,0.9638045721125097
0.07265613523232206,0.9982440089970702,0.6257938095470035
0.0013206049378340357,0.9858612032847353,0.9506080947349599
0.03999443756022625,0.7210388645364454,0.9761252228161587
0.05944574366224453,0.9980180657321005,0.6603623065360831
0.002922606861982757,0.9638866931811607,0.9326761471415648
0.0016531509990715954,0.9452374390295432,0.9825463182716505
0.006533161348452499,0.8875359058006516,0.9806230029256294
0.0028416201171255207,0.9896972973130689,0.9253741348679578
0.28779402526788367,0.2980910578557744,0.9907001885045824
0.0014241445771000505,0.9706258760403753,0.9554643759667808
0.04860807860095251,0.9975182149769878,0.6920271884731896
0.2877689008019606,0.9971566298717867,0.2980607030650966
0.004237047524561333,0.9924990237654635,0.908349152579334
0.0005033737210653477,0.9735073019276422,0.9825463182716505
0.032448850524989026,0.9971922770239239,0.7473403676063891
0.0034610703559965206,0.9916584735458313,0.9172921972217961
0.0028694135526513564,0.9872888307201553,0.9253741348679578
5.209308785003586e-06,0.9967722158632909,1.0
0.03972475976178136,0.9972133908818808,0.7209593259127723
0.5042849677915129,0.9936807497687782,0.13153775331390838
0.005211982364635603,0.9907482588741143,0.8984558950246667
0.7188477538448194,0.040336895941348816,0.9996242468748051
8.772750770269511e-08,1.0,0.9995811265015507
0.048606547296129454,0.9981984694063698,0.6920271884731896
0.003441839491428955,0.9639054993514606,0.9253741348679578
0.1608064509306405,0.9943116466601131,0.45619688320435947
0.13210012455392595,0.503424398979069,0.9872532878203727
0.004261942752737946,0.9897119721752868,0.908349152579334
0.13203086464117675,0.9985232322443864,0.5033840525904824
0.014465961840927744,0.8310024232171299,0.9872532878203727
0.419592202025859,0.995141698074217,0.18568852092506594
0.5042587564144698,0.9962656340272849,0.13153775331390838
0.5042620580146685,0.9958504268780718,0.13153775331390838
0.23744886038950508,0.9966149820356786,0.35308091608600944
0.009603318827511975,0.9907890992415403,0.8620522808099423
0.19562703151345628,0.40604399731861274,0.9858439254419276
0.2877881753752627,0.9940384328204807,0.2980607030650966
0.0726618624642259,0.9962978792108472,0.6257938095470035
0.10830942193468107,0.994561826248675,0.5473872082499349
0.3479712137182325,0.24184320843524254,0.9924673202538475
0.002888320293542801,0.9858833982041773,0.9253741348679578
0.0264928268188257,0.9977174572640496,0.7713549174737019
0.005320501441940517,0.8984713629441781,0.9825463182716505
0.0003400501381959353,0.9806259545674918,0.9825463182716505
0.19558121139697937,0.40601016334570295,0.9907001885045824
0.8510840235004177,0.9951390343352982,0.01116209470106655
0.0004727412334155634,0.9806285262052848,0.9761252228161587
0.0145360236965566,0.831014437296165,0.9825463182716505
0.7189464465850803,0.9925503831258488,0.040336828193727525
0.00041693287324107153,0.9735050107230274,0.9885236130827492
0.021699389925874613,0.7932019399094764,0.9872532878203727
0.8510691291401593,0.9956190470275299,0.01116209470106655
0.03979873217969421,0.7209819959126524,0.9872532878203727
0.28779402526788367,0.993376332253988,0.2980607030650966
0.4195883365268952,0.18571162378416262,0.9924673202538475
0.10836528377165155,0.9886336654718962,0.5473872082499349
0.7188477499649305,0.040336882698039256,0.999662968100994
7.059520801266927e-08,1.0,0.9996242468748051
0.7188598921965648,0.9973853369246609,0.040336828193727525
0.0007554057730828623,0.9858532014814203,0.9638045721125097
0.0013429548733441266,0.9735295558996815,0.9554643759667808
0.004639346577847703,0.908388779696455,0.9705967019958414
0.23747432348562902,0.3531088915725843,0.9907001885045824
0.5042711505202606,0.1315841044332503,0.9896684889539771
0.03248661782192608,0.7473512936655049,0.9907001885045824
0.0035779648127564068,0.9173047958619303,0.9825463182716505
0.026532249566920463,0.7713648050432537,0.9907001885045824
0.0012769634344500513,0.9761489114449887,0.9554643759667808
0.00529188224979249,0.8984684417343043,0.9842804848045819
0.0397839566129532,0.7209777023866184,0.9885236130827492
0.011757326972787197,0.9925556732293525,0.8472878485288049
0.017648405657906707,0.9956392724088954,0.8130071414507398
0.01175199153109352,0.9933013023445607,0.8472878485288049
0.039722106456022255,0.9983661775841511,0.7209593259127723
0.007825309169493977,0.9916950043951861,0.8754190627608147
0.0009401255264401831,0.9761408672220375,0.9638045721125097
0.1607998034458037,0.9953956252601246,0.45619688320435947
0.13203116444861773,0.9983564398019353,0.5033840525904824
0.009588587874642673,0.992539336348779,0.8620522808099423
0.059452922356272864,0.9958248455890575,0.6603623065360831
0.23744742389329931,0.9969557363915514,0.35308091608600944
0.08873941125114626,0.9984495759127778,0.5881726871876487
0.0008645539335213615,0.9706094151127033,0.9705967019958414
0.0007833187319713497,0.9735147221614436,0.9705967019958414
0.07265555606539686,0.9985824915247273,0.6257938095470035
0.0014516060985486634,0.950619522218539,0.9784901545587459
0.16079544067393903,0.9962747121320805,0.45619688320435947
0.009595183941759067,0.9917098191272494,0.8620522808099423
0.004331835074840806,0.9083604768858597,0.9842804848045819
0.07271554385879408,0.6258184532312776,0.9885236130827492
0.0397214469304249,0.9988156353817477,0.7209593259127723
0.34798091171363377,0.2418544849328953,0.9907001885045824
0.01450766965594985,0.8310095751970705,0.9842804848045819
0.00039432909733438937,0.9735044115864274,0.9907001885045824
0.8510047147867776,0.011162139873251875,0.999697734910588
5.679525205692926e-08,1.0,0.999662968100994
0.7189127823662965,0.9939524582128132,0.040336828193727525
0.07266044820541728,0.9966709304485956,0.6257938095470035
0.021634629516839365,0.9946320784757698,0.7931851377249264
0.16079385977778304,0.9966497199108438,0.45619688320435947
0.2374430402435046,0.9983931413211063,0.35308091608600944
0.23744626094458166,0.9972624974001311,0.35308091608600944
0.1320671430209921,0.5034055283408738,0.9907001885045824
0.04860595310918159,0.9985457300859325,0.6920271884731896
0.002799952334403555,0.9674490588150214,0.9326761471415648
0.07265581491599327,0.9984222111880492,0.6257938095470035
0.0014241445771000505,0.9554836318540889,0.9705967019958414
0.0022772149400258623,0.9706509699723493,0.9392720936586432
0.007818701315063348,0.9925260039818856,0.8754190627608147
0.7188511581195626,0.9986124164841151,0.040336828193727525
0.021622075883668712,0.9979383637661555,0.7931851377249264
0.1320325614782697,0.9977358346850184,0.5033840525904824
0.160792579926747,0.9969873172517315,0.45619688320435947
0.0028113056668809255,0.9932406991853099,0.9253741348679578
0.0007787474367182412,0.9842907853185529,0.9638045721125097
0.00788997291949789,0.8754315460502472,0.9858439254419276
0.003479348230299162,0.9897038863597817,0.9172921972217961
0.017737161721531725,0.8130258785547209,0.9858439254419276
0.7188598921965648,0.040378328042544376,0.9907001885045824
0.07265534693359388,0.9987266360290362,0.6257938095470035
0.19564582111049422,0.9873543797795732,0.40598447563028317
0.0028694135526513564,0.9253801976699458,0.9872532878203727
0.011763908596260753,0.9917279724311889,0.8472878485288049
0.0028315210535202473,0.9907261200752746,0.9253741348679578
0.7188477443248702,0.04033686344669807,0.9997289474866135
4.568209321931249e-08,1.0,0.999697734910588
0.08877749907754773,0.5881904963228979,0.9907001885045824
0.34796252853919785,0.24183310960585092,0.9945134600092607
0.009572550535703384,0.9951118390054013,0.8620522808099423
0.16079154402643137,0.9972912021474519,0.45619688320435947
0.08879810427198742,0.5881998084446759,0.9885236130827492
0.003549295483865178,0.9173024165327691,0.9842804848045819
0.002368799266249,0.9858760430887813,0.9326761471415648
0.0005856788198222995,0.9673767797501444,0.9896684889539771
0.1607907057663831,0.9975647104357895,0.45619688320435947
0.7189005207939221,0.9945521133642037,0.040336828193727525
0.005183935085064317,0.9945418197243943,0.8984558950246667
0.2877669354324862,0.9977010534366267,0.2980607030650966
0.10831813778612898,0.9932830555298265,0.5473872082499349
0.0008832489421496392,0.9673864931347085,0.9735032657568307
0.8510471780629026,0.9964427706015897,0.01116209470106655
0.014397891639148286,0.9951356540199996,0.8309886922929985
0.23744531966398752,0.9975386252773771,0.35308091608600944
0.021621657787637805,0.9981473716151488,0.7931851377249264
0.0011797684829356614,0.9806422288429228,0.9554643759667808
0.0003134060651471815,0.9924694673923661,0.9761252228161587
0.0010733651642270692,0.9554679941582678,0.9872532878203727
0.41958520293160184,0.9960657413857802,0.18568852092506594
0.0030191158101515736,0.9253914005685581,0.9784901545587459
0.0007020769255531301,0.9735125687628311,0.9735032657568307
0.7188557105774656,0.997882170020293,0.040336828193727525
0.0015543439164512618,0.9896839970949299,0.9452290959363047
0.0007364585889161335,0.9872616403481229,0.9638045721125097
0.014392238934633372,0.9964617525687964,0.8309886922929985
0.002368799266249,0.9326828931426752,0.9858439254419276
0.28776518289819963,0.9983300519473788,0.2980607030650966
0.10833140027818622,0.5474067811198564,0.9907001885045824
0.10835156330626605,0.5474170154712554,0.9885236130827492
0.13203199414382727,0.9979649106638523,0.5033840525904824
0.07265930351661753,0.9970067288176923,0.6257938095470035
0.5042560799478767,0.996639670804805,0.13153775331390838
0.0030726457576075727,0.9761917951840617,0.9253741348679578
0.0042518580739374645,0.9083531159452561,0.9907001885045824
0.07265517800949806,0.9988562543726773,0.6257938095470035
0.002499662930711688,0.9785389566201457,0.9326761471415648
0.10833140027818622,0.9917072914948087,0.5473872082499349
0.006374792274955743,0.9925151271689174,0.8875147865181154
0.0005163406589935304,0.9761307465679305,0.9784901545587459
0.8510047123806076,0.011162123904209675,0.9997569658854434
3.673473314425024e-08,1.0,0.9997289474866135
0.0007635760737959574,0.9673825867324691,0.9784901545587459
0.005191815236587294,0.9932568351286527,0.8984558950246667
0.0029402998097320943,0.92538550240993,0.9825463182716505
0.026490891363695868,0.9987993174062572,0.7713549174737019
0.16082346337989517,0.4562203995252898,0.9907001885045824
0.05944971614465089,0.9966235050521804,0.6603623065360831
0.6035577081116942,0.08196061295570412,0.9939013905125218
0.02649231225297155,0.9979486263196319,0.7713549174737019
0.7188505040568473,0.9987519576786501,0.040336828193727525
0.0012863005115539838,0.9506113474831775,0.9885236130827492
0.16079002759160876,0.9978108509292123,0.45619688320435947
0.007813344609050588,0.993274604790226,0.8754190627608147
0.8510081307403135,0.9989900799427508,0.01116209470106655
0.009603318827511975,0.8620582462462112,0.9907001885045824
0.01771853653706279,0.8130223332434587,0.9872532878203727
0.04860573855378769,0.9986936128108342,0.6920271884731896
0.0016523677134170356,0.9706325894559463,0.9506080947349599
0.04864598394038744,0.6920405065054884,0.9907001885045824
0.001997688465757652,0.9392813441647914,0.9825463182716505
0.504266129856259,0.13157530925332495,0.9907001885045824
0.16084243942108023,0.45623269584631876,0.9885236130827492
0.0005558762279369578,0.9842872814582656,0.9705967019958414
0.0024561500215174448,0.9326887873048887,0.9806230029256294
0.005211982364635603,0.8984602862164187,0.9907001885045824
0.6035516843144119,0.9989658315672683,0.08194354014270289
0.4195969693200503,0.9946021277967397,0.18568852092506594
0.5042539107321489,0.9969765819710377,0.13153775331390838
0.0486821354854754,0.6920522089961767,0.9872532878203727
0.10831332366838753,0.9939558295114774,0.5473872082499349
0.3479527299399189,0.24182171612944703,0.999782114022998
0.017642069240881297,0.9974374375638905,0.8130071414507398
2.9532790879471804e-08,1.0,0.9997569658854434
0.28776450206916926,0.9986513318588169,0.2980607030650966
0.0008074964782864846,0.9825577551315188,0.9638045721125097
0.021621046747442696,0.9985044818380756,0.7931851377249264
0.6035542414901403,0.9982401494867342,0.08194354014270289
0.0015711965654560123,0.9735356056832202,0.9506080947349599
0.002888320293542801,0.9253816125470815,0.9858439254419276
0.021638098381037363,0.9940332418626374,0.7931851377249264
0.504246378049571,0.9987067854094752,0.13153775331390838
0.0002847226262773228,0.9896708792884295,0.9784901545587459
0.017656995587644442,0.99400896221985,0.8130071414507398
0.1607894790540707,0.9980323371709129,0.45619688320435947
0.02164237935888169,0.9933683429226197,0.7931851377249264
0.5042521530228006,0.9972800186733249,0.13153775331390838
0.014428510028504982,0.8309960010487415,0.9907001885045824
0.039721305670328166,0.9989363170366775,0.7209593259127723
0.007871161017481754,0.8754291840445361,0.9872532878203727
0.05948432909006829,0.6603769938902979,0.9907001885045824
0.0010873563086662985,0.9638202219455501,0.9705967019958414
0.0005673478707283186,0.9916342516494819,0.9673750385075176
0.02654210859569739,0.771367120601181,0.9896684889539771
0.004308576410817722,0.9083583361998818,0.9858439254419276
0.8510570202420524,0.9960521113438722,0.01116209470106655
0.34798751519377125,0.9932633662669367,0.24182169813245513
0.34798091171363377,0.9939360831583995,0.24182169813245513
0.8510047108223436,0.01116211356247021,0.9998046832686717
2.3737149801306145e-08,0.9999999921634556,0.999782114022998
0.01173148280450842,0.9979175223258863,0.8472878485288049
0.07265837722392887,0.9973089604799159,0.6257938095470035
0.23744223812504672,0.9988343790730482,0.35308091608600944
0.0012769634344500513,0.9554770705398986,0.9761252228161587
0.13203412987723062,0.9971983789387036,0.5033840525904824
0.0015360307343135204,0.9916423600068094,0.9452290959363047
0.03244568884128496,0.9986714229755829,0.7473403676063891
0.1608027788899523,0.45620699614330007,0.9939013905125218
0.05944855514879621,0.9969640871515429,0.6603623065360831
0.0010061392221736298,0.9735206282503849,0.9638045721125097
0.7188499744265533,0.9988775924202663,0.040336828193727525
0.5042478858121462,0.9982202923781335,0.13153775331390838
0.19557460408996064,0.9932665593678454,0.40598447563028317
0.011739025673253023,0.9956130402568901,0.8472878485288049
0.0028034066586815065,0.9945287586633995,0.9253741348679578
0.03976224305158893,0.7209713927984553,0.9907001885045824
0.07269457498613341,0.6258099917875921,0.9907001885045824
0.00022277582805707574,0.9916313674101173,0.9806230029256294
0.0012637163948351349,0.9907115391569473,0.9506080947349599
0.003469255625504042,0.9172957738530685,0.9907001885045824
0.07265493145645652,0.9990775713435182,0.6257938095470035
0.5042587564144698,0.13156239248630308,0.9924673202538475
0.01764384434106303,0.9968291498662281,0.8130071414507398
0.23744344330737177,0.9982120646080682,0.35308091608600944
0.16083196234210495,0.4562259067839811,0.9896684889539771
0.002816689378348669,0.99248832435887,0.9253741348679578
0.00422092353025294,0.995085426556514,0.908349152579334
0.039721621853692324,0.9986814137712622,0.7209593259127723
0.0016523677134170356,0.9506294503347154,0.9705967019958414
0.0007210819323308915,0.9638069557948745,0.9885236130827492
0.0015442318155145518,0.9452314644592459,0.9907001885045824
0.0018806086201378358,0.9916452442950842,0.9392720936586432
0.8510047102635285,0.011162109853778635,0.9998249356852211
1.9074312906930402e-08,1.0,0.9998046832686717
0.004227314319997122,0.9939270583151156,0.908349152579334
0.011735656810708317,0.9964522156665448,0.8472878485288049
0.021662212994867702,0.7931940812644616,0.9907001885045824
0.10830369913560933,0.9955991172505662,0.5473872082499349
0.0018888068710802841,0.9907173526319429,0.9392720936586432
0.0006845817624142603,0.967380008173443,0.9825463182716505
0.01438859711247742,0.997689076968196,0.8309886922929985
0.5042507290732536,0.9975532763651134,0.13153775331390838
0.0006984850342088844,0.9638061373541792,0.9907001885045824
0.23744206615541807,0.9989529094759759,0.35308091608600944
0.851006950534397,0.9991825313719024,0.01116209470106655
0.0013016684706956827,0.9872688455011727,0.9506080947349599
0.0008496234972468208,0.9598497989973115,0.9907001885045824
0.05944761566028889,0.9972706243580541,0.6603623065360831
0.0010151526135551148,0.9932285242189612,0.9554643759667808
0.07268078243939835,0.6258044261637568,0.9924673202538475
0.0007364585889161335,0.963807512724478,0.9872532878203727
0.08878672770258922,0.5881946670226931,0.9896684889539771
0.000575556908397612,0.9673764493472887,0.9907001885045824
0.0015668095890244427,0.9452327029233124,0.9885236130827492
0.19554643336112643,0.4059844829412568,0.9998431069491618
0.16078867684829312,0.9984108941796036,0.45619688320435947
0.011794372164315003,0.8472979055244979,0.9885236130827492
0.039720877995960246,0.9994431803738063,0.7209593259127723
1.5323757263097093e-08,1.0,0.9998249356852211
0.0022809756228852063,0.9950758521271124,0.9326761471415648
0.2877834320653352,0.29808061780913275,0.9924673202538475
0.16078758747640498,0.9991652367555016,0.45619688320435947
0.0028233305458106317,0.99165313534645,0.9253741348679578
0.0004323142099966759,0.9735054184213627,0.9872532878203727
0.0030726457576075727,0.9253954064572071,0.9761252228161587
0.017642863095089334,0.997149311738716,0.8130071414507398
0.00027459766681547926,0.9907023401414262,0.9784901545587459
0.001868572372994759,0.9932343090026317,0.9392720936586432
0.4195883365268951,0.9956278207748777,0.18568852092506594
0.19558121139697937,0.9925187333813649,0.40598447563028317
0.19556924664034459,0.4060013284652405,0.9924673202538475
0.8510145201989412,0.9982900723799338,0.01116209470106655
0.003454433435863047,0.9924931284169114,0.9172921972217961
0.0006836216327062994,0.9924722561867946,0.9638045721125097
0.001851625624068931,0.9735430387472098,0.9452290959363047
0.8510168127506179,0.9981007998965061,0.01116209470106655
0.7188557105774656,0.04036405483071859,0.9924673202538475
0.5042495757655888,0.9977993291142275,0.13153775331390838
0.237462981838372,0.35309926984968176,0.9924673202538475
0.0013016684706956827,0.9506121074635346,0.9872532878203727
0.0005387858119472178,0.9806298061912093,0.9735032657568307
0.04863183369994439,0.6920359259804618,0.9924673202538475
0.001851625624068931,0.9452483260061119,0.9735032657568307
0.8510099274004637,0.9987528789944599,0.01116209470106655
0.00152938099347244,0.9924786272019538,0.9452290959363047
0.03972102527196364,0.9992299998590605,0.7209593259127723
0.4195775878636404,0.9974234642243406,0.18568852092506594
0.0008597426329962632,0.959850205628129,0.9896684889539771
0.7188529624988449,0.040354674753925956,0.9939013905125218
0.007809003119804259,0.9939489020426324,0.8754190627608147
0.504246778673505,0.9985613807489792,0.13153775331390838
0.002499662930711688,0.9326917234231213,0.9784901545587459
0.851004709452869,0.01116210447366961,0.999859408982877
1.2307714736259356e-08,1.0,0.9998431069491618
0.002806942290323189,0.9939183958596868,0.9253741348679578
0.0023037756571738788,0.9916487864136396,0.9326761471415648
0.007805485223388864,0.9945562031805538,0.8754190627608147
0.34795347622103523,0.9990033029477082,0.24182169813245513
0.23744271437552422,0.9985560440051969,0.35308091608600944
0.0008293679320156011,0.993227264904093,0.9598480626596273
0.16078838697406161,0.9985721604608201,0.45619688320435947
0.03244525534906162,0.9990375748430056,0.7473403676063891
0.7188491986057859,0.9990925011757951,0.040336828193727525
0.0015821732317619075,0.9452335456689203,0.9872532878203727
0.0018888068710802841,0.9392747197872747,0.9907001885045824
0.017639212903848622,0.9990228472962662,0.8130071414507398
0.8510111511598794,0.9986143718705126,0.01116209470106655
0.0011872561124878223,0.9638238402326473,0.9673750385075176
0.0022873788629805825,0.9939152271863125,0.9326761471415648
0.8510089351309366,0.9988776661815316,0.01116209470106655
0.8510126600802801,0.9984606534946937,0.01116209470106655
0.85100747879988,0.9990913358984994,0.01116209470106655
0.001255513009546183,0.9506098249715316,0.9916297958906259
0.05944685558898677,0.9975464888290058,0.6603623065360831
0.3479569160463504,0.241826583590958,0.9964101087961766
0.10830162469952087,0.9960416884031016,0.5473872082499349
0.5042486418693995,0.9980208606387493,0.13153775331390838
0.039721191621296725,0.9990448122051785,0.7209593259127723
0.011809578427851686,0.8473002552665211,0.9872532878203727
0.13203026851388255,0.9989294849537146,0.5033840525904824
0.10831332366838753,0.5473976057928147,0.9932217988665297
0.0012390989875169511,0.9939088340178267,0.9506080947349599
0.00046267345090655887,0.9784951311516562,0.9784901545587459
0.0005135779478228075,0.9872587991219118,0.9705967019958414
0.8510391800511139,0.996795134297183,0.01116209470106655
0.011737163984159471,0.9960546555325724,0.8472878485288049
0.03972096533332592,0.9993087803632581,0.7209593259127723
0.13204954760090892,0.5033954609856981,0.9932217988665297
0.017656995587644442,0.8130106188992914,0.9939013905125218
0.01439102232075895,0.9968186504042165,0.8309886922929985
0.014390037825639301,0.9971398724111402,0.8309886922929985
0.048605312301732484,0.99905364922581,0.6920271884731896
0.05947034005690166,0.6603719424088144,0.9924673202538475
0.08875503875861179,0.588180345813243,0.9939013905125218
0.1320542335694027,0.503398142098678,0.9924673202538475
6.134786098010991e-07,0.9988923191599932,1.0
0.6035551637766571,0.9980433840096161,0.08194354014270289
0.0006738536947539231,0.9638052452277251,0.9939013905125218
0.7188482380465523,0.9994676193123122,0.040336828193727525
0.8510047091624786,0.011162102546434682,0.9998740323266292
9.882917151315951e-09,0.9999999921634555,0.999859408982877
0.011734436917603785,0.9968100754753249,0.8472878485288049
0.1320299545377498,0.9992247846708673,0.5033840525904824
0.7188759060846892,0.9960199875602879,0.040336828193727525
0.007802635317053386,0.9951031037562519,0.8754190627608147
0.007825309169493977,0.8754234269272219,0.9916297958906259
3.9884575420146007e-07,0.9991068643163503,1.0
0.021620068227397038,0.9994326845857607,0.7931851377249264
0.07265477081224325,0.9992564077981855,0.6257938095470035
0.13202983321133055,0.9993752253233367,0.5033840525904824
0.0015711965654560123,0.9506254362377594,0.9735032657568307
0.718848140933169,0.99952164658513,0.040336828193727525
0.0887384557547456,0.9991861194730841,0.5881726871876487
0.001027199151899083,0.9916381008334051,0.9554643759667808
0.0063563912960792335,0.9955891463655618,0.8875147865181154
0.009565647586293857,0.996803075055058,0.8620522808099423
7.60581748693312e-07,0.9987666456637396,0.9999999887391045
0.28777958686609906,0.2980768282035635,0.9932217988665297
0.006361556950068237,0.9945482808910988,0.8875147865181154
0.0034446925815434515,0.9172937353133104,0.9939013905125218
0.0022971310294915837,0.9924844105811806,0.9326761471415648
0.03972109956284342,0.9991423403056898,0.7209593259127723
0.16078815272400648,0.9987172081378785,0.45619688320435947
0.19556490358423262,0.4059981215147975,0.9932217988665297
0.08873838525603761,0.9992693044518814,0.5881726871876487
0.004261942752737946,0.908354044121117,0.9896684889539771
0.7188480624549431,0.9995702403169436,0.040336828193727525
0.8510196376429207,0.9978908115373682,0.01116209470106655
0.026490748157341426,0.9989216617926271,0.7713549174737019
0.7188495456521029,0.9989906939533402,0.040336828193727525
0.0012326890196449058,0.995070678407737,0.9506080947349599
0.0018606658971435097,0.9945235862006588,0.9392720936586432
0.059446240809940876,0.9977947217956343,0.6603623065360831
0.032462770014045406,0.7473450662396925,0.9939013905125218
0.0887383283769626,0.9993440636118285,0.5881726871876487
0.19556924664034459,0.9939403088372784,0.40598447563028317
0.000886481073453349,0.9785042492977202,0.9638045721125097
0.04860522109496768,0.9991502750348128,0.6920271884731896
0.8510047089291265,0.01116210099774495,0.9998871482759321
7.933927403946939e-09,1.0,0.9998740323266292
0.0003836553517656549,0.9825503564163682,0.9784901545587459
0.0012488614004653176,0.9924765140777456,0.9506080947349599
0.001027199151899083,0.9554659360840719,0.9916297958906259
0.032456560437205795,0.7473434447204617,0.9950646546954414
0.000584631681832426,0.9706011809150953,0.9825463182716505
0.0008414167106961523,0.9598494692129894,0.9916297958906259
0.014393742056607706,0.996065261127783,0.8309886922929985
0.00018735254056834183,0.9825469296875956,0.9916297958906259
0.005171170369214773,0.9979036984471084,0.8984558950246667
0.8510326820897689,0.9971129186624405,0.01116209470106655
0.0077939271363564044,0.997411747865429,0.8754190627608147
0.011772025668765007,0.8472944524408699,0.9907001885045824
0.7188519656684377,0.9984574468490865,0.040336828193727525
0.7188479990504422,0.9996139419932064,0.040336828193727525
0.00017529587457687512,0.9932228313702836,0.9825463182716505
0.014387039403174873,0.9984934241703581,0.8309886922929985
0.0012233370679520794,0.9785114966948809,0.9554643759667808
0.00021071958923235545,0.9932230714848623,0.9806230029256294
0.0013206049378340357,0.9506130439146876,0.9858439254419276
9.427404918938009e-07,0.9986268721490964,0.9999999921634554
0.6035534946643888,0.9984173056301879,0.08194354014270289
0.0023119704323503187,0.9326790585065077,0.9907001885045824
0.08873828249698312,0.9994112426564353,0.5881726871876487
0.021620218279483905,0.9992154857185844,0.7931851377249264
0.0002597279605008884,0.9784907648153138,0.9924673202538475
0.0015196213224966115,0.9452301144939249,0.9939013905125218
0.00037546801562016174,0.9806266409884756,0.9806230029256294
0.006389571028436958,0.8875196508491544,0.9907001885045824
0.23744172450748124,0.9992414845030055,0.35308091608600944
0.007800327075987323,0.9955955560977102,0.8754190627608147
0.00957539535827956,0.8620543570850397,0.9945134600092607
0.0008414167106961523,0.9916365457419762,0.9598480626596273
0.014387654961322105,0.9981336735206654,0.8309886922929985
0.1955528339427608,0.9967884847428475,0.40598447563028317
0.0002047918100309687,0.9842817618994311,0.9872532878203727
0.41958266322338655,0.996460195494584,0.18568852092506594
3.2148192785630414e-07,0.9991981497943173,1.0
1.3537857979084578e-07,0.999479656708249,1.0
0.006358702896299695,0.9950959773643675,0.8875147865181154
0.0324670036268202,0.7473461717714717,0.9932217988665297
0.13203003774688815,0.9991366316667806,0.5033840525904824
0.7188905611074798,0.9950928578319762,0.040336828193727525
0.10830626037093172,0.9951076130018662,0.5473872082499349
0.0034917898690419724,0.9172976440183235,0.9885236130827492
0.009583240724103326,0.8620554497820784,0.9932217988665297
0.7188477354333677,0.040336833097138425,0.9998989108072711
0.5042472738659702,0.9983998088789646,0.13153775331390838
6.367755878144976e-09,0.9999999921634555,0.9998871482759321
0.28777647041895893,0.2980737568138351,0.9939013905125218
0.009563857888953642,0.9974163648771301,0.8620522808099423
0.00030463100587452274,0.9825489769404547,0.9825463182716505
0.01763947408390798,0.9987884004640699,0.8130071414507398
0.005176889261605755,0.99602846559338,0.8984558950246667
0.07265471292926207,0.9993324864447489,0.6257938095470035
0.0022740218536274615,0.9967795391385815,0.9326761471415648
0.003435978374762283,0.9955761824478803,0.9172921972217961
0.017638931952627335,0.9993653060567169,0.8130071414507398
0.7188479478360987,0.9996532396335756,0.040336828193727525
1.0899183422452552e-07,0.9995331128011057,0.9999999921634554
0.0015543439164512618,0.9452320191407623,0.9896684889539771
0.6035528900543339,0.9985767888365072,0.08194354014270289
0.0010354044124889494,0.9907094158067268,0.9554643759667808
0.0002663861571376991,0.9916317324502606,0.9784901545587459
0.009564658271252746,0.9971258697105589,0.8620522808099423
0.05947660391521947,0.6603742043066834,0.9916297958906259
0.0006703105000676057,0.9945170551698699,0.9638045721125097
0.0008249958831366699,0.9598488093528296,0.9939013905125218
0.011733449768901005,0.9971321632958868,0.8472878485288049
0.0004553327754942549,0.9932247295603285,0.9705967019958414
0.0010072393775292232,0.9945189037714538,0.9554643759667808
0.003454433435863047,0.9172945437277251,0.9924673202538475
0.04862253443754916,0.6920329157486356,0.9939013905125218
0.5042539107321489,0.1315539038386142,0.9939013905125218
0.41958520293160195,0.18570722750754776,0.9932217988665297
0.0397427763537016,0.7209657361102456,0.9932217988665297
0.005191815236587294,0.8984582277231784,0.9932217988665297
0.048616428572789916,0.6920309392404306,0.9950646546954414
0.014395598741240745,0.9956248329709674,0.8309886922929985
0.006354519467162256,0.9960331669305617,0.8875147865181154
0.00037946117187992456,0.9924699649784477,0.9735032657568307
0.005178763308941958,0.9955839187923741,0.8984558950246667
1.1682570839610662e-06,0.9984714343968634,1.0
0.0022971310294915837,0.9326780571889193,0.9924673202538475
0.4195738439918175,0.9984859100560499,0.18568852092506594
2.590640054700444e-07,0.9992801889526707,1.0
8.772750770269511e-08,0.9995811265015507,1.0
0.7188824729493766,0.9955804226823367,0.040336828193727525
0.004215212457971629,0.9964252179155492,0.908349152579334
0.5042449365796289,0.9995068732313279,0.13153775331390838
0.0018642048713398696,0.9939126463653976,0.9392720936586432
0.02649053921014255,0.9991305236154111,0.7713549174737019
0.02162050396322579,0.9989162671131375,0.7931851377249264
0.0012488614004653176,0.9506094960344099,0.9924673202538475
0.059444370870357144,0.9988399607540142,0.6603623065360831
0.014387314518321426,0.9983230728211997,0.8309886922929985
0.41958060530502717,0.9968154578485079,0.18568852092506594
0.014413850844519294,0.8309934873186466,0.9924673202538475
0.006353004084782676,0.9964328924043578,0.8875147865181154
0.2374416514037797,0.9993189316563625,0.35308091608600944
0.8510047085910775,0.011162098754212813,0.9999094583129362
5.109512479783973e-09,0.9999999921634555,0.9998989108072711
0.8510065225777521,0.9992646567851295,0.01116209470106655
0.23745886496312396,0.35309577728533337,0.9932217988665297
0.007794728948955942,0.9971207335777282,0.8754190627608147
0.0018577989153475416,0.9950737635784995,0.9392720936586432
0.007798457967161054,0.9960389314241404,0.8754190627608147
0.00031258732928385324,0.9784919020752869,0.9872532878203727
0.00343410104436237,0.9960215080314844,0.9172921972217961
0.0010354044124889494,0.95546630187341,0.9907001885045824
0.005181077648781618,0.9950901653063472,0.8984558950246667
7.059520801266927e-08,0.9996242468748051,1.0
0.03247867089421708,0.7473492184683634,0.9916297958906259
0.13203062236400298,0.9986732503147849,0.5033840525904824
0.039720846560774015,0.9995003251166543,0.7209593259127723
0.0077957200319244135,0.9967973620812143,0.8754190627608147
0.03972091698543223,0.9993795730127394,0.7209593259127723
0.011744163344546421,0.8472901470259386,0.9945134600092607
0.007796944786893745,0.9964380760277848,0.8754190627608147
0.1607879634675895,0.9988476534934602,0.45619688320435947
0.0265082549924599,0.7713591695158237,0.9939013905125218
0.6035524006882051,0.9987203460617925,0.08194354014270289
0.009583240724103326,0.9932866017776772,0.8620522808099423
2.0871626338347937e-07,0.9993539098489788,1.0
0.8510231177212983,0.9976578662430515,0.01116209470106655
5.679525205692926e-08,0.999662968100994,1.0
0.011763908596260753,0.8472931981533638,0.9916297958906259
0.05944423251156672,0.9989581637582509,0.6603623065360831
0.23745552832871175,0.3530929466408059,0.9939013905125218
0.0012637163948351349,0.9506102306474982,0.9907001885045824
0.0028315210535202473,0.9253773620024481,0.9907001885045824
0.13202988738823906,0.9993040177629301,0.5033840525904824
0.0034303556234752675,0.9971080686645929,0.9172921972217961
0.00517315039068722,0.9971131260560425,0.8984558950246667
0.005171696204760767,0.9976674664749254,0.8984558950246667
0.00956321050460307,0.99767776308017,0.8620522808099423
0.13202961120478873,0.5033840542230454,0.9999189151637047
0.0006636338941107267,0.9784994547800592,0.9705967019958414
4.098898553905883e-09,1.0,0.9999094583129362
0.02164237935888169,0.79318988873161,0.9932217988665297
0.8510274040018098,0.9973994835940667,0.01116209470106655
0.4195789381511722,0.9971353867499254,0.18568852092506594
0.05944412080496009,0.9990644305712926,0.6603623065360831
0.07265466623950867,0.9994008511882098,0.6257938095470035
0.6035520046886398,0.9988495531777736,0.08194354014270289
0.006469376331434296,0.8875286851025032,0.9842804848045819
0.004227314319997122,0.9083508569818929,0.9939013905125218
0.08873814405715252,0.9996928756687566,0.5881726871876487
0.0015132131549944194,0.9452297629851644,0.9950646546954414
0.1082974843094181,0.9971217617715586,0.5473872082499349
0.021620293970711857,0.9991261738238647,0.7931851377249264
0.3479527716646581,0.9997268746723524,0.24182169813245513
0.04860504020669065,0.9993853129584511,0.6920271884731896
0.16079739298906226,0.45620350612313576,0.9950646546954414
0.005172346459559551,0.9974049092540072,0.8984558950246667
0.4195756092735967,0.9979163261587188,0.18568852092506594
0.0003036345084783676,0.9761256668080308,0.9939013905125218
0.7188511581195626,0.04034851582670207,0.9950646546954414
0.19555853143073898,0.4059934162611827,0.9945134600092607
0.0005421830280852857,0.9673753599458013,0.9955609736350631
0.00026897901558842197,0.9806245771639471,0.9872532878203727
1.6811404213168402e-07,0.9994201482466656,0.9999999887391045
0.03972082122212883,0.9995516578951983,0.7209593259127723
0.00023098769593699053,0.9806238408680167,0.9907001885045824
0.059461146736788484,0.6603686226735781,0.9939013905125218
0.2877656484399479,0.9981420774059367,0.2980607030650966
0.017640488094979645,0.9981398329895892,0.8130071414507398
0.2877702425025904,0.2980676189403195,0.9955609736350631
2.7487024971684093e-06,0.9976553470536219,1.0
0.0042896966001236825,0.9083565985357589,0.9872532878203727
0.4195748928097105,0.9981265032868406,0.18568852092506594
0.5042507290732536,0.13154833022077494,0.9950646546954414
0.014386817130839114,0.9986466258125041,0.8309886922929985
0.000665115258847826,0.9955638823922685,0.9638045721125097
1.447387773301223e-06,0.998298596622854,1.0
0.10829443778392056,0.998311492636115,0.5473872082499349
0.0006636338941107267,0.9706035048454846,0.9784901545587459
0.05944534172962557,0.9982189934279662,0.6603623065360831
0.006365079966034304,0.9939400959554235,0.8875147865181154
0.006369427773395664,0.9932648174066555,0.8875147865181154
0.026497908578230867,0.7713567394872652,0.99600783022065
0.001010781377610126,0.99390744157199,0.9554643759667808
0.8510061759603598,0.9993386059704733,0.01116209470106655
0.021620010383405663,0.9995432068574069,0.7931851377249264
0.1320401792680621,0.5033901008218755,0.9950646546954414
0.0028233305458106317,0.9253767490696242,0.9916297958906259
0.41958266322338655,0.18570366442463804,0.9939013905125218
0.02649040313123341,0.9992992568559554,0.7713549174737019
0.0028416201171255207,0.9253781177611624,0.9896684889539771
0.13202972585604322,0.9995483574292672,0.5033840525904824
0.8510047083730945,0.011162097307524377,0.999927393116299
3.2873753719186993e-09,0.9999999921634555,0.9999189151637047
0.0005509225389417338,0.9939046370203581,0.9673750385075176
0.718866249531442,0.9967733878126857,0.040336828193727525
0.03247222723045473,0.7473475358215458,0.9924673202538475
0.0010001639724608324,0.9960117912640306,0.9554643759667808
0.03972076042709605,0.9997097410965303,0.7209593259127723
0.19556138363533848,0.4059955223538899,0.9939013905125218
0.05944403063727266,0.9991599555662443,0.6603623065360831
0.2877640572468557,0.9989112993647077,0.2980607030650966
0.0008185832575838825,0.9598485516656876,0.9950646546954414
0.07267171824634078,0.6258007685441815,0.9939013905125218
0.0042105811522229475,0.9981144025137348,0.908349152579334
0.41957431304055426,0.9983156709202764,0.18568852092506594
0.000886481073453349,0.9638129464130272,0.9784901545587459
0.5042449954587631,0.9994508613432473,0.13153775331390838
0.011730719121249678,0.9983185528742773,0.8472878485288049
0.0022786545362684096,0.9955710450062316,0.9326761471415648
0.08873812577676576,0.9997530001695649,0.5881726871876487
0.0018508421966890731,0.9967781731988823,0.9392720936586432
0.0034610703559965206,0.9172950945399773,0.9916297958906259
0.011730220393121882,0.9986429779620959,0.8472878485288049
0.00046738606458240906,0.99163341491945,0.9705967019958414
0.059455110433379144,0.6603664429464635,0.9950646546954414
0.01173265113922739,0.9974220223548589,0.8472878485288049
0.005174144092268906,0.9967889001559023,0.8984558950246667
0.23745063437905933,0.353088794842889,0.9950646546954414
0.021620157211031055,0.9992957511982307,0.7931851377249264
0.16078781059763558,0.9989649532199203,0.45619688320435947
0.02650480339581074,0.7713583588505784,0.9945134600092607
0.07267577591847818,0.6258024059123339,0.9932217988665297
0.23744192724869229,0.9990594949789908,0.35308091608600944
0.0023037756571738788,0.9326785055481039,0.9916297958906259
0.00029720415017220336,0.9885262682996787,0.9784901545587459
0.0015044497741663054,0.9973953412401791,0.9452290959363047
0.006374792274955743,0.887517977839992,0.9924673202538475
0.10829529016917105,0.9979092561779632,0.5473872082499349
0.10829481884157499,0.998121000417049,0.5473872082499349
0.0042121839140829564,0.9974024045900811,0.908349152579334
0.0012303654943013331,0.9955663915776882,0.9506080947349599
0.6035514251816678,0.9990704631259445,0.08194354014270289
0.13202970295312932,0.99959475573512,0.5033840525904824
0.7188477345908864,0.040336830221478714,0.9999349925808889
2.6358797367009856e-09,1.0,0.999927393116299
0.0022873788629805825,0.9326773991425044,0.9939013905125218
0.0022710394615582663,0.9978975872963816,0.9326761471415648
0.000584631681832426,0.982553864727679,0.9705967019958414
0.01173106048187178,0.9981286430716793,0.8472878485288049
0.02162954326336952,0.7931871753737487,0.9955609736350631
0.00044741510498014225,0.9945158322269643,0.9705967019958414
0.0003836553517656549,0.9784934310912248,0.9825463182716505
0.011732005172477411,0.9976828481649554,0.8472878485288049
0.014386637592611162,0.9987843885610268,0.8309886922929985
0.014386375547720709,0.9990196117041507,0.8309886922929985
0.07265462858722027,0.999462277070041,0.6257938095470035
0.13203014083271358,0.9990385658274776,0.5033840525904824
0.08873811921391006,0.9997785322691334,0.5881726871876487
0.01764014877554876,0.9983286072124007,0.8130071414507398
0.6035563024922903,0.081957357970042,0.9945134600092607
0.00013860852652169964,0.9945141379218209,0.9842804848045819
0.4195756092735967,0.18569376808781068,0.9964101087961766
0.0012390989875169511,0.9506090132609974,0.9939013905125218
0.00035906604211422,0.9735034769024571,0.99600783022065
0.28776357752333936,0.9992915395697155,0.2980607030650966
0.1607875070241488,0.9992504690774114,0.45619688320435947
0.0009964094040414428,0.9971010056305336,0.9554643759667808
0.7188478730862409,0.9997203384290344,0.040336828193727525
0.0004445440638668474,0.9950667885928566,0.9705967019958414
0.8510053353167105,0.9995676344929454,0.01116209470106655
0.05944395787223489,0.9992458147017068,0.6603623065360831
0.6035542414901403,0.08195258531790772,0.9955609736350631
0.1607874420994333,0.9993270770215034,0.45619688320435947
0.0005163406589935304,0.9784962857921491,0.9761252228161587
0.00025433044420664075,0.9932233670947997,0.9784901545587459
0.007793278595116027,0.9976736131926967,0.8754190627608147
0.1955516071017147,0.9971120991816953,0.40598447563028317
0.4195764944620972,0.9976828323570571,0.18568852092506594
0.0003696902608746333,0.993903531734913,0.9735032657568307
0.03245248688528257,0.7473423809856932,0.99600783022065
0.19555622081240387,0.9960297438182886,0.40598447563028317
0.0018554768442552438,0.9955691664907916,0.9392720936586432
0.05944501685012116,0.9983997342590722,0.6603623065360831
0.8510058952853312,0.9994051854979338,0.01116209470106655
0.04860484324614178,0.692027188994711,0.9999418037624248
0.41958060530502717,0.18570077726866807,0.9945134600092607
0.16078738971751216,0.9993959253355665,0.45619688320435947
0.002798222506844139,0.9955733514048752,0.9253741348679578
0.01175199153109352,0.8472913566734533,0.9932217988665297
0.718847906477718,0.9996885730218238,0.040336828193727525
0.0018739611741753759,0.9924812228877442,0.9392720936586432
0.00027459766681547926,0.9784910847344159,0.9907001885045824
0.1607872859191164,0.9995633212347589,0.45619688320435947
2.112982233626326e-09,1.0,0.9999349925808889
0.10830942193468107,0.5473956253505092,0.9939013905125218
0.5042448197558416,0.9996431498520425,0.13153775331390838
0.009560978063441361,0.9990148118889908,0.8620522808099423
0.03972080080243656,0.999597764457057,0.7209593259127723
0.072654494699955,0.9997979444137631,0.6257938095470035
0.03972078435064419,0.9996391720581874,0.7209593259127723
0.1607873474650412,0.9994577928574173,0.45619688320435947
0.00029721853686981436,0.9761255135844629,0.9950646546954414
0.021619948442415104,0.9997042698527274,0.7931851377249264
0.0001470931824082422,0.9885245454546727,0.9872532878203727
0.0018739611741753759,0.9392738165721713,0.9924673202538475
0.0034411592110988876,0.9172934420713106,0.9945134600092607
0.003432581208130059,0.9964224083364055,0.9172921972217961
0.0005325293580624724,0.9858500461100967,0.9705967019958414
0.7188705755479898,0.9964162329866074,0.040336828193727525
0.0004388113329901744,0.9964116609590119,0.9705967019958414
0.28776376688548977,0.9991215596853208,0.2980607030650966
0.41957190214591156,0.9998043772048333,0.18568852092506594
0.004218606956717386,0.9955796565910187,0.908349152579334
0.603550636991864,0.99951103708713,0.08194354014270289
0.005175372083253471,0.996428664806353,0.8984558950246667
0.021638098381037474,0.7931889837971713,0.9939013905125218
0.00021071958923235545,0.9806234480592219,0.9932217988665297
0.009570246412155758,0.862053639943442,0.9955609736350631
0.0005387858119472178,0.9735082405619578,0.9806230029256294
0.005170401616482856,0.9983073911117641,0.8984558950246667
0.16078731339113617,0.9995133809704418,0.45619688320435947
0.00046738606458240906,0.9705977320160696,0.9916297958906259
0.2877648064328514,0.9984991792579503,0.2980607030650966
0.003426917580892863,0.9987708713325452,0.9172921972217961
0.002273025255201011,0.9971047102239898,0.9326761471415648
0.007809003119804259,0.8754213795541035,0.9939013905125218
0.10829994491535133,0.9964401536203507,0.5473872082499349
0.23744181507392093,0.999155328390979,0.35308091608600944
0.718848358192748,0.9994075577569085,0.040336828193727525
0.6035524006882051,0.08194832258228435,0.9967722158632909
0.05944389916466197,0.9993229771525934,0.6603623065360831
0.16078867684829312,0.45619785813449654,0.9981064328761917
0.01173004037097114,0.9987811120328317,0.8472878485288049
0.021619989578811838,0.9995901825062697,0.7931851377249264
0.011739025673253134,0.8472893531292586,0.9955609736350631
0.16078768714679448,0.9990704200300773,0.45619688320435947
0.0008172271258042318,0.9673843380282523,0.9761252228161587
3.4023359020141086e-06,0.9973914256329859,1.0
0.004211533031687642,0.9976652152193247,0.908349152579334
0.5042448890533855,0.9995572232434623,0.13153775331390838
0.07265449037589411,0.9998188739027933,0.6257938095470035
0.5042460540073405,0.998837625854829,0.13153775331390838
0.0002464111814973746,0.9945147293943009,0.9784901545587459
0.0143864926056817,0.9989082541324447,0.8309886922929985
0.0012269608090006434,0.9964144903481148,0.9506080947349599
0.8510047081825183,0.011162096042726222,0.9999479076882417
1.6934010860225612e-09,0.9999999921634555,0.9999418037624248
0.4195734646046021,0.998639097472913,0.18568852092506594
0.007792754145257708,0.9979092226438114,0.8754190627608147
0.19555434935997662,0.40599032818372327,0.9955609736350631
0.01763987456836935,0.9984983963481131,0.8130071414507398
0.00036626259580230247,0.9872569211829513,0.9761252228161587
0.34795545987082777,0.2418248903998207,0.9970981263824255
0.19556138363533848,0.9950939517858782,0.40598447563028317
0.0006594768739699441,0.997100027890797,0.9638045721125097
0.00024121373654117928,0.995562000663695,0.9784901545587459
0.007792330139460901,0.9981211848080221,0.8754190627608147
0.1607998034458037,0.4562050680795855,0.9945134600092607
0.00634838272171101,0.8875149881815874,0.9981064328761917
0.0051698995777038625,0.998633969794381,0.8984558950246667
1.7927998332556427e-06,0.9981064328761917,1.0
0.03972077109883232,0.9996763552495259,0.7209593259127723
0.41957189569552145,0.9998245568391405,0.18568852092506594
0.0002930095876675365,0.976125413068087,0.99600783022065
0.02649028272225329,0.9994934406805828,0.7713549174737019
0.7188485068007523,0.9993407955111347,0.040336828193727525
0.10829587301875876,0.9976739155572754,0.5473872082499349
0.4195775878636404,0.185696543950143,0.9955609736350631
0.23744742389329931,0.3530860712169761,0.99600783022065
0.07265459823013576,0.9995174619757276,0.6257938095470035
0.19555434935997662,0.9964290093643718,0.40598447563028317
0.0008074964782864846,0.9638100856572436,0.9825463182716505
0.10829367977991866,0.9987755720625613,0.5473872082499349
0.5042457919671011,0.9989553476083542,0.13153775331390838
0.08873810626575906,0.9998404705585447,0.5881726871876487
0.6035551637766571,0.08195472105207602,0.9950646546954414
0.0027948231661790723,0.9964201188396677,0.9253741348679578
0.6035512156311835,0.999164603821722,0.08194354014270289
0.03973857457736496,0.7209645151461765,0.9939013905125218
0.08874707053350539,0.5881767447269848,0.9955609736350631
0.011729894993247503,0.9989053114683645,0.8472878485288049
0.4195789381511722,0.18569843833564703,0.9950646546954414
0.011747667276097662,0.8472906884696136,0.9939013905125218
0.0005473789083927372,0.9673755295514834,0.9945134600092607
0.05944385180977374,0.9993923158093382,0.6603623065360831
0.0018498451755611933,0.9971034822037107,0.9392720936586432
0.0004509590899579585,0.9939040273709823,0.9705967019958414
0.8510056680583722,0.9994651231117676,0.01116209470106655
0.07266360938339944,0.6257974964232507,0.9955609736350631
0.006369427773395664,0.8875173705587166,0.9932217988665297
0.10830626037093172,0.5473940206037294,0.9945134600092607
0.0002892523615304343,0.9970989535415282,0.9761252228161587
0.7188477343023858,0.04033682923673343,0.9999533771331592
1.3568044465728235e-09,1.0,0.9999479076882417
0.07266576672732661,0.6257983669633338,0.9950646546954414
0.014397891639148286,0.8309907506632592,0.9950646546954414
0.00011237991413981518,0.9858440978472137,0.9950646546954414
0.00014344209248240425,0.9858445376097915,0.9907001885045824
0.00014215360639524555,0.9842807771355605,0.9939013905125218
0.10829994491535133,0.5473908150042828,0.99600783022065
0.01172960642147891,0.9992075549268822,0.8472878485288049
0.006353004084782676,0.8875155113368569,0.9964101087961766
0.16078726377502095,0.9996081822736026,0.45619688320435947
0.04861421528064924,0.6920302227833441,0.9955609736350631
0.00017092096368931387,0.9939023194960478,0.9825463182716505
0.5042455801135203,0.9990612540460367,0.13153775331390838
0.0013439333988072288,0.9506141975598748,0.9842804848045819
0.19555061410722463,0.40598757004057273,0.9967722158632909
0.009566870156503926,0.8620531697009275,0.9964101087961766
0.0887518078631564,0.5881788856721111,0.9945134600092607
0.0051701239286093825,0.9984793354939374,0.8984558950246667
0.005169572017763913,0.9988980447198422,0.8984558950246667
0.2877689008019606,0.2980662966379194,0.99600783022065
0.07265448410091957,0.9998545059310388,0.6257938095470035
0.4195729097718056,0.18568998082254984,0.9981064328761917
0.03973516988992376,0.7209635258024565,0.9945134600092607
0.0027911384915544346,0.9976618848779271,0.9253741348679578
0.0010151526135551148,0.9554653990511236,0.9932217988665297
0.026499742461040365,0.7713571702053383,0.9955609736350631
0.0004373268024963073,0.9761288595918427,0.9825463182716505
0.0004373268024963073,0.9825512933235035,0.9761252228161587
0.0008293679320156011,0.9598489850407395,0.9932217988665297
0.002806942290323189,0.9253755226621689,0.9939013905125218
0.000356307578212367,0.9967733491386189,0.9735032657568307
0.001868572372994759,0.9392734887164536,0.9932217988665297
0.13202968449632346,0.9996364302054997,0.5033840525904824
0.002796343975037696,0.9960189619766967,0.9253741348679578
0.4195718696855457,0.18568852163383087,0.9999582774522049
0.026490206220609824,0.9996718961268668,0.7713549174737019
0.19555622081240387,0.4059917100804882,0.9950646546954414
0.0018535965365016338,0.9960151983388716,0.9392720936586432
0.001509009325373456,0.9452295323914822,0.99600783022065
0.19554648025070887,0.9996977240545409,0.40598447563028317
0.13202964800214856,0.9997376428519613,0.5033840525904824
0.5042454088736579,0.9991565202435797,0.13153775331390838
0.28776366211322457,0.9992110689709739,0.2980607030650966
0.0022752534244586675,0.9964182536288034,0.9326761471415648
0.00025251408488469185,0.985846081795779,0.9825463182716505
0.0004553327754942549,0.9705973774563175,0.9932217988665297
1.0868458355517419e-09,1.0,0.9999533771331592
0.7188499744265533,0.04034447550149378,0.99600783022065
0.04860492509857428,0.999601485781608,0.6920271884731896
0.0008143765034316353,0.9598483826200377,0.99600783022065
0.7188486905712652,0.9992665934056761,0.040336828193727525
0.009561241391259245,0.9987784371331712,0.8620522808099423
0.6035510462143774,0.9992492959489813,0.08194354014270289
0.13202962895458747,0.9998108814232068,0.5033840525904824
0.05945115055076611,0.6603650130210741,0.99600783022065
0.0005473789083927372,0.9945163806906244,0.9673750385075176
0.0008116192959384261,0.9598482718234672,0.9967722158632909
0.0022722189804486037,0.9973973440300646,0.9326761471415648
0.00017529587457687512,0.9825467192223251,0.9932217988665297
0.0005135779478228075,0.9705990907972747,0.9872532878203727
0.00013000209644109528,0.9842805860961105,0.9964101087961766
0.41957188632201214,0.9998589361631625,0.18568852092506594
0.7188491986057859,0.04034182737551906,0.9967722158632909
0.005169453865140672,0.9990104436468946,0.8984558950246667
0.021620036199672343,0.9994909064801325,0.7931851377249264
0.009561095694498256,0.9989029091294617,0.8620522808099423
0.03245101130422123,0.7473419956642566,0.9964101087961766
0.05944381362109685,0.9994546167545321,0.6603623065360831
0.017639042729248988,0.9992122934111244,0.8130071414507398
0.5042495757655888,0.13154630986083504,0.9955609736350631
0.02161997281691086,0.9996323706212049,0.7931851377249264
0.00010421303871577248,0.9932223495454563,0.9872532878203727
0.0001957188785276509,0.9806231573359107,0.99600783022065
0.011729544735674446,0.9992886318242616,0.8472878485288049
0.7188505040568473,0.04034628330014656,0.9955609736350631
0.08874535391240579,0.588175968933057,0.99600783022065
0.0003632747132066294,0.9735035884576635,0.9950646546954414
0.0001673759858128454,0.9945142957580123,0.9825463182716505
0.2877669354324862,0.29806435968364264,0.9967722158632909
0.01438628106051032,0.9991197128662217,0.8309886922929985
0.0005509225389417338,0.9673756452238701,0.9939013905125218
0.1320296696259946,0.9996738574127615,0.5033840525904824
0.011729682877882674,0.9991173401626413,0.8472878485288049
0.0015108902822602577,0.9452296355680649,0.9955609736350631
0.0002879350637047251,0.9858465832680448,0.9806230029256294
0.0001231722109842348,0.9932224780574915,0.9858439254419276
0.1320296339850323,0.9997890535844043,0.5033840525904824
0.5042452704931368,0.9992422054875847,0.13153775331390838
0.2877642560539977,0.9987881979459787,0.2980607030650966
0.006365079966034304,0.8875168783709579,0.9939013905125218
0.10830369913560933,0.5473927205717004,0.9950646546954414
0.0010001639724608324,0.9554647308596573,0.99600783022065
0.039720751835131574,0.9997397138866704,0.7209593259127723
0.0001162705618795723,0.9916304759080706,0.9872532878203727
0.7188478461332042,0.9997488928786936,0.040336828193727525
0.7188477812624605,0.9998369733656041,0.040336828193727525
0.0012233370679520794,0.9554746798841859,0.9784901545587459
0.001509009325373456,0.9960138226772587,0.9452290959363047
0.0001999282373416067,0.9806232389159608,0.9950646546954414
0.8510047080841903,0.011162095390152227,0.9999626673300986
8.703855414182726e-10,0.9999999921634554,0.9999582774522049
0.0018478585396556335,0.9978966955702903,0.9392720936586432
0.01172949497847553,0.999361488026893,0.8472878485288049
0.026490174038221626,0.9997878858554143,0.7713549174737019
0.6035509092758821,0.9993254792018824,0.08194354014270289
0.8510054841428445,0.9995190753599746,0.01116209470106655
0.10829412977751329,0.998482846425073,0.5473872082499349
0.0001352295055234709,0.9916306346038578,0.9858439254419276
0.2877634541424495,0.9994288927956088,0.2980607030650966
0.0003696902608746333,0.97350375850843,0.9939013905125218
0.0887491904610671,0.5881777027875201,0.9950646546954414
0.00011922386651452843,0.9896691693449027,0.9885236130827492
0.5042447947956812,0.9996796973777476,0.13153775331390838
0.001010781377610126,0.9554652041820533,0.9939013905125218
0.5042451586920891,0.999319264578423,0.13153775331390838
0.5042448506998579,0.9996024785037695,0.13153775331390838
0.00227677502569823,0.9960168877527099,0.9326761471415648
0.07265837722392887,0.6257953851212541,0.9970981263824255
0.23744886038950508,0.3530872898731492,0.9955609736350631
0.00011525190933414642,0.9945140097728778,0.9858439254419276
0.0009940144155811126,0.959855601251437,0.9806230029256294
0.026490219655002867,0.999634200631804,0.7713549174737019
0.0006586692952903483,0.9973931349513954,0.9638045721125097
0.00020039444689368135,0.9858453439123601,0.9858439254419276
0.0003661459877514206,0.9945153863339914,0.9735032657568307
0.017638782711309253,0.9996689129146231,0.8130071414507398
0.0003632747132066294,0.9950663874956635,0.9735032657568307
0.021631819332317836,0.79318765650055,0.9950646546954414
0.16078724592972538,0.9996484759869211,0.45619688320435947
0.7188489177727191,0.9991841316567641,0.040336828193727525
0.0042167311006355845,0.9083498829212475,0.99600783022065
0.19554820945552565,0.9983048606076578,0.40598447563028317
0.00279018525432706,0.9981117128939379,0.9253741348679578
0.0012216918246822361,0.9984733000493862,0.9506080947349599
0.0018642048713398696,0.9392732229967986,0.9939013905125218
0.0001470931824082422,0.9872541272665349,0.9885236130827492
0.0006632327086874001,0.9638048605445189,0.99600783022065
0.19554916048142623,0.40598649667062814,0.9973914256329859
0.0176465551009215,0.8130086315484966,0.99600783022065
0.001852074289883765,0.9964167344519614,0.9392720936586432
0.0027917903023695345,0.925374388770218,0.9973914256329859
0.0004422187049882842,0.9955628929388406,0.9705967019958414
0.0018483861318007166,0.9976596744447532,0.9392720936586432
0.07265450007451679,0.9997746234008815,0.6257938095470035
0.19554646020926447,0.9997568417677594,0.40598447563028317
0.8510050387699944,0.999686038080827,0.01116209470106655
0.0006574878688533348,0.9978941872233149,0.9638045721125097
0.02161993968849618,0.9997348076158635,0.7931851377249264
0.5042450683859251,0.9993885580403197,0.13153775331390838
0.0012284840089610283,0.9960127027636438,0.9506080947349599
0.7188477341536429,0.040336828729025886,0.9999665994557395
6.968641219629035e-10,1.0,0.9999626673300986
0.0002047918100309687,0.9872548627940907,0.9842804848045819
0.0004403357349346271,0.9960095563168494,0.9705967019958414
0.0004509590899579585,0.970597248799911,0.9939013905125218
0.0028005423847444755,0.9253750437282202,0.9950646546954414
0.017648405657906707,0.8130089838027538,0.9955609736350631
0.10829388087467873,0.9986369671058257,0.5473872082499349
0.13202975426945518,0.9994967058465603,0.5033840525904824
0.23744154481199775,0.9994511018575215,0.35308091608600944
0.34795347622103523,0.24182258387962718,0.9984714343968634
0.0002464111814973746,0.9784904783071682,0.9945134600092607
0.5042447263214347,0.9998137183934329,0.13153775331390838
0.039730177736203354,0.7209620751682886,0.9955609736350631
0.0002499558791488887,0.9939028015080968,0.9784901545587459
0.19554758781641224,0.998631299968118,0.40598447563028317
9.661335845334573e-05,0.9896689357317205,0.9907001885045824
0.00017092096368931387,0.9825466428523897,0.9939013905125218
0.00016450414033575278,0.9825465308381343,0.9950646546954414
0.5042447746669143,0.9997125354150391,0.13153775331390838
0.0002499558791488887,0.9784905545707113,0.9939013905125218
0.13203816005235636,0.5033889455120513,0.9955609736350631
0.2374414754573161,0.9995578290281887,0.35308091608600944
0.5042486418693994,0.1315446738650755,0.99600783022065
0.6035507986146138,0.9993940006794083,0.08194354014270289
0.6035504381653229,0.9997146311517537,0.08194354014270289
0.03972074491925559,0.999766619374622,0.7209593259127723
0.017638859908527094,0.9994888349014757,0.8130071414507398
0.009560883113637564,0.9991154031294086,0.8620522808099423
0.007791710462243917,0.9984833427656199,0.8754190627608147
0.011729422500990738,0.9994857599649464,0.8472878485288049
0.005181077648781618,0.8984571317192326,0.9950646546954414
0.19554645301152873,0.999781950836176,0.40598447563028317
0.5042447348148632,0.9997923412394799,0.13153775331390838
9.983781679268056e-05,0.98725352486705,0.9939013905125218
0.19554863466369599,0.9981138355515414,0.40598447563028317
0.6035505315879257,0.9996056523478529,0.08194354014270289
0.02649017968033529,0.9997634038958191,0.7713549174737019
0.006361556950068237,0.8875164795526139,0.9945134600092607
0.10830162469952087,0.5473916676292654,0.9955609736350631
0.0008098137802240446,0.9598481992700052,0.9973914256329859
0.0726618624642259,0.6257967914994118,0.99600783022065
0.3479527147532314,0.24182169847088586,0.9999701211291288
0.00023933038783374716,0.9784903259651444,0.99600783022065
0.2877638966256455,0.9990220078480448,0.2980607030650966
5.577981410098687e-10,1.0,0.9999665994557395
0.4195718749166726,0.9999183970187212,0.18568852092506594
0.19555061410722474,0.9974033975069257,0.40598447563028317
7.38241135721518e-05,0.9885237045351102,0.99600783022065
0.0018474319933913241,0.9981099277241566,0.9392720936586432
0.026502007200017386,0.771357702117194,0.9950646546954414
0.0018490385588320057,0.9973962401287083,0.9392720936586432
0.8510052149123921,0.9996113347004317,0.01116209470106655
0.0022702684677538,0.9983024568082889,0.9326761471415648
0.6035504935817503,0.999645916657828,0.08194354014270289
0.00012696112794108316,0.9973917479463802,0.9842804848045819
0.7188486905712652,0.04034009329019084,0.9973914256329859
0.04861242305715241,0.692029642628921,0.99600783022065
0.08873809953168854,0.9998852104576558,0.5881726871876487
0.04860807860095251,0.6920282363001431,0.9973914256329859
0.28776337382659645,0.999539830834588,0.2980607030650966
0.03244490767404984,0.9994965391301508,0.7473403676063891
0.0077907583967753435,0.9993589432474489,0.8754190627608147
0.0018606658971435097,0.9392730076849163,0.9945134600092607
0.007802635317053386,0.8754205800184451,0.9950646546954414
0.5042452704931368,0.1315387679010802,0.9984714343968634
0.0027948231661790723,0.9253746157331666,0.9964101087961766
5.981482078409872e-05,0.9964103003939994,0.9896684889539771
0.6035516843144119,0.08194666367915637,0.9973914256329859
7.827343907151896e-05,0.9916301578532554,0.9907001885045824
0.160787176595644,0.9999151646527209,0.45619688320435947
0.0028034066586815065,0.9253752580748242,0.9945134600092607
0.2374415924093245,0.9993885421874558,0.35308091608600944
0.0324448052624039,0.9997648510730177,0.7473403676063891
0.6035507092086365,0.999455623924138,0.08194354014270289
0.00019295996387680425,0.996772821885034,0.9806230029256294
0.00036626259580230247,0.9761271624659881,0.9872532878203727
0.00016029463237932084,0.9960084383363139,0.9825463182716505
0.009560806489447127,0.9992058158736515,0.8620522808099423
0.03972836877692898,0.7209615495157788,0.99600783022065
0.16078721997097967,0.9997171585070126,0.45619688320435947
0.017645056939726067,0.8130083463729179,0.9964101087961766
0.851005117524092,0.9996506577495697,0.01116209470106655
0.00011922386651452843,0.9885242255945557,0.9896684889539771
0.28776325770766487,0.9997847156875739,0.2980607030650966
0.0002948928352541902,0.9955622389489772,0.9761252228161587
0.001225727944178634,0.9506083520326458,0.9967722158632909
0.059452922356272864,0.6603656528253125,0.9955609736350631
0.00010909723090724022,0.9885241093697132,0.9907001885045824
0.13202961903417632,0.999863821477217,0.5033840525904824
0.0009949491127730914,0.9976576734256317,0.9554643759667808
0.005169281530401637,0.9992022945273278,0.8984558950246667
0.00024111309706931205,0.9896704287120488,0.9806230029256294
0.2877634096861099,0.999487324101164,0.2980607030650966
0.07265448185229428,0.9998696235490906,0.6257938095470035
0.7188477340972212,0.040336828536440494,0.9999732748074323
4.463734937232289e-10,0.9999999921634554,0.9999701211291288
0.19554703531284923,0.9990078236930544,0.40598447563028317
0.00422092353025294,0.9083502687849965,0.9950646546954414
0.00015753561997677856,0.9967727075423031,0.9825463182716505
0.011729396423742933,0.9995385890558567,0.8472878485288049
0.00016605154161986047,0.9858448577029132,0.9885236130827492
0.017638813097959227,0.999588514896803,0.8130071414507398
0.0001941941035246142,0.9964107828041129,0.9806230029256294
0.0001334105211290293,0.9842806396815151,0.9955609736350631
0.13203412987723062,0.5033866396163,0.9967722158632909
0.6035505786728739,0.9995608603025613,0.08194354014270289
0.00016247867139018712,0.9872543233968689,0.9872532878203727
0.0022809756228852063,0.9326769670714169,0.9950646546954414
0.16078723155207975,0.999684663157291,0.45619688320435947
0.0077908083522807425,0.9992857966775659,0.8754190627608147
4.210444110142042e-06,0.9970981263824255,0.9999999921634554
0.0008162587688675949,0.9598484582576368,0.9955609736350631
0.009572550535703384,0.8620539608601505,0.9950646546954414
0.1082935173476629,0.9989002091064684,0.5473872082499349
0.13203652498314578,0.503388009994604,0.99600783022065
0.08873810130772863,0.9998718847615312,0.5881726871876487
0.5042478858121462,0.1315433494068815,0.9964101087961766
0.01438595753213967,0.9996296524171621,0.8309886922929985
0.009560744668270504,0.9992870706976092,0.8620522808099423
0.07265448004490738,0.9998831844415136,0.6257938095470035
0.02162323252569176,0.7931858413785574,0.9973914256329859
0.017638755929723082,0.9997612526978218,0.8130071414507398
9.342053723315757e-05,0.9950650556559029,0.9872532878203727
0.10829587301875876,0.547388748190686,0.9973914256329859
0.00011005378251693898,0.9858440649150212,0.9955609736350631
0.0001066452782085836,0.9964104685113299,0.9858439254419276
0.01172935847748191,0.9996286541916943,0.8472878485288049
0.0027890092215199225,0.9988954078144268,0.9253741348679578
0.6035503355727261,0.08194354040493512,0.9999760985962283
0.006358702896299695,0.887516156463247,0.9950646546954414
0.0006570608139009337,0.998107673672385,0.9638045721125097
0.0018465835029556343,0.9986294064522193,0.9392720936586432
0.004209959238046568,0.9984778678175035,0.908349152579334
0.0005365439496068936,0.997099671153485,0.9673750385075176
0.00342794626243359,0.9172923455003311,0.9981064328761917
0.00031258732928385324,0.9872562369441884,0.9784901545587459
5.008141854345727e-05,0.9916299218720227,0.9945134600092607
0.004210237193931876,0.9983057574824085,0.908349152579334
0.0077906856304327254,0.9994837104693604,0.8754190627608147
0.01172945485248933,0.9994269494952897,0.8472878485288049
0.00016029463237932084,0.9825464573555288,0.99600783022065
0.07265447573594819,0.9999248063397287,0.6257938095470035
0.002271566830023053,0.9976606666593514,0.9326761471415648
0.00023476503871133758,0.9973920291618553,0.9784901545587459
0.13202962165201193,0.9998480493581378,0.5033840525904824
3.571180018369091e-10,0.9999999921634554,0.9999732748074323
0.07265447859252516,0.999895347458436,0.6257938095470035
0.13202961692952375,0.9998779711598054,0.5033840525904824
0.0012326890196449058,0.9506086962735805,0.9950646546954414
0.6035504021082404,0.9997701179669074,0.08194354014270289
0.021619922409892522,0.9998089059976034,0.7931851377249264
6.340081267142139e-05,0.9916300333619757,0.9924673202538475
0.4195731578090446,0.9987769255831915,0.18568852092506594
9.109436150334105e-05,0.9955613342732658,0.9872532878203727
4.8453265467540696e-05,0.9967723554461754,0.9907001885045824
0.00010674012049405324,0.9896690403620587,0.9896684889539771
0.0887380969579068,0.9999078812693862,0.5881726871876487
0.0022699899703629844,0.9984749024437455,0.9326761471415648
9.629258688492737e-05,0.9945139057502314,0.9872532878203727
0.0726545540411272,0.9996115595347033,0.6257938095470035
6.184006951492904e-05,0.9907003614503103,0.9939013905125218
0.011729375408831899,0.9995860395897471,0.8472878485288049
0.00020279998106942365,0.9806232945721802,0.9945134600092607
0.0006632327086874001,0.9960104461665029,0.9638045721125097
0.003429550283974847,0.9172924786215229,0.9973914256329859
0.00035450123975766523,0.9735033559076208,0.9973914256329859
0.0022691451163909804,0.9991999690516001,0.9326761471415648
0.0726545381535657,0.9996515470199768,0.6257938095470035
0.00010961136547726902,0.9924679322286053,0.9872532878203727
0.014386093666201027,0.9993632044294986,0.8309886922929985
7.634252760602145e-05,0.9932221606291864,0.9896684889539771
0.0004445440638668474,0.9705970600953969,0.9950646546954414
0.005178763308941958,0.8984568954906083,0.9955609736350631
0.07265447742569886,0.9999062553892633,0.6257938095470035
0.8510049750990956,0.9997178674134294,0.01116209470106655
0.014395598741240745,0.830990357481314,0.9955609736350631
0.00019115333025587766,0.9806230688526822,0.9973914256329859
0.059443721899138824,0.9996465830141325,0.6603623065360831
0.05944370891950268,0.9996830025090911,0.6603623065360831
0.005169358494337306,0.9991114809005012,0.8984558950246667
0.0001621781299743219,0.995561649819097,0.9825463182716505
0.007791042164533746,0.999013051336583,0.8754190627608147
0.2877656484399479,0.2980630912983675,0.9973914256329859
0.05944373801303193,0.9996060258734908,0.6603623065360831
0.003432581208130059,0.9172927301644263,0.9964101087961766
0.007790659449254389,0.999536750109783,0.8754190627608147
0.007790947045052676,0.9991138223357175,0.8754190627608147
0.007791486702550365,0.9986375695720694,0.8754190627608147
0.0012239231767512404,0.9506082627828124,0.9973914256329859
0.05944375801332913,0.9995608662829143,0.6603623065360831
8.645152144515222e-05,0.9967724780969822,0.9872532878203727
0.1082932802697818,0.9991130207520827,0.5473872082499349
0.8510047080143928,0.011162094926926214,0.9999786266913904
2.8563851284246766e-10,1.0,0.9999760985962283
0.001847087218838639,0.9983017368052407,0.9392720936586432
0.1955478656843792,0.9984767131548341,0.40598447563028317
0.011737163984159471,0.8472890654524676,0.99600783022065
0.059443690051454334,0.9997450598388417,0.6603623065360831
0.07265451505050013,0.999719695821271,0.6257938095470035
0.05944855514879621,0.6603640758137034,0.9967722158632909
0.10829291735871804,0.9996264875019347,0.5473872082499349
0.0002879350637047251,0.9806249445442123,0.9858439254419276
0.009560654587833173,0.9994256919124421,0.8620522808099423
0.2374414141578688,0.9996805843893543,0.35308091608600944
0.003435978374762283,0.9172930121025792,0.9955609736350631
0.0005375422825504295,0.9673752084610161,0.9967722158632909
0.6035504629108872,0.9996821067549454,0.08194354014270289
0.0002535951654325519,0.9885257677931355,0.9806230029256294
0.0006562113115772261,0.9986277719174694,0.9638045721125097
0.03972073127461506,0.9998318893652481,0.7209593259127723
0.13203520127506085,0.5033872526248238,0.9964101087961766
0.00020279998106942365,0.9945144901161043,0.9806230029256294
0.8510048820451662,0.9997722509215895,0.01116209470106655
0.00035384783584357926,0.9976561702615021,0.9735032657568307
0.08874283934646399,0.5881748325232873,0.9967722158632909
3.364758566071213e-05,0.9945135620407537,0.9939013905125218
0.0027895624530511753,0.9984756966452987,0.9253741348679578
0.5042472738659702,0.13154227740191948,0.9967722158632909
0.5042447584381351,0.9997420370507802,0.13153775331390838
0.001221137723329102,0.9988936711121432,0.9506080947349599
0.5042447095349245,0.9998656242775585,0.13153775331390838
0.0002378056793413963,0.9964109393659342,0.9784901545587459
0.007790638350588797,0.9995843897570313,0.8754190627608147
0.419571890502222,0.9998426734963011,0.18568852092506594
0.007798457967161054,0.8754200555141023,0.99600783022065
0.007800327075987323,0.8754202901977467,0.9955609736350631
0.07265450675320584,0.9997486406640441,0.6257938095470035
0.8510049236343248,0.999746498906979,0.01116209470106655
0.0004357713036914346,0.9705968020357377,0.9973914256329859
0.0015028426540957263,0.9452291941295724,0.9981064328761917
9.422506297374067e-05,0.9924678163252278,0.9885236130827492
0.0009936490892178407,0.998300284760623,0.9554643759667808
0.0077908702839331045,0.9992043966494848,0.8754190627608147
0.0063563912960792335,0.8875158947816137,0.9955609736350631
0.004209193065012107,0.999110623342152,0.908349152579334
0.41957187378542415,0.9999268848188017,0.18568852092506594
0.03972398375221042,0.7209602753028759,0.9973914256329859
0.08873809810449607,0.9998971625226388,0.5881726871876487
0.0008082055421079204,0.9598481346440139,0.9981064328761917
8.921073000045521e-05,0.9960081545550457,0.9872532878203727
0.0002335573651331968,0.9825477362547599,0.9872532878203727
0.0018554768442552438,0.9392726919819236,0.9955609736350631
0.13202962490738313,0.9998304708602135,0.5033840525904824
0.16078720313593486,0.9997725292537878,0.45619688320435947
0.0001257790729159991,0.9842805197040246,0.997892806444303
0.021619907758245183,0.9999114158154957,0.7931851377249264
0.8510048213034606,0.9998162360105052,0.01116209470106655
0.08874059708968396,0.5881738191784118,0.9976553470536219
0.004218606956717386,0.9083500555716976,0.9955609736350631
0.08874396418210362,0.5881753408711452,0.9964101087961766
0.8510047080075673,0.01116209488162867,0.9999808897765191
2.2840918045829994e-10,1.0,0.9999786266913904
0.00015653690745598414,0.9970985684164319,0.9825463182716505
0.007791160005799935,0.9989009486044085,0.8754190627608147
0.7188482380465523,0.040338548677701924,0.9981064328761917
0.00013170745667445694,0.988524368870502,0.9885236130827492
0.16078719709197253,0.9997960426534972,0.45619688320435947
2.220134805108742e-06,0.997892806444303,0.9999999921634554
0.0022706130961344106,0.9981107290474168,0.9326761471415648
0.002798222506844139,0.9253748701212396,0.9955609736350631
0.0002355729599525791,0.9970987977700332,0.9784901545587459
0.01763877179417228,0.999703066481957,0.8130071414507398
0.0005325293580624724,0.9705996482722733,0.9858439254419276
0.6035510462143774,0.081945186034171,0.9981064328761917
0.504244745356766,0.999768538192595,0.13153775331390838
0.02161991578958755,0.9998464989618197,0.7931851377249264
0.2877635092438118,0.9993638759211929,0.2980607030650966
0.10829338617474071,0.999012273063009,0.5473872082499349
0.7188478243821892,0.9997745579976772,0.040336828193727525
0.01763873471183608,0.9998762542360202,0.8130071414507398
0.16078719222819615,0.9998171472931257,0.45619688320435947
0.23744140109348544,0.9997134662030888,0.35308091608600944
0.3479549329460643,0.9982990861648648,0.24182169813245513
0.0012303654943013331,0.9506085813699942,0.9955609736350631
0.0005357362715836533,0.9673751495085954,0.9973914256329859
0.03972072837837193,0.9998493388535643,0.7209593259127723
0.6035504182049775,0.9997438577763647,0.08194354014270289
4.94712086962501e-07,0.9990053020914923,1.0
0.10829302524525797,0.9994238767857677,0.5473872082499349
3.924106860875298e-05,0.9970982280372985,0.9916297958906259
0.014393742056607706,0.8309900391004243,0.99600783022065
0.19554646914928497,0.9997288734834365,0.40598447563028317
0.4195723106433922,0.999284126447966,0.18568852092506594
0.08873972601199887,0.5881734255115865,0.9981064328761917
5.134265195527732e-05,0.9932219911711082,0.9924673202538475
0.014386053648078656,0.9994284899290181,0.8309886922929985
0.0001024221560342875,0.9978930175898252,0.9858439254419276
0.0018535965365016338,0.9392725775836321,0.99600783022065
0.0004422187049882842,0.9705969916926015,0.9955609736350631
0.4195718692650584,0.18568852104390832,0.9999829153803519
1.8260026823924136e-10,1.0,0.9999808897765191
0.0002948928352541902,0.9761254580430233,0.9955609736350631
0.00019556469940440468,0.9907016051179419,0.9825463182716505
0.032447436209256275,0.7473410620925516,0.9976553470536219
7.229915267059628e-05,0.9964103452116814,0.9885236130827492
0.017638763004632296,0.9997337285078775,0.8130071414507398
0.5042447194800332,0.9998329146468744,0.13153775331390838
3.177327391112872e-05,0.9973914996409393,0.9924673202538475
0.0015044497741663054,0.945229282285318,0.9973914256329859
0.8510047674065004,0.9998669269880015,0.01116209470106655
9.109436150334105e-05,0.9872534134076867,0.9955609736350631
7.570777406029627e-05,0.9885237261541504,0.9955609736350631
0.017638745655719434,0.999808128407158,0.8130071414507398
0.0324465113206408,0.747340820574536,0.9981064328761917
3.2824568901079765e-05,0.9932218656489331,0.9955609736350631
0.0027887951871460315,0.9991093547336163,0.9253741348679578
0.02161991341721381,0.9998624485471349,0.7931851377249264
0.00227677502569823,0.9326766836279465,0.99600783022065
0.7188478068332489,0.9997976234929492,0.040336828193727525
0.006354519467162256,0.8875156828837069,0.99600783022065
0.0018464016804122796,0.9987689219949232,0.9392720936586432
0.004209053871576218,0.999283218490454,0.908349152579334
0.017640907892306656,0.8130075566000935,0.997892806444303
7.803398558536845e-05,0.9950649797170326,0.9885236130827492
0.007790718110867734,0.9994246656115001,0.8754190627608147
0.07265447513178669,0.9999326683311478,0.6257938095470035
0.000665115258847826,0.9638049287289066,0.9955609736350631
0.0009929629646442395,0.9987678694017817,0.9554643759667808
0.014390037825639301,0.8309894039056637,0.9970981263824255
0.4195721563251614,0.9994226493522347,0.18568852092506594
0.10829307014070011,0.9993581393346241,0.5473872082499349
5.309628196081828e-05,0.9907002801312177,0.9955609736350631
0.0264928268188257,0.7713555459510112,0.9976553470536219
0.08873809470377958,0.9999338361126466,0.5881726871876487
0.000992697358779271,0.999006289033878,0.9554643759667808
0.00343410104436237,0.9172928562988985,0.99600783022065
0.8510047079977358,0.011162094816378865,0.9999847281981429
1.459421472560507e-10,0.9999999921634554,0.9999829153803519
0.16078718263646774,0.9998683333391608,0.45619688320435947
0.0001999282373416067,0.9950655813145824,0.9806230029256294
0.03244806863567129,0.7473412272393274,0.9973914256329859
0.0397207204956157,0.9999130546936249,0.7209593259127723
0.1320325614782697,0.5033857422447497,0.9973914256329859
0.002796343975037696,0.9253747295421881,0.99600783022065
0.6035503891302774,0.9997937100765394,0.08194354014270289
0.05944685558898677,0.6603634620976013,0.9973914256329859
0.00013152696934148889,0.9842806100693353,0.99600783022065
0.0002365715935267465,0.9967729626546936,0.9784901545587459
0.00122327034112224,0.9506082304986132,0.9976553470536219
0.02649016584770114,0.999829573165342,0.7713549174737019
0.23744139057020963,0.9997429934091637,0.35308091608600944
0.7188477926778671,0.999818350289998,0.040336828193727525
0.002269317953521255,0.9990075588863417,0.9326761471415648
0.419572055777504,0.9995345835839182,0.18568852092506594
0.5042447030913035,0.9998919818702151,0.13153775331390838
0.00015356838025393227,0.9896695241945646,0.9858439254419276
0.0004403357349346271,0.970596936303123,0.99600783022065
0.002789337565288985,0.9986307009752993,0.9253741348679578
0.0006567156281789277,0.9982997115000649,0.9638045721125097
0.059443677826494845,0.9997950659619533,0.6603623065360831
0.0009964094040414428,0.9554645634815367,0.9970981263824255
0.0012284840089610283,0.9506084883262863,0.99600783022065
0.014392238934633372,0.8309897813478136,0.9964101087961766
0.4195718802516173,0.9998866326747173,0.18568852092506594
0.07265447464688002,0.9999397156606451,0.6257938095470035
0.419572416373451,0.9992029979681236,0.18568852092506594
0.00956052446457456,0.999731538880937,0.8620522808099423
6.184006951492904e-05,0.9939016542419001,0.9907001885045824
0.0005345546998146711,0.9978939281787582,0.9673750385075176
0.005174144092268906,0.8984564239992648,0.9967722158632909
0.34795272689952883,0.9998726442555173,0.24182169813245513
0.00015507538850589864,0.982546366246629,0.9976553470536219
0.007790596632731184,0.9997000897222752,0.8754190627608147
5.8002236422938225e-05,0.9916299881732077,0.9932217988665297
0.16078718831508365,0.9998360876936063,0.45619688320435947
0.0002535951654325519,0.9806242790151498,0.9885236130827492
4.156853371606317e-05,0.9932219249186469,0.9939013905125218
0.13202961063930985,0.9999369793747177,0.5033840525904824
0.7188477340230077,0.0403368282831259,0.9999863503806113
1.1661394072604025e-10,1.0,0.9999847281981429
0.014385924158777819,0.9997328468177002,0.8309886922929985
0.0009926015875654226,0.999107750488378,0.9554643759667808
0.08873809422728296,0.9999407612152462,0.5881726871876487
0.1955478656843791,0.4059855405812163,0.9981064328761917
0.00043458961374331917,0.9978937175325054,0.9705967019958414
0.011729333856580149,0.9997012802650888,0.8472878485288049
0.0027886557951644075,0.9992821960719621,0.9253741348679578
0.6035503786692609,0.9998149027266201,0.08194354014270289
0.00016679805116670554,0.9842811645821572,0.9907001885045824
0.00013460978434265414,0.989669328313167,0.9872532878203727
0.032448850524989026,0.7473414314156501,0.9970981263824255
0.02161991874042357,0.9998287205588564,0.7931851377249264
0.0001541196314519544,0.9825463495626081,0.9981064328761917
0.039720724178314515,0.9998790358528789,0.7209593259127723
0.014385891192589928,0.9999200816410743,0.8309886922929985
0.017642069240881297,0.8130077776632559,0.9973914256329859
2.572090851871156e-05,0.9976554009156205,0.9932217988665297
4.2999234366569716e-05,0.9960079700694392,0.9916297958906259
0.014385974417975955,0.9995871523687657,0.8309886922929985
6.322348473120076e-05,0.989668590745459,0.9955609736350631
0.007791305962924211,0.9987762541739754,0.8754190627608147
0.00035289226879720026,0.9981070977077953,0.9735032657568307
0.01173265113922739,0.8472883681068406,0.9973914256329859
0.021619909978049967,0.9998895881193441,0.7931851377249264
0.004211533031687642,0.9083494045002471,0.9976553470536219
0.07265447425778315,0.9999460319793781,0.6257938095470035
0.0022697649654284113,0.9986299875350193,0.9326761471415648
0.00015572892234472224,0.9825463776549385,0.9973914256329859
0.0009925243004996753,0.9991989453926072,0.9554643759667808
0.00028683540638652083,0.9761252656188553,0.9981064328761917
0.05944366148960112,0.9998938565949401,0.6603623065360831
0.002269583219971394,0.998769443928107,0.9326761471415648
0.021619908747009697,0.9999010963458879,0.7931851377249264
0.00012472732516399798,0.9984716232652254,0.9842804848045819
0.05944366296267378,0.9998815203056093,0.6603623065360831
0.0006564366803952781,0.9984724360188062,0.9638045721125097
0.10829319478508637,0.9992035845152624,0.5473872082499349
0.009562263740835242,0.8620525281225904,0.9981064328761917
0.00028844448366804887,0.9761253040461703,0.9973914256329859
0.014385943930708356,0.9996678166041295,0.8309886922929985
0.0051690701386610804,0.9995355261231598,0.8984558950246667
0.13202961190916684,0.9999214124964187,0.5033840525904824
0.07265613523232206,0.6257944804237994,0.9981064328761917
0.0003517133616335322,0.998892708066845,0.9735032657568307
5.1212578877080084e-05,0.9960080028587662,0.9907001885045824
0.00956054433330511,0.9996661902904473,0.8620522808099423
0.16078721064467416,0.9997463352596019,0.45619688320435947
0.8510047079914458,0.011162094774634257,0.9999878017936992
9.315603843873532e-11,1.0,0.9999863503806113
0.2877648064328514,0.29806226146496073,0.997892806444303
0.0022752534244586675,0.9326765809549415,0.9964101087961766
0.10829298903996643,0.9994829420393095,0.5473872082499349
0.7188477720588111,0.9998537043044247,0.040336828193727525
0.014385932977422078,0.9997020832622961,0.8309886922929985
0.8510047993857854,0.9998349607697786,0.01116209470106655
0.00016679805116670554,0.9907013375819665,0.9842804848045819
0.08873809384493458,0.9999469679855263,0.5881726871876487
0.01764384434106303,0.8130081155542807,0.9967722158632909
0.5042447139706258,0.9998501504772964,0.13153775331390838
0.0006586692952903483,0.9638046952615135,0.9973914256329859
0.07265447349456344,0.9999613087819141,0.6257938095470035
0.8510047816901327,0.9998517946946506,0.01116209470106655
0.0012269608090006434,0.9506084130006013,0.9964101087961766
0.08873865134149106,0.9989906126446146,0.5881726871876487
8.303529005948551e-05,0.9981065867145761,0.9872532878203727
0.01439102232075895,0.8309895727250886,0.9967722158632909
8.768579256468456e-05,0.9964104004484005,0.9872532878203727
0.07265447394564184,0.9999516924276836,0.6257938095470035
0.01438859711247742,0.8309891568548021,0.9976553470536219
0.23744138209577415,0.9997695051406478,0.35308091608600944
4.745444398768228e-05,0.9970982518715762,0.9907001885045824
0.0022692223046923976,0.9991088906843496,0.9326761471415648
0.032444782848953246,0.9998908097249183,0.7473403676063891
0.41957187632409343,0.9999089348597634,0.18568852092506594
5.6773638819063166e-05,0.9973915648564723,0.9896684889539771
3.82232810809402e-05,0.9955610995748334,0.9924673202538475
0.011729325014166347,0.9997321267397986,0.8472878485288049
0.014385995376396288,0.9995398293880354,0.8309886922929985
5.858051526119734e-05,0.9967723881349219,0.9896684889539771
0.014385917060441789,0.999760462146984,0.8309886922929985
0.00634776214268562,0.8875149179297629,0.9984714343968634
0.13202961120478873,0.999929620762884,0.5033840525904824
0.001846254848773321,0.9988943635428306,0.9392720936586432
0.009565647586293857,0.8620529994222078,0.9967722158632909
0.0002378056793413963,0.9784902931613109,0.9964101087961766
0.7188477646401179,0.999868733606063,0.040336828193727525
0.059443660306152335,0.9999049199184186,0.6603623065360831
4.054957980936802e-05,0.9924674119935316,0.9950646546954414
0.011729344839389588,0.999666921245442,0.8472878485288049
7.439815430387853e-11,0.9999999921634554,0.9999878017936992
0.8510047079892115,0.011162094759805785,0.9999891002520596
0.0594436670764672,0.9998524332456262,0.6603623065360831
0.03972243814806764,0.7209598261768464,0.9981064328761917
0.0077906076593124984,0.9996655937652951,0.8754190627608147
0.00956321050460307,0.8620526599871826,0.9976553470536219
0.048606547296129454,0.6920277406067947,0.9981064328761917
0.0022694364505837505,0.9988948322932704,0.9326761471415648
0.001501161373580917,0.9995338136233239,0.9452290959363047
0.00043353819082303513,0.9984720953034439,0.9705967019958414
0.4195727092849294,0.9990124576180329,0.18568852092506594
0.1607871851675693,0.9998530837813664,0.45619688320435947
0.02649189623816761,0.7713553273885677,0.9981064328761917
0.01763874197131876,0.9998280235968626,0.8130071414507398
4.5992765586588824e-05,0.9976554484462206,0.9907001885045824
0.00012696112794108316,0.9842805382876528,0.9973914256329859
8.545273792059938e-05,0.9970983621382872,0.9872532878203727
0.0022740218536274615,0.9326764978523029,0.9967722158632909
0.02649128823965008,0.7713551845899392,0.9984714343968634
0.007793278595116027,0.875419405196748,0.9976553470536219
0.08873809353820694,0.9999525302606108,0.5881726871876487
0.0004351179528983007,0.97059678281676,0.9976553470536219
3.725082902583665e-05,0.9916298144736073,0.997892806444303
3.0940827629333256e-05,0.9932218528802625,0.99600783022065
0.34795272248738685,0.9998976983120812,0.24182169813245513
0.07265447333364916,0.9999653797155443,0.6257938095470035
0.07265447369529698,0.9999567644929648,0.6257938095470035
0.002789155914476704,0.9987700847458302,0.9253741348679578
2.8181458280873706e-05,0.9967722900128169,0.9932217988665297
0.014385890035091498,0.9999359277703362,0.8309886922929985
0.1320296152378584,0.9998906637892093,0.5033840525904824
0.23744135211628603,0.9999139439413354,0.35308091608600944
0.01172929375988696,0.9999000965115982,0.8472878485288049
0.10829287986652092,0.9997304680552908,0.5473872082499349
0.4195718780746893,0.9998983877469997,0.18568852092506594
0.10829529016917105,0.5473884523478458,0.9976553470536219
0.28776326562286525,0.9997599534872376,0.2980607030650966
0.7188480624549431,0.04033794932702617,0.9984714343968634
0.005169096389014638,0.9994823463428002,0.8984558950246667
7.161398960942034e-05,0.9924676459984211,0.9907001885045824
0.23744136978098396,0.999814672233034,0.35308091608600944
0.005169169347618574,0.9993572494642307,0.8984558950246667
0.0117293075608903,0.9998069741950034,0.8472878485288049
0.2374413533105837,0.9999039422607057,0.35308091608600944
0.4195718704067839,0.9999622678652359,0.18568852092506594
0.007790574858751009,0.9997838114748808,0.8754190627608147
0.8510047558796545,0.9998805280944483,0.01116209470106655
0.7188477586616042,0.9998822327667423,0.040336828193727525
0.009561921631083159,0.8620524804737845,0.998298596622854
0.23744135115680165,0.9999229135613862,0.35308091608600944
8.464469536539898e-05,0.9973916375604432,0.9872532878203727
0.23744271437552422,0.35308207588243523,0.9981064328761917
0.8510047079874257,0.011162094747954265,0.9999902617289076
5.940226088796408e-11,1.0,0.9999891002520596
0.0051690489842490805,0.9995832916426256,0.8984558950246667
0.003426367606186864,0.9993561234569553,0.9172921972217961
0.009564658271252746,0.8620528616311041,0.9970981263824255
0.4195718829580589,0.999873532849637,0.18568852092506594
0.10829293632027026,0.9995836733414281,0.5473872082499349
0.017642863095089334,0.8130079287737197,0.9970981263824255
0.017638739008475457,0.9998458743428409,0.8130071414507398
4.147422645484067e-05,0.9964102345528368,0.9916297958906259
0.05944366991322514,0.9998353421480393,0.6603623065360831
8.840038685420382e-05,0.9916302426208449,0.9896684889539771
0.2877633449082012,0.9995870082573263,0.2980607030650966
0.13202960982126621,0.9999494873888793,0.5033840525904824
0.6035503702390259,0.9998339377420549,0.08194354014270289
7.006606366433132e-05,0.9970983174879151,0.9885236130827492
0.5042447059645234,0.999879514547519,0.13153775331390838
0.01763873317328979,0.9998891388366751,0.8130071414507398
0.00023098769593699053,0.9907019345593787,0.9806230029256294
0.009560517331486329,0.9997592894101989,0.8620522808099423
0.00043416246353844556,0.9705967547100691,0.9981064328761917
0.23744135479680262,0.9998927911033954,0.35308091608600944
0.00023253147677748665,0.9984717880511359,0.9784901545587459
7.106486255814559e-05,0.9967724284319099,0.9885236130827492
0.0015022190488178655,0.9452291599228013,0.9984714343968634
9.422506297374067e-05,0.9885239386797188,0.9924673202538475
0.00516900715616575,0.9996992973072615,0.8984558950246667
0.0034262470319579297,0.9995825616290107,0.9172921972217961
0.07265447320468699,0.9999690261546702,0.6257938095470035
0.08873809329220395,0.9999575143574204,0.5881726871876487
0.00015753561997677856,0.9825464091932681,0.9967722158632909
0.0002365715935267465,0.9784902666101727,0.9967722158632909
0.0001019948638824042,0.9858439508209357,0.9981064328761917
0.0027911384915544346,0.9253743399922597,0.9976553470536219
0.23744135038614922,0.9999309566530958,0.35308091608600944
0.00023358311113252928,0.9978932939719581,0.9784901545587459
0.05944365935561302,0.9999148404417905,0.6603623065360831
0.004209003735737515,0.999356629110556,0.908349152579334
1.6498539792353384e-05,0.9945134679504116,0.998298596622854
4.546422075191181e-05,0.9978928975681646,0.9907001885045824
0.0034303556234752675,0.9172925454583771,0.9970981263824255
0.7188477538448194,0.9998943561573936,0.040336828193727525
4.023989829271546e-05,0.9916298394936037,0.9967722158632909
0.41957187016324715,0.9999662212666035,0.18568852092506594
5.453967923707559e-05,0.989668501023838,0.9984714343968634
0.0009949491127730914,0.9554644983819618,0.9976553470536219
0.014385903055817773,0.9998274541408381,0.8309886922929985
0.13203199414382727,0.5033854176399771,0.9976553470536219
0.032445907041041555,0.7473406627777945,0.9984714343968634
0.0012207837412966382,0.9992810675000445,0.9506080947349599
0.00023411155653330074,0.9976558895207104,0.9784901545587459
3.802309720979391e-05,0.993221900886413,0.9945134600092607
0.28776332159280116,0.9996293923720795,0.2980607030650966
0.005172346459559551,0.8984562405118207,0.9973914256329859
0.7188477340074555,0.04033682823004148,0.9999913005446041
4.741695924792566e-11,1.0,0.9999902617289076
2.722988129755244e-05,0.9945135268292321,0.9950646546954414
0.8510048484442557,0.9997954104148743,0.01116209470106655
0.6035507986146138,0.0819446126686656,0.9984714343968634
9.983781679268056e-05,0.9939018859796317,0.9872532878203727
0.23744136536146765,0.9998338491629266,0.35308091608600944
0.005169219435115058,0.999283909628413,0.8984558950246667
0.017638736626448104,0.999861888829435,0.8130071414507398
0.23744137527288733,0.9997933065605703,0.35308091608600944
0.16078717765157802,0.999905293385535,0.45619688320435947
0.16078717574752388,0.9999240162547751,0.45619688320435947
2.4903551582244887e-05,0.994513514065539,0.9955609736350631
0.00019049981957175444,0.9976557872660418,0.9806230029256294
0.048604876584295464,0.9997421219511013,0.6920271884731896
0.007790580609240871,0.999758859255182,0.8754190627608147
0.00035384783584357926,0.9735033385884702,0.9976553470536219
0.0005341275923285149,0.9981074408896609,0.9673750385075176
0.0018459633910128392,0.9991996297231375,0.9392720936586432
0.003426327143075225,0.9994221349113198,0.9172921972217961
0.05944501685012116,0.660362798123528,0.998298596622854
0.1955473632687308,0.40598516959312747,0.9984714343968634
0.0001244833045614957,0.9907009440457815,0.9872532878203727
0.00035204250791165403,0.9986273542544201,0.9735032657568307
0.05944534172962557,0.6603629154384834,0.9981064328761917
4.4691507137040176e-05,0.9982986701986513,0.9907001885045824
2.2807057568630107e-05,0.9970981803476747,0.9939013905125218
0.28776450206916926,0.298061961501751,0.9981064328761917
0.039720721466087294,0.9999029261424428,0.7209593259127723
0.048604864218457555,0.9997927043364048,0.6920271884731896
0.04860486973240241,0.9997687785200933,0.6920271884731896
8.840038685420382e-05,0.9896688508747848,0.9916297958906259
0.16078717451973967,0.9999390673718194,0.45619688320435947
0.00035254697801145873,0.9982991939857472,0.9735032657568307
0.1955473632687308,0.9987703399335809,0.40598447563028317
0.014385889289792009,0.9999486570824019,0.8309886922929985
0.026490155904033252,0.9999015886752439,0.7713549174737019
0.00019556469940440468,0.982547073041839,0.9907001885045824
0.1607871750664831,0.9999319525652497,0.45619688320435947
8.241079804971463e-05,0.998471558581562,0.9872532878203727
0.006346709600170031,0.9995360759480092,0.8875147865181154
0.00025433044420664075,0.9784906486887051,0.9932217988665297
7.196718373048139e-05,0.9896686810859033,0.9939013905125218
0.02161990632685673,0.9999289628701361,0.7931851377249264
0.2374430402435046,0.35308235233358376,0.997892806444303
0.4195729097718056,0.9989009203737464,0.18568852092506594
0.23744134976731524,0.9999381680564771,0.35308091608600944
0.419571869967877,0.9999697641568561,0.18568852092506594
7.00603168325431e-05,0.9916300891053376,0.9916297958906259
0.4195718715594655,0.9999474470578164,0.18568852092506594
0.026490152578415138,0.9999433453895417,0.7713549174737019
0.4195718728763741,0.9999344976847394,0.18568852092506594
0.0004331306917544353,0.9987671789296952,0.9705967019958414
0.0027884430082456557,0.9996985777457936,0.9253741348679578
0.01438590008316376,0.9998453639950117,0.8309886922929985
3.682350902389775e-05,0.9916298108967264,0.9981064328761917
0.2877633027991906,0.9996674657672506,0.2980607030650966
0.851004707984859,0.01116209473091967,0.9999922295361059
3.784028645981152e-11,1.0,0.9999913005446041
9.342053723315757e-05,0.9872534430611883,0.9950646546954414
0.00010137038371360596,0.9984715875625664,0.9858439254419276
0.011729312169035278,0.9997846696705283,0.8472878485288049
0.005168998255054236,0.9997303485466766,0.8984558950246667
0.10829290208172382,0.999664938247545,0.5473872082499349
0.0022688610152376,0.9997295624571597,0.9326761471415648
0.0002331558750303664,0.99810687097849,0.9784901545587459
0.00013460978434265414,0.9872539681313243,0.9896684889539771
0.0001352295055234709,0.9858444213401477,0.9916297958906259
6.860441831568753e-05,0.9976555014628444,0.9885236130827492
1.7271275193353475e-05,0.9945134721901191,0.997892806444303
0.3479527716646581,0.24182176464554794,0.9995811265015507
2.656528509059619e-05,0.9960079044618008,0.9939013905125218
0.19554718185110165,0.9988953823892942,0.40598447563028317
0.10829286546607231,0.9997832847397146,0.5473872082499349
5.5164188653589186e-05,0.9896685074763083,0.9981064328761917
0.7188477406705701,0.9999387408638356,0.040336828193727525
0.007790563518357607,0.999844329232524,0.8754190627608147
0.10829443778392056,0.5473880196940725,0.9981064328761917
0.01438589199243867,0.9999107608355013,0.8309886922929985
2.637452690812392e-05,0.9932218219282468,0.9973914256329859
2.2031296877944584e-05,0.9955610276974804,0.9950646546954414
0.001220733455005174,0.999354698418156,0.9506080947349599
0.04860485334454845,0.9998507327110514,0.6920271884731896
0.2877640572468557,0.2980615231106527,0.9984714343968634
0.0005335033820456081,0.96737507662186,0.9984714343968634
0.011729295003372053,0.9998884719463851,0.8472878485288049
0.00420893070671724,0.9994818467269608,0.908349152579334
6.925800867496612e-05,0.9973915974229902,0.9885236130827492
0.0006555280830830013,0.9992806606226717,0.9638045721125097
0.032444781631533304,0.9999021906235548,0.7473403676063891
0.059443658592329696,0.9999237351427798,0.6603623065360831
6.842185500510745e-05,0.9945137528340448,0.9896684889539771
0.0063466466922307285,0.9996996532665974,0.8875147865181154
0.0006560292721969896,0.998767453842835,0.9638045721125097
6.702407698411239e-05,0.9885236264901195,0.9984714343968634
0.195546631865107,0.999420945428543,0.40598447563028317
8.545273792059938e-05,0.9872533414896919,0.9970981263824255
8.921073000045521e-05,0.9872533893956273,0.99600783022065
0.0143858896215463,0.9999426409669778,0.8309886922929985
0.006347210885169208,0.8875148555253878,0.9988923191599932
0.00018891967088974226,0.9806230255629436,0.9984714343968634
0.07265447301858707,0.9999752165122057,0.6257938095470035
0.002268848047143446,0.9997826083680112,0.9326761471415648
0.048604849183348287,0.9998801549654445,0.6920271884731896
0.1320315353627206,0.503385155144832,0.997892806444303
0.0034262162056811762,0.999664122826072,0.9172921972217961
0.0002853645078700895,0.9991983783561997,0.9761252228161587
8.445136389378938e-05,0.9885238265055791,0.9939013905125218
5.674126415811109e-05,0.9924675339637647,0.9924673202538475
0.0027885324546228496,0.9994811076321587,0.9253741348679578
0.23744223812504672,0.353081671853812,0.9984714343968634
0.4195721006816451,0.9994815989245709,0.18568852092506594
0.2877632876539553,0.9997016628904033,0.2980607030650966
0.002788605587811799,0.9993557114051106,0.9253741348679578
0.014385897693248939,0.9998614315094964,0.8309886922929985
3.059110635439399e-05,0.9924673369774121,0.997892806444303
0.4195718721460543,0.9999413249888184,0.18568852092506594
3.019007266402696e-11,1.0,0.9999922295361059
0.8510047079839487,0.011162094724878058,0.9999930602092082
0.5042448890533855,0.1315380996963882,0.9991068643163503
1.8453458496825448e-05,0.9945134786763127,0.9973914256329859
0.5042446952567722,0.9999375508572048,0.13153775331390838
0.03972071909070907,0.9999302771137467,0.7209593259127723
0.00018997135111908925,0.9978932020733344,0.9806230029256294
0.19554659136268582,0.9994802504672438,0.40598447563028317
0.07265447310135775,0.9999722919627364,0.6257938095470035
0.0002864900927839198,0.998299081596177,0.9761252228161587
2.4140499411906546e-05,0.9932218067852112,0.9984714343968634
0.00018954409638016756,0.9806230376647066,0.9981064328761917
0.002269082840083869,0.9992818220775123,0.9326761471415648
0.0004325384802134069,0.9994203989574226,0.9705967019958414
0.0005327343803011031,0.9991073397644016,0.9673750385075176
0.6035503500229575,0.999892541321995,0.08194354014270289
0.41957222526059235,0.9993570708804901,0.18568852092506594
0.007790566510903485,0.9998262995327474,0.8754190627608147
0.13203062236400298,0.5033846327655809,0.9984714343968634
0.23744136180578113,0.9998510595365008,0.35308091608600944
8.768579256468456e-05,0.9872533699561095,0.9964101087961766
0.16078717408091736,0.9999454449399867,0.45619688320435947
0.00053254435202299,0.9993542537858618,0.9673750385075176
7.570777406029627e-05,0.9955612659711255,0.9885236130827492
0.41957187071028823,0.9999578569222088,0.18568852092506594
0.0486048510376077,0.9998662423869995,0.6920271884731896
0.00018919874917189272,0.9982989160641168,0.9806230029256294
0.003426229958356286,0.9996255342649841,0.9172921972217961
0.0008075815029987554,0.9598481095674125,0.9984714343968634
0.007792330139460901,0.8754192861094982,0.9981064328761917
0.0001244833045614957,0.9872538390415135,0.9907001885045824
0.7188477423000277,0.9999316704079764,0.040336828193727525
0.009560506972996596,0.9998065505919536,0.8620522808099423
0.1607871728924929,0.9999686699445268,0.45619688320435947
0.16078815272400648,0.45619751850620294,0.9984714343968634
8.399111506340873e-05,0.9976555375394075,0.9872532878203727
0.014385895772297208,0.9998758444834639,0.8309886922929985
0.00279018525432706,0.9253742686571964,0.9981064328761917
0.4195718696855457,0.9999757830595702,0.18568852092506594
2.199896438870308e-05,0.9973914741438392,0.9939013905125218
4.4186881678620615e-05,0.998626931528887,0.9907001885045824
0.002788565098805651,0.999421765103818,0.9253741348679578
0.0018474319933913241,0.9392722025316236,0.9981064328761917
2.4080293314909795e-11,1.0,0.9999930602092082
0.8510047079832219,0.01116209472005436,0.9999938028753061
0.0018456991928540445,0.9996635901413914,0.9392720936586432
0.0006557635767515668,0.9990059538863839,0.9638045721125097
0.002271566830023053,0.9326763321948072,0.9976553470536219
0.004208866196005467,0.9996258283430172,0.908349152579334
0.021621046747442696,0.7931853793378544,0.9984714343968634
2.435763327524043e-05,0.9950647148024728,0.9950646546954414
0.03244477986851502,0.9999215459431111,0.7473403676063891
0.5042447007796774,0.9999031706935706,0.13153775331390838
4.6646370725600406e-05,0.9973915384386504,0.9907001885045824
0.0009933702354828489,0.9554644279958391,0.9984714343968634
0.039721838412603905,0.7209596519040166,0.9984714343968634
2.7182616552101635e-05,0.9970981930450473,0.9932217988665297
0.07265447289922955,0.999980179557857,0.6257938095470035
0.1607871806015464,0.999882014214972,0.45619688320435947
5.5591500817908646e-05,0.9896685118913243,0.997892806444303
0.0001231722109842348,0.9858442506390827,0.9932217988665297
5.109512479783973e-09,0.9998989108072711,0.9999999921634554
3.6339549979391705e-05,0.9924673802798254,0.99600783022065
1.78211890822233e-05,0.9960078695536068,0.9955609736350631
1.4927559821353853e-05,0.9950646682612373,0.9976553470536219
0.01173044326456485,0.8472880269358577,0.9984714343968634
0.0022690326065719635,0.9993553757140546,0.9326761471415648
0.001845777631145018,0.999480617075944,0.9392720936586432
0.014385888639345534,0.9999632043937048,0.8309886922929985
0.6035503579759435,0.9998663838166996,0.08194354014270289
0.00018836499657615136,0.9806230148130027,0.9988923191599932
6.925800867496612e-05,0.9885236521292724,0.9973914256329859
0.8510047184987144,0.9999440145533843,0.01116209470106655
0.04860542529562739,0.6920273774079218,0.9988923191599932
2.0389458252001447e-05,0.9939014014461078,0.9981064328761917
0.005169031940505664,0.9996261891283218,0.8984558950246667
2.3585733682218724e-05,0.9932218030248111,0.9988923191599932
0.16078717372879947,0.9999511609709034,0.45619688320435947
0.13203116444861773,0.50338494292347,0.9981064328761917
0.0002323060123616827,0.9986271898407483,0.9784901545587459
5.6120040299534324e-05,0.9976554721912303,0.9896684889539771
0.1955469169752031,0.9991089221865919,0.40598447563028317
0.718847906477718,0.04033741692655601,0.9988923191599932
2.1345343139245188e-05,0.9976553906564101,0.9939013905125218
0.41957199032514014,0.9996249911013018,0.18568852092506594
0.0012216918246822361,0.950608152437403,0.9984714343968634
0.03972071971632685,0.9999221359115045,0.7209593259127723
0.01173148280450842,0.8472881875703676,0.997892806444303
0.13202961018545034,0.999943575484974,0.5033840525904824
0.0006553397377833114,0.9996244930942507,0.9638045721125097
0.0005341275923285149,0.9673750969975432,0.9981064328761917
0.0002331558750303664,0.9784901931215932,0.9981064328761917
0.0015011401411733072,0.9995817552526818,0.9452290959363047
1.9202195389311782e-11,1.0,0.9999938028753061
0.8510047079826417,0.011162094716203996,0.9999944667742391
0.021620826106497626,0.7931853326976714,0.9986268721490964
1.0795257273876757e-05,0.9986268856778744,0.9955609736350631
4.503690425983198e-05,0.998106514761953,0.9907001885045824
0.16078717243015206,0.999985662368035,0.45619688320435947
0.01763872777288611,0.9999590133848318,0.8130071414507398
0.41957187108843463,0.9999529360800313,0.18568852092506594
0.10829287188809589,0.9997583005328418,0.5473872082499349
0.07265447295230099,0.9999778351401158,0.6257938095470035
0.19554655870008364,0.9995335361831672,0.40598447563028317
0.0006556677732371119,0.9991074495606453,0.9638045721125097
9.416117763505483e-06,0.9982986101808978,0.99600783022065
0.08873809270856592,0.99997277252313,0.5881726871876487
1.3626260946031366e-05,0.99829861734406,0.9950646546954414
0.28776376688548977,0.29806123694731446,0.9987666456637396
5.8294704883055104e-05,0.9907003284776615,0.9945134600092607
0.08873865134149106,0.588172939834896,0.9988923191599932
0.0002855376886511385,0.9990055856232851,0.9761252228161587
6.764857860364071e-05,0.9885236336576138,0.9981064328761917
1.3568044465728235e-09,0.9999479076882417,1.0
0.02649231225297155,0.7713554250966076,0.997892806444303
0.19554682143304902,0.40598476949694295,0.9990053020914923
0.10829283913322629,0.5473872082508258,0.9999980159882147
0.007790570232240279,0.9998062048936881,0.8754190627608147
0.718847739359603,0.9999450862583987,0.040336828193727525
0.5042446913242613,0.1315377533152675,0.9999982308348725
0.004208852454130718,0.999664386599468,0.908349152579334
0.004208825306411645,0.9997579887664277,0.908349152579334
0.2877632420776691,0.9998448135944598,0.2980607030650966
0.007790561112450467,0.9998605042644091,0.8754190627608147
0.0008071741564186219,0.959848093198458,0.9987666456637396
0.002268992096469913,0.999421463828451,0.9326761471415648
0.16078717260737352,0.9999775718755746,0.45619688320435947
0.6035503393775641,0.9999442627384242,0.08194354014270289
0.6035503403388742,0.9999377998026264,0.08194354014270289
0.0001011448897187961,0.998627009739588,0.9858439254419276
0.13202960929479435,0.9999595327320084,0.5033840525904824
0.16078717344632332,0.9999562834637483,0.45619688320435947
0.28776323393720515,0.999888254999478,0.2980607030650966
0.41957194775788553,0.9996979781157844,0.18568852092506594
0.009560503258298048,0.999826609385516,0.8620522808099423
0.014387654961322105,0.8309889952964429,0.9981064328761917
0.00342617861397998,0.9998053524549667,0.9172921972217961
0.004209734670607812,0.9083492389822989,0.9986268721490964
0.00023411155653330074,0.9784902136829118,0.9976553470536219
7.106486255814559e-05,0.9885236728667923,0.9967722158632909
8.346259031355441e-05,0.9978929776382618,0.9872532878203727
0.1320296138784678,0.9999020480448625,0.5033840525904824
0.0008069085011580546,0.9990061042299985,0.9598480626596273
0.10829295984952025,0.9995360061606358,0.5473872082499349
1.7388136141716082e-05,0.9967722551741214,0.9950646546954414
0.00012417261523789414,0.9988924560241653,0.9842804848045819
2.0816785276767114e-05,0.997892845631132,0.9939013905125218
1.4412370364147442e-05,0.9964101374030917,0.99600783022065
8.703855414182726e-10,0.9999582774522049,0.9999999921634554
0.00043250575890496634,0.9994798816893063,0.9705967019958414
0.006346607627405798,0.9998878645008307,0.8875147865181154
0.08873809240806863,0.9999860833887056,0.5881726871876487
0.8510047079821788,0.011162094713131232,0.9999950601846169
1.530831017504397e-11,1.0,0.9999944667742391
0.0027884127345608745,0.9998254238341107,0.9253741348679578
0.4195718695041113,0.9999806133845265,0.18568852092506594
0.001845810306189355,0.9994212184457066,0.9392720936586432
0.19554674431303476,0.9992815138049527,0.40598447563028317
0.0015018119854246503,0.9452291375940547,0.9987666456637396
1.1299899583372408e-05,0.9982986133859751,0.9955609736350631
0.011731060481871891,0.8472881223111246,0.9981064328761917
0.0022688947988890318,0.9996250993926504,0.9326761471415648
0.0004328649370469728,0.9990057321694635,0.9705967019958414
0.026490151608276613,0.999963656278159,0.7713549174737019
0.005168980685920088,0.9998056928533773,0.8984558950246667
2.476502781401102e-05,0.9981064763757254,0.9932217988665297
2.1345343139245188e-05,0.9939014072757849,0.9976553470536219
0.001847087218838639,0.9392721815554723,0.998298596622854
2.9818381246271564e-05,0.992467331156556,0.998298596622854
0.04860595310918159,0.6920275482646083,0.9984714343968634
0.0051690182118810934,0.999664710205975,0.8984558950246667
0.032445370262231155,0.7473405226076691,0.9988923191599932
1.2072639001603491e-05,0.9955609834903001,0.997892806444303
0.00035120905198327,0.9995332767252472,0.9735032657568307
0.4195718693876308,0.9999844879464321,0.18568852092506594
0.002268959435278717,0.9994808372757868,0.9326761471415648
0.6035503471677499,0.9999036492068121,0.08194354014270289
0.7188477383051257,0.9999507802712037,0.040336828193727525
5.6120040299534324e-05,0.9896685173522273,0.9976553470536219
7.612765686837442e-06,0.9973914366162424,0.9970981263824255
0.01763987456836935,0.8130073599064715,0.9984714343968634
0.00015326970159756925,0.9986270813136864,0.9825463182716505
8.399111506340873e-05,0.9872533228572923,0.9976553470536219
0.05944365571519972,0.9999798971989843,0.6603623065360831
0.011729303854325912,0.9998269890651121,0.8472878485288049
0.007790559178644463,0.9998750136842516,0.8754190627608147
0.00019049981957175444,0.9806230561872297,0.9976553470536219
0.01172930087365942,0.9998449471930517,0.8472878485288049
0.2877632251714205,0.29806070306531574,0.999999209811648
0.0022688433948857556,0.9998051264080304,0.9326761471415648
0.5042446989203195,0.9999132109365886,0.13153775331390838
0.006346624886563124,0.9997834968584229,0.8875147865181154
4.720923615808559e-05,0.9916298978304278,0.9950646546954414
0.16078717321977054,0.9999608734920835,0.45619688320435947
0.0008065018447769301,0.9995814642870828,0.9598480626596273
0.007792754145257708,0.8754193393472894,0.997892806444303
0.011729298477302974,0.9998610580155068,0.8472878485288049
0.0001024221560342875,0.9858439568703213,0.997892806444303
0.6035503386048877,0.9999500601581492,0.08194354014270289
0.000992239835832076,0.9997292164257676,0.9554643759667808
0.00024111309706931205,0.9806240371047286,0.9896684889539771
0.23744134829514174,0.9999602765569275,0.35308091608600944
0.00035226794532494665,0.9735032967118281,0.9984714343968634
0.011729296551173496,0.9998755098378383,0.8472878485288049
0.10829412977751329,0.5473878633561557,0.998298596622854
3.016378350650939e-05,0.99810648659865,0.9924673202538475
0.0002862110416588237,0.9761252507080362,0.9984714343968634
0.017638729507239326,0.999928673809293,0.8130071414507398
0.4195718691859923,0.1856885209329825,0.9999955905228944
1.220090695142062e-11,1.0,0.9999950601846169
0.07265555606539686,0.6257942467160363,0.9984714343968634
0.006346620253319446,0.9998059228660927,0.8875147865181154
0.34795271469503264,0.9999825739107308,0.24182169813245513
0.04860484197480852,0.9999745737811847,0.6920271884731896
0.1955464285827052,0.9999092160269548,0.40598447563028317
1.334713365619411e-05,0.9984714530130969,0.9950646546954414
0.07265447282275406,0.9999841566543834,0.6257938095470035
1.935725936319521e-05,0.99876666860005,0.9939013905125218
0.23744134760088464,0.9999772156084831,0.35308091608600944
0.6035503415345833,0.999930595811133,0.08194354014270289
0.0002319768266588751,0.9988925754368981,0.9784901545587459
0.19554643141048933,0.9998869010534459,0.40598447563028317
0.1955464275705069,0.9999186784373597,0.40598447563028317
0.0018458508334734391,0.9993551023004219,0.9392720936586432
5.386617018821038e-05,0.9896684940651004,0.9990053020914923
0.0001530875706020618,0.9987668335370348,0.9825463182716505
0.19554668207742798,0.9993549487341893,0.40598447563028317
0.8510047102635285,0.9999739162412973,0.01116209470106655
9.898207713576745e-06,0.9996977378886627,0.9955609736350631
1.6219413304208175e-05,0.9945134664189499,0.9984714343968634
0.0003518604131244052,0.9987670786945685,0.9735032657568307
0.00023176224346144192,0.9991070709553391,0.9784901545587459
0.10829388087467873,0.5473877370180351,0.9984714343968634
0.10829284278648843,0.999919263329288,0.5473872082499349
6.807588543289445e-05,0.9978929452154244,0.9885236130827492
0.0022689118923184814,0.9995820768519494,0.9326761471415648
0.6035503379839795,0.9999552599718504,0.08194354014270289
0.07265447285674886,0.9999822782197291,0.6257938095470035
0.8510047079807295,0.011162094703513481,0.9999977753425903
0.19554642675751488,0.9999271634160156,0.40598447563028317
0.005170401616482856,0.8984560419983627,0.998298596622854
0.7188477374571586,0.9999558891632366,0.040336828193727525
0.0002851136926638187,0.9996243539806474,0.9761252228161587
6.764857860364071e-05,0.9981065575787529,0.9885236130827492
0.34795271482588563,0.9999782212657795,0.24182169813245513
0.014385888304486838,0.999973659273058,0.8309886922929985
0.7188477340230077,0.9999961623785788,0.040336828193727525
0.1607871789659292,0.9998942863126327,0.45619688320435947
5.3626812296148074e-05,0.9939016041515202,0.9916297958906259
0.0027884269039739618,0.9997576435611495,0.9253741348679578
0.19554643336112643,0.999873786824119,0.40598447563028317
0.0006552882506483115,0.9998048112537078,0.9638045721125097
0.00023212389576332537,0.9987669310169033,0.9784901545587459
0.1955464261046821,0.9999347710134391,0.40598447563028317
0.0022710394615582663,0.9326762966095936,0.997892806444303
0.0012205372861781028,0.9998432984410517,0.9506080947349599
0.1607871730381143,0.9999649859026863,0.45619688320435947
0.002268834224343652,0.9998597279592019,0.9326761471415648
0.004209406794521864,0.9083492088051685,0.9988923191599932
0.16078781059763558,0.4561972968110849,0.9987666456637396
0.0006574878688533348,0.9638046524712389,0.997892806444303
0.0003511238272317918,0.999782190522786,0.9735032657568307
0.017640488094979645,0.8130074766915055,0.9981064328761917
0.7188477357871257,0.9999682714820559,0.040336828193727525
0.13203014083271347,0.5033843572537433,0.9988923191599932
0.0005345546998146711,0.9673751109393302,0.997892806444303
0.0012205817194173019,0.9996633794568504,0.9506080947349599
1.4062928696989552e-05,0.997098154973211,0.9955609736350631
0.7188477367754211,0.9999604725169562,0.040336828193727525
0.28776322881038074,0.9999280005594008,0.2980607030650966
1.7799834929888014e-05,0.9976553823434009,0.9945134600092607
0.19554642558058422,0.9999415911327253,0.40598447563028317
0.0034267709817528136,0.917292247961264,0.9988923191599932
7.933927403946939e-09,0.9998740323266292,1.0
0.007790551451331895,0.9999830484789578,0.8754190627608147
0.00010081566082953408,0.9858439341263765,0.9988923191599932
0.19554643578739261,0.9998591688858517,0.40598447563028317
9.721778937432646e-12,0.9999999921634554,0.9999955905228944
0.039720717395341554,0.9999599347017001,0.7209593259127723
0.19554642364388586,0.9999828061654465,0.40598447563028317
0.8510047079815147,0.011162094708724424,0.9999960644323287
0.23744192724869229,0.35308140812085753,0.9987666456637396
0.005168976954750937,0.9998258405859611,0.8984558950246667
0.2877635092438118,0.2980609830306048,0.9991068643163503
8.346259031355441e-05,0.9872533161197921,0.997892806444303
0.0042105811522229475,0.908349316890958,0.9981064328761917
1.3971668799239723e-05,0.998106455937739,0.9950646546954414
3.0077657905414057e-06,0.9992801909312171,0.9976553470536219
6.679857524360955e-05,0.9986269625776626,0.9885236130827492
0.6035503354614316,0.9999987575833343,0.08194354014270289
0.8510047079804346,0.01116209470155649,0.9999990045266804
0.0018456881002060221,0.999698292783884,0.9392720936586432
0.03244568884128496,0.7473406057988552,0.9986268721490964
0.004208800985925798,0.9998993362710509,0.908349152579334
0.16078717249935948,0.9999820632452446,0.45619688320435947
0.0009922326410355398,0.9997572070246543,0.9554643759667808
8.218529977921385e-05,0.9986269837056224,0.9872532878203727
5.413202565995867e-05,0.9987667114896914,0.9896684889539771
0.8510047082951853,0.9999903142006061,0.01116209470106655
0.0034265570842636484,0.917292230209452,0.9991068643163503
6.621545770324477e-05,0.9932220919842929,0.9907001885045824
0.6035503356364494,0.9999881545316662,0.08194354014270289
0.00015272588970993706,0.9991070003651231,0.9825463182716505
0.005168969603118745,0.9998746834487096,0.8984558950246667
1.970495506864456e-05,0.9955610173706861,0.9955609736350631
8.367584099944203e-06,0.9991068714335177,0.99600783022065
8.200315583506423e-05,0.9987667458646968,0.9872532878203727
0.23744134927051164,0.9999446329925854,0.35308091608600944
0.00043262939085275676,0.9992805001776891,0.9705967019958414
9.761527070883957e-06,0.9981064479655387,0.99600783022065
3.619898815276912e-05,0.9984714879436964,0.9916297958906259
0.000152535789180952,0.9993540082660208,0.9825463182716505
0.0027884849364208097,0.9995822944873471,0.9253741348679578
0.00018997135111908925,0.9806230459451751,0.997892806444303
1.1661394072604025e-10,0.9999847281981429,1.0
0.0051698995777038625,0.8984559907544062,0.9986268721490964
0.0022688538296352645,0.9997575172871637,0.9326761471415648
4.098898553905883e-09,0.9999094583129362,1.0
6.606459935498687e-05,0.9993539523978251,0.9885236130827492
0.00043353819082303513,0.9705967363464525,0.9984714343968634
7.429432024808058e-06,0.9967722230294068,0.997892806444303
7.20425703581995e-06,0.9964101115265823,0.9987666456637396
1.1652955406060705e-05,0.9964101274970284,0.9967722158632909
0.6035503430214898,0.9999225667473858,0.08194354014270289
0.039722106456022255,0.7209597297928323,0.998298596622854
0.005168964332456505,0.9999277684185007,0.8984558950246667
0.03972071722871251,0.9999641502104982,0.7209593259127723
0.1955464248224038,0.9999531838285415,0.40598447563028317
0.005168973954298162,0.9998439179233342,0.8984558950246667
0.1955464388045406,0.9998428767569248,0.40598447563028317
0.7188477362274583,0.9999645839031887,0.040336828193727525
0.007790551380345234,0.9999878968244512,0.8754190627608147
2.0044052615575403e-05,0.9982986282633283,0.9939013905125218
0.011729292761126775,0.9999105203025241,0.8472878485288049
0.011729291315268231,0.9999282447434003,0.8472878485288049
2.0816785276767114e-05,0.9939014040522569,0.997892806444303
2.001515722493963e-06,0.9993539110072891,0.9981064328761917
0.287763251335026,0.9998069464320564,0.2980607030650966
1.5993900106425762e-05,0.9986268928162824,0.9945134600092607
3.2434132243297498e-06,0.9976553482135501,0.9990053020914923
0.2374413480892824,0.9999644473294751,0.35308091608600944
0.007790551997961859,0.999962958172179,0.8754190627608147
0.0077905526527609625,0.9999483135160692,0.8754190627608147
2.953925847615224e-05,0.9984714777638508,0.9924673202538475
0.0018456476025078272,0.9998990973817818,0.9392720936586432
0.05944365553595887,0.9999918176720336,0.6603623065360831
0.07265447268924052,0.9999981601355448,0.6257938095470035
0.0008066227359655453,0.9598480710399896,0.9993539098489788
0.014385890550466685,0.9999284376307925,0.8309886922929985
0.2877632280905844,0.9999355128808182,0.2980607030650966
0.1082928561401727,0.9998258346720371,0.5473872082499349
0.0077905545682915855,0.9999195468592821,0.8754190627608147
0.00956048894310757,0.9999586763401258,0.8620522808099423
0.0009939941585588308,0.9554644558102402,0.9981064328761917
0.03972071661657106,0.9999895331978581,0.7209593259127723
0.0005332779855040659,0.9673750692643899,0.9986268721490964
3.597347946071583e-05,0.9916298037815563,0.9986268721490964
4.696719868835242e-05,0.9924674603367709,0.9939013905125218
0.1320296086614121,0.9999768033241401,0.5033840525904824
1.2307714736259356e-08,0.9998431069491618,1.0
0.014387039403174873,0.8309888897416561,0.9984714343968634
7.74436070827278e-12,1.0,0.9999960644323287
0.8510047079812797,0.011162094707165227,0.999996487862844
0.059444370870357144,0.6603625648583139,0.9987666456637396
0.08873809235593377,0.9999900674748984,0.5881726871876487
0.001845901088291635,0.9992815174665334,0.9392720936586432
0.0002859855893486696,0.9761252453238779,0.9986268721490964
0.2374413475328221,0.9999796204731614,0.35308091608600944
0.00018807305471701952,0.9806230091549838,0.9991981497943173
0.4195718692344199,0.9999920773769319,0.18568852092506594
0.5042446919961285,0.9999741749599046,0.13153775331390838
4.0158124245959215e-06,0.9988923229286955,0.9973914256329859
1.3121619810596563e-05,0.9986268888722706,0.9950646546954414
0.8510047330285616,0.9999136048186839,0.01116209470106655
1.0465998635966756e-05,0.9988923300734475,0.9955609736350631
8.911474503325856e-06,0.9986268830911974,0.99600783022065
2.844903460486048e-05,0.9939014505992307,0.9955609736350631
0.7188477339985506,0.99999901255468,0.040336828193727525
6.367755878144976e-09,0.9998871482759321,0.9999999921634554
0.007790552384905447,0.9999537403509955,0.8754190627608147
0.19554682143304902,0.9991998117099242,0.40598447563028317
6.652395106665487e-06,0.999353914012177,0.9964101087961766
0.07265504159406022,0.6257940391144969,0.9988923191599932
0.0015013735447158005,0.9452291135441605,0.9991981497943173
4.6646370725600406e-05,0.990700220145665,0.9973914256329859
0.011729290798503933,0.999935755071676,0.8472878485288049
0.0012209233524381746,0.9506081144347116,0.9991068643163503
4.488295292259803e-05,0.9955611291375835,0.9916297958906259
3.5150880189016576e-05,0.9950647680715221,0.9932217988665297
0.021619904811312818,0.9999543851150529,0.7931851377249264
0.048604841808773225,0.9999818186259051,0.6920271884731896
0.1082928501063487,0.999860097343077,0.5473872082499349
0.03972071683382117,0.9999770479771128,0.7209593259127723
0.0034261609571745177,0.999948086164816,0.9172921972217961
0.039720717095170444,0.999967926149291,0.7209593259127723
0.00012372730569898405,0.9994202198926916,0.9842804848045819
0.0008064294994138965,0.9998250768595685,0.9598480626596273
0.0051689715420342175,0.9998601356924612,0.8984558950246667
0.16078717246091612,0.9999839624553148,0.45619688320435947
0.8510047079804779,0.011162094701843261,0.9999987465773975
0.8510047080468683,0.9999955481889093,0.01116209470106655
2.3901269006199044e-06,0.9986268741365449,0.998298596622854
0.0176393295754812,0.8130072561668588,0.9988923191599932
0.02162050396322579,0.7931852646014206,0.9988923191599932
0.002268828453448002,0.9999096637361218,0.9326761471415648
0.8510047087416541,0.9999849381862094,0.01116209470106655
0.004208796764640477,0.999958453053893,0.908349152579334
0.10829319478508637,0.5473873887726252,0.9991068643163503
2.112982233626326e-09,0.9999349925808889,1.0
0.059443656155807933,0.9999648865204671,0.6603623065360831
0.718847734010148,0.9999972620630154,0.040336828193727525
0.0397207165742286,0.9999946865579311,0.7209593259127723
0.009560493141706372,0.9998998772692934,0.8620522808099423
0.059443656319014604,0.9999607575929627,0.6603623065360831
0.0264901519879277,0.9999546121799386,0.7713549174737019
0.851004716442586,0.9999497838337876,0.01116209470106655
0.0022706130961344106,0.9326762678397569,0.9981064328761917
0.19554642433445835,0.9999624940680214,0.40598447563028317
0.0077905553734926025,0.9999101636825947,0.8754190627608147
7.998274079490386e-06,0.9997569678221194,0.99600783022065
0.03972071690246137,0.9999743363512312,0.7209593259127723
1.8918167708159572e-05,0.9991981647060785,0.9939013905125218
2.7854371293933866e-06,0.9997289482316561,0.9976553470536219
4.696719868835242e-05,0.9939015635363821,0.9924673202538475
0.0003513087413992144,0.9993541366912944,0.9735032657568307
0.02649015104339736,0.9999851327504791,0.7713549174737019
0.07265447269643077,0.9999959108911284,0.6257938095470035
0.006346997614502747,0.8875148313823652,0.9991068643163503
2.6358797367009856e-09,0.999927393116299,1.0
0.16078717277578702,0.9999719698348047,0.45619688320435947
0.059443656522607746,0.9999561485667942,0.6603623065360831
0.014385888044322281,0.9999865467425064,0.8309886922929985
0.01764014877554876,0.8130074121019171,0.998298596622854
0.0015010589035466815,0.9998873176722997,0.9452290959363047
0.021619903890751302,0.9999832847481842,0.7931851377249264
3.5644229112952175e-05,0.9988923579629081,0.9916297958906259
0.011729777619771564,0.8472879240773521,0.9990053020914923
0.011729291959122201,0.9999198662311596,0.8472878485288049
0.07265493145645652,0.6257939946713289,0.9990053020914923
1.4398998566589327e-05,0.9978928321075832,0.9950646546954414
0.059443655920207394,0.9999718972384356,0.6603623065360831
0.8510047080021055,0.9999974544721065,0.01116209470106655
0.009560497869474993,0.9998607531016204,0.8620522808099423
4.971022656286017e-06,0.9970981285895376,0.9987666456637396
0.8510047082326696,0.999991329034588,0.01116209470106655
0.23744134734942368,0.9999883543553509,0.35308091608600944
0.0005329488988998765,0.9673750585222336,0.9988923191599932
0.0003514988041355416,0.9735032763249406,0.9991068643163503
0.28776324620553784,0.9998269021660748,0.2980607030650966
0.19554642346172457,0.9999984039546235,0.40598447563028317
0.08873809230885987,0.9999964136670959,0.5881726871876487
2.618979673796318e-06,0.9978928072847482,0.9991068643163503
0.19554642374742615,0.9999785008232551,0.40598447563028317
0.1955464425555763,0.9998247208465229,0.40598447563028317
0.0006570608139009337,0.9638046370036667,0.9981064328761917
1.1371050313679909e-05,0.9973914464200407,0.99600783022065
4.463734937232289e-10,0.9999701211291288,0.9999999921634554
0.00516896206547357,0.9999734129489293,0.8984558950246667
0.0006553259468701222,0.9996631889476131,0.9638045721125097
0.02649063253696171,0.7713550305871878,0.9990053020914923
6.152044365825837e-06,0.9986268793021434,0.9967722158632909
0.011729290383844071,0.9999424863628972,0.8472878485288049
3.0102121070019194e-05,0.9945135425881276,0.9945134600092607
0.5042446914140106,0.9999905260052594,0.13153775331390838
2.014753527390667e-05,0.9960078788408497,0.9950646546954414
0.2374413485518163,0.9999556219554802,0.35308091608600944
0.1082935173476629,0.5473875524989635,0.9987666456637396
0.007790552986735255,0.9999422571431994,0.8754190627608147
0.00035289226879720026,0.9735033132601714,0.9981064328761917
3.5429603776115925e-05,0.9991068956035829,0.9916297958906259
0.00023153156513211481,0.9994202824031909,0.9784901545587459
0.03972071698817159,0.9999713079392898,0.7209593259127723
0.07265447270974612,0.9999935644160487,0.6257938095470035
5.54225460889235e-05,0.9950648681204117,0.9907001885045824
8.136854226403756e-06,0.9994201528673543,0.99600783022065
0.032445162593090604,0.7473404683786107,0.9991068643163503
0.13202960883559656,0.999971009316517,0.5033840525904824
0.23744134728935418,0.9999933661550137,0.35308091608600944
0.059443655528763406,0.9999926914408848,0.6603623065360831
0.05944365677651908,0.9999510042456761,0.6603623065360831
1.5450013555073916e-05,0.9991068777590908,0.9945134600092607
0.23744135664585309,0.9998803598465287,0.35308091608600944
0.2374413488717716,0.9999504280300645,0.35308091608600944
0.6035505786728739,0.08194410335070357,0.9988923191599932
0.2877632254891217,0.9999787191693751,0.2980607030650966
0.0022688269937485295,0.9999275578485657,0.9326761471415648
4.023989829271546e-05,0.996772328935061,0.9916297958906259
0.19554642416032597,0.9999664361472039,0.40598447563028317
6.16751094639767e-12,1.0,0.999996487862844
0.8510047079810925,0.01116209470592222,0.9999968661427243
0.07265447277380321,0.9999873420865104,0.6257938095470035
0.0001621781299743219,0.9825464902345047,0.9955609736350631
1.2314267731294848e-05,0.9994796630454531,0.9950646546954414
0.0018456791693597374,0.9997294477526525,0.9392720936586432
0.7188477499649305,0.9999052427178791,0.040336828193727525
0.0018456577979008015,0.9998252587913612,0.9392720936586432
8.156409168791345e-05,0.9991982149387416,0.9872532878203727
4.570589011265724e-06,0.9973914286804714,0.9984714343968634
1.2500368812840001e-05,0.9991981595599634,0.9950646546954414
0.00018824625235192016,0.9990054888476491,0.9806230029256294
4.3421781323438324e-05,0.9924674336295196,0.9945134600092607
0.08873809238669228,0.9999875616217966,0.5881726871876487
1.5664643180146598e-05,0.9945134633751356,0.9988923191599932
0.5042448197558416,0.1315379783012166,0.9992801889526707
7.002099279063145e-06,0.9967722216500617,0.9981064328761917
0.04860514749139788,0.6920272874808827,0.9991981497943173
8.58221524513425e-06,0.9988923279868155,0.99600783022065
0.04860484324614178,0.9999446323813359,0.6920271884731896
4.345073186362569e-06,0.9986268768209386,0.9973914256329859
3.4729308698855377e-06,0.9996242481532435,0.9973914256329859
0.6035503354595337,0.9999998029288382,0.08194354014270289
0.04860484177389679,0.9999837457755842,0.6920271884731896
2.8984495741624094e-05,0.9924673248749855,0.9988923191599932
0.006346606377148012,0.9998995523800731,0.8875147865181154
6.807588543289445e-05,0.9885236385618752,0.997892806444303
0.16078717231417472,0.9999966972211259,0.45619688320435947
1.9764927117082998e-05,0.9984714628231267,0.9939013905125218
0.7188478730862409,0.04033730295069804,0.9990053020914923
0.0034261659509575715,0.9998875349239504,0.9172921972217961
0.7188477354333677,0.9999715785443959,0.040336828193727525
0.00010069690620739813,0.9990054017624546,0.9858439254419276
1.0111587523509158e-05,0.9992801960446278,0.9955609736350631
3.801180299300988e-06,0.9991068673550979,0.9973914256329859
1.0251367895008912e-05,0.999106873115993,0.9955609736350631
0.0027883985373475806,0.9999535071362424,0.9253741348679578
0.08873854311408291,0.5881728909235981,0.9990053020914923
2.318098063414098e-05,0.9993539246911356,0.9932217988665297
3.57913270986332e-05,0.9987666888690941,0.9916297958906259
0.8510047079805462,0.011162094702296677,0.9999984226234584
0.039720716568864,0.9999957656704848,0.7209593259127723
5.858051526119734e-05,0.9896685427740083,0.9967722158632909
1.8705681566144605e-05,0.999533121483663,0.9939013905125218
0.0034261718705652644,0.9998436444897949,0.9172921972217961
0.4195718692235323,0.9999929198179175,0.18568852092506594
0.5042446926302369,0.9999640047519588,0.13153775331390838
0.8510047098141524,0.9999766236740745,0.01116209470106655
0.0018456504217099212,0.9998742648179211,0.9392720936586432
0.02161990418468729,0.999970767107441,0.7931851377249264
2.87698689753757e-05,0.9924673232582248,0.9991068643163503
0.16078717231095585,0.9999976535969881,0.45619688320435947
0.5042446913236805,0.9999995602797642,0.13153775331390838
0.05944365709310706,0.9999452631595226,0.6603623065360831
0.4195718692480356,0.9999911358165938,0.18568852092506594
5.309628196081828e-05,0.9955611655971269,0.9907001885045824
3.2873753719186993e-09,0.9999189151637047,0.9999999921634554
1.5323757263097093e-08,0.9998249356852211,1.0
0.16078717237011142,0.9999897631087975,0.45619688320435947
0.00010052369340629586,0.999198230141507,0.9858439254419276
0.41957186981118544,0.9999729387765462,0.18568852092506594
0.03244497863230866,0.7473404203405635,0.9993539098489788
0.009560492140754495,0.9999103239356562,0.8620522808099423
8.185606464727879e-05,0.9988924091509043,0.9872532878203727
1.5563794497630568e-06,0.9995331134768726,0.998298596622854
0.19554642402073608,0.9999699676001761,0.40598447563028317
0.6035504935817503,0.08194390630562398,0.9991068643163503
6.84252337235236e-06,0.9964101102279894,0.9991068643163503
0.8510047281511318,0.9999224712992951,0.01116209470106655
4.400473081267453e-05,0.998766698999139,0.9907001885045824
0.6035503354714536,0.9999969194021959,0.08194354014270289
0.007791710462243917,0.8754192083033772,0.9984714343968634
0.001501055827790032,0.9999190368763046,0.9452290959363047
0.16078758747640498,0.4561971522303343,0.9990053020914923
0.00023142027209732685,0.9996630460778704,0.9784901545587459
0.8510047079874257,0.9999985490434549,0.01116209470106655
0.002788409726928287,0.9998435444293452,0.9253741348679578
0.16078717268227793,0.9999749252682879,0.45619688320435947
0.04860484292590539,0.9999504396268052,0.6920271884731896
0.13202960952911036,0.9999547854157613,0.5033840525904824
0.021619903926616946,0.9999813029377114,0.7931851377249264
0.05944365583625755,0.9999748634505724,0.6603623065360831
0.16078717232052253,0.9999953564459629,0.45619688320435947
5.378696275148975e-06,0.9970981297725598,0.9984714343968634
0.021619903806082363,0.9999893359035609,0.7931851377249264
0.0077905517494226695,0.9999703539020053,0.8754190627608147
0.8510047123806076,0.9999637890611309,0.01116209470106655
1.0654097167495102e-05,0.9964101239112129,0.9970981263824255
6.003236394880318e-06,0.9981064408489503,0.9970981263824255
8.729317211741972e-06,0.9987666554920215,0.99600783022065
0.005168963394849402,0.9999421045765484,0.8984558950246667
0.8510047079803841,0.011162094701220648,0.999999441727212
0.009561241391259245,0.8620523857304598,0.9987666456637396
0.6035503358903644,0.999981516380081,0.08194354014270289
0.23744134792421867,0.9999681841101645,0.35308091608600944
0.13202960845266176,0.9999867445281608,0.5033840525904824
0.08873809230405771,0.9999979727544449,0.5881726871876487
0.011729290051195607,0.9999485186940059,0.8472878485288049
0.00779055158994002,0.9999762848013407,0.8754190627608147
0.000100461281738351,0.9992802610793526,0.9858439254419276
0.08873828249698312,0.5881727731427067,0.9993539098489788
0.0005330959237304089,0.9673750633214679,0.9987666456637396
0.6035503448700699,0.9999136191775095,0.08194354014270289
0.002788399560622712,0.9999351738474108,0.9253741348679578
0.05944365550498665,0.9999970524306566,0.6603623065360831
7.803398558536845e-05,0.9885237528524122,0.9950646546954414
1.2939463285843722e-05,0.9987666606846274,0.9950646546954414
1.5811744104921033e-05,0.9987666642271701,0.9945134600092607
0.00516896381226184,0.9999353286017492,0.8984558950246667
6.661642849659088e-05,0.9885236218114796,0.9987666456637396
2.9131594706965913e-05,0.9924673259830663,0.9987666456637396
0.6035503634469314,0.9998510327995664,0.08194354014270289
0.5042446974251005,0.9999222194371525,0.13153775331390838
0.014385888234035749,0.9999764424391449,0.8309886922929985
0.017638727985528346,0.9999541995011756,0.8130071414507398
1.530831017504397e-11,0.9999944667742391,1.0
5.5307890381994795e-06,0.9991981539714027,0.9967722158632909
0.004210237193931876,0.90834928523365,0.998298596622854
0.00012388065463475595,0.9842804898581219,0.9991981497943173
0.8510047079809432,0.011162094704931569,0.9999972040429621
4.910516437917067e-12,1.0,0.9999968661427243
0.014385888810370617,0.9999588776681027,0.8309886922929985
3.6613990260780938e-06,0.9992801914017096,0.9973914256329859
0.0726544727016114,0.9999948687878389,0.6257938095470035
0.00035135907146421896,0.9992804416784002,0.9735032657568307
0.195546423908864,0.9999731308127112,0.40598447563028317
0.006346858719893045,0.8875148156589854,0.9992801889526707
0.10829284620621116,0.9998876737236173,0.5473872082499349
0.00023162249405306312,0.9992803554906667,0.9784901545587459
0.1955464235539518,0.9999877145443758,0.40598447563028317
0.00010033760870620245,0.9994797088478143,0.9858439254419276
0.011729288936035531,0.9999788773850978,0.8472878485288049
0.16078717238585338,0.9999885450643159,0.45619688320435947
0.7188477340378486,0.9999951966204721,0.040336828193727525
0.0018460406120531792,0.9392721178797108,0.9991068643163503
0.0002858034825284905,0.9987669972229047,0.9761252228161587
0.347952714557336,0.999988860020134,0.24182169813245513
0.0001878393441846482,0.9806230046255251,0.9995811265015507
0.01763872746581241,0.9999671885988186,0.8130071414507398
0.8510047147867776,0.9999549639247357,0.01116209470106655
0.5042446923710078,0.9999677722268723,0.13153775331390838
0.7188477468404406,0.9999150174851782,0.040336828193727525
0.011729289261561027,0.9999669912203663,0.8472878485288049
0.005168991090338526,0.9997582221194757,0.8984558950246667
8.173730777327748e-05,0.9990053829033723,0.9872532878203727
0.007790556376233271,0.9998996983478137,0.8754190627608147
0.16078717240553952,0.9999871837079795,0.45619688320435947
0.2374415064188914,0.3530810511085434,0.9993539098489788
0.0004323999588806693,0.9997570709662101,0.9705967019958414
0.8510047080634702,0.9999950234761543,0.01116209470106655
0.2374413473997422,0.9999854273337289,0.35308091608600944
0.195546631865107,0.40598462951832426,0.9992801889526707
2.863009119236093e-05,0.9924673222052938,0.9992801889526707
2.9313748282189245e-05,0.9986269111061541,0.9924673202538475
0.851004724219631,0.9999304360054605,0.01116209470106655
0.011729288729282361,0.9999938755631709,0.8472878485288049
0.0002314002162195905,0.9997290101982689,0.9784901545587459
0.23744181507392093,0.3530813129570297,0.9988923191599932
0.0015010762468682382,0.9997824410812984,0.9452290959363047
8.135161885747255e-05,0.9995331507322524,0.9872532878203727
2.9415801327647983e-05,0.9964101912641236,0.9932217988665297
0.0001240538633896504,0.9842804925812161,0.9990053020914923
1.9074312906930402e-08,0.9998046832686717,1.0
0.004208803798453342,0.9998745624988562,0.908349152579334
0.0027895624530511753,0.9253742220501535,0.9984714343968634
0.8510047079805081,0.011162094702044212,0.9999985938063292
0.0022702684677538,0.9326762445852862,0.998298596622854
1.0868458355517419e-09,0.9999533771331592,1.0
0.00015349518383744876,0.9825463386620378,0.9984714343968634
0.009560491336989774,0.9999196903743156,0.8620522808099423
5.345920733024201e-05,0.9995811488574512,0.9896684889539771
0.195546423535081,0.9999890195148644,0.40598447563028317
0.0009923383818039033,0.9554643819959504,0.999479656708249
0.2374416514037797,0.3530811741069394,0.9991068643163503
2.8563851284246766e-10,0.9999760985962283,1.0
1.6934010860225612e-09,0.9999418037624248,0.9999999921634554
0.8510047081825183,0.9999922384907975,0.01116209470106655
4.385763403524923e-05,0.9988923670607449,0.9907001885045824
2.346696988775321e-05,0.9990053249419604,0.9932217988665297
0.7188477340053047,0.9999978153164683,0.040336828193727525
0.002268869942297691,0.9996984206969871,0.9326761471415648
0.00012450183643653023,0.9986270418116923,0.9842804848045819
0.6035503355500376,0.9999915265589716,0.08194354014270289
9.882917151315951e-09,0.999859408982877,0.9999999921634554
0.1955464472179005,0.9998044903373238,0.40598447563028317
0.8510047083730945,0.9999891819161604,0.01116209470106655
0.0143864926056817,0.8309887959778207,0.9988923191599932
0.851004709452869,0.9999790526003484,0.01116209470106655
0.19554642381922804,0.9999759638354646,0.40598447563028317
0.07265447275640813,0.9999886880479457,0.6257938095470035
0.23744134731723165,0.9999906981522374,0.35308091608600944
0.0009929629646442395,0.9554644098397637,0.9987666456637396
0.00023185808761416737,0.9990055322282718,0.9784901545587459
0.017638726941508698,0.9999931826182828,0.8130071414507398
0.16078738971751216,0.45619702408417306,0.9992801889526707
0.19554642348442774,0.999993749022529,0.40598447563028317
0.0008069085011580546,0.959848082523276,0.9990053020914923
0.0006560292721969896,0.9638045996420915,0.9987666456637396
0.28776323875662524,0.9998608882412087,0.2980607030650966
0.005168965787913038,0.9999099263194499,0.8984558950246667
0.0015015465148473517,0.9452291230321329,0.9990053020914923
0.504244691600017,0.9999834415028702,0.13153775331390838
0.0009936490892178407,0.9554644404270985,0.998298596622854
5.54225460889235e-05,0.9907003017659711,0.9950646546954414
1.2673596862189385e-05,0.9990053142058095,0.9950646546954414
2.329374370813042e-05,0.999198168214636,0.9932217988665297
0.011729289784403352,0.999953923986225,0.8472878485288049
0.0027884053653367546,0.9998743835745688,0.9253741348679578
5.8227841990277085e-06,0.9988923249302447,0.9967722158632909
0.4195719324422761,0.18568860967836764,0.9995331128011057
6.37755978316612e-06,0.9984714423596336,0.9967722158632909
4.2999234366569716e-05,0.9916298625906189,0.99600783022065
1.909139464584264e-05,0.9990053205895827,0.9939013905125218
0.001845644192701279,0.9999419111718744,0.9392720936586432
0.0006553568588567593,0.9995814009764483,0.9638045721125097
1.5219285315670739e-05,0.9994201569741151,0.9945134600092607
0.0726544727425017,0.9999898921674986,0.6257938095470035
0.039720716699673586,0.9999835939936864,0.7209593259127723
0.5042446929532194,0.9999598017619534,0.13153775331390838
0.0001528217414396016,0.9990054536109447,0.9825463182716505
0.009560495939118563,0.9998752366390691,0.8620522808099423
0.002788890786165288,0.9253741717862753,0.9990053020914923
0.039721305670328166,0.7209594970982571,0.9988923191599932
0.03972071673487565,0.9999816488482894,0.7209593259127723
0.7188477339976912,0.04033682819671247,0.9999975058350076
3.908651180495326e-12,1.0,0.9999972040429621
5.704018294916402e-06,0.9967722174601147,0.9990053020914923
0.2374413472835204,0.9999940745655218,0.35308091608600944
0.02161990377750178,0.9999923975327875,0.7931851377249264
0.0005323456245227565,0.999859483824501,0.9673750385075176
0.8510047390781015,0.9999037356092776,0.01116209470106655
0.5042446921629982,0.999971148906277,0.13153775331390838
0.026490891363695868,0.7713550913769786,0.9987666456637396
0.00035254697801145873,0.9735033041078798,0.998298596622854
1.5310233910215132e-05,0.9992801997866718,0.9945134600092607
0.5042446933555362,0.9999551134779816,0.13153775331390838
1.9210158960003554e-05,0.9988923397591923,0.9939013905125218
0.021619904293703085,0.9999673215722915,0.7931851377249264
0.01763872735635308,0.9999706481543726,0.8130071414507398
0.02649015115223108,0.9999791928735614,0.7713549174737019
0.00015241481885508446,0.999581190307338,0.9825463182716505
0.07265447273138725,0.9999909692578587,0.6257938095470035
0.0001524624626686455,0.9994797359706361,0.9825463182716505
0.03972071667151034,0.9999853348050558,0.7209593259127723
0.011729289151443223,0.9999704715870316,0.8472878485288049
6.635057634407637e-05,0.9990053675982151,0.9885236130827492
0.00018919874917189272,0.9806230309716581,0.998298596622854
0.03972071658851928,0.9999925381844998,0.7209593259127723
0.007791305962924211,0.8754191575148017,0.9987666456637396
1.1645308240049168e-05,0.9981064515326111,0.9955609736350631
9.136989298386133e-06,0.9984714465776076,0.99600783022065
0.048604841723676406,0.9999870138182001,0.6920271884731896
0.0027883981484533304,0.9999627714284203,0.9253741348679578
0.00043298365221866586,0.9705967200341358,0.9988923191599932
0.039720716595865624,0.999991646093206,0.7209593259127723
0.4195718692078716,0.9999943476335125,0.18568852092506594
9.315603843873532e-11,0.9999863503806113,1.0
3.571180018369091e-10,0.9999732748074323,0.9999999921634554
3.528982692402316e-05,0.9916297980590445,0.9992801889526707
0.0002316848975342234,0.9991983353131794,0.9784901545587459
0.00015294048987102293,0.9825463289791109,0.9988923191599932
0.13202960895630167,0.9999675963478845,0.5033840525904824
0.01763911872847601,0.8130072160320476,0.9991068643163503
0.6035504381653229,0.08194377797808661,0.9992801889526707
0.8510047079826417,0.999999175575412,0.01116209470106655
0.0002858034825284905,0.9761252409748785,0.9987666456637396
0.6035503359973895,0.9999793480204783,0.08194354014270289
0.41957201954838597,0.9995822014192554,0.18568852092506594
0.059443657979561415,0.9999317091348807,0.6603623065360831
0.6035503354744867,0.9999965511038266,0.08194354014270289
0.7188477443248702,0.9999237929716555,0.040336828193727525
0.001501665103095351,0.9452291295370828,0.9988923191599932
1.2772487908430108e-06,0.9995331133465499,0.9984714343968634
1.2792361938629426e-05,0.9950646577231701,0.9988923191599932
0.007790551859979344,0.9999668596643932,0.8754190627608147
0.5042446913235341,0.13153775331399342,0.9999995574472932
0.0009922268511448618,0.9997823302101481,0.9554643759667808
0.001846254848773321,0.9392721309139147,0.9988923191599932
4.3643010461225096e-05,0.9991069029392724,0.9907001885045824
0.41957186958482906,0.9999783310681907,0.18568852092506594
6.322348473120076e-05,0.99556121055249,0.9896684889539771
0.10829285279577539,0.9998438938968992,0.5473872082499349
0.0005324234276739004,0.9995813494828873,0.9673750385075176
0.5042446938565535,0.9999498844960548,0.13153775331390838
0.0051701239286093825,0.8984560136542867,0.9984714343968634
0.2877632360853416,0.9998753127570543,0.2980607030650966
8.141073626211082e-05,0.9994201953553504,0.9872532878203727
6.646933504539376e-05,0.988523620123267,0.9988923191599932
6.968641219629035e-10,0.9999626673300986,1.0
0.19554642368992425,0.9999807724302515,0.40598447563028317
0.1320297895109812,0.5033841562423071,0.9993539098489788
0.014385889023716958,0.9999540478444977,0.8309886922929985
5.413202565995867e-05,0.9896684968119358,0.9987666456637396
0.0015011092553486316,0.9996634740035838,0.9452290959363047
0.026490151472894574,0.9999674842411981,0.7713549174737019
0.007790551487704467,0.9999810386556957,0.8754190627608147
5.577981410098687e-10,0.9999665994557395,1.0
0.004209959238046568,0.9083492596510857,0.9984714343968634
0.1607871723278841,0.999994176038546,0.45619688320435947
0.039720716778864906,0.9999794756545236,0.7209593259127723
0.004209288527863064,0.9083491979201159,0.9990053020914923
0.0324447775299439,0.999959631130951,0.7473403676063891
0.0002853021077395823,0.9761252290012541,0.9992801889526707
0.059443655544966334,0.9999908406073396,0.6603623065360831
4.823920136898252e-06,0.9970981281626629,0.9988923191599932
0.23744134779189852,0.9999715316495369,0.35308091608600944
0.10829338617474071,0.5473874859182011,0.9988923191599932
4.3565649980426e-05,0.9991981844696735,0.9907001885045824
3.1104008257898386e-12,1.0,0.9999975058350076
0.7188477343023858,0.9999868918753402,0.040336828193727525
0.1320299545377498,0.5033842506636445,0.9991068643163503
0.7188477339968276,0.040336828193764496,0.9999997223508522
4.705154114104104e-06,0.9990053062796123,0.9970981263824255
0.04860484266906806,0.9999556432302187,0.6920271884731896
0.05944395787223489,0.6603624157234635,0.9991981497943173
9.136989298386133e-06,0.9960078348845306,0.9984714343968634
0.19554642357754493,0.9999862562166202,0.40598447563028317
0.851004746579678,0.9998927515428042,0.01116209470106655
0.7188477339976912,0.9999992987598606,0.040336828193727525
0.00023253147677748665,0.9784901796877752,0.9984714343968634
1.8260026823924136e-10,0.9999808897765191,1.0
0.00043245812843584197,0.9995813076100691,0.9705967019958414
0.10829284368766012,0.9999098580429573,0.5473872082499349
0.0006564366803952781,0.9638046143980747,0.9984714343968634
0.014385888132479874,0.9999811646940528,0.8309886922929985
0.039721191621296725,0.7209594639575666,0.9990053020914923
0.10829283975286996,0.9999667101909147,0.5473872082499349
0.6035503354594909,0.08194354014271676,0.9999998261881614
0.8510047081422958,0.9999930534123402,0.01116209470106655
0.0022697649654284113,0.9326762106104869,0.9986268721490964
0.05944423251156672,0.6603625148965431,0.9988923191599932
0.0015010624134315087,0.999859620017381,0.9452290959363047
0.71884773399737,0.9999994421905908,0.040336828193727525
0.0022699899703629844,0.9326762257931327,0.9984714343968634
4.373887264830234e-05,0.9990053451063896,0.9907001885045824
