0.0,1.0,1.0
0.00012299999999998423,0.9842926,1.0
0.0004929999999999657,0.9685892,1.0
0.0011100000000000554,0.9528934,1.0
0.0019730000000000025,0.9372093,1.0
0.003082999999999947,0.9215407,1.0
0.004438000000000053,0.9058915,1.0
0.006039000000000017,0.890265,1.0
0.007885000000000031,0.8746659999999999,1.0
0.009975999999999985,0.859098,1.0
0.01231199999999999,0.843565,1.0
0.014890999999999988,0.828071,1.0
0.01771299999999998,0.8126180000000001,1.0
0.020777000000000045,0.797212,1.0
0.024082999999999966,0.781856,1.0
0.027630000000000043,0.766554,1.0
0.03141700000000003,0.75131,1.0
0.035443,0.7361260000000001,1.0
0.03970600000000002,0.721008,1.0
0.044206999999999996,0.705959,1.0
0.04894399999999999,0.690982,1.0
0.053915000000000046,0.6760820000000001,1.0
0.05911999999999995,0.661261,1.0
0.06455599999999995,0.646524,1.0
0.07022399999999995,0.631875,1.0
0.076121,0.617316,1.0
0.08224600000000004,0.602851,1.0
0.08859700000000004,0.5884849999999999,1.0
0.09517299999999995,0.57422,1.0
0.10197299999999998,0.56006,1.0
0.10899400000000004,0.546009,1.0
0.11623499999999998,0.532069,1.0
0.12369399999999997,0.5182450000000001,1.0
0.13136899999999996,0.50454,1.0
0.13925900000000002,0.490958,1.0
0.14736099999999996,0.47750000000000004,1.0
0.15567299999999995,0.46417200000000003,1.0
0.16419300000000003,0.45097600000000004,1.0
0.17291999999999996,0.43791500000000005,1.0
0.18185099999999998,0.424994,1.0
0.19098400000000004,0.41221399999999997,1.0
0.20031600000000005,0.399579,1.0
0.20984599999999998,0.387092,1.0
0.21957099999999996,0.374756,1.0
0.22948800000000003,0.362575,1.0
0.239595,0.35055099999999995,1.0
0.24988999999999995,0.33868699999999996,1.0
0.26037,0.326986,1.0
0.27103299999999997,0.31545199999999995,1.0
0.281875,0.30408599999999997,1.0
0.292895,0.29289200000000004,1.0
0.30408900000000005,0.281872,1.0
0.315454,0.27103,1.0
0.326989,0.26036800000000004,1.0
0.33869000000000005,0.249888,1.0
0.350553,0.23959299999999994,1.0
0.36257799999999996,0.22948500000000005,1.0
0.37475899999999995,0.21956799999999999,1.0
0.38709499999999997,0.20984400000000003,1.0
0.399582,0.200314,1.0
0.41221699999999994,0.19098199999999999,1.0
0.42499699999999996,0.18184900000000004,1.0
0.43791899999999995,0.17291800000000002,1.0
0.450979,0.16419099999999998,1.0
0.464175,0.155671,1.0
0.477503,0.14735900000000002,1.0
0.490961,0.13925699999999996,1.0
0.504543,0.131367,1.0
0.518249,0.12369200000000002,1.0
0.532072,0.11623300000000003,1.0
0.5460119999999999,0.10899199999999998,1.0
0.560063,0.10197100000000003,1.0
0.5742229999999999,0.09517200000000003,1.0
0.588488,0.08859600000000001,1.0
0.6028549999999999,0.08224399999999998,1.0
0.617319,0.07611900000000005,1.0
0.6318779999999999,0.070222,1.0
0.646528,0.06455500000000003,1.0
0.661265,0.059118000000000004,1.0
0.676085,0.05391400000000002,1.0
0.690986,0.04894299999999996,1.0
0.705963,0.04420599999999997,1.0
0.721012,0.03970499999999999,1.0
0.73613,0.035441999999999974,1.0
0.751313,0.031416,1.0
0.766558,0.027629000000000015,1.0
0.78186,0.024082999999999966,1.0
0.797216,0.020777000000000045,1.0
0.812622,0.01771199999999995,1.0
0.828074,0.014889999999999959,1.0
0.843569,0.01231099999999996,1.0
0.859102,0.009975999999999985,1.0
0.8746700000000001,0.007885000000000031,1.0
0.890269,0.006039000000000017,1.0
0.9058951,0.004438000000000053,1.0
0.9215444,0.003082000000000029,1.0
0.937213,0.0019730000000000025,1.0
0.9528970999999999,0.0011100000000000554,1.0
0.9685928,0.0004929999999999657,1.0
0.9842963,0.00012299999999998423,1.0
0.00012299999999998423,1.0,0.9842926
0.0002469999999999972,0.9842946,0.9842926
0.0006169999999999787,0.968593,0.9842926
0.0012330000000000396,0.9528993,0.9842926
0.0020959999999999868,0.9372171,0.9842926
0.003206000000000042,0.9215504,0.9842926
0.004561000000000037,0.9059031,0.9842926
0.006162000000000001,0.890279,0.9842926
0.008008000000000015,0.874682,0.9842926
0.010098999999999969,0.859116,0.9842926
0.012433999999999945,0.843584,0.9842926
0.015012000000000025,0.828092,0.9842926
0.017834000000000017,0.812641,0.9842926
0.020897999999999972,0.797237,0.9842926
0.024204000000000003,0.781883,0.9842926
0.027750000000000052,0.766583,0.9842926
0.03153600000000001,0.75134,0.9842926
0.03556199999999998,0.736159,0.9842926
0.039825,0.721043,0.9842926
0.04432499999999995,0.7059949999999999,0.9842926
0.04906100000000002,0.69102,0.9842926
0.05403199999999997,0.676122,0.9842926
0.059235999999999955,0.661303,0.9842926
0.06467199999999995,0.646568,0.9842926
0.07033900000000004,0.63192,0.9842926
0.07623500000000005,0.617363,0.9842926
0.08235899999999996,0.6029,0.9842926
0.08870999999999996,0.588536,0.9842926
0.09528499999999995,0.574272,0.9842926
0.10208399999999995,0.560114,0.9842926
0.10910399999999998,0.546065,0.9842926
0.116344,0.532127,0.9842926
0.12380199999999997,0.518305,0.9842926
0.13147600000000004,0.5046010000000001,0.9842926
0.13936499999999996,0.49102,0.9842926
0.14746599999999999,0.477565,0.9842926
0.15577700000000005,0.46423800000000004,0.9842926
0.164296,0.451044,0.9842926
0.173022,0.43798499999999996,0.9842926
0.181952,0.425065,0.9842926
0.19108400000000003,0.41228600000000004,0.9842926
0.200415,0.39965300000000004,0.9842926
0.209943,0.38716700000000004,0.9842926
0.21966699999999995,0.37483299999999997,0.9842926
0.22958299999999998,0.362653,0.9842926
0.23968900000000004,0.350631,0.9842926
0.24998299999999996,0.33876799999999996,0.9842926
0.26046100000000005,0.32706900000000005,0.9842926
0.271123,0.31553600000000004,0.9842926
0.281964,0.304172,0.9842926
0.29298199999999996,0.292979,0.9842926
0.30417400000000006,0.281961,0.9842926
0.315539,0.27112,0.9842926
0.32707200000000003,0.260459,0.9842926
0.33877100000000004,0.24997999999999998,0.9842926
0.350634,0.23968699999999998,0.9842926
0.362656,0.22958100000000004,0.9842926
0.37483599999999995,0.219665,0.9842926
0.38717,0.20994100000000004,0.9842926
0.399656,0.20041299999999995,0.9842926
0.412289,0.19108199999999997,0.9842926
0.425068,0.18194999999999995,0.9842926
0.43798800000000004,0.17301999999999995,0.9842926
0.451047,0.16429400000000005,0.9842926
0.464241,0.155775,0.9842926
0.477568,0.14746400000000004,0.9842926
0.491023,0.13936300000000001,0.9842926
0.504605,0.13147399999999998,0.9842926
0.518308,0.12380000000000002,0.9842926
0.53213,0.11634199999999995,0.9842926
0.546068,0.10910200000000003,0.9842926
0.560117,0.102082,0.9842926
0.574276,0.095283,0.9842926
0.5885389999999999,0.08870800000000001,0.9842926
0.602904,0.08235800000000004,0.9842926
0.6173660000000001,0.076233,0.9842926
0.631923,0.07033699999999998,0.9842926
0.646571,0.06467,0.9842926
0.661307,0.05923400000000001,0.9842926
0.676125,0.05403000000000002,0.9842926
0.6910240000000001,0.04905999999999999,0.9842926
0.705999,0.04432400000000003,0.9842926
0.7210460000000001,0.03982399999999997,0.9842926
0.736162,0.035560999999999954,0.9842926
0.751344,0.03153600000000001,0.9842926
0.766586,0.027749000000000024,0.9842926
0.781887,0.024202999999999975,0.9842926
0.797241,0.020897000000000054,0.9842926
0.8126450000000001,0.017832999999999988,0.9842926
0.828095,0.015012000000000025,0.9842926
0.843588,0.012433000000000027,0.9842926
0.859119,0.010098000000000051,0.9842926
0.874686,0.008006999999999986,0.9842926
0.890283,0.006160999999999972,0.9842926
0.9059067,0.004561000000000037,0.9842926
0.9215541,0.0032050000000000134,0.9842926
0.9372207,0.0020959999999999868,0.9842926
0.9529029,0.0012330000000000396,0.9842926
0.9685967,0.0006169999999999787,0.9842926
0.9842983,0.0002469999999999972,0.9842926
0.0004929999999999657,1.0,0.9685892
0.0006169999999999787,0.9843004,0.9685892
0.0009869999999999601,0.9686047,0.9685892
0.001603000000000021,0.9529167,0.9685892
0.0024659999999999682,0.9372403,0.9685892
0.003574999999999995,0.9215794,0.9685892
0.004928999999999961,0.9059379,0.9685892
0.006530000000000036,0.89032,0.9685892
0.008375000000000021,0.874728,0.9685892
0.010464999999999947,0.8591679999999999,0.9685892
0.012799000000000005,0.843642,0.9685892
0.015376999999999974,0.828155,0.9685892
0.018198000000000047,0.812711,0.9685892
0.021259999999999946,0.797312,0.9685892
0.024564999999999948,0.781964,0.9685892
0.02810999999999997,0.766669,0.9685892
0.03189500000000001,0.751432,0.9685892
0.035919000000000034,0.7362569999999999,0.9685892
0.040179999999999993,0.7211460000000001,0.9685892
0.044679000000000024,0.7061040000000001,0.9685892
0.04941300000000004,0.691135,0.9685892
0.05438200000000004,0.676242,0.9685892
0.05958399999999997,0.661428,0.9685892
0.06501800000000002,0.646699,0.9685892
0.07068300000000005,0.632056,0.9685892
0.076577,0.617505,0.9685892
0.08269899999999997,0.603047,0.9685892
0.08904699999999999,0.588688,0.9685892
0.09562000000000004,0.57443,0.9685892
0.10241599999999995,0.560277,0.9685892
0.10943400000000003,0.546233,0.9685892
0.11667099999999997,0.5323,0.9685892
0.12412599999999996,0.518483,0.9685892
0.13179799999999997,0.504785,0.9685892
0.139683,0.491209,0.9685892
0.14778100000000005,0.477758,0.9685892
0.15608900000000003,0.46443599999999996,0.9685892
0.16460600000000003,0.45124699999999995,0.9685892
0.17332800000000004,0.43819300000000005,0.9685892
0.18225499999999994,0.425277,0.9685892
0.19138299999999997,0.412504,0.9685892
0.20071099999999997,0.399875,0.9685892
0.21023599999999998,0.387394,0.9685892
0.21995600000000004,0.375065,0.9685892
0.22986799999999996,0.362889,0.9685892
0.23997000000000002,0.35087100000000004,0.9685892
0.25026000000000004,0.339013,0.9685892
0.26073500000000005,0.327318,0.9685892
0.27139199999999997,0.315789,0.9685892
0.28222899999999995,0.30442899999999995,0.9685892
0.29324300000000003,0.293241,0.9685892
0.30443200000000004,0.282227,0.9685892
0.31579199999999996,0.27139,0.9685892
0.327321,0.260733,0.9685892
0.339016,0.250258,0.9685892
0.350874,0.23996799999999996,0.9685892
0.362892,0.22986600000000001,0.9685892
0.37506700000000004,0.21995299999999995,0.9685892
0.387397,0.21023400000000003,0.9685892
0.39987799999999996,0.20070900000000003,0.9685892
0.41250699999999996,0.19138100000000002,0.9685892
0.42528,0.182253,0.9685892
0.43819600000000003,0.17332599999999998,0.9685892
0.45125000000000004,0.16460399999999997,0.9685892
0.46443999999999996,0.15608699999999998,0.9685892
0.477761,0.147779,0.9685892
0.491212,0.13968100000000006,0.9685892
0.504788,0.13179600000000002,0.9685892
0.518486,0.12412500000000004,0.9685892
0.532303,0.11666900000000002,0.9685892
0.5462359999999999,0.10943199999999997,0.9685892
0.56028,0.102414,0.9685892
0.574433,0.09561799999999998,0.9685892
0.5886910000000001,0.08904500000000004,0.9685892
0.603051,0.08269700000000002,0.9685892
0.617508,0.07657499999999995,0.9685892
0.6320600000000001,0.070681,0.9685892
0.646702,0.06501699999999999,0.9685892
0.661432,0.05958300000000005,0.9685892
0.676245,0.05438100000000001,0.9685892
0.691138,0.04941200000000001,0.9685892
0.706108,0.044677999999999995,0.9685892
0.721149,0.040178999999999965,0.9685892
0.73626,0.035918000000000005,0.9685892
0.751436,0.03189399999999998,0.9685892
0.7666729999999999,0.02810900000000005,0.9685892
0.781967,0.02456400000000003,0.9685892
0.797316,0.021259999999999946,0.9685892
0.8127139999999999,0.01819700000000002,0.9685892
0.828159,0.015375999999999945,0.9685892
0.843646,0.012799000000000005,0.9685892
0.859172,0.010464000000000029,0.9685892
0.8747320000000001,0.008373999999999993,0.9685892
0.890323,0.006529000000000007,0.9685892
0.9059416,0.004928999999999961,0.9685892
0.9215831,0.003573999999999966,0.9685892
0.937244,0.0024659999999999682,0.9685892
0.9529204,0.001603000000000021,0.9685892
0.9686083,0.0009869999999999601,0.9685892
0.9843041,0.0006169999999999787,0.9685892
0.0011100000000000554,1.0,0.9528934
0.0012330000000000396,0.9843101,0.9528934
0.001603000000000021,0.968624,0.9528934
0.002218999999999971,0.9529457,0.9528934
0.0030810000000000004,0.937279,0.9528934
0.004188999999999998,0.9216278,0.9528934
0.005542999999999965,0.9059959,0.9528934
0.007141999999999982,0.890387,0.9528934
0.008986999999999967,0.874806,0.9528934
0.011074999999999946,0.859255,0.9528934
0.013407999999999975,0.843739,0.9528934
0.015983999999999998,0.828261,0.9528934
0.018803000000000014,0.812826,0.9528934
0.021863999999999995,0.797437,0.9528934
0.02516700000000005,0.782098,0.9528934
0.028710000000000013,0.766813,0.9528934
0.032491999999999965,0.751586,0.9528934
0.036514000000000046,0.7364189999999999,0.9528934
0.04077299999999995,0.721318,0.9528934
0.045267999999999975,0.706285,0.9528934
0.050000000000000044,0.691325,0.9528934
0.05496500000000004,0.6764410000000001,0.9528934
0.060163999999999995,0.661637,0.9528934
0.06559499999999996,0.646917,0.9528934
0.07125599999999999,0.6322829999999999,0.9528934
0.07714600000000005,0.617741,0.9528934
0.08326500000000003,0.6032919999999999,0.9528934
0.08960900000000005,0.5889420000000001,0.9528934
0.09617799999999999,0.574692,0.9528934
0.10297,0.560548,0.9528934
0.10998300000000005,0.546513,0.9528934
0.11721599999999999,0.532589,0.9528934
0.12466699999999997,0.51878,0.9528934
0.13233300000000003,0.50509,0.9528934
0.14021399999999995,0.49152300000000004,0.9528934
0.14830699999999997,0.47807999999999995,0.9528934
0.15661000000000003,0.46476700000000004,0.9528934
0.16512099999999996,0.45158600000000004,0.9528934
0.17383800000000005,0.438539,0.9528934
0.182759,0.425632,0.9528934
0.191882,0.41286599999999996,0.9528934
0.20120400000000005,0.40024499999999996,0.9528934
0.210723,0.387772,0.9528934
0.220437,0.37544999999999995,0.9528934
0.23034299999999996,0.363282,0.9528934
0.24043899999999996,0.35127200000000003,0.9528934
0.25072300000000003,0.339421,0.9528934
0.26119099999999995,0.32773300000000005,0.9528934
0.27184200000000003,0.31621200000000005,0.9528934
0.28267200000000003,0.30485799999999996,0.9528934
0.293679,0.29367699999999997,0.9528934
0.30486100000000005,0.28267,0.9528934
0.316214,0.27183900000000005,0.9528934
0.327736,0.261189,0.9528934
0.33942399999999995,0.25072000000000005,0.9528934
0.351274,0.240437,0.9528934
0.36328499999999997,0.23034100000000002,0.9528934
0.37545300000000004,0.22043500000000005,0.9528934
0.387775,0.21072100000000005,0.9528934
0.40024800000000005,0.201202,0.9528934
0.41286900000000004,0.19188000000000005,0.9528934
0.425635,0.18275699999999995,0.9528934
0.438542,0.173836,0.9528934
0.451589,0.16511900000000002,0.9528934
0.46477,0.15660799999999997,0.9528934
0.47808399999999995,0.14830500000000002,0.9528934
0.491526,0.140212,0.9528934
0.505093,0.132332,0.9528934
0.518783,0.12466500000000003,0.9528934
0.532592,0.11721400000000004,0.9528934
0.546516,0.109981,0.9528934
0.5605519999999999,0.10296799999999995,0.9528934
0.574696,0.09617600000000004,0.9528934
0.588945,0.08960699999999999,0.9528934
0.603295,0.08326299999999998,0.9528934
0.6177440000000001,0.07714500000000002,0.9528934
0.632287,0.07125499999999996,0.9528934
0.6469199999999999,0.06559300000000001,0.9528934
0.6616409999999999,0.060162999999999967,0.9528934
0.676445,0.05496400000000001,0.9528934
0.6913290000000001,0.04999799999999999,0.9528934
0.706289,0.045266999999999946,0.9528934
0.721321,0.04077200000000003,0.9528934
0.736423,0.03651300000000002,0.9528934
0.7515890000000001,0.03249100000000005,0.9528934
0.766817,0.028708999999999985,0.9528934
0.782102,0.02516600000000002,0.9528934
0.7974410000000001,0.021863999999999995,0.9528934
0.8128299999999999,0.018803000000000014,0.9528934
0.828265,0.015983999999999998,0.9528934
0.843742,0.013407999999999975,0.9528934
0.859258,0.011074999999999946,0.9528934
0.874809,0.00898600000000005,0.9528934
0.890391,0.007141999999999982,0.9528934
0.9059996,0.005542999999999965,0.9528934
0.9216315,0.004188999999999998,0.9528934
0.9372827,0.0030810000000000004,0.9528934
0.9529494000000001,0.002218999999999971,0.9528934
0.9686277,0.001603000000000021,0.9528934
0.9843138,0.0012330000000000396,0.9528934
0.0019730000000000025,1.0,0.9372093
0.0020959999999999868,0.9843236,0.9372093
0.0024659999999999682,0.9686511,0.9372093
0.0030810000000000004,0.9529864,0.9372093
0.00394300000000003,0.9373332,0.9372093
0.005049999999999999,0.9216955,0.9372093
0.0064030000000000475,0.9060772,0.9372093
0.008000000000000007,0.890482,0.9372093
0.009843000000000046,0.874914,0.9372093
0.011929999999999996,0.859376,0.9372093
0.014260999999999968,0.843874,0.9372093
0.016835000000000044,0.82841,0.9372093
0.019650999999999974,0.812988,0.9372093
0.022710000000000008,0.797612,0.9372093
0.02600899999999995,0.782287,0.9372093
0.029549000000000047,0.767015,0.9372093
0.033328000000000024,0.7518,0.9372093
0.03734599999999999,0.736647,0.9372093
0.041601,0.7215590000000001,0.9372093
0.04609300000000005,0.706539,0.9372093
0.050819999999999976,0.691592,0.9372093
0.055782,0.676721,0.9372093
0.06097600000000003,0.66193,0.9372093
0.06640199999999996,0.647222,0.9372093
0.07205899999999998,0.632601,0.9372093
0.07794400000000001,0.618071,0.9372093
0.08405700000000005,0.6036349999999999,0.9372093
0.09039600000000003,0.589297,0.9372093
0.09695900000000002,0.57506,0.9372093
0.10374499999999998,0.560928,0.9372093
0.11075199999999996,0.5469040000000001,0.9372093
0.11797899999999995,0.532993,0.9372093
0.12542299999999995,0.519196,0.9372093
0.13308299999999995,0.505518,0.9372093
0.140957,0.491962,0.9372093
0.14904300000000004,0.47853100000000004,0.9372093
0.157339,0.465229,0.9372093
0.16584299999999996,0.452059,0.9372093
0.17455200000000004,0.439025,0.9372093
0.18346600000000002,0.42612799999999995,0.9372093
0.19257999999999997,0.413373,0.9372093
0.20189400000000002,0.400763,0.9372093
0.21140499999999995,0.388301,0.9372093
0.22111099999999995,0.37599000000000005,0.9372093
0.231008,0.36383299999999996,0.9372093
0.24109599999999998,0.35183200000000003,0.9372093
0.25137,0.33999199999999996,0.9372093
0.26183,0.328314,0.9372093
0.272471,0.31680200000000003,0.9372093
0.283292,0.30545900000000004,0.9372093
0.29429000000000005,0.29428699999999997,0.9372093
0.305462,0.283289,0.9372093
0.316805,0.27246899999999996,0.9372093
0.32831699999999997,0.26182700000000003,0.9372093
0.33999500000000005,0.25136800000000004,0.9372093
0.351835,0.241093,0.9372093
0.363835,0.23100600000000004,0.9372093
0.375993,0.22110799999999997,0.9372093
0.388304,0.211403,0.9372093
0.40076599999999996,0.20189199999999996,0.9372093
0.41337599999999997,0.19257800000000003,0.9372093
0.42613100000000004,0.18346300000000004,0.9372093
0.439028,0.17454999999999998,0.9372093
0.45206199999999996,0.16584100000000002,0.9372093
0.465233,0.15733699999999995,0.9372093
0.47853500000000004,0.14904099999999998,0.9372093
0.491965,0.14095500000000005,0.9372093
0.505521,0.133081,0.9372093
0.519199,0.125421,0.9372093
0.532996,0.117977,0.9372093
0.546908,0.11075100000000004,0.9372093
0.5609310000000001,0.10374300000000003,0.9372093
0.575063,0.09695699999999996,0.9372093
0.5892999999999999,0.09039399999999997,0.9372093
0.603638,0.08405499999999999,0.9372093
0.618074,0.07794199999999996,0.9372093
0.6326039999999999,0.07205700000000004,0.9372093
0.6472249999999999,0.06640100000000004,0.9372093
0.661933,0.060975,0.9372093
0.676725,0.05578099999999997,0.9372093
0.691596,0.05081899999999995,0.9372093
0.7065429999999999,0.04609200000000002,0.9372093
0.721562,0.04159999999999997,0.9372093
0.736651,0.03734499999999996,0.9372093
0.751804,0.033326999999999996,0.9372093
0.767018,0.02954800000000002,0.9372093
0.78229,0.02600800000000003,0.9372093
0.797616,0.02270899999999998,0.9372093
0.8129919999999999,0.019649999999999945,0.9372093
0.8284130000000001,0.016834000000000016,0.9372093
0.843877,0.01426000000000005,0.9372093
0.85938,0.011928999999999967,0.9372093
0.874917,0.009843000000000046,0.9372093
0.890486,0.008000000000000007,0.9372093
0.9060808,0.006402000000000019,0.9372093
0.9216991999999999,0.005049999999999999,0.9372093
0.9373369,0.003942000000000001,0.9372093
0.9529901,0.0030810000000000004,0.9372093
0.9686548,0.0024659999999999682,0.9372093
0.9843273,0.0020959999999999868,0.9372093
0.003082999999999947,1.0,0.9215407
0.003206000000000042,0.9843411,0.9215407
0.003574999999999995,0.968686,0.9215407
0.004188999999999998,0.9530387,0.9215407
0.005049999999999999,0.9374029,0.9215407
0.00615600000000005,0.9217826,0.9215407
0.007507000000000041,0.9061816,0.9215407
0.009102999999999972,0.890604,0.9215407
0.010943999999999954,0.875053,0.9215407
0.01302800000000004,0.859533,0.9215407
0.015356000000000036,0.844047,0.9215407
0.017928000000000055,0.828601,0.9215407
0.02074100000000001,0.813196,0.9215407
0.02379600000000004,0.797837,0.9215407
0.027092000000000005,0.782529,0.9215407
0.03062799999999999,0.767274,0.9215407
0.03440299999999996,0.752076,0.9215407
0.038416000000000006,0.7369399999999999,0.9215407
0.04266700000000001,0.721868,0.9215407
0.04715400000000003,0.7068650000000001,0.9215407
0.05187600000000003,0.691935,0.9215407
0.056830999999999965,0.67708,0.9215407
0.062019999999999964,0.6623060000000001,0.9215407
0.06744000000000006,0.647614,0.9215407
0.07308999999999999,0.6330089999999999,0.9215407
0.07896899999999996,0.618495,0.9215407
0.08507500000000001,0.6040760000000001,0.9215407
0.09140700000000002,0.589753,0.9215407
0.09796300000000002,0.5755319999999999,0.9215407
0.10474099999999997,0.561416,0.9215407
0.11174099999999998,0.547408,0.9215407
0.11895900000000004,0.533512,0.9215407
0.12639500000000004,0.51973,0.9215407
0.13404700000000003,0.506068,0.9215407
0.14191200000000004,0.49252700000000005,0.9215407
0.14998900000000004,0.47911099999999995,0.9215407
0.15827599999999997,0.465824,0.9215407
0.16676999999999997,0.452669,0.9215407
0.17547000000000001,0.43964800000000004,0.9215407
0.184373,0.426766,0.9215407
0.19347800000000004,0.414026,0.9215407
0.202781,0.40142900000000004,0.9215407
0.21228199999999997,0.388981,0.9215407
0.22197599999999995,0.376684,0.9215407
0.23186300000000004,0.36454,0.9215407
0.24193900000000002,0.352553,0.9215407
0.25220200000000004,0.34072499999999994,0.9215407
0.26265000000000005,0.32906100000000005,0.9215407
0.27327999999999997,0.317562,0.9215407
0.28408900000000004,0.30623100000000003,0.9215407
0.29507399999999995,0.295072,0.9215407
0.306234,0.28408599999999995,0.9215407
0.317565,0.273277,0.9215407
0.329064,0.262648,0.9215407
0.34072800000000003,0.2522,0.9215407
0.352556,0.24193699999999996,0.9215407
0.36454299999999995,0.23186099999999998,0.9215407
0.37668599999999997,0.221974,0.9215407
0.388984,0.212279,0.9215407
0.401432,0.20277900000000004,0.9215407
0.41402799999999995,0.19347599999999998,0.9215407
0.42676899999999995,0.18437099999999995,0.9215407
0.439651,0.17546799999999996,0.9215407
0.45267199999999996,0.16676800000000003,0.9215407
0.465827,0.15827400000000003,0.9215407
0.47911400000000004,0.14998699999999998,0.9215407
0.49253,0.14190999999999998,0.9215407
0.5060709999999999,0.13404499999999997,0.9215407
0.5197339999999999,0.12639299999999998,0.9215407
0.533515,0.11895800000000001,0.9215407
0.547411,0.11173900000000003,0.9215407
0.561419,0.10474000000000006,0.9215407
0.575536,0.09796099999999996,0.9215407
0.589757,0.09140499999999996,0.9215407
0.604079,0.08507299999999995,0.9215407
0.618499,0.07896700000000001,0.9215407
0.633013,0.07308899999999996,0.9215407
0.647617,0.06743900000000003,0.9215407
0.662309,0.062019000000000046,0.9215407
0.677084,0.05683000000000005,0.9215407
0.6919379999999999,0.051873999999999976,0.9215407
0.706869,0.047153,0.9215407
0.7218720000000001,0.04266599999999998,0.9215407
0.736943,0.03841499999999998,0.9215407
0.75208,0.034402000000000044,0.9215407
0.767277,0.03062699999999996,0.9215407
0.782532,0.027090999999999976,0.9215407
0.797841,0.02379500000000001,0.9215407
0.813199,0.02073999999999998,0.9215407
0.828604,0.017927000000000026,0.9215407
0.844051,0.015356000000000036,0.9215407
0.859536,0.01302800000000004,0.9215407
0.8750560000000001,0.010943000000000036,0.9215407
0.890607,0.009102999999999972,0.9215407
0.9061852,0.007507000000000041,0.9215407
0.9217862,0.00615600000000005,0.9215407
0.9374066,0.005049999999999999,0.9215407
0.9530423,0.004188999999999998,0.9215407
0.9686897,0.003573999999999966,0.9215407
0.9843447,0.003206000000000042,0.9215407
0.004438000000000053,1.0,0.9058915
0.004561000000000037,0.9843624,0.9058915
0.004928999999999961,0.9687286,0.9058915
0.005542999999999965,0.9531025,0.9058915
0.0064030000000000475,0.937488,0.9058915
0.007507000000000041,0.9218889,0.9058915
0.008855999999999975,0.9063091,0.9058915
0.01044999999999996,0.890752,0.9058915
0.012287999999999966,0.875223,0.9058915
0.014369999999999994,0.8597239999999999,0.9058915
0.016695000000000015,0.844259,0.9058915
0.01926300000000003,0.828834,0.9058915
0.02207199999999998,0.81345,0.9058915
0.025123000000000006,0.7981119999999999,0.9058915
0.028414999999999968,0.782824,0.9058915
0.03194600000000003,0.76759,0.9058915
0.03571599999999997,0.752413,0.9058915
0.03972399999999998,0.737297,0.9058915
0.04396800000000001,0.7222459999999999,0.9058915
0.048448999999999964,0.707264,0.9058915
0.05316500000000002,0.692354,0.9058915
0.058114,0.677519,0.9058915
0.06329499999999999,0.662765,0.9058915
0.06870799999999999,0.648093,0.9058915
0.07435000000000003,0.633508,0.9058915
0.08022099999999999,0.619014,0.9058915
0.08631900000000003,0.604614,0.9058915
0.092642,0.590311,0.9058915
0.09918899999999997,0.576109,0.9058915
0.105958,0.562012,0.9058915
0.11294800000000005,0.5480229999999999,0.9058915
0.12015699999999996,0.534146,0.9058915
0.127583,0.520383,0.9058915
0.135224,0.506739,0.9058915
0.14307899999999996,0.493217,0.9058915
0.15114499999999997,0.479819,0.9058915
0.15942,0.46655,0.9058915
0.16790300000000002,0.45341299999999995,0.9058915
0.17659100000000005,0.44040999999999997,0.9058915
0.18548200000000004,0.42754499999999995,0.9058915
0.19457400000000002,0.414822,0.9058915
0.20386499999999996,0.402243,0.9058915
0.21335300000000001,0.38981200000000005,0.9058915
0.22303399999999995,0.37753099999999995,0.9058915
0.23290699999999998,0.36540399999999995,0.9058915
0.24297000000000002,0.353433,0.9058915
0.25321899999999997,0.341622,0.9058915
0.263653,0.32997299999999996,0.9058915
0.27426799999999996,0.31849000000000005,0.9058915
0.28506200000000004,0.30717399999999995,0.9058915
0.296033,0.29603,0.9058915
0.30717700000000003,0.28505899999999995,0.9058915
0.318492,0.274265,0.9058915
0.32997600000000005,0.26365000000000005,0.9058915
0.34162499999999996,0.253217,0.9058915
0.353436,0.24296700000000004,0.9058915
0.36540700000000004,0.23290500000000003,0.9058915
0.37753400000000004,0.223032,0.9058915
0.389815,0.21335000000000004,0.9058915
0.402246,0.20386300000000002,0.9058915
0.414825,0.19457199999999997,0.9058915
0.42754800000000004,0.18547999999999998,0.9058915
0.44041300000000005,0.176589,0.9058915
0.45341600000000004,0.16790099999999997,0.9058915
0.466553,0.15941799999999995,0.9058915
0.47982199999999997,0.15114300000000003,0.9058915
0.49322,0.143077,0.9058915
0.506742,0.13522199999999995,0.9058915
0.5203869999999999,0.12758100000000006,0.9058915
0.534149,0.12015500000000001,0.9058915
0.548027,0.11294700000000002,0.9058915
0.5620160000000001,0.10595699999999997,0.9058915
0.576113,0.09918700000000003,0.9058915
0.590314,0.09263999999999994,0.9058915
0.604617,0.08631699999999998,0.9058915
0.6190169999999999,0.08021999999999996,0.9058915
0.6335120000000001,0.074349,0.9058915
0.6480969999999999,0.06870699999999996,0.9058915
0.662768,0.06329399999999996,0.9058915
0.677523,0.05811200000000005,0.9058915
0.692357,0.05316299999999996,0.9058915
0.707267,0.04844800000000005,0.9058915
0.7222500000000001,0.04396699999999998,0.9058915
0.737301,0.03972299999999995,0.9058915
0.752417,0.03571500000000005,0.9058915
0.767594,0.031945,0.9058915
0.782828,0.02841400000000005,0.9058915
0.798116,0.025121999999999978,0.9058915
0.813453,0.02207199999999998,0.9058915
0.828837,0.019262,0.9058915
0.844263,0.016695000000000015,0.9058915
0.859727,0.014369999999999994,0.9058915
0.8752260000000001,0.012287999999999966,0.9058915
0.890756,0.01044999999999996,0.9058915
0.9063128,0.008855999999999975,0.9058915
0.9218926000000001,0.007507000000000041,0.9058915
0.9374917,0.006402000000000019,0.9058915
0.9531062,0.005542999999999965,0.9058915
0.9687322,0.004928999999999961,0.9058915
0.984366,0.004561000000000037,0.9058915
0.006039000000000017,1.0,0.890265
0.006162000000000001,0.9843875,0.890265
0.006530000000000036,0.9687789,0.890265
0.007141999999999982,0.9531779,0.890265
0.008000000000000007,0.9375885,0.890265
0.009102999999999972,0.9220145,0.890265
0.01044999999999996,0.9064598,0.890265
0.012041999999999997,0.8909279999999999,0.890265
0.013877000000000028,0.8754230000000001,0.890265
0.015955000000000052,0.859949,0.890265
0.01827599999999996,0.84451,0.890265
0.02083999999999997,0.829109,0.890265
0.023645000000000027,0.81375,0.890265
0.02669100000000002,0.7984370000000001,0.890265
0.02997700000000003,0.783174,0.890265
0.03350200000000003,0.767964,0.890265
0.03726600000000002,0.752811,0.890265
0.04126799999999997,0.7377199999999999,0.890265
0.045506000000000046,0.722693,0.890265
0.049978999999999996,0.707735,0.890265
0.05468700000000004,0.692848,0.890265
0.059628000000000014,0.6780379999999999,0.890265
0.06480200000000003,0.663307,0.890265
0.07020499999999996,0.648659,0.890265
0.07583899999999999,0.634098,0.890265
0.0817,0.6196269999999999,0.890265
0.08778799999999998,0.6052500000000001,0.890265
0.09410099999999999,0.59097,0.890265
0.100638,0.576791,0.890265
0.10739600000000005,0.562717,0.890265
0.114375,0.5487500000000001,0.890265
0.12157200000000001,0.534895,0.890265
0.12898600000000005,0.521155,0.890265
0.13661500000000004,0.507532,0.890265
0.14445699999999995,0.494032,0.890265
0.15251000000000003,0.48065599999999997,0.890265
0.16077200000000003,0.46740800000000005,0.890265
0.16924099999999997,0.45429200000000003,0.890265
0.17791500000000005,0.44131,0.890265
0.18679199999999996,0.428466,0.890265
0.19587,0.415763,0.890265
0.20514600000000005,0.40320500000000004,0.890265
0.21461799999999998,0.39079299999999995,0.890265
0.22428400000000004,0.378532,0.890265
0.23414100000000004,0.36642399999999997,0.890265
0.24418700000000004,0.35447300000000004,0.890265
0.25442,0.342681,0.890265
0.264837,0.331051,0.890265
0.275435,0.31958600000000004,0.890265
0.286212,0.30828900000000004,0.890265
0.297165,0.29716200000000004,0.890265
0.308291,0.28620900000000005,0.890265
0.319588,0.275432,0.890265
0.33105300000000004,0.264834,0.890265
0.34268299999999996,0.25441800000000003,0.890265
0.354476,0.24418499999999999,0.890265
0.36642699999999995,0.23413899999999999,0.890265
0.37853499999999995,0.22428099999999995,0.890265
0.39079600000000003,0.214615,0.890265
0.403207,0.20514299999999996,0.890265
0.41576599999999997,0.195867,0.890265
0.428469,0.18679,0.890265
0.44131299999999996,0.177913,0.890265
0.454295,0.16923900000000003,0.890265
0.467411,0.16076999999999997,0.890265
0.48065899999999995,0.15250799999999998,0.890265
0.494035,0.144455,0.890265
0.507536,0.13661299999999998,0.890265
0.521158,0.128984,0.890265
0.534898,0.12156999999999996,0.890265
0.548753,0.11437299999999995,0.890265
0.56272,0.10739500000000002,0.890265
0.576794,0.10063599999999995,0.890265
0.590973,0.09409999999999996,0.890265
0.605253,0.08778699999999995,0.890265
0.61963,0.08169899999999997,0.890265
0.634101,0.07583700000000004,0.890265
0.6486620000000001,0.07020400000000004,0.890265
0.6633100000000001,0.06479999999999997,0.890265
0.678041,0.059626999999999986,0.890265
0.692852,0.05468600000000001,0.890265
0.707738,0.04997799999999997,0.890265
0.7226969999999999,0.04550500000000002,0.890265
0.737723,0.041267000000000054,0.890265
0.752815,0.03726499999999999,0.890265
0.7679670000000001,0.03350200000000003,0.890265
0.783177,0.029976000000000003,0.890265
0.79844,0.02668999999999999,0.890265
0.813753,0.023644,0.890265
0.829112,0.020839000000000052,0.890265
0.8445130000000001,0.01827599999999996,0.890265
0.859953,0.015955000000000052,0.890265
0.875427,0.013876,0.890265
0.8909320000000001,0.012040999999999968,0.890265
0.9064634,0.01044999999999996,0.890265
0.9220182,0.009102999999999972,0.890265
0.9375922,0.008000000000000007,0.890265
0.9531816,0.007141999999999982,0.890265
0.9687825,0.006529000000000007,0.890265
0.9843912,0.006162000000000001,0.890265
0.007885000000000031,1.0,0.8746659999999999
0.008008000000000015,0.9844165,0.8746659999999999
0.008375000000000021,0.9688369,0.8746659999999999
0.008986999999999967,0.9532649,0.8746659999999999
0.009843000000000046,0.9377045,0.8746659999999999
0.010943999999999954,0.9221594,0.8746659999999999
0.012287999999999966,0.9066335,0.8746659999999999
0.013877000000000028,0.891131,0.8746659999999999
0.015708000000000055,0.875655,0.8746659999999999
0.017782999999999993,0.860209,0.8746659999999999
0.020100000000000007,0.844799,0.8746659999999999
0.022658999999999985,0.829426,0.8746659999999999
0.02545799999999998,0.8140959999999999,0.8746659999999999
0.028499000000000052,0.7988109999999999,0.8746659999999999
0.031779,0.783576,0.8746659999999999
0.03529800000000005,0.7683949999999999,0.8746659999999999
0.03905499999999995,0.753271,0.8746659999999999
0.043049000000000004,0.7382070000000001,0.8746659999999999
0.04727899999999996,0.7232080000000001,0.8746659999999999
0.05174400000000001,0.708278,0.8746659999999999
0.05644300000000002,0.693419,0.8746659999999999
0.06137499999999996,0.678636,0.8746659999999999
0.06653900000000001,0.663932,0.8746659999999999
0.07193300000000002,0.649312,0.8746659999999999
0.07755500000000004,0.6347769999999999,0.8746659999999999
0.08340599999999998,0.620333,0.8746659999999999
0.08948299999999998,0.6059829999999999,0.8746659999999999
0.09578399999999998,0.59173,0.8746659999999999
0.10230799999999995,0.577577,0.8746659999999999
0.10905399999999998,0.563529,0.8746659999999999
0.11602000000000001,0.549588,0.8746659999999999
0.12320399999999998,0.535759,0.8746659999999999
0.13060400000000005,0.522044,0.8746659999999999
0.13821899999999998,0.508447,0.8746659999999999
0.146046,0.49497100000000005,0.8746659999999999
0.154084,0.48162000000000005,0.8746659999999999
0.162331,0.46839699999999995,0.8746659999999999
0.17078400000000005,0.45530499999999996,0.8746659999999999
0.179442,0.44234799999999996,0.8746659999999999
0.18830199999999997,0.429528,0.8746659999999999
0.19736299999999996,0.416848,0.8746659999999999
0.20662199999999997,0.40431300000000003,0.8746659999999999
0.21607699999999996,0.39192499999999997,0.8746659999999999
0.22572499999999995,0.37968599999999997,0.8746659999999999
0.235564,0.36760099999999996,0.8746659999999999
0.245591,0.355672,0.8746659999999999
0.25580499999999995,0.34390200000000004,0.8746659999999999
0.26620200000000005,0.33229299999999995,0.8746659999999999
0.27678100000000005,0.32084999999999997,0.8746659999999999
0.28753799999999996,0.309573,0.8746659999999999
0.29847,0.29846799999999996,0.8746659999999999
0.30957599999999996,0.287535,0.8746659999999999
0.320852,0.27677799999999997,0.8746659999999999
0.33229600000000004,0.2662,0.8746659999999999
0.343904,0.255803,0.8746659999999999
0.35567499999999996,0.24558899999999995,0.8746659999999999
0.36760400000000004,0.23556100000000002,0.8746659999999999
0.37968900000000005,0.22572199999999998,0.8746659999999999
0.39192800000000005,0.216074,0.8746659999999999
0.404316,0.20662000000000003,0.8746659999999999
0.41685099999999997,0.197361,0.8746659999999999
0.429531,0.18830000000000002,0.8746659999999999
0.44235100000000005,0.17944000000000004,0.8746659999999999
0.45530800000000005,0.170782,0.8746659999999999
0.46840000000000004,0.16232899999999995,0.8746659999999999
0.48162400000000005,0.15408200000000005,0.8746659999999999
0.49497500000000005,0.14604399999999995,0.8746659999999999
0.5084500000000001,0.13821700000000003,0.8746659999999999
0.5220469999999999,0.130602,0.8746659999999999
0.5357620000000001,0.12320200000000003,0.8746659999999999
0.5495920000000001,0.11601799999999995,0.8746659999999999
0.5635319999999999,0.10905299999999996,0.8746659999999999
0.57758,0.10230700000000004,0.8746659999999999
0.5917330000000001,0.09578200000000003,0.8746659999999999
0.605986,0.08948100000000003,0.8746659999999999
0.620337,0.08340499999999995,0.8746659999999999
0.634781,0.07755400000000001,0.8746659999999999
0.649315,0.07193099999999997,0.8746659999999999
0.6639360000000001,0.06653699999999996,0.8746659999999999
0.67864,0.06137400000000004,0.8746659999999999
0.693422,0.05644199999999999,0.8746659999999999
0.7082809999999999,0.05174299999999998,0.8746659999999999
0.723212,0.04727800000000004,0.8746659999999999
0.738211,0.043047999999999975,0.8746659999999999
0.753274,0.03905400000000003,0.8746659999999999
0.768398,0.03529700000000002,0.8746659999999999
0.7835799999999999,0.03177799999999997,0.8746659999999999
0.798815,0.028498000000000023,0.8746659999999999
0.814099,0.02545799999999998,0.8746659999999999
0.82943,0.022657999999999956,0.8746659999999999
0.844802,0.020098999999999978,0.8746659999999999
0.860213,0.017782999999999993,0.8746659999999999
0.875658,0.015708000000000055,0.8746659999999999
0.891134,0.013876,0.8746659999999999
0.9066372,0.012287999999999966,0.8746659999999999
0.922163,0.010943000000000036,0.8746659999999999
0.9377081,0.009843000000000046,0.8746659999999999
0.9532685,0.008986999999999967,0.8746659999999999
0.9688405,0.008375000000000021,0.8746659999999999
0.9844201,0.008008000000000015,0.8746659999999999
0.009975999999999985,1.0,0.859098
0.010098999999999969,0.9844493,0.859098
0.010464999999999947,0.9689025,0.859098
0.011074999999999946,0.9533634,0.859098
0.011929999999999996,0.9378358,0.859098
0.01302800000000004,0.9223235,0.859098
0.014369999999999994,0.9068303,0.859098
0.015955000000000052,0.89136,0.859098
0.017782999999999993,0.8759170000000001,0.859098
0.01985300000000001,0.8605039999999999,0.859098
0.02216499999999999,0.845126,0.859098
0.024719000000000046,0.829786,0.859098
0.02751300000000001,0.814488,0.859098
0.030545999999999962,0.799235,0.859098
0.033819000000000043,0.784033,0.859098
0.037331,0.768883,0.859098
0.041080000000000005,0.753791,0.859098
0.04506600000000005,0.7387589999999999,0.859098
0.04928699999999997,0.723792,0.859098
0.053742999999999985,0.7088920000000001,0.859098
0.05843200000000004,0.6940649999999999,0.859098
0.06335299999999999,0.6793130000000001,0.859098
0.06850599999999996,0.664641,0.859098
0.07388899999999998,0.6500509999999999,0.859098
0.07950000000000002,0.635547,0.859098
0.08533800000000002,0.6211340000000001,0.859098
0.09140199999999998,0.606813,0.859098
0.09769000000000005,0.59259,0.859098
0.10419999999999996,0.578468,0.859098
0.11093200000000003,0.564449,0.859098
0.11788299999999996,0.550538,0.859098
0.12505200000000005,0.536737,0.859098
0.132436,0.5230509999999999,0.859098
0.14003500000000002,0.509483,0.859098
0.14784600000000003,0.49603600000000003,0.859098
0.15586699999999998,0.48271299999999995,0.859098
0.16409600000000002,0.469518,0.859098
0.17253200000000002,0.456453,0.859098
0.18117099999999997,0.443523,0.859098
0.190013,0.43072999999999995,0.859098
0.19905499999999998,0.41807799999999995,0.859098
0.20829399999999998,0.40556899999999996,0.859098
0.21772899999999995,0.39320600000000006,0.859098
0.227356,0.38099400000000005,0.859098
0.23717500000000002,0.368934,0.859098
0.24718099999999998,0.35702999999999996,0.859098
0.25737299999999996,0.34528400000000004,0.859098
0.267749,0.3337,0.859098
0.278305,0.32228100000000004,0.859098
0.28903900000000005,0.311029,0.859098
0.299949,0.29994600000000005,0.859098
0.31103099999999995,0.289037,0.859098
0.322284,0.27830299999999997,0.859098
0.33370299999999997,0.26774600000000004,0.859098
0.345287,0.257371,0.859098
0.35703300000000004,0.24717900000000004,0.859098
0.36893699999999996,0.23717200000000005,0.859098
0.38099700000000003,0.22735399999999995,0.859098
0.39320900000000003,0.217727,0.859098
0.40557200000000004,0.20829200000000003,0.859098
0.41808,0.19905300000000004,0.859098
0.43073300000000003,0.19001100000000004,0.859098
0.443526,0.18116900000000002,0.859098
0.456456,0.17252999999999996,0.859098
0.46952099999999997,0.16409399999999996,0.859098
0.48271600000000003,0.15586500000000003,0.859098
0.496039,0.14784399999999998,0.859098
0.509486,0.14003299999999996,0.859098
0.523055,0.13243499999999997,0.859098
0.536741,0.12505,0.859098
0.550541,0.11788100000000001,0.859098
0.564452,0.11092999999999997,0.859098
0.578471,0.10419900000000004,0.859098
0.5925929999999999,0.097688,0.859098
0.6068169999999999,0.09140000000000004,0.859098
0.621137,0.08533599999999997,0.859098
0.635551,0.07949799999999996,0.859098
0.650054,0.07388700000000004,0.859098
0.664644,0.06850500000000004,0.859098
0.679317,0.06335199999999996,0.859098
0.694069,0.05843100000000001,0.859098
0.708896,0.05374100000000004,0.859098
0.723795,0.04928600000000005,0.859098
0.7387619999999999,0.04506500000000002,0.859098
0.753794,0.04107899999999998,0.859098
0.768887,0.037329999999999974,0.859098
0.784036,0.033819000000000043,0.859098
0.799239,0.030545999999999962,0.859098
0.814491,0.02751199999999998,0.859098
0.829789,0.024718000000000018,0.859098
0.845129,0.02216499999999999,0.859098
0.860508,0.01985300000000001,0.859098
0.87592,0.017782999999999993,0.859098
0.891364,0.015955000000000052,0.859098
0.906834,0.014369999999999994,0.859098
0.9223271,0.01302800000000004,0.859098
0.9378394,0.011929999999999996,0.859098
0.953367,0.011074999999999946,0.859098
0.9689062,0.010464999999999947,0.859098
0.984453,0.010098000000000051,0.859098
0.01231199999999999,1.0,0.843565
0.012433999999999945,0.984486,0.843565
0.012799000000000005,0.9689759,0.843565
0.013407999999999975,0.9534734,0.843565
0.014260999999999968,0.9379824,0.843565
0.015356000000000036,0.9225067,0.843565
0.016695000000000015,0.9070501,0.843565
0.01827599999999996,0.891616,0.843565
0.020100000000000007,0.87621,0.843565
0.02216499999999999,0.860833,0.843565
0.02447200000000005,0.845491,0.843565
0.027019000000000015,0.830187,0.843565
0.029806,0.814925,0.843565
0.032833,0.799709,0.843565
0.03609899999999999,0.784542,0.843565
0.039602000000000026,0.769428,0.843565
0.04334199999999999,0.754371,0.843565
0.04731799999999997,0.739375,0.843565
0.05152900000000005,0.724443,0.843565
0.055975,0.709579,0.843565
0.06065299999999996,0.694787,0.843565
0.06556300000000004,0.68007,0.843565
0.07070299999999996,0.665432,0.843565
0.07607299999999995,0.650876,0.843565
0.08167100000000005,0.636407,0.843565
0.08749499999999999,0.622027,0.843565
0.09354499999999999,0.607741,0.843565
0.09981799999999996,0.5935509999999999,0.843565
0.10631299999999999,0.5794619999999999,0.843565
0.11302900000000005,0.565476,0.843565
0.11996399999999996,0.551598,0.843565
0.127116,0.53783,0.843565
0.13448300000000002,0.524177,0.843565
0.14206300000000005,0.51064,0.843565
0.149856,0.49722500000000003,0.843565
0.15785800000000005,0.48393299999999995,0.843565
0.166068,0.470769,0.843565
0.17448399999999997,0.457735,0.843565
0.18310300000000002,0.444836,0.843565
0.19192399999999998,0.43207300000000004,0.843565
0.200944,0.41945,0.843565
0.21016199999999996,0.40697099999999997,0.843565
0.21957400000000005,0.39463800000000004,0.843565
0.22917900000000002,0.38245399999999996,0.843565
0.23897400000000002,0.37042299999999995,0.843565
0.24895699999999998,0.35854699999999995,0.843565
0.25912500000000005,0.34682900000000005,0.843565
0.26947600000000005,0.335272,0.843565
0.280007,0.32387999999999995,0.843565
0.290716,0.312654,0.843565
0.3016,0.30159800000000003,0.843565
0.31265600000000004,0.29071400000000003,0.843565
0.323882,0.28000499999999995,0.843565
0.335275,0.269474,0.843565
0.346831,0.259123,0.843565
0.358549,0.24895500000000004,0.843565
0.370425,0.23897199999999996,0.843565
0.38245700000000005,0.22917699999999996,0.843565
0.394641,0.219572,0.843565
0.40697399999999995,0.21016,0.843565
0.41945299999999996,0.20094199999999995,0.843565
0.432076,0.19192200000000004,0.843565
0.444839,0.18310099999999996,0.843565
0.457739,0.17448200000000003,0.843565
0.47077199999999997,0.16606600000000005,0.843565
0.48393600000000003,0.157856,0.843565
0.497228,0.14985400000000004,0.843565
0.510643,0.14206200000000002,0.843565
0.52418,0.13448099999999996,0.843565
0.537833,0.12711399999999995,0.843565
0.551601,0.11996200000000001,0.843565
0.56548,0.11302800000000002,0.843565
0.579465,0.10631199999999996,0.843565
0.593555,0.09981700000000004,0.843565
0.6077440000000001,0.09354300000000004,0.843565
0.622031,0.08749399999999996,0.843565
0.6364099999999999,0.08167000000000002,0.843565
0.65088,0.07607200000000003,0.843565
0.665435,0.07070200000000004,0.843565
0.6800729999999999,0.06556200000000001,0.843565
0.69479,0.06065200000000004,0.843565
0.7095830000000001,0.05597399999999997,0.843565
0.7244470000000001,0.05152800000000002,0.843565
0.739379,0.04731700000000005,0.843565
0.754375,0.04334099999999996,0.843565
0.769432,0.039601,0.843565
0.784546,0.03609799999999996,0.843565
0.799712,0.03283199999999997,0.843565
0.814929,0.029806,0.843565
0.830191,0.027019000000000015,0.843565
0.845495,0.02447100000000002,0.843565
0.860837,0.02216499999999999,0.843565
0.876213,0.020100000000000007,0.843565
0.89162,0.01827599999999996,0.843565
0.9070537,0.016695000000000015,0.843565
0.9225103,0.015356000000000036,0.843565
0.937986,0.01426000000000005,0.843565
0.953477,0.013407999999999975,0.843565
0.9689795,0.012799000000000005,0.843565
0.9844897,0.012433999999999945,0.843565
0.014890999999999988,1.0,0.828071
0.015012000000000025,0.9845265,0.828071
0.015376999999999974,0.9690569,0.828071
0.015983999999999998,0.9535949,0.828071
0.016835000000000044,0.9381443,0.828071
0.017928000000000055,0.922709,0.828071
0.01926300000000003,0.9072928,0.828071
0.02083999999999997,0.891899,0.828071
0.022658999999999985,0.876533,0.828071
0.024719000000000046,0.861197,0.828071
0.027019000000000015,0.8458950000000001,0.828071
0.02956000000000003,0.830631,0.828071
0.032340000000000035,0.815409,0.828071
0.03535900000000003,0.800232,0.828071
0.038614999999999955,0.7851049999999999,0.828071
0.04210999999999998,0.77003,0.828071
0.04583999999999999,0.7550129999999999,0.828071
0.04980600000000002,0.740056,0.828071
0.054006,0.725163,0.828071
0.05844000000000005,0.710337,0.828071
0.063106,0.695584,0.828071
0.06800300000000004,0.680905,0.828071
0.07313000000000003,0.6663049999999999,0.828071
0.07848599999999994,0.651788,0.828071
0.08406899999999995,0.637356,0.828071
0.08987800000000001,0.623014,0.828071
0.095912,0.608765,0.828071
0.10216899999999995,0.5946130000000001,0.828071
0.10864700000000005,0.58056,0.828071
0.11534500000000003,0.566611,0.828071
0.12226199999999998,0.5527690000000001,0.828071
0.12939500000000004,0.539037,0.828071
0.13674299999999995,0.5254190000000001,0.828071
0.144304,0.511918,0.828071
0.152076,0.49853800000000004,0.828071
0.160057,0.48528099999999996,0.828071
0.16824499999999998,0.472151,0.828071
0.176639,0.459151,0.828071
0.18523599999999996,0.44628500000000004,0.828071
0.19403400000000004,0.43355600000000005,0.828071
0.20303099999999996,0.42096599999999995,0.828071
0.21222399999999997,0.40851899999999997,0.828071
0.22161200000000003,0.39621799999999996,0.828071
0.23119199999999995,0.384066,0.828071
0.24096099999999998,0.37206700000000004,0.828071
0.250918,0.360221,0.828071
0.26105999999999996,0.348534,0.828071
0.27138399999999996,0.337008,0.828071
0.281887,0.32564499999999996,0.828071
0.29256800000000005,0.314449,0.828071
0.303424,0.30342100000000005,0.828071
0.31445100000000004,0.292566,0.828071
0.32564800000000005,0.28188500000000005,0.828071
0.33701099999999995,0.271381,0.828071
0.348537,0.261057,0.828071
0.360224,0.25091600000000003,0.828071
0.372069,0.24095900000000003,0.828071
0.384069,0.23118899999999998,0.828071
0.39622100000000005,0.22160999999999997,0.828071
0.40852200000000005,0.21222200000000002,0.828071
0.42096900000000004,0.20302900000000002,0.828071
0.433559,0.19403199999999998,0.828071
0.446288,0.185234,0.828071
0.45915399999999995,0.17663700000000004,0.828071
0.47215399999999996,0.16824399999999995,0.828071
0.48528400000000005,0.16005499999999995,0.828071
0.498541,0.15207400000000004,0.828071
0.5119210000000001,0.14430200000000004,0.828071
0.5254220000000001,0.136741,0.828071
0.53904,0.12939299999999998,0.828071
0.552772,0.12226000000000004,0.828071
0.566614,0.115344,0.828071
0.5805629999999999,0.10864499999999999,0.828071
0.594616,0.10216700000000001,0.828071
0.608768,0.09591000000000005,0.828071
0.6230180000000001,0.08987699999999998,0.828071
0.6373599999999999,0.08406800000000003,0.828071
0.651791,0.078484,0.828071
0.666309,0.073129,0.828071
0.680909,0.068002,0.828071
0.695587,0.06310499999999997,0.828071
0.710341,0.05843900000000002,0.828071
0.725166,0.05400499999999997,0.828071
0.740059,0.04980499999999999,0.828071
0.755016,0.04583899999999996,0.828071
0.770034,0.04210899999999995,0.828071
0.785108,0.038614999999999955,0.828071
0.800235,0.035358,0.828071
0.815412,0.03233900000000001,0.828071
0.830634,0.029559000000000002,0.828071
0.845898,0.027019000000000015,0.828071
0.8612,0.024718000000000018,0.828071
0.876536,0.022657999999999956,0.828071
0.891903,0.020839000000000052,0.828071
0.9072964,0.019262,0.828071
0.9227126,0.017927000000000026,0.828071
0.9381479,0.016834000000000016,0.828071
0.9535985,0.015983999999999998,0.828071
0.9690605,0.015376999999999974,0.828071
0.9845302,0.015012000000000025,0.828071
0.01771299999999998,1.0,0.8126180000000001
0.017834000000000017,0.9845709,0.8126180000000001
0.018198000000000047,0.9691455,0.8126180000000001
0.018803000000000014,0.9537278,0.8126180000000001
0.019650999999999974,0.9383215,0.8126180000000001
0.02074100000000001,0.9229305,0.8126180000000001
0.02207199999999998,0.9075584,0.8126180000000001
0.023645000000000027,0.892209,0.8126180000000001
0.02545799999999998,0.876886,0.8126180000000001
0.02751300000000001,0.861594,0.8126180000000001
0.029806,0.846336,0.8126180000000001
0.032340000000000035,0.831116,0.8126180000000001
0.03511200000000003,0.815937,0.8126180000000001
0.03812199999999999,0.800804,0.8126180000000001
0.04137000000000002,0.78572,0.8126180000000001
0.04485399999999995,0.770689,0.8126180000000001
0.04857299999999998,0.755715,0.8126180000000001
0.05252800000000002,0.7408,0.8126180000000001
0.05671599999999999,0.72595,0.8126180000000001
0.061137,0.711167,0.8126180000000001
0.06579000000000002,0.696456,0.8126180000000001
0.07067299999999999,0.681819,0.8126180000000001
0.07578499999999999,0.667261,0.8126180000000001
0.08112600000000003,0.652785,0.8126180000000001
0.08669300000000002,0.638395,0.8126180000000001
0.09248500000000004,0.6240939999999999,0.8126180000000001
0.09850199999999998,0.6098859999999999,0.8126180000000001
0.10474099999999997,0.595774,0.8126180000000001
0.11119999999999997,0.581762,0.8126180000000001
0.11787899999999996,0.567852,0.8126180000000001
0.124776,0.5540499999999999,0.8126180000000001
0.13188900000000003,0.540358,0.8126180000000001
0.139216,0.526779,0.8126180000000001
0.14675499999999997,0.513316,0.8126180000000001
0.154505,0.49997400000000003,0.8126180000000001
0.16246300000000002,0.48675500000000005,0.8126180000000001
0.170628,0.47366299999999995,0.8126180000000001
0.178998,0.460701,0.8126180000000001
0.18757000000000001,0.44787200000000005,0.8126180000000001
0.19634300000000005,0.435179,0.8126180000000001
0.205314,0.42262500000000003,0.8126180000000001
0.21448100000000003,0.41021399999999997,0.8126180000000001
0.22384199999999999,0.39794799999999997,0.8126180000000001
0.233394,0.38583100000000004,0.8126180000000001
0.24313600000000002,0.373865,0.8126180000000001
0.25306399999999996,0.362054,0.8126180000000001
0.263177,0.35040099999999996,0.8126180000000001
0.273471,0.33890699999999996,0.8126180000000001
0.283945,0.327577,0.8126180000000001
0.29459500000000005,0.31641300000000006,0.8126180000000001
0.305419,0.30541700000000005,0.8126180000000001
0.316415,0.29459199999999996,0.8126180000000001
0.32758,0.283942,0.8126180000000001
0.33891000000000004,0.27346899999999996,0.8126180000000001
0.350403,0.263174,0.8126180000000001
0.36205699999999996,0.253062,0.8126180000000001
0.373868,0.24313300000000004,0.8126180000000001
0.385834,0.23339200000000004,0.8126180000000001
0.39795100000000005,0.22384000000000004,0.8126180000000001
0.41021700000000005,0.21447899999999998,0.8126180000000001
0.422628,0.20531200000000005,0.8126180000000001
0.43518199999999996,0.196341,0.8126180000000001
0.447875,0.18756799999999996,0.8126180000000001
0.460704,0.17899600000000004,0.8126180000000001
0.47366600000000003,0.17062600000000006,0.8126180000000001
0.486758,0.16246099999999997,0.8126180000000001
0.499977,0.15450299999999995,0.8126180000000001
0.5133190000000001,0.14675300000000002,0.8126180000000001
0.526782,0.13921399999999995,0.8126180000000001
0.540361,0.13188699999999998,0.8126180000000001
0.554053,0.12477499999999997,0.8126180000000001
0.567856,0.11787800000000004,0.8126180000000001
0.581765,0.11119900000000005,0.8126180000000001
0.595777,0.10473900000000003,0.8126180000000001
0.609889,0.09850000000000003,0.8126180000000001
0.624097,0.09248400000000001,0.8126180000000001
0.6383989999999999,0.08669099999999996,0.8126180000000001
0.6527890000000001,0.08112399999999997,0.8126180000000001
0.667265,0.07578399999999996,0.8126180000000001
0.6818230000000001,0.07067199999999996,0.8126180000000001
0.6964589999999999,0.06578799999999996,0.8126180000000001
0.711171,0.06113599999999997,0.8126180000000001
0.7259530000000001,0.05671499999999996,0.8126180000000001
0.740804,0.05252699999999999,0.8126180000000001
0.755718,0.04857199999999995,0.8126180000000001
0.770693,0.04485300000000003,0.8126180000000001
0.785724,0.04136899999999999,0.8126180000000001
0.800808,0.03812099999999996,0.8126180000000001
0.815941,0.035111,0.8126180000000001
0.8311189999999999,0.03233900000000001,0.8126180000000001
0.84634,0.029806,0.8126180000000001
0.861598,0.02751199999999998,0.8126180000000001
0.87689,0.02545799999999998,0.8126180000000001
0.892213,0.023645000000000027,0.8126180000000001
0.907562,0.02207199999999998,0.8126180000000001
0.9229341,0.02074100000000001,0.8126180000000001
0.9383251,0.019650999999999974,0.8126180000000001
0.9537314,0.018803000000000014,0.8126180000000001
0.9691491,0.01819700000000002,0.8126180000000001
0.9845745,0.017834000000000017,0.8126180000000001
0.020777000000000045,1.0,0.797212
0.020897999999999972,0.984619,0.797212
0.021259999999999946,0.9692418,0.797212
0.021863999999999995,0.9538722,0.797212
0.022710000000000008,0.938514,0.797212
0.02379600000000004,0.9231709,0.797212
0.025123000000000006,0.9078468,0.797212
0.02669100000000002,0.892545,0.797212
0.028499000000000052,0.877271,0.797212
0.030545999999999962,0.862026,0.797212
0.032833,0.846815,0.797212
0.03535900000000003,0.831643,0.797212
0.03812199999999999,0.816512,0.797212
0.04112300000000002,0.801426,0.797212
0.044359999999999955,0.786389,0.797212
0.047833000000000014,0.771404,0.797212
0.05154199999999998,0.7564770000000001,0.797212
0.05548399999999998,0.741609,0.797212
0.05965900000000002,0.7268049999999999,0.797212
0.06406599999999996,0.7120679999999999,0.797212
0.06870399999999999,0.697403,0.797212
0.07357199999999997,0.682812,0.797212
0.07866799999999996,0.668299,0.797212
0.08399199999999996,0.653869,0.797212
0.08954200000000001,0.6395230000000001,0.797212
0.09531699999999999,0.625267,0.797212
0.10131400000000002,0.611103,0.797212
0.10753400000000002,0.597035,0.797212
0.11397299999999999,0.583066,0.797212
0.12063100000000004,0.5692010000000001,0.797212
0.12750700000000004,0.5554410000000001,0.797212
0.13459699999999997,0.541792,0.797212
0.14190100000000005,0.5282549999999999,0.797212
0.14941700000000002,0.5148349999999999,0.797212
0.157142,0.5015339999999999,0.797212
0.165076,0.488356,0.797212
0.17321600000000004,0.475305,0.797212
0.18155900000000003,0.462383,0.797212
0.19010499999999997,0.44959400000000005,0.797212
0.19884999999999997,0.436941,0.797212
0.207793,0.42442599999999997,0.797212
0.216932,0.41205400000000003,0.797212
0.226263,0.399826,0.797212
0.23578600000000005,0.38774699999999995,0.797212
0.24549699999999997,0.375819,0.797212
0.255394,0.36404400000000003,0.797212
0.265475,0.35242700000000005,0.797212
0.27573800000000004,0.34097,0.797212
0.28617899999999996,0.32967500000000005,0.797212
0.29679599999999995,0.31854499999999997,0.797212
0.307586,0.30758399999999997,0.797212
0.31854800000000005,0.296793,0.797212
0.329677,0.286176,0.797212
0.34097200000000005,0.27573499999999995,0.797212
0.35243,0.26547299999999996,0.797212
0.364047,0.25539199999999995,0.797212
0.375822,0.24549500000000002,0.797212
0.38775000000000004,0.235784,0.797212
0.399829,0.22626100000000005,0.797212
0.412057,0.21692900000000004,0.797212
0.42442899999999995,0.20779099999999995,0.797212
0.436944,0.19884800000000002,0.797212
0.449597,0.19010300000000002,0.797212
0.46238599999999996,0.18155699999999997,0.797212
0.47530799999999995,0.17321399999999998,0.797212
0.48836,0.16507400000000005,0.797212
0.501537,0.15714099999999998,0.797212
0.514838,0.14941499999999996,0.797212
0.528258,0.141899,0.797212
0.541795,0.13459500000000002,0.797212
0.555444,0.12750499999999998,0.797212
0.569204,0.12063000000000001,0.797212
0.58307,0.11397199999999996,0.797212
0.597038,0.10753199999999996,0.797212
0.6111059999999999,0.10131299999999999,0.797212
0.62527,0.09531500000000004,0.797212
0.639527,0.08954099999999998,0.797212
0.653872,0.08399100000000004,0.797212
0.668303,0.07866700000000004,0.797212
0.682815,0.07357100000000005,0.797212
0.697406,0.06870299999999996,0.797212
0.712072,0.06406500000000004,0.797212
0.726808,0.05965799999999999,0.797212
0.7416119999999999,0.05548299999999995,0.797212
0.75648,0.05154099999999995,0.797212
0.771408,0.047833000000000014,0.797212
0.786392,0.04435900000000004,0.797212
0.801429,0.04112199999999999,0.797212
0.816515,0.03812099999999996,0.797212
0.831646,0.035358,0.797212
0.846819,0.032833,0.797212
0.86203,0.030545999999999962,0.797212
0.877274,0.028498000000000023,0.797212
0.892549,0.02668999999999999,0.797212
0.9078504000000001,0.025123000000000006,0.797212
0.9231745,0.02379600000000004,0.797212
0.9385175,0.02270899999999998,0.797212
0.9538758,0.021863999999999995,0.797212
0.9692454,0.021259999999999946,0.797212
0.9846226,0.020897999999999972,0.797212
0.024082999999999966,1.0,0.781856
0.024204000000000003,0.9846709,0.781856
0.024564999999999948,0.9693456,0.781856
0.02516700000000005,0.9540279,0.781856
0.02600899999999995,0.9387215,0.781856
0.027092000000000005,0.9234303,0.781856
0.028414999999999968,0.9081579,0.781856
0.02997700000000003,0.892908,0.781856
0.031779,0.877685,0.781856
0.033819000000000043,0.862492,0.781856
0.03609899999999999,0.847333,0.781856
0.038614999999999955,0.832211,0.781856
0.04137000000000002,0.817131,0.781856
0.044359999999999955,0.802096,0.781856
0.047587000000000046,0.78711,0.781856
0.05104799999999998,0.772176,0.781856
0.054744000000000015,0.7572989999999999,0.781856
0.058672999999999975,0.742481,0.781856
0.06283399999999995,0.727727,0.781856
0.06722600000000001,0.71304,0.781856
0.07184800000000002,0.6984239999999999,0.781856
0.07669999999999999,0.683883,0.781856
0.08177900000000005,0.669419,0.781856
0.08708499999999997,0.655037,0.781856
0.09261600000000003,0.64074,0.781856
0.09837099999999999,0.626532,0.781856
0.104348,0.6124160000000001,0.781856
0.11054699999999995,0.598395,0.781856
0.11696499999999999,0.5844739999999999,0.781856
0.12360000000000004,0.570655,0.781856
0.130452,0.556942,0.781856
0.13751899999999995,0.543339,0.781856
0.14479799999999998,0.529848,0.781856
0.152289,0.516473,0.781856
0.15998800000000002,0.503217,0.781856
0.16789500000000002,0.49008399999999996,0.781856
0.17600700000000002,0.477077,0.781856
0.18432199999999999,0.464198,0.781856
0.19283899999999998,0.45145199999999996,0.781856
0.20155500000000004,0.43884199999999995,0.781856
0.210468,0.426369,0.781856
0.21957499999999996,0.41403900000000005,0.781856
0.22887500000000005,0.401853,0.781856
0.23836599999999997,0.389814,0.781856
0.24804400000000004,0.377926,0.781856
0.257908,0.36619199999999996,0.781856
0.26795500000000005,0.354614,0.781856
0.27818299999999996,0.34319500000000003,0.781856
0.288589,0.33193799999999996,0.781856
0.29917000000000005,0.32084599999999996,0.781856
0.309924,0.309921,0.781856
0.320848,0.29916699999999996,0.781856
0.33194,0.288586,0.781856
0.343197,0.27818,0.781856
0.35461600000000004,0.267953,0.781856
0.366194,0.25790599999999997,0.781856
0.37792899999999996,0.24804199999999998,0.781856
0.38981699999999997,0.23836400000000002,0.781856
0.40185499999999996,0.228873,0.781856
0.414042,0.21957300000000002,0.781856
0.426372,0.21046600000000004,0.781856
0.43884500000000004,0.20155299999999998,0.781856
0.45145500000000005,0.19283700000000004,0.781856
0.464201,0.18432000000000004,0.781856
0.47707999999999995,0.17600499999999997,0.781856
0.49008700000000005,0.16789299999999996,0.781856
0.50322,0.15998599999999996,0.781856
0.5164759999999999,0.15228699999999995,0.781856
0.5298510000000001,0.14479699999999995,0.781856
0.543342,0.137517,0.781856
0.556945,0.13045099999999998,0.781856
0.570658,0.12359900000000001,0.781856
0.584477,0.11696300000000004,0.781856
0.598399,0.110545,0.781856
0.612419,0.10434699999999997,0.781856
0.6265350000000001,0.09836999999999996,0.781856
0.640744,0.092615,0.781856
0.655041,0.08708400000000005,0.781856
0.669423,0.08177800000000002,0.781856
0.683886,0.07669899999999996,0.781856
0.698428,0.071847,0.781856
0.713044,0.06722499999999998,0.781856
0.727731,0.06283300000000003,0.781856
0.7424850000000001,0.058671999999999946,0.781856
0.757302,0.054742999999999986,0.781856
0.77218,0.051046999999999954,0.781856
0.787113,0.04758600000000002,0.781856
0.8021,0.044359999999999955,0.781856
0.817135,0.04136899999999999,0.781856
0.832215,0.038614999999999955,0.781856
0.847336,0.03609799999999996,0.781856
0.862495,0.033819000000000043,0.781856
0.877688,0.03177799999999997,0.781856
0.892912,0.02997700000000003,0.781856
0.9081615,0.02841400000000005,0.781856
0.9234339,0.027092000000000005,0.781856
0.9387251,0.02600899999999995,0.781856
0.9540315,0.02516700000000005,0.781856
0.9693492,0.024564999999999948,0.781856
0.9846745,0.024204000000000003,0.781856
0.027630000000000043,1.0,0.766554
0.027750000000000052,0.9847266,0.766554
0.02810999999999997,0.9694571,0.766554
0.028710000000000013,0.954195,0.766554
0.029549000000000047,0.9389443,0.766554
0.03062799999999999,0.9237086,0.766554
0.03194600000000003,0.9084917,0.766554
0.03350200000000003,0.893297,0.766554
0.03529800000000005,0.878129,0.766554
0.037331,0.862992,0.766554
0.039602000000000026,0.8478870000000001,0.766554
0.04210999999999998,0.832821,0.766554
0.04485399999999995,0.817796,0.766554
0.047833000000000014,0.8028150000000001,0.766554
0.05104799999999998,0.787884,0.766554
0.05449700000000002,0.773004,0.766554
0.05817899999999998,0.758181,0.766554
0.06209399999999998,0.743417,0.766554
0.06623999999999997,0.7287170000000001,0.766554
0.07061600000000001,0.714083,0.766554
0.07522200000000001,0.6995210000000001,0.766554
0.08005499999999999,0.685032,0.766554
0.08511599999999997,0.670621,0.766554
0.09040300000000001,0.656291,0.766554
0.09591400000000005,0.642046,0.766554
0.10164799999999996,0.6278889999999999,0.766554
0.107603,0.6138250000000001,0.766554
0.11377899999999996,0.599855,0.766554
0.120174,0.5859840000000001,0.766554
0.12678599999999995,0.5722160000000001,0.766554
0.13361299999999998,0.5585519999999999,0.766554
0.14065399999999995,0.544998,0.766554
0.14790599999999998,0.5315559999999999,0.766554
0.15537,0.51823,0.766554
0.163041,0.5050220000000001,0.766554
0.17091900000000004,0.49193699999999996,0.766554
0.179002,0.478977,0.766554
0.18728699999999998,0.46614599999999995,0.766554
0.19577299999999997,0.453446,0.766554
0.204457,0.44088099999999997,0.766554
0.213337,0.428454,0.766554
0.22241200000000005,0.416168,0.766554
0.23167800000000005,0.404027,0.766554
0.24113399999999996,0.39203200000000005,0.766554
0.250777,0.38018700000000005,0.766554
0.260605,0.368495,0.766554
0.27061599999999997,0.356959,0.766554
0.280806,0.34558199999999994,0.766554
0.29117400000000004,0.33436600000000005,0.766554
0.301717,0.323314,0.766554
0.31243200000000004,0.31242899999999996,0.766554
0.32331699999999997,0.30171400000000004,0.766554
0.334368,0.291172,0.766554
0.345584,0.28080400000000005,0.766554
0.356962,0.270613,0.766554
0.368498,0.26060300000000003,0.766554
0.38019000000000003,0.25077499999999997,0.766554
0.392035,0.241132,0.766554
0.40402899999999997,0.231676,0.766554
0.41617099999999996,0.22241,0.766554
0.428457,0.21333500000000005,0.766554
0.44088400000000005,0.20445500000000005,0.766554
0.453449,0.19577100000000003,0.766554
0.46614900000000004,0.18728500000000003,0.766554
0.47897999999999996,0.17900000000000005,0.766554
0.49194000000000004,0.17091699999999999,0.766554
0.505026,0.16303900000000004,0.766554
0.5182329999999999,0.15536799999999995,0.766554
0.531559,0.14790499999999995,0.766554
0.5450010000000001,0.140652,0.766554
0.558556,0.13361100000000004,0.766554
0.572219,0.126784,0.766554
0.585987,0.12017199999999995,0.766554
0.599858,0.11377800000000005,0.766554
0.613828,0.10760199999999998,0.766554
0.627893,0.10164600000000001,0.766554
0.642049,0.095912,0.766554
0.6562939999999999,0.09040199999999998,0.766554
0.670624,0.08511500000000005,0.766554
0.6850350000000001,0.08005399999999996,0.766554
0.699524,0.07521999999999995,0.766554
0.714087,0.07061499999999998,0.766554
0.72872,0.06623900000000005,0.766554
0.743421,0.062092999999999954,0.766554
0.758184,0.05817799999999995,0.766554
0.773008,0.05449599999999999,0.766554
0.787887,0.051046999999999954,0.766554
0.802819,0.047833000000000014,0.766554
0.8177989999999999,0.04485300000000003,0.766554
0.832824,0.04210899999999995,0.766554
0.847891,0.039601,0.766554
0.862995,0.037329999999999974,0.766554
0.878133,0.03529700000000002,0.766554
0.893301,0.03350200000000003,0.766554
0.9084953,0.031945,0.766554
0.9237121,0.03062699999999996,0.766554
0.9389478,0.029549000000000047,0.766554
0.9541986,0.028708999999999985,0.766554
0.9694606,0.02810999999999997,0.766554
0.9847302,0.027750000000000052,0.766554
0.03141700000000003,1.0,0.75131
0.03153600000000001,0.9847861,0.75131
0.03189500000000001,0.969576,0.75131
0.032491999999999965,0.9543734,0.75131
0.033328000000000024,0.939182,0.75131
0.03440299999999996,0.9240057,0.75131
0.03571599999999997,0.9088481,0.75131
0.03726600000000002,0.893713,0.75131
0.03905499999999995,0.8786039999999999,0.75131
0.041080000000000005,0.863525,0.75131
0.04334199999999999,0.84848,0.75131
0.04583999999999999,0.833472,0.75131
0.04857299999999998,0.818505,0.75131
0.05154199999999998,0.8035829999999999,0.75131
0.054744000000000015,0.78871,0.75131
0.05817899999999998,0.773888,0.75131
0.061846999999999985,0.759123,0.75131
0.06574599999999997,0.744416,0.75131
0.06987600000000005,0.729773,0.75131
0.07423500000000005,0.7151970000000001,0.75131
0.07882299999999998,0.700691,0.75131
0.08363799999999999,0.686258,0.75131
0.08867899999999995,0.6719029999999999,0.75131
0.09394499999999995,0.6576299999999999,0.75131
0.09943500000000005,0.64344,0.75131
0.10514599999999996,0.629339,0.75131
0.11107900000000004,0.615328,0.75131
0.11723099999999997,0.601413,0.75131
0.12360000000000004,0.5875969999999999,0.75131
0.13018600000000002,0.573881,0.75131
0.13698699999999997,0.560272,0.75131
0.14400000000000002,0.54677,0.75131
0.15122500000000005,0.533381,0.75131
0.158659,0.520106,0.75131
0.16630100000000003,0.50695,0.75131
0.17414799999999997,0.493916,0.75131
0.182199,0.48100600000000004,0.75131
0.19045199999999995,0.468225,0.75131
0.198905,0.45557400000000003,0.75131
0.20755500000000005,0.443059,0.75131
0.21640099999999995,0.43067999999999995,0.75131
0.22543999999999997,0.418442,0.75131
0.23467000000000005,0.406347,0.75131
0.244089,0.39439900000000006,0.75131
0.253695,0.38260099999999997,0.75131
0.26348499999999997,0.370954,0.75131
0.27345600000000003,0.359463,0.75131
0.28360700000000005,0.34813000000000005,0.75131
0.29393499999999995,0.336958,0.75131
0.30443600000000004,0.32594900000000004,0.75131
0.31511,0.315107,0.75131
0.325952,0.304434,0.75131
0.33696099999999996,0.29393199999999997,0.75131
0.348133,0.283605,0.75131
0.35946599999999995,0.273454,0.75131
0.370957,0.263482,0.75131
0.382603,0.25369299999999995,0.75131
0.39440200000000003,0.24408700000000005,0.75131
0.40635,0.234668,0.75131
0.41844499999999996,0.22543800000000003,0.75131
0.43068300000000004,0.216399,0.75131
0.44306100000000004,0.207553,0.75131
0.455577,0.19890300000000005,0.75131
0.468228,0.19045,0.75131
0.481009,0.18219700000000005,0.75131
0.493919,0.17414600000000002,0.75131
0.506953,0.16629899999999997,0.75131
0.5201089999999999,0.15865700000000005,0.75131
0.5333840000000001,0.151223,0.75131
0.546773,0.14399799999999996,0.75131
0.5602750000000001,0.13698500000000002,0.75131
0.573885,0.130185,0.75131
0.5876,0.12359900000000001,0.75131
0.601417,0.11722900000000003,0.75131
0.615332,0.11107699999999998,0.75131
0.6293420000000001,0.10514500000000004,0.75131
0.643443,0.099433,0.75131
0.657633,0.09394400000000003,0.75131
0.671907,0.08867800000000003,0.75131
0.6862619999999999,0.08363699999999996,0.75131
0.7006939999999999,0.07882199999999995,0.75131
0.7152000000000001,0.07423400000000002,0.75131
0.729777,0.06987500000000002,0.75131
0.7444200000000001,0.06574500000000005,0.75131
0.759126,0.06184599999999996,0.75131
0.773892,0.05817799999999995,0.75131
0.788713,0.054742999999999986,0.75131
0.803587,0.05154099999999995,0.75131
0.8185089999999999,0.04857299999999998,0.75131
0.833476,0.04583899999999996,0.75131
0.848483,0.04334099999999996,0.75131
0.863529,0.04107899999999998,0.75131
0.8786080000000001,0.03905400000000003,0.75131
0.893716,0.03726600000000002,0.75131
0.9088516,0.03571500000000005,0.75131
0.9240092,0.03440299999999996,0.75131
0.9391856,0.033328000000000024,0.75131
0.9543769,0.032491999999999965,0.75131
0.9695796,0.03189500000000001,0.75131
0.9847897,0.03153600000000001,0.75131
0.035443,1.0,0.7361260000000001
0.03556199999999998,0.9848494,0.7361260000000001
0.035919000000000034,0.9697025,0.7361260000000001
0.036514000000000046,0.954563,0.7361260000000001
0.03734599999999999,0.9394348,0.7361260000000001
0.038416000000000006,0.9243215,0.7361260000000001
0.03972399999999998,0.9092269,0.7361260000000001
0.04126799999999997,0.894155,0.7361260000000001
0.043049000000000004,0.879109,0.7361260000000001
0.04506600000000005,0.864092,0.7361260000000001
0.04731799999999997,0.84911,0.7361260000000001
0.04980600000000002,0.834164,0.7361260000000001
0.05252800000000002,0.81926,0.7361260000000001
0.05548399999999998,0.8044,0.7361260000000001
0.058672999999999975,0.789588,0.7361260000000001
0.06209399999999998,0.774828,0.7361260000000001
0.06574599999999997,0.760124,0.7361260000000001
0.06962900000000005,0.745479,0.7361260000000001
0.07374199999999997,0.730896,0.7361260000000001
0.07808300000000001,0.7163809999999999,0.7361260000000001
0.08265199999999995,0.701935,0.7361260000000001
0.08744700000000005,0.687562,0.7361260000000001
0.09246699999999997,0.6732670000000001,0.7361260000000001
0.09771099999999999,0.659053,0.7361260000000001
0.10317799999999999,0.644922,0.7361260000000001
0.10886600000000002,0.630879,0.7361260000000001
0.11477300000000001,0.616927,0.7361260000000001
0.12090000000000001,0.60307,0.7361260000000001
0.127243,0.5893109999999999,0.7361260000000001
0.13380099999999995,0.575653,0.7361260000000001
0.14057399999999998,0.562099,0.7361260000000001
0.14755799999999997,0.548654,0.7361260000000001
0.15475300000000003,0.53532,0.7361260000000001
0.16215599999999997,0.5221009999999999,0.7361260000000001
0.16976599999999997,0.508999,0.7361260000000001
0.17757999999999996,0.496019,0.7361260000000001
0.18559800000000004,0.483163,0.7361260000000001
0.19381700000000002,0.47043500000000005,0.7361260000000001
0.20223400000000002,0.45783700000000005,0.7361260000000001
0.21084899999999995,0.445373,0.7361260000000001
0.21965800000000002,0.43304600000000004,0.7361260000000001
0.22865899999999995,0.420859,0.7361260000000001
0.23785100000000003,0.40881500000000004,0.7361260000000001
0.24723099999999998,0.39691600000000005,0.7361260000000001
0.25679700000000005,0.38516700000000004,0.7361260000000001
0.26654599999999995,0.37356900000000004,0.7361260000000001
0.27647600000000006,0.36212599999999995,0.7361260000000001
0.286585,0.35084000000000004,0.7361260000000001
0.29686900000000005,0.33971399999999996,0.7361260000000001
0.307327,0.328751,0.7361260000000001
0.317956,0.31795399999999996,0.7361260000000001
0.328754,0.30732499999999996,0.7361260000000001
0.339716,0.296867,0.7361260000000001
0.350842,0.286582,0.7361260000000001
0.362128,0.276474,0.7361260000000001
0.373572,0.266544,0.7361260000000001
0.38517,0.256795,0.7361260000000001
0.396919,0.24722900000000003,0.7361260000000001
0.408818,0.23784899999999998,0.7361260000000001
0.42086199999999996,0.228657,0.7361260000000001
0.433049,0.21965599999999996,0.7361260000000001
0.445376,0.210847,0.7361260000000001
0.45784,0.20223199999999997,0.7361260000000001
0.470438,0.19381499999999996,0.7361260000000001
0.483166,0.18559599999999998,0.7361260000000001
0.49602199999999996,0.17757900000000004,0.7361260000000001
0.509002,0.16976400000000003,0.7361260000000001
0.522104,0.16215400000000002,0.7361260000000001
0.535323,0.15475099999999997,0.7361260000000001
0.548657,0.14755600000000002,0.7361260000000001
0.562102,0.14057200000000003,0.7361260000000001
0.575656,0.13380000000000003,0.7361260000000001
0.589314,0.12724100000000005,0.7361260000000001
0.603073,0.12089799999999995,0.7361260000000001
0.616931,0.11477199999999999,0.7361260000000001
0.6308819999999999,0.10886399999999996,0.7361260000000001
0.644925,0.10317600000000005,0.7361260000000001
0.659056,0.09770999999999996,0.7361260000000001
0.67327,0.09246600000000005,0.7361260000000001
0.687566,0.08744600000000002,0.7361260000000001
0.701938,0.08265100000000003,0.7361260000000001
0.716384,0.07808199999999998,0.7361260000000001
0.7309,0.07374099999999995,0.7361260000000001
0.745482,0.06962800000000002,0.7361260000000001
0.760127,0.06574500000000005,0.7361260000000001
0.774832,0.062092999999999954,0.7361260000000001
0.7895909999999999,0.058671999999999946,0.7361260000000001
0.804403,0.05548299999999995,0.7361260000000001
0.819263,0.05252699999999999,0.7361260000000001
0.834168,0.04980499999999999,0.7361260000000001
0.849113,0.04731799999999997,0.7361260000000001
0.864096,0.04506500000000002,0.7361260000000001
0.879112,0.043047999999999975,0.7361260000000001
0.894158,0.041267000000000054,0.7361260000000001
0.9092305,0.03972299999999995,0.7361260000000001
0.9243251,0.038416000000000006,0.7361260000000001
0.9394383,0.03734599999999999,0.7361260000000001
0.9545666,0.03651300000000002,0.7361260000000001
0.969706,0.035919000000000034,0.7361260000000001
0.9848529,0.03556199999999998,0.7361260000000001
0.03970600000000002,1.0,0.721008
0.039825,0.9849163,0.721008
0.040179999999999993,0.9698364,0.721008
0.04077299999999995,0.9547639,0.721008
0.041601,0.9397025,0.721008
0.04266700000000001,0.9246561,0.721008
0.04396800000000001,0.9096282,0.721008
0.045506000000000046,0.894623,0.721008
0.04727899999999996,0.879643,0.721008
0.04928699999999997,0.8646929999999999,0.721008
0.05152900000000005,0.849777,0.721008
0.054006,0.834897,0.721008
0.05671599999999999,0.820059,0.721008
0.05965900000000002,0.805264,0.721008
0.06283399999999995,0.790518,0.721008
0.06623999999999997,0.775823,0.721008
0.06987600000000005,0.761184,0.721008
0.07374199999999997,0.746604,0.721008
0.07783600000000002,0.732086,0.721008
0.08215799999999995,0.717634,0.721008
0.08670699999999998,0.703252,0.721008
0.09148100000000003,0.688944,0.721008
0.09647899999999998,0.6747110000000001,0.721008
0.10169899999999998,0.66056,0.721008
0.10714199999999996,0.6464920000000001,0.721008
0.11280500000000004,0.632511,0.721008
0.11868699999999999,0.618621,0.721008
0.12478599999999995,0.604825,0.721008
0.13110100000000002,0.591126,0.721008
0.13763000000000003,0.577528,0.721008
0.14437299999999997,0.5640350000000001,0.721008
0.15132599999999996,0.5506489999999999,0.721008
0.158489,0.537374,0.721008
0.16585899999999998,0.524213,0.721008
0.17343600000000003,0.51117,0.721008
0.18121600000000004,0.498247,0.721008
0.18919799999999998,0.485448,0.721008
0.19738,0.472776,0.721008
0.20576099999999997,0.46023400000000003,0.721008
0.214337,0.44782500000000003,0.721008
0.22310700000000006,0.43555299999999997,0.721008
0.23206899999999997,0.423419,0.721008
0.24122,0.411428,0.721008
0.250559,0.399582,0.721008
0.26008200000000004,0.38788500000000004,0.721008
0.26978800000000003,0.37633799999999995,0.721008
0.279674,0.36494499999999996,0.721008
0.28973800000000005,0.35370900000000005,0.721008
0.29997700000000005,0.34263299999999997,0.721008
0.310389,0.33171799999999996,0.721008
0.320971,0.32096899999999995,0.721008
0.33172100000000004,0.31038699999999997,0.721008
0.342635,0.299975,0.721008
0.353712,0.289736,0.721008
0.36494800000000005,0.27967200000000003,0.721008
0.37634100000000004,0.26978599999999997,0.721008
0.387887,0.26008,0.721008
0.39958499999999997,0.250556,0.721008
0.411431,0.24121800000000004,0.721008
0.42342199999999997,0.23206700000000002,0.721008
0.435555,0.223105,0.721008
0.447828,0.21433500000000005,0.721008
0.460237,0.20575900000000003,0.721008
0.47277899999999995,0.19737800000000005,0.721008
0.48545099999999997,0.18919600000000003,0.721008
0.49824999999999997,0.181214,0.721008
0.511173,0.17343399999999998,0.721008
0.524216,0.16585799999999995,0.721008
0.537377,0.15848700000000004,0.721008
0.5506519999999999,0.15132400000000001,0.721008
0.564038,0.14437100000000003,0.721008
0.5775319999999999,0.137629,0.721008
0.591129,0.13109899999999997,0.721008
0.6048279999999999,0.124784,0.721008
0.6186240000000001,0.11868500000000004,0.721008
0.632514,0.11280299999999999,0.721008
0.646495,0.10714100000000004,0.721008
0.660563,0.10169799999999996,0.721008
0.674715,0.09647700000000003,0.721008
0.688947,0.09147899999999998,0.721008
0.703256,0.08670599999999995,0.721008
0.717638,0.08215700000000004,0.721008
0.732089,0.07783499999999999,0.721008
0.746607,0.07374099999999995,0.721008
0.761188,0.06987500000000002,0.721008
0.775827,0.06623900000000005,0.721008
0.790521,0.06283300000000003,0.721008
0.805268,0.05965799999999999,0.721008
0.8200620000000001,0.05671499999999996,0.721008
0.834901,0.05400499999999997,0.721008
0.84978,0.05152900000000005,0.721008
0.864697,0.04928600000000005,0.721008
0.879647,0.04727800000000004,0.721008
0.894626,0.04550500000000002,0.721008
0.9096317,0.04396800000000001,0.721008
0.9246596,0.04266700000000001,0.721008
0.9397061,0.041601,0.721008
0.9547674,0.04077200000000003,0.721008
0.9698399,0.040179999999999993,0.721008
0.9849199,0.039825,0.721008
0.044206999999999996,1.0,0.705959
0.04432499999999995,0.984987,0.705959
0.044679000000000024,0.9699778,0.705959
0.045267999999999975,0.9549759,0.705959
0.04609300000000005,0.9399851,0.705959
0.04715400000000003,0.9250092,0.705959
0.048448999999999964,0.9100517,0.705959
0.049978999999999996,0.895116,0.705959
0.05174400000000001,0.880207,0.705959
0.053742999999999985,0.865327,0.705959
0.055975,0.850481,0.705959
0.05844000000000005,0.835671,0.705959
0.061137,0.820902,0.705959
0.06406599999999996,0.806177,0.705959
0.06722600000000001,0.7915,0.705959
0.07061600000000001,0.7768740000000001,0.705959
0.07423500000000005,0.762303,0.705959
0.07808300000000001,0.747791,0.705959
0.08215799999999995,0.7333419999999999,0.705959
0.08645999999999998,0.718958,0.705959
0.09098700000000004,0.704643,0.705959
0.09573900000000002,0.690401,0.705959
0.10071300000000005,0.6762360000000001,0.705959
0.10590999999999995,0.6621509999999999,0.705959
0.11132699999999995,0.648148,0.705959
0.11696300000000004,0.634233,0.705959
0.12281699999999995,0.6204080000000001,0.705959
0.128888,0.606677,0.705959
0.135173,0.5930420000000001,0.705959
0.14167200000000002,0.579508,0.705959
0.14838300000000004,0.5660780000000001,0.705959
0.155304,0.552755,0.705959
0.16243300000000005,0.539542,0.705959
0.16976899999999995,0.526443,0.705959
0.17730999999999997,0.513461,0.705959
0.18505300000000002,0.500599,0.705959
0.192998,0.48785999999999996,0.705959
0.20114200000000004,0.475247,0.705959
0.20948299999999997,0.46276399999999995,0.705959
0.21801899999999996,0.45041299999999995,0.705959
0.22674799999999995,0.438198,0.705959
0.235668,0.426122,0.705959
0.244776,0.41418699999999997,0.705959
0.25407100000000005,0.402396,0.705959
0.26354999999999995,0.39075400000000005,0.705959
0.27320999999999995,0.37926099999999996,0.705959
0.28305,0.36792199999999997,0.705959
0.29306699999999997,0.356738,0.705959
0.303258,0.34571399999999997,0.705959
0.31362100000000004,0.33485,0.705959
0.32415400000000005,0.32415099999999997,0.705959
0.33485299999999996,0.313619,0.705959
0.345716,0.30325599999999997,0.705959
0.356741,0.293065,0.705959
0.36792400000000003,0.28304799999999997,0.705959
0.37926400000000005,0.273208,0.705959
0.390756,0.263548,0.705959
0.40239899999999995,0.254069,0.705959
0.41418900000000003,0.24477400000000005,0.705959
0.42612399999999995,0.23566600000000004,0.705959
0.43820099999999995,0.226746,0.705959
0.45041600000000004,0.21801700000000002,0.705959
0.46276700000000004,0.20948100000000003,0.705959
0.47524999999999995,0.20113999999999999,0.705959
0.487862,0.19299599999999995,0.705959
0.500602,0.18505099999999997,0.705959
0.5134639999999999,0.17730800000000002,0.705959
0.526446,0.169767,0.705959
0.5395449999999999,0.162431,0.705959
0.5527580000000001,0.15530200000000005,0.705959
0.5660810000000001,0.14838099999999999,0.705959
0.579512,0.141671,0.705959
0.593046,0.13517199999999996,0.705959
0.60668,0.12888599999999995,0.705959
0.620411,0.12281600000000004,0.705959
0.634236,0.11696200000000001,0.705959
0.6481520000000001,0.11132500000000001,0.705959
0.662154,0.105908,0.705959
0.676239,0.10071200000000002,0.705959
0.6904049999999999,0.09573799999999999,0.705959
0.704646,0.09098600000000001,0.705959
0.718961,0.08645899999999995,0.705959
0.733345,0.08215700000000004,0.705959
0.747795,0.07808199999999998,0.705959
0.7623070000000001,0.07423400000000002,0.705959
0.776878,0.07061499999999998,0.705959
0.7915030000000001,0.06722499999999998,0.705959
0.80618,0.06406500000000004,0.705959
0.820905,0.06113599999999997,0.705959
0.835674,0.05843900000000002,0.705959
0.850484,0.05597399999999997,0.705959
0.865331,0.053741999999999956,0.705959
0.880211,0.05174299999999998,0.705959
0.89512,0.049978999999999996,0.705959
0.9100552,0.048448999999999964,0.705959
0.9250127,0.047153,0.705959
0.9399886,0.04609300000000005,0.705959
0.9549794,0.045267999999999975,0.705959
0.9699813,0.044679000000000024,0.705959
0.9849905,0.04432499999999995,0.705959
0.04894399999999999,1.0,0.690982
0.04906100000000002,0.9850614,0.690982
0.04941300000000004,0.9701265,0.690982
0.050000000000000044,0.955199,0.690982
0.050819999999999976,0.9402825,0.690982
0.05187600000000003,0.9253808,0.690982
0.05316500000000002,0.9104975,0.690982
0.05468700000000004,0.895636,0.690982
0.05644300000000002,0.880801,0.690982
0.05843200000000004,0.865995,0.690982
0.06065299999999996,0.851222,0.690982
0.063106,0.836485,0.690982
0.06579000000000002,0.821789,0.690982
0.06870399999999999,0.807137,0.690982
0.07184800000000002,0.7925329999999999,0.690982
0.07522200000000001,0.77798,0.690982
0.07882299999999998,0.763481,0.690982
0.08265199999999995,0.7490410000000001,0.690982
0.08670699999999998,0.7346630000000001,0.690982
0.09098700000000004,0.72035,0.690982
0.09549200000000002,0.706107,0.690982
0.10021999999999998,0.691936,0.690982
0.10516999999999999,0.67784,0.690982
0.11034,0.663825,0.690982
0.11573100000000003,0.649892,0.690982
0.12133899999999997,0.636046,0.690982
0.12716400000000005,0.622289,0.690982
0.13320500000000002,0.608626,0.690982
0.139459,0.595059,0.690982
0.145926,0.581592,0.690982
0.15260300000000004,0.568229,0.690982
0.15949000000000002,0.554971,0.690982
0.16658399999999995,0.541824,0.690982
0.173883,0.52879,0.690982
0.18138600000000005,0.515872,0.690982
0.18909200000000004,0.503073,0.690982
0.19699699999999998,0.49039699999999997,0.690982
0.20510099999999998,0.477847,0.690982
0.21340099999999995,0.465426,0.690982
0.22189400000000004,0.453137,0.690982
0.23058,0.440982,0.690982
0.239456,0.42896500000000004,0.690982
0.24851900000000005,0.41708999999999996,0.690982
0.257768,0.405358,0.690982
0.2672,0.39377300000000004,0.690982
0.27681199999999995,0.38233700000000004,0.690982
0.28660300000000005,0.371054,0.690982
0.29657,0.35992599999999997,0.690982
0.30671099999999996,0.34895600000000004,0.690982
0.31702300000000005,0.338147,0.690982
0.327503,0.3275,0.690982
0.33814900000000003,0.31701999999999997,0.690982
0.348958,0.306709,0.690982
0.35992900000000005,0.29656800000000005,0.690982
0.37105699999999997,0.286601,0.690982
0.38234,0.27681,0.690982
0.393775,0.267197,0.690982
0.40536099999999997,0.25776600000000005,0.690982
0.417092,0.248517,0.690982
0.428968,0.23945399999999994,0.690982
0.44098499999999996,0.23057799999999995,0.690982
0.45313899999999996,0.22189199999999998,0.690982
0.465429,0.213399,0.690982
0.47785,0.20509900000000003,0.690982
0.49039999999999995,0.19699500000000003,0.690982
0.5030760000000001,0.18908999999999998,0.690982
0.515875,0.18138500000000002,0.690982
0.5287930000000001,0.17388099999999995,0.690982
0.5418270000000001,0.166582,0.690982
0.554975,0.15948799999999996,0.690982
0.5682320000000001,0.15260200000000002,0.690982
0.581595,0.14592400000000005,0.690982
0.595062,0.13945700000000005,0.690982
0.608629,0.13320299999999996,0.690982
0.6222920000000001,0.12716300000000003,0.690982
0.636049,0.12133799999999995,0.690982
0.649895,0.11572899999999997,0.690982
0.663828,0.11033899999999996,0.690982
0.677844,0.10516899999999996,0.690982
0.6919390000000001,0.10021899999999995,0.690982
0.70611,0.09549099999999999,0.690982
0.7203539999999999,0.09098600000000001,0.690982
0.734667,0.08670599999999995,0.690982
0.749045,0.08265100000000003,0.690982
0.763485,0.07882199999999995,0.690982
0.777983,0.07522099999999998,0.690982
0.792536,0.07184800000000002,0.690982
0.807141,0.06870299999999996,0.690982
0.821793,0.06578899999999999,0.690982
0.836489,0.06310499999999997,0.690982
0.851225,0.06065200000000004,0.690982
0.865998,0.05843100000000001,0.690982
0.880804,0.05644300000000002,0.690982
0.89564,0.05468700000000004,0.690982
0.910501,0.05316399999999999,0.690982
0.9253843,0.051875000000000004,0.690982
0.940286,0.050819999999999976,0.690982
0.9552025,0.049999000000000016,0.690982
0.97013,0.04941300000000004,0.690982
0.9850649,0.04906100000000002,0.690982
0.053915000000000046,1.0,0.6760820000000001
0.05403199999999997,0.9851395,0.6760820000000001
0.05438200000000004,0.9702827,0.6760820000000001
0.05496500000000004,0.9554332,0.6760820000000001
0.055782,0.9405947,0.6760820000000001
0.056830999999999965,0.9257708,0.6760820000000001
0.058114,0.9109653,0.6760820000000001
0.059628000000000014,0.896182,0.6760820000000001
0.06137499999999996,0.881424,0.6760820000000001
0.06335299999999999,0.866695,0.6760820000000001
0.06556300000000004,0.851999,0.6760820000000001
0.06800300000000004,0.83734,0.6760820000000001
0.07067299999999999,0.822721,0.6760820000000001
0.07357199999999997,0.808146,0.6760820000000001
0.07669999999999999,0.793617,0.6760820000000001
0.08005499999999999,0.7791399999999999,0.6760820000000001
0.08363799999999999,0.764718,0.6760820000000001
0.08744700000000005,0.750353,0.6760820000000001
0.09148100000000003,0.73605,0.6760820000000001
0.09573900000000002,0.721812,0.6760820000000001
0.10021999999999998,0.707643,0.6760820000000001
0.10492299999999999,0.693546,0.6760820000000001
0.10984700000000003,0.679524,0.6760820000000001
0.11499099999999995,0.665582,0.6760820000000001
0.12035300000000004,0.651722,0.6760820000000001
0.12593200000000004,0.637948,0.6760820000000001
0.131726,0.624263,0.6760820000000001
0.13773500000000005,0.610672,0.6760820000000001
0.143957,0.5971759999999999,0.6760820000000001
0.15039000000000002,0.583779,0.6760820000000001
0.15703199999999995,0.570485,0.6760820000000001
0.163883,0.5572980000000001,0.6760820000000001
0.17093999999999998,0.544219,0.6760820000000001
0.17820100000000005,0.531253,0.6760820000000001
0.18566499999999997,0.518402,0.6760820000000001
0.19333,0.505671,0.6760820000000001
0.201195,0.49306099999999997,0.6760820000000001
0.209256,0.48057700000000003,0.6760820000000001
0.21751200000000004,0.46821999999999997,0.6760820000000001
0.225962,0.45599500000000004,0.6760820000000001
0.23460199999999998,0.44390399999999997,0.6760820000000001
0.24343099999999995,0.43194999999999995,0.6760820000000001
0.252447,0.420137,0.6760820000000001
0.26164699999999996,0.408466,0.6760820000000001
0.27103,0.396941,0.6760820000000001
0.28059199999999995,0.38556599999999996,0.6760820000000001
0.29033200000000003,0.37434100000000003,0.6760820000000001
0.30024700000000004,0.36327200000000004,0.6760820000000001
0.310335,0.352359,0.6760820000000001
0.320593,0.34160599999999997,0.6760820000000001
0.33101800000000003,0.331016,0.6760820000000001
0.34160900000000005,0.32059000000000004,0.6760820000000001
0.35236100000000004,0.31033200000000005,0.6760820000000001
0.363274,0.300245,0.6760820000000001
0.374344,0.29033,0.6760820000000001
0.385568,0.28059,0.6760820000000001
0.39694399999999996,0.27102800000000005,0.6760820000000001
0.40846899999999997,0.261645,0.6760820000000001
0.42013900000000004,0.25244500000000003,0.6760820000000001
0.43195300000000003,0.243429,0.6760820000000001
0.44390700000000005,0.23460000000000003,0.6760820000000001
0.455998,0.22596000000000005,0.6760820000000001
0.46822299999999994,0.21750999999999998,0.6760820000000001
0.48058,0.20925400000000005,0.6760820000000001
0.49306399999999995,0.20119299999999996,0.6760820000000001
0.505674,0.19332899999999997,0.6760820000000001
0.518405,0.18566400000000005,0.6760820000000001
0.531256,0.17820000000000003,0.6760820000000001
0.544222,0.17093800000000003,0.6760820000000001
0.557301,0.16388100000000005,0.6760820000000001
0.570489,0.15703100000000003,0.6760820000000001
0.583782,0.15038799999999997,0.6760820000000001
0.597179,0.14395599999999997,0.6760820000000001
0.6106750000000001,0.13773400000000002,0.6760820000000001
0.624267,0.13172499999999998,0.6760820000000001
0.6379509999999999,0.12593,0.6760820000000001
0.651725,0.12035099999999999,0.6760820000000001
0.665585,0.11498900000000001,0.6760820000000001
0.679528,0.109846,0.6760820000000001
0.693549,0.10492199999999996,0.6760820000000001
0.707646,0.10021899999999995,0.6760820000000001
0.721816,0.09573799999999999,0.6760820000000001
0.7360530000000001,0.09148,0.6760820000000001
0.750356,0.08744600000000002,0.6760820000000001
0.764721,0.08363699999999996,0.6760820000000001
0.7791440000000001,0.08005499999999999,0.6760820000000001
0.793621,0.07669899999999996,0.6760820000000001
0.808149,0.07357100000000005,0.6760820000000001
0.822724,0.07067199999999996,0.6760820000000001
0.837343,0.068002,0.6760820000000001
0.8520030000000001,0.06556200000000001,0.6760820000000001
0.866699,0.06335299999999999,0.6760820000000001
0.881427,0.06137499999999996,0.6760820000000001
0.896185,0.059628000000000014,0.6760820000000001
0.9109688,0.05811299999999997,0.6760820000000001
0.9257743,0.056830999999999965,0.6760820000000001
0.9405982,0.055782,0.6760820000000001
0.9554367,0.05496500000000004,0.6760820000000001
0.9702862,0.05438200000000004,0.6760820000000001
0.985143,0.05403199999999997,0.6760820000000001
0.05911999999999995,1.0,0.661261
0.059235999999999955,0.9852213,0.661261
0.05958399999999997,0.9704462,0.661261
0.060163999999999995,0.9556784,0.661261
0.06097600000000003,0.9409215,0.661261
0.062019999999999964,0.9261792,0.661261
0.06329499999999999,0.9114551,0.661261
0.06480200000000003,0.896753,0.661261
0.06653900000000001,0.882076,0.661261
0.06850599999999996,0.867428,0.661261
0.07070299999999996,0.852814,0.661261
0.07313000000000003,0.8382350000000001,0.661261
0.07578499999999999,0.823696,0.661261
0.07866799999999996,0.8092010000000001,0.661261
0.08177900000000005,0.794753,0.661261
0.08511599999999997,0.780355,0.661261
0.08867899999999995,0.766012,0.661261
0.09246699999999997,0.751726,0.661261
0.09647899999999998,0.737502,0.661261
0.10071300000000005,0.7233430000000001,0.661261
0.10516999999999999,0.7092510000000001,0.661261
0.10984700000000003,0.6952320000000001,0.661261
0.11474399999999996,0.681287,0.661261
0.11985900000000005,0.667422,0.661261
0.12519199999999997,0.6536379999999999,0.661261
0.13073999999999997,0.63994,0.661261
0.13650300000000004,0.62633,0.661261
0.14247900000000002,0.612813,0.661261
0.14866599999999996,0.5993919999999999,0.661261
0.15506399999999998,0.586069,0.661261
0.16166999999999998,0.572848,0.661261
0.16848300000000005,0.559733,0.661261
0.17550100000000002,0.546726,0.661261
0.18272200000000005,0.533832,0.661261
0.190145,0.5210520000000001,0.661261
0.19776800000000005,0.50839,0.661261
0.20558900000000002,0.49585,0.661261
0.21360599999999996,0.48343400000000003,0.661261
0.22181700000000004,0.47114599999999995,0.661261
0.23021999999999998,0.45898799999999995,0.661261
0.23881300000000005,0.446963,0.661261
0.24759299999999995,0.435075,0.661261
0.256559,0.423327,0.661261
0.265709,0.41172,0.661261
0.27503999999999995,0.40025900000000003,0.661261
0.28454999999999997,0.388946,0.661261
0.29423600000000005,0.377783,0.661261
0.30409699999999995,0.36677400000000004,0.661261
0.314129,0.35592199999999996,0.661261
0.32433,0.345228,0.661261
0.33469800000000005,0.334696,0.661261
0.34523000000000004,0.32432799999999995,0.661261
0.355924,0.314126,0.661261
0.366777,0.304094,0.661261
0.37778599999999996,0.294234,0.661261
0.38894799999999996,0.284548,0.661261
0.400262,0.275038,0.661261
0.41172299999999995,0.265707,0.661261
0.42332899999999996,0.25655700000000004,0.661261
0.43507799999999996,0.247591,0.661261
0.446966,0.23880999999999997,0.661261
0.45899,0.23021800000000003,0.661261
0.471148,0.22181499999999998,0.661261
0.483437,0.21360400000000002,0.661261
0.495853,0.20558699999999996,0.661261
0.508393,0.197766,0.661261
0.521055,0.19014299999999995,0.661261
0.5338350000000001,0.18272,0.661261
0.546729,0.17549899999999996,0.661261
0.559736,0.168481,0.661261
0.572851,0.16166800000000003,0.661261
0.5860719999999999,0.15506200000000003,0.661261
0.599395,0.14866500000000005,0.661261
0.612816,0.14247699999999996,0.661261
0.626334,0.136502,0.661261
0.6399429999999999,0.13073900000000005,0.661261
0.653641,0.12519000000000002,0.661261
0.6674249999999999,0.11985800000000002,0.661261
0.681291,0.11474300000000004,0.661261
0.695235,0.109846,0.661261
0.709255,0.10516899999999996,0.661261
0.723346,0.10071200000000002,0.661261
0.7375050000000001,0.09647799999999995,0.661261
0.75173,0.09246600000000005,0.661261
0.766015,0.08867800000000003,0.661261
0.780359,0.08511500000000005,0.661261
0.794756,0.08177800000000002,0.661261
0.809204,0.07866799999999996,0.661261
0.8237,0.07578499999999999,0.661261
0.838238,0.073129,0.661261
0.8528169999999999,0.07070299999999996,0.661261
0.867432,0.06850599999999996,0.661261
0.88208,0.06653799999999999,0.661261
0.896756,0.064801,0.661261
0.9114586,0.06329499999999999,0.661261
0.9261826,0.062019999999999964,0.661261
0.9409249,0.06097600000000003,0.661261
0.9556818,0.060163999999999995,0.661261
0.9704496,0.05958399999999997,0.661261
0.9852247,0.059235999999999955,0.661261
0.06455599999999995,1.0,0.646524
0.06467199999999995,0.9853067,0.646524
0.06501800000000002,0.9706169,0.646524
0.06559499999999996,0.9559345,0.646524
0.06640199999999996,0.9412629,0.646524
0.06744000000000006,0.9266058,0.646524
0.06870799999999999,0.9119668,0.646524
0.07020499999999996,0.897349,0.646524
0.07193300000000002,0.882758,0.646524
0.07388899999999998,0.868195,0.646524
0.07607299999999995,0.853664,0.646524
0.07848599999999994,0.83917,0.646524
0.08112600000000003,0.824715,0.646524
0.08399199999999996,0.810303,0.646524
0.08708499999999997,0.795939,0.646524
0.09040300000000001,0.781624,0.646524
0.09394499999999995,0.7673639999999999,0.646524
0.09771099999999999,0.753161,0.646524
0.10169899999999998,0.739019,0.646524
0.10590999999999995,0.7249410000000001,0.646524
0.11034,0.710931,0.646524
0.11499099999999995,0.696993,0.646524
0.11985900000000005,0.683129,0.646524
0.12494499999999997,0.669343,0.646524
0.130247,0.6556390000000001,0.646524
0.13576299999999997,0.64202,0.646524
0.14149299999999998,0.62849,0.646524
0.14743399999999995,0.615051,0.646524
0.153586,0.601707,0.646524
0.15994600000000003,0.588461,0.646524
0.16651400000000005,0.5753170000000001,0.646524
0.17328699999999997,0.562277,0.646524
0.180265,0.549346,0.646524
0.18744499999999997,0.5365249999999999,0.646524
0.19482500000000003,0.523819,0.646524
0.20240400000000003,0.511231,0.646524
0.210179,0.49876299999999996,0.646524
0.21814999999999996,0.48641900000000005,0.646524
0.226313,0.474202,0.646524
0.234668,0.462114,0.646524
0.24321099999999996,0.450159,0.646524
0.25194099999999997,0.43833999999999995,0.646524
0.26085499999999995,0.426659,0.646524
0.26995199999999997,0.41512000000000004,0.646524
0.27922899999999995,0.403725,0.646524
0.28868400000000005,0.39247699999999996,0.646524
0.29831399999999997,0.381379,0.646524
0.308118,0.370433,0.646524
0.31809200000000004,0.35964300000000005,0.646524
0.328234,0.349012,0.646524
0.33854300000000004,0.33853999999999995,0.646524
0.34901400000000005,0.32823199999999997,0.646524
0.359646,0.31809,0.646524
0.370436,0.30811599999999995,0.646524
0.38138099999999997,0.298312,0.646524
0.392479,0.288682,0.646524
0.40372699999999995,0.279227,0.646524
0.415122,0.26995,0.646524
0.426662,0.260853,0.646524
0.438342,0.251939,0.646524
0.45016199999999995,0.243209,0.646524
0.462117,0.23466600000000004,0.646524
0.47420399999999996,0.22631100000000004,0.646524
0.486422,0.218148,0.646524
0.49876600000000004,0.21017799999999998,0.646524
0.511234,0.20240199999999997,0.646524
0.523822,0.19482299999999997,0.646524
0.536528,0.18744300000000003,0.646524
0.549349,0.18026299999999995,0.646524
0.56228,0.17328600000000005,0.646524
0.57532,0.166512,0.646524
0.588464,0.159945,0.646524
0.60171,0.15358400000000005,0.646524
0.615054,0.147432,0.646524
0.628493,0.14149100000000003,0.646524
0.6420239999999999,0.13576200000000005,0.646524
0.655643,0.13024500000000006,0.646524
0.669347,0.12494400000000006,0.646524
0.6831320000000001,0.11985800000000002,0.646524
0.696996,0.11499000000000004,0.646524
0.710935,0.11033899999999996,0.646524
0.724944,0.10590900000000003,0.646524
0.7390220000000001,0.10169899999999998,0.646524
0.753164,0.09770999999999996,0.646524
0.767367,0.09394400000000003,0.646524
0.781628,0.09040199999999998,0.646524
0.795942,0.08708400000000005,0.646524
0.810307,0.08399199999999996,0.646524
0.8247180000000001,0.081125,0.646524
0.839173,0.07848500000000003,0.646524
0.853667,0.07607299999999995,0.646524
0.868198,0.07388799999999995,0.646524
0.882761,0.071932,0.646524
0.897353,0.07020499999999996,0.646524
0.9119702,0.06870699999999996,0.646524
0.9266092,0.06744000000000006,0.646524
0.9412663,0.06640199999999996,0.646524
0.9559379,0.06559499999999996,0.646524
0.9706204,0.06501800000000002,0.646524
0.9853101,0.06467199999999995,0.646524
0.07022399999999995,1.0,0.631875
0.07033900000000004,0.9853957,0.631875
0.07068300000000005,0.970795,0.631875
0.07125599999999999,0.9562014,0.631875
0.07205899999999998,0.9416187,0.631875
0.07308999999999999,0.9270503999999999,0.631875
0.07435000000000003,0.9125001,0.631875
0.07583899999999999,0.897971,0.631875
0.07755500000000004,0.883468,0.631875
0.07950000000000002,0.868993,0.631875
0.08167100000000005,0.8545510000000001,0.631875
0.08406899999999995,0.840144,0.631875
0.08669300000000002,0.825777,0.631875
0.08954200000000001,0.811453,0.631875
0.09261600000000003,0.797175,0.631875
0.09591400000000005,0.782948,0.631875
0.09943500000000005,0.7687740000000001,0.631875
0.10317799999999999,0.754657,0.631875
0.10714199999999996,0.7405999999999999,0.631875
0.11132699999999995,0.7266079999999999,0.631875
0.11573100000000003,0.712683,0.631875
0.12035300000000004,0.6988289999999999,0.631875
0.12519199999999997,0.685049,0.631875
0.130247,0.671347,0.631875
0.13551599999999997,0.657726,0.631875
0.14099899999999999,0.644189,0.631875
0.146694,0.630741,0.631875
0.15259900000000004,0.617383,0.631875
0.15871400000000002,0.60412,0.631875
0.16503599999999996,0.590954,0.631875
0.17156400000000005,0.57789,0.631875
0.178296,0.564929,0.631875
0.18523100000000003,0.552076,0.631875
0.19236799999999998,0.5393330000000001,0.631875
0.19970299999999996,0.5267040000000001,0.631875
0.20723599999999998,0.514192,0.631875
0.21496499999999996,0.5018,0.631875
0.22288699999999995,0.48953100000000005,0.631875
0.231001,0.477387,0.631875
0.239305,0.46537300000000004,0.631875
0.24779600000000002,0.45348999999999995,0.631875
0.25647299999999995,0.44174199999999997,0.631875
0.26533399999999996,0.43013199999999996,0.631875
0.27437500000000004,0.418663,0.631875
0.28359599999999996,0.40733699999999995,0.631875
0.292994,0.396158,0.631875
0.302566,0.385127,0.631875
0.31231,0.374248,0.631875
0.32222300000000004,0.36352300000000004,0.631875
0.33230400000000004,0.35295600000000005,0.631875
0.34255,0.34254799999999996,0.631875
0.352958,0.332302,0.631875
0.363526,0.322221,0.631875
0.37424999999999997,0.312307,0.631875
0.38512900000000005,0.302563,0.631875
0.39615999999999996,0.292991,0.631875
0.40734000000000004,0.283594,0.631875
0.418666,0.274373,0.631875
0.43013500000000005,0.265331,0.631875
0.44174500000000005,0.256471,0.631875
0.45349300000000003,0.24779399999999996,0.631875
0.465376,0.23930300000000004,0.631875
0.47739,0.23099899999999995,0.631875
0.489533,0.222885,0.631875
0.501803,0.21496300000000002,0.631875
0.514195,0.20723400000000003,0.631875
0.526707,0.19970100000000002,0.631875
0.539336,0.19236600000000004,0.631875
0.552079,0.18523,0.631875
0.564932,0.17829499999999998,0.631875
0.577893,0.171562,0.631875
0.590957,0.16503400000000001,0.631875
0.604123,0.15871199999999996,0.631875
0.617386,0.152598,0.631875
0.630744,0.14669299999999996,0.631875
0.644192,0.14099799999999996,0.631875
0.657729,0.13551500000000005,0.631875
0.67135,0.13024599999999997,0.631875
0.685052,0.12519100000000005,0.631875
0.698832,0.12035200000000001,0.631875
0.7126859999999999,0.11572899999999997,0.631875
0.726611,0.11132600000000004,0.631875
0.740603,0.10714100000000004,0.631875
0.75466,0.10317699999999996,0.631875
0.768777,0.09943400000000002,0.631875
0.782951,0.09591300000000003,0.631875
0.7971779999999999,0.092615,0.631875
0.811456,0.08954099999999998,0.631875
0.82578,0.08669199999999999,0.631875
0.840147,0.08406800000000003,0.631875
0.854554,0.08167000000000002,0.631875
0.868996,0.07949899999999999,0.631875
0.883471,0.07755500000000004,0.631875
0.897975,0.07583799999999996,0.631875
0.9125035,0.07435000000000003,0.631875
0.9270538,0.07308999999999999,0.631875
0.9416221,0.07205799999999996,0.631875
0.9562049,0.07125599999999999,0.631875
0.9707984,0.07068300000000005,0.631875
0.9853991,0.07033800000000001,0.631875
0.076121,1.0,0.617316
0.07623500000000005,0.9854883,0.617316
0.076577,0.9709802,0.617316
0.07714600000000005,0.9564792,0.617316
0.07794400000000001,0.941989,0.617316
0.07896899999999996,0.9275131,0.617316
0.08022099999999999,0.9130551,0.617316
0.0817,0.8986190000000001,0.617316
0.08340599999999998,0.884207,0.617316
0.08533800000000002,0.869824,0.617316
0.08749499999999999,0.855473,0.617316
0.08987800000000001,0.841158,0.617316
0.09248500000000004,0.826882,0.617316
0.09531699999999999,0.812649,0.617316
0.09837099999999999,0.798462,0.617316
0.10164799999999996,0.784324,0.617316
0.10514599999999996,0.77024,0.617316
0.10886600000000002,0.756213,0.617316
0.11280500000000004,0.742245,0.617316
0.11696300000000004,0.728342,0.617316
0.12133899999999997,0.714505,0.617316
0.12593200000000004,0.700739,0.617316
0.13073999999999997,0.687046,0.617316
0.13576299999999997,0.673431,0.617316
0.14099899999999999,0.659897,0.617316
0.146447,0.6464460000000001,0.617316
0.15210599999999996,0.6330830000000001,0.617316
0.15797399999999995,0.61981,0.617316
0.16405000000000003,0.6066309999999999,0.617316
0.170331,0.593548,0.617316
0.17681800000000003,0.580567,0.617316
0.183508,0.567688,0.617316
0.19039899999999998,0.554917,0.617316
0.19749000000000005,0.5422549999999999,0.617316
0.20477900000000004,0.529706,0.617316
0.212264,0.517273,0.617316
0.21994400000000003,0.5049600000000001,0.617316
0.22781600000000002,0.492768,0.617316
0.23587800000000003,0.48070199999999996,0.617316
0.24412900000000004,0.46876399999999996,0.617316
0.252567,0.45695600000000003,0.617316
0.261189,0.445283,0.617316
0.26999300000000004,0.433747,0.617316
0.27897799999999995,0.42235,0.617316
0.28813999999999995,0.411096,0.617316
0.297478,0.399987,0.617316
0.30698899999999996,0.389027,0.617316
0.31667100000000004,0.378217,0.617316
0.326522,0.36756,0.617316
0.33653900000000003,0.357059,0.617316
0.34672000000000003,0.34671799999999997,0.617316
0.357062,0.336537,0.617316
0.36756200000000006,0.32652000000000003,0.617316
0.37821899999999997,0.316669,0.617316
0.38902899999999996,0.306987,0.617316
0.39998999999999996,0.29747599999999996,0.617316
0.411099,0.288138,0.617316
0.422353,0.278975,0.617316
0.43374900000000005,0.269991,0.617316
0.44528599999999996,0.26118699999999995,0.617316
0.456959,0.25256500000000004,0.617316
0.468766,0.24412699999999998,0.617316
0.48070500000000005,0.23587599999999997,0.617316
0.49277099999999996,0.22781399999999996,0.617316
0.504963,0.21994199999999997,0.617316
0.5172760000000001,0.21226199999999995,0.617316
0.529709,0.204777,0.617316
0.542258,0.197488,0.617316
0.5549200000000001,0.19039700000000004,0.617316
0.567691,0.18350599999999995,0.617316
0.58057,0.176817,0.617316
0.5935520000000001,0.17032999999999998,0.617316
0.606634,0.16404799999999997,0.617316
0.619813,0.157972,0.617316
0.633086,0.15210500000000005,0.617316
0.646449,0.14644599999999997,0.617316
0.6598999999999999,0.14099799999999996,0.617316
0.673434,0.13576200000000005,0.617316
0.6870499999999999,0.13073900000000005,0.617316
0.700742,0.12593100000000002,0.617316
0.7145079999999999,0.12133799999999995,0.617316
0.728345,0.11696200000000001,0.617316
0.7422489999999999,0.11280400000000002,0.617316
0.756216,0.10886499999999999,0.617316
0.770243,0.10514500000000004,0.617316
0.784327,0.10164700000000004,0.617316
0.798465,0.09836999999999996,0.617316
0.812652,0.09531599999999996,0.617316
0.826885,0.09248500000000004,0.617316
0.841161,0.08987699999999998,0.617316
0.855476,0.08749499999999999,0.617316
0.869827,0.085337,0.617316
0.8842099999999999,0.08340499999999995,0.617316
0.898622,0.0817,0.617316
0.9130585,0.08022099999999999,0.617316
0.9275165,0.07896899999999996,0.617316
0.9419924,0.07794400000000001,0.617316
0.9564826,0.07714600000000005,0.617316
0.9709836,0.076577,0.617316
0.9854917,0.07623500000000005,0.617316
0.08224600000000004,1.0,0.602851
0.08235899999999996,0.9855845,0.602851
0.08269899999999997,0.9711726,0.602851
0.08326500000000003,0.9567678,0.602851
0.08405700000000005,0.9423736,0.602851
0.08507500000000001,0.9279937,0.602851
0.08631900000000003,0.9136315,0.602851
0.08778799999999998,0.899291,0.602851
0.08948299999999998,0.884975,0.602851
0.09140199999999998,0.870687,0.602851
0.09354499999999999,0.8564309999999999,0.602851
0.095912,0.842211,0.602851
0.09850199999999998,0.82803,0.602851
0.10131400000000002,0.813891,0.602851
0.104348,0.799798,0.602851
0.107603,0.7857540000000001,0.602851
0.11107900000000004,0.771763,0.602851
0.11477300000000001,0.757829,0.602851
0.11868699999999999,0.743954,0.602851
0.12281699999999995,0.730143,0.602851
0.12716400000000005,0.716398,0.602851
0.131726,0.702723,0.602851
0.13650300000000004,0.689121,0.602851
0.14149299999999998,0.675596,0.602851
0.146694,0.6621509999999999,0.602851
0.15210599999999996,0.64879,0.602851
0.15772699999999995,0.635515,0.602851
0.16355600000000003,0.62233,0.602851
0.16959199999999996,0.609238,0.602851
0.175832,0.5962430000000001,0.602851
0.18227499999999996,0.5833470000000001,0.602851
0.188921,0.5705549999999999,0.602851
0.195766,0.557868,0.602851
0.20281000000000005,0.54529,0.602851
0.210051,0.532824,0.602851
0.21748599999999996,0.520474,0.602851
0.22511499999999995,0.5082420000000001,0.602851
0.232935,0.496131,0.602851
0.24094400000000005,0.48414500000000005,0.602851
0.24914000000000003,0.47228499999999995,0.602851
0.25752200000000003,0.46055599999999997,0.602851
0.26608699999999996,0.44896100000000005,0.602851
0.274833,0.43750100000000003,0.602851
0.28375799999999995,0.42618,0.602851
0.292859,0.41500000000000004,0.602851
0.30213500000000004,0.403965,0.602851
0.31158300000000005,0.393077,0.602851
0.32120099999999996,0.382339,0.602851
0.33098700000000003,0.371753,0.602851
0.34093799999999996,0.36132200000000003,0.602851
0.351051,0.35104900000000006,0.602851
0.361324,0.340935,0.602851
0.37175499999999995,0.330985,0.602851
0.38234100000000004,0.321199,0.602851
0.39308,0.311581,0.602851
0.403968,0.302133,0.602851
0.415003,0.29285700000000003,0.602851
0.42618199999999995,0.283755,0.602851
0.437503,0.27483100000000005,0.602851
0.448963,0.266085,0.602851
0.46055900000000005,0.25751999999999997,0.602851
0.47228800000000004,0.24913799999999997,0.602851
0.484147,0.240942,0.602851
0.49613399999999996,0.23293299999999995,0.602851
0.5082450000000001,0.225113,0.602851
0.5204770000000001,0.21748500000000004,0.602851
0.5328269999999999,0.21004900000000004,0.602851
0.545293,0.20280900000000002,0.602851
0.557871,0.19576499999999997,0.602851
0.570557,0.18891899999999995,0.602851
0.58335,0.18227400000000005,0.602851
0.596246,0.17583000000000004,0.602851
0.6092409999999999,0.16959000000000002,0.602851
0.622333,0.163555,0.602851
0.635518,0.15772600000000003,0.602851
0.648793,0.15210500000000005,0.602851
0.662155,0.14669299999999996,0.602851
0.6755990000000001,0.14149100000000003,0.602851
0.6891240000000001,0.136502,0.602851
0.702726,0.13172499999999998,0.602851
0.7164010000000001,0.12716300000000003,0.602851
0.730146,0.12281600000000004,0.602851
0.743957,0.11868599999999996,0.602851
0.7578320000000001,0.11477300000000001,0.602851
0.771767,0.11107800000000001,0.602851
0.785757,0.107603,0.602851
0.799801,0.104348,0.602851
0.813894,0.10131400000000002,0.602851
0.828033,0.09850099999999995,0.602851
0.842214,0.09591099999999997,0.602851
0.8564350000000001,0.09354399999999996,0.602851
0.87069,0.09140099999999995,0.602851
0.884978,0.08948199999999995,0.602851
0.899294,0.08778799999999998,0.602851
0.9136349,0.086318,0.602851
0.927997,0.08507500000000001,0.602851
0.942377,0.08405700000000005,0.602851
0.9567711,0.083264,0.602851
0.9711759,0.08269899999999997,0.602851
0.9855879,0.08235899999999996,0.602851
0.08859700000000004,1.0,0.5884849999999999
0.08870999999999996,0.9856843,0.5884849999999999
0.08904699999999999,0.9713721,0.5884849999999999
0.08960900000000005,0.9570669,0.5884849999999999
0.09039600000000003,0.9427724,0.5884849999999999
0.09140700000000002,0.928492,0.5884849999999999
0.092642,0.9142292,0.5884849999999999
0.09410099999999999,0.899988,0.5884849999999999
0.09578399999999998,0.885771,0.5884849999999999
0.09769000000000005,0.871582,0.5884849999999999
0.09981799999999996,0.857425,0.5884849999999999
0.10216899999999995,0.843303,0.5884849999999999
0.10474099999999997,0.8292200000000001,0.5884849999999999
0.10753400000000002,0.815179,0.5884849999999999
0.11054699999999995,0.801183,0.5884849999999999
0.11377899999999996,0.787237,0.5884849999999999
0.11723099999999997,0.773343,0.5884849999999999
0.12090000000000001,0.759505,0.5884849999999999
0.12478599999999995,0.745726,0.5884849999999999
0.128888,0.73201,0.5884849999999999
0.13320500000000002,0.71836,0.5884849999999999
0.13773500000000005,0.70478,0.5884849999999999
0.14247900000000002,0.691273,0.5884849999999999
0.14743399999999995,0.677841,0.5884849999999999
0.15259900000000004,0.664489,0.5884849999999999
0.15797399999999995,0.65122,0.5884849999999999
0.16355600000000003,0.638037,0.5884849999999999
0.16934499999999997,0.6249439999999999,0.5884849999999999
0.175338,0.611943,0.5884849999999999
0.18153600000000003,0.599037,0.5884849999999999
0.18793499999999996,0.586231,0.5884849999999999
0.19453399999999998,0.573527,0.5884849999999999
0.20133199999999996,0.560927,0.5884849999999999
0.20832700000000004,0.5484370000000001,0.5884849999999999
0.215518,0.536057,0.5884849999999999
0.22290200000000004,0.523792,0.5884849999999999
0.23047799999999996,0.511645,0.5884849999999999
0.23824299999999998,0.499618,0.5884849999999999
0.246197,0.487715,0.5884849999999999
0.25433700000000004,0.47593700000000005,0.5884849999999999
0.26266,0.46429,0.5884849999999999
0.271166,0.452774,0.5884849999999999
0.27985099999999996,0.44139399999999995,0.5884849999999999
0.288714,0.43015099999999995,0.5884849999999999
0.29775300000000005,0.419049,0.5884849999999999
0.30696500000000004,0.40808999999999995,0.5884849999999999
0.31634799999999996,0.397277,0.5884849999999999
0.32589900000000005,0.386613,0.5884849999999999
0.33561700000000005,0.376101,0.5884849999999999
0.345499,0.365742,0.5884849999999999
0.355542,0.35553999999999997,0.5884849999999999
0.36574399999999996,0.345496,0.5884849999999999
0.37610299999999997,0.335615,0.5884849999999999
0.38661599999999996,0.325897,0.5884849999999999
0.39727999999999997,0.316345,0.5884849999999999
0.40809300000000004,0.306963,0.5884849999999999
0.41905099999999995,0.297751,0.5884849999999999
0.43015400000000004,0.28871199999999997,0.5884849999999999
0.441396,0.279849,0.5884849999999999
0.452777,0.27116399999999996,0.5884849999999999
0.46429200000000004,0.26265799999999995,0.5884849999999999
0.47594000000000003,0.254335,0.5884849999999999
0.48771699999999996,0.24619500000000005,0.5884849999999999
0.499621,0.23824199999999995,0.5884849999999999
0.511648,0.23047600000000001,0.5884849999999999
0.523795,0.2229,0.5884849999999999
0.53606,0.21551600000000004,0.5884849999999999
0.548439,0.208326,0.5884849999999999
0.5609299999999999,0.20133,0.5884849999999999
0.573529,0.19453200000000004,0.5884849999999999
0.5862339999999999,0.18793300000000002,0.5884849999999999
0.59904,0.18153399999999997,0.5884849999999999
0.611946,0.17533699999999997,0.5884849999999999
0.6249469999999999,0.16934300000000002,0.5884849999999999
0.6380410000000001,0.163555,0.5884849999999999
0.651224,0.15797300000000003,0.5884849999999999
0.664493,0.152598,0.5884849999999999
0.677844,0.14743300000000004,0.5884849999999999
0.691276,0.142478,0.5884849999999999
0.7047829999999999,0.13773400000000002,0.5884849999999999
0.718364,0.133204,0.5884849999999999
0.732013,0.12888699999999997,0.5884849999999999
0.745729,0.12478500000000003,0.5884849999999999
0.759508,0.12089899999999998,0.5884849999999999
0.773346,0.11722999999999995,0.5884849999999999
0.7872399999999999,0.11377899999999996,0.5884849999999999
0.801186,0.11054600000000003,0.5884849999999999
0.815182,0.10753299999999999,0.5884849999999999
0.829223,0.10474000000000006,0.5884849999999999
0.843306,0.10216800000000004,0.5884849999999999
0.857428,0.09981799999999996,0.5884849999999999
0.871585,0.09768900000000003,0.5884849999999999
0.8857740000000001,0.09578299999999995,0.5884849999999999
0.899991,0.09410099999999999,0.5884849999999999
0.9142325,0.092642,0.5884849999999999
0.9284953,0.09140599999999999,0.5884849999999999
0.9427757,0.090395,0.5884849999999999
0.9570703,0.08960900000000005,0.5884849999999999
0.9713754,0.08904699999999999,0.5884849999999999
0.9856876,0.08870999999999996,0.5884849999999999
0.09517299999999995,1.0,0.57422
0.09528499999999995,0.9857876,0.57422
0.09562000000000004,0.9715786,0.57422
0.09617799999999999,0.9573767,0.57422
0.09695900000000002,0.9431853,0.57422
0.09796300000000002,0.9290080000000001,0.57422
0.09918899999999997,0.9148480999999999,0.57422
0.100638,0.9007092,0.57422
0.10230799999999995,0.886595,0.57422
0.10419999999999996,0.872509,0.57422
0.10631299999999999,0.858454,0.57422
0.10864700000000005,0.844434,0.57422
0.11119999999999997,0.830452,0.57422
0.11397299999999999,0.816512,0.57422
0.11696499999999999,0.802618,0.57422
0.120174,0.788772,0.57422
0.12360000000000004,0.774978,0.57422
0.127243,0.76124,0.57422
0.13110100000000002,0.7475609999999999,0.57422
0.135173,0.7339439999999999,0.57422
0.139459,0.7203930000000001,0.57422
0.143957,0.7069099999999999,0.57422
0.14866599999999996,0.6935,0.57422
0.153586,0.680166,0.57422
0.15871400000000002,0.66691,0.57422
0.16405000000000003,0.653737,0.57422
0.16959199999999996,0.640649,0.57422
0.175338,0.62765,0.57422
0.18128900000000003,0.614743,0.57422
0.18744099999999997,0.6019300000000001,0.57422
0.19379400000000002,0.589216,0.57422
0.20034600000000002,0.576604,0.57422
0.20709500000000003,0.5640959999999999,0.57422
0.21404,0.551695,0.57422
0.22117799999999999,0.539405,0.57422
0.22850899999999996,0.527228,0.57422
0.23602999999999996,0.515169,0.57422
0.24373999999999996,0.5032289999999999,0.57422
0.25163599999999997,0.49141100000000004,0.57422
0.259717,0.479719,0.57422
0.267981,0.468155,0.57422
0.27642500000000003,0.456723,0.57422
0.28504799999999997,0.44542400000000004,0.57422
0.29384699999999997,0.43426299999999995,0.57422
0.30282,0.423241,0.57422
0.31196500000000005,0.412361,0.57422
0.32128100000000004,0.40162600000000004,0.57422
0.33076300000000003,0.391039,0.57422
0.340411,0.380602,0.57422
0.350221,0.37031800000000004,0.57422
0.36019199999999996,0.36019,0.57422
0.370321,0.35021899999999995,0.57422
0.38060499999999997,0.34040899999999996,0.57422
0.391042,0.33076099999999997,0.57422
0.401629,0.32127799999999995,0.57422
0.41236399999999995,0.311963,0.57422
0.42324300000000004,0.30281800000000003,0.57422
0.434265,0.293845,0.57422
0.445427,0.285046,0.57422
0.45672500000000005,0.276423,0.57422
0.46815799999999996,0.26797899999999997,0.57422
0.479722,0.25971500000000003,0.57422
0.491414,0.251634,0.57422
0.503231,0.243738,0.57422
0.515171,0.23602800000000002,0.57422
0.527231,0.22850700000000002,0.57422
0.539408,0.22117699999999996,0.57422
0.551698,0.21403799999999995,0.57422
0.564098,0.20709299999999997,0.57422
0.576607,0.20034399999999997,0.57422
0.5892189999999999,0.193793,0.57422
0.601933,0.18744000000000005,0.57422
0.614746,0.18128699999999998,0.57422
0.627653,0.17533699999999997,0.57422
0.640652,0.16959000000000002,0.57422
0.65374,0.16404799999999997,0.57422
0.666913,0.158713,0.57422
0.680169,0.15358400000000005,0.57422
0.693503,0.14866500000000005,0.57422
0.706913,0.14395599999999997,0.57422
0.720396,0.13945799999999997,0.57422
0.733947,0.13517199999999996,0.57422
0.747564,0.1311,0.57422
0.761243,0.12724199999999997,0.57422
0.774981,0.12359900000000001,0.57422
0.788775,0.12017299999999997,0.57422
0.802621,0.11696399999999996,0.57422
0.816515,0.11397299999999999,0.57422
0.8304549999999999,0.11119999999999997,0.57422
0.844437,0.10864600000000002,0.57422
0.858457,0.10631299999999999,0.57422
0.872512,0.10419999999999996,0.57422
0.886598,0.10230799999999995,0.57422
0.9007125,0.10063699999999998,0.57422
0.9148514,0.09918899999999997,0.57422
0.9290113,0.097962,0.57422
0.9431887,0.09695900000000002,0.57422
0.9573801,0.09617799999999999,0.57422
0.971582,0.09562000000000004,0.57422
0.9857909,0.09528499999999995,0.57422
0.10197299999999998,1.0,0.56006
0.10208399999999995,0.9858944,0.56006
0.10241599999999995,0.9717922,0.56006
0.10297,0.957697,0.56006
0.10374499999999998,0.9436123,0.56006
0.10474099999999997,0.9295414,0.56006
0.105958,0.915488,0.56006
0.10739600000000005,0.9014554,0.56006
0.10905399999999998,0.887447,0.56006
0.11093200000000003,0.873467,0.56006
0.11302900000000005,0.859517,0.56006
0.11534500000000003,0.845603,0.56006
0.11787899999999996,0.831726,0.56006
0.12063100000000004,0.817891,0.56006
0.12360000000000004,0.804101,0.56006
0.12678599999999995,0.790359,0.56006
0.13018600000000002,0.776669,0.56006
0.13380099999999995,0.763034,0.56006
0.13763000000000003,0.749458,0.56006
0.14167200000000002,0.735943,0.56006
0.145926,0.722494,0.56006
0.15039000000000002,0.709113,0.56006
0.15506399999999998,0.695803,0.56006
0.15994600000000003,0.682569,0.56006
0.16503599999999996,0.669413,0.56006
0.170331,0.656339,0.56006
0.175832,0.64335,0.56006
0.18153600000000003,0.630448,0.56006
0.18744099999999997,0.617638,0.56006
0.19354700000000002,0.604922,0.56006
0.19985200000000003,0.592303,0.56006
0.20635499999999996,0.579785,0.56006
0.21305300000000005,0.5673710000000001,0.56006
0.21994599999999997,0.555064,0.56006
0.22703099999999998,0.5428660000000001,0.56006
0.23430700000000004,0.530781,0.56006
0.24177099999999996,0.518812,0.56006
0.24942299999999995,0.506962,0.56006
0.25726000000000004,0.49523300000000003,0.56006
0.26527999999999996,0.483629,0.56006
0.273482,0.472152,0.56006
0.28186199999999995,0.460805,0.56006
0.29042,0.449592,0.56006
0.299153,0.43851399999999996,0.56006
0.30805899999999997,0.42757500000000004,0.56006
0.317136,0.41677699999999995,0.56006
0.32638100000000003,0.406123,0.56006
0.335792,0.39561500000000005,0.56006
0.345367,0.38525699999999996,0.56006
0.355104,0.37505,0.56006
0.365,0.36499800000000004,0.56006
0.37505299999999997,0.35510200000000003,0.56006
0.385259,0.34536500000000003,0.56006
0.395618,0.33579000000000003,0.56006
0.40612499999999996,0.326379,0.56006
0.416779,0.317134,0.56006
0.427577,0.308057,0.56006
0.43851700000000005,0.29915099999999994,0.56006
0.44959400000000005,0.29041799999999995,0.56006
0.460808,0.28186,0.56006
0.472155,0.27347999999999995,0.56006
0.48363100000000003,0.265278,0.56006
0.495236,0.257258,0.56006
0.506964,0.249421,0.56006
0.518815,0.24177000000000004,0.56006
0.5307839999999999,0.23430499999999999,0.56006
0.542869,0.22702900000000004,0.56006
0.555067,0.21994400000000003,0.56006
0.567374,0.21305200000000002,0.56006
0.579788,0.206353,0.56006
0.592306,0.199851,0.56006
0.6049249999999999,0.193546,0.56006
0.617641,0.18744000000000005,0.56006
0.630451,0.18153399999999997,0.56006
0.6433530000000001,0.17583000000000004,0.56006
0.656342,0.17032999999999998,0.56006
0.6694169999999999,0.16503500000000004,0.56006
0.682572,0.159945,0.56006
0.6958070000000001,0.15506299999999995,0.56006
0.7091160000000001,0.150389,0.56006
0.722497,0.14592499999999997,0.56006
0.735946,0.141671,0.56006
0.7494609999999999,0.137629,0.56006
0.763037,0.13380099999999995,0.56006
0.776672,0.130185,0.56006
0.790362,0.12678500000000004,0.56006
0.804104,0.12360000000000004,0.56006
0.817894,0.12063100000000004,0.56006
0.8317289999999999,0.11787899999999996,0.56006
0.845606,0.11534500000000003,0.56006
0.859521,0.11302900000000005,0.56006
0.87347,0.110931,0.56006
0.88745,0.10905399999999998,0.56006
0.9014587000000001,0.10739600000000005,0.56006
0.9154913,0.105958,0.56006
0.9295447,0.10474099999999997,0.56006
0.9436156,0.10374499999999998,0.56006
0.9577003,0.10297,0.56006
0.9717955,0.10241599999999995,0.56006
0.9858977,0.10208399999999995,0.56006
0.10899400000000004,1.0,0.546009
0.10910399999999998,0.9860047,0.546009
0.10943400000000003,0.9720128,0.546009
0.10998300000000005,0.9580278,0.546009
0.11075199999999996,0.9440531,0.546009
0.11174099999999998,0.9300923,0.546009
0.11294800000000005,0.9161487,0.546009
0.114375,0.9022258,0.546009
0.11602000000000001,0.888327,0.546009
0.11788299999999996,0.874456,0.546009
0.11996399999999996,0.860616,0.546009
0.12226199999999998,0.8468100000000001,0.546009
0.124776,0.8330420000000001,0.546009
0.12750700000000004,0.819315,0.546009
0.130452,0.805633,0.546009
0.13361299999999998,0.791998,0.546009
0.13698699999999997,0.778415,0.546009
0.14057399999999998,0.764887,0.546009
0.14437299999999997,0.751417,0.546009
0.14838300000000004,0.738008,0.546009
0.15260300000000004,0.7246630000000001,0.546009
0.15703199999999995,0.711387,0.546009
0.16166999999999998,0.6981820000000001,0.546009
0.16651400000000005,0.6850510000000001,0.546009
0.17156400000000005,0.671998,0.546009
0.17681800000000003,0.659026,0.546009
0.18227499999999996,0.646138,0.546009
0.18793499999999996,0.633337,0.546009
0.19379400000000002,0.620627,0.546009
0.19985200000000003,0.6080110000000001,0.546009
0.20610799999999996,0.595491,0.546009
0.21255999999999997,0.583071,0.546009
0.219206,0.570754,0.546009
0.22604500000000005,0.558542,0.546009
0.233074,0.54644,0.546009
0.24029299999999998,0.53445,0.546009
0.247699,0.522574,0.546009
0.25529100000000005,0.5108159999999999,0.546009
0.26306700000000005,0.49917900000000004,0.546009
0.27102400000000004,0.48766600000000004,0.546009
0.279162,0.476279,0.546009
0.287477,0.465021,0.546009
0.295968,0.45389500000000005,0.546009
0.30463300000000004,0.44290399999999996,0.546009
0.313469,0.43205000000000005,0.546009
0.32247499999999996,0.42133699999999996,0.546009
0.33164800000000005,0.41076599999999996,0.546009
0.340985,0.40034099999999995,0.546009
0.35048599999999996,0.39006300000000005,0.546009
0.36014599999999997,0.37993600000000005,0.546009
0.369965,0.369962,0.546009
0.379939,0.360144,0.546009
0.390066,0.350483,0.546009
0.400343,0.34098300000000004,0.546009
0.410768,0.33164499999999997,0.546009
0.421339,0.322473,0.546009
0.432053,0.31346700000000005,0.546009
0.442906,0.304631,0.546009
0.453898,0.29596599999999995,0.546009
0.465024,0.28747500000000004,0.546009
0.47628099999999995,0.27915999999999996,0.546009
0.487668,0.271023,0.546009
0.499182,0.263065,0.546009
0.510819,0.255289,0.546009
0.5225770000000001,0.24769799999999997,0.546009
0.5344519999999999,0.24029100000000003,0.546009
0.546443,0.23307299999999997,0.546009
0.5585450000000001,0.226043,0.546009
0.570757,0.21920399999999995,0.546009
0.583074,0.21255800000000002,0.546009
0.595494,0.20610700000000004,0.546009
0.608014,0.199851,0.546009
0.62063,0.193793,0.546009
0.63334,0.18793300000000002,0.546009
0.6461410000000001,0.18227400000000005,0.546009
0.659029,0.176817,0.546009
0.6720010000000001,0.17156300000000002,0.546009
0.685054,0.16651300000000002,0.546009
0.6981850000000001,0.16166899999999995,0.546009
0.71139,0.15703100000000003,0.546009
0.724666,0.15260200000000002,0.546009
0.738011,0.14838200000000001,0.546009
0.75142,0.14437199999999994,0.546009
0.76489,0.14057299999999995,0.546009
0.778418,0.13698600000000005,0.546009
0.792001,0.13361199999999995,0.546009
0.805636,0.130452,0.546009
0.819318,0.127506,0.546009
0.833045,0.124776,0.546009
0.846813,0.12226099999999995,0.546009
0.860619,0.11996300000000004,0.546009
0.874459,0.11788299999999996,0.546009
0.88833,0.11601899999999998,0.546009
0.9022291,0.11437399999999998,0.546009
0.916152,0.11294800000000005,0.546009
0.9300956,0.11173999999999995,0.546009
0.9440564,0.11075199999999996,0.546009
0.958031,0.10998300000000005,0.546009
0.972016,0.10943400000000003,0.546009
0.9860079,0.10910399999999998,0.546009
0.11623499999999998,1.0,0.532069
0.116344,0.9861184,0.532069
0.11667099999999997,0.9722402,0.532069
0.11721599999999999,0.9583689,0.532069
0.11797899999999995,0.9445078,0.532069
0.11895900000000004,0.9306604,0.532069
0.12015699999999996,0.9168302,0.532069
0.12157200000000001,0.9030204,0.532069
0.12320399999999998,0.889235,0.532069
0.12505200000000005,0.875476,0.532069
0.127116,0.861748,0.532069
0.12939500000000004,0.848055,0.532069
0.13188900000000003,0.834399,0.532069
0.13459699999999997,0.820783,0.532069
0.13751899999999995,0.807212,0.532069
0.14065399999999995,0.793689,0.532069
0.14400000000000002,0.780216,0.532069
0.14755799999999997,0.766798,0.532069
0.15132599999999996,0.753437,0.532069
0.155304,0.740137,0.532069
0.15949000000000002,0.726901,0.532069
0.163883,0.713732,0.532069
0.16848300000000005,0.700635,0.532069
0.17328699999999997,0.687611,0.532069
0.178296,0.6746639999999999,0.532069
0.183508,0.661797,0.532069
0.188921,0.649014,0.532069
0.19453399999999998,0.636317,0.532069
0.20034600000000002,0.62371,0.532069
0.20635499999999996,0.6111960000000001,0.532069
0.21255999999999997,0.598778,0.532069
0.21895900000000001,0.5864590000000001,0.532069
0.22555099999999995,0.5742419999999999,0.532069
0.23233400000000004,0.56213,0.532069
0.23930700000000005,0.550126,0.532069
0.246467,0.538233,0.532069
0.25381299999999996,0.526454,0.532069
0.261343,0.514792,0.532069
0.26905599999999996,0.5032490000000001,0.532069
0.276949,0.49182899999999996,0.532069
0.28502000000000005,0.48053500000000005,0.532069
0.29326700000000006,0.469368,0.532069
0.301689,0.458333,0.532069
0.310284,0.447431,0.532069
0.319048,0.436666,0.532069
0.32798099999999997,0.42603899999999995,0.532069
0.337079,0.415555,0.532069
0.346341,0.40521399999999996,0.532069
0.35576399999999997,0.39502000000000004,0.532069
0.36534599999999995,0.38497499999999996,0.532069
0.375085,0.37508300000000006,0.532069
0.38497800000000004,0.365344,0.532069
0.395022,0.355762,0.532069
0.405216,0.34633899999999995,0.532069
0.41555699999999995,0.33707699999999996,0.532069
0.42604200000000003,0.327979,0.532069
0.43666799999999995,0.31904600000000005,0.532069
0.447434,0.31028199999999995,0.532069
0.45833599999999997,0.30168700000000004,0.532069
0.469371,0.293265,0.532069
0.480537,0.285018,0.532069
0.49183200000000005,0.27694700000000005,0.532069
0.503252,0.269054,0.532069
0.514795,0.26134199999999996,0.532069
0.526457,0.253811,0.532069
0.5382359999999999,0.24646500000000005,0.532069
0.550129,0.239305,0.532069
0.562133,0.232333,0.532069
0.574245,0.22555000000000003,0.532069
0.586462,0.21895799999999999,0.532069
0.598781,0.21255900000000005,0.532069
0.611199,0.20635400000000004,0.532069
0.623713,0.20034399999999997,0.532069
0.63632,0.19453299999999996,0.532069
0.649017,0.18891999999999998,0.532069
0.6617999999999999,0.18350699999999998,0.532069
0.674667,0.17829499999999998,0.532069
0.687614,0.17328600000000005,0.532069
0.700638,0.16848200000000002,0.532069
0.7137359999999999,0.16388199999999997,0.532069
0.726904,0.159489,0.532069
0.74014,0.15530299999999997,0.532069
0.75344,0.15132500000000004,0.532069
0.7668010000000001,0.14755700000000005,0.532069
0.780219,0.143999,0.532069
0.7936920000000001,0.14065300000000003,0.532069
0.807215,0.13751800000000003,0.532069
0.820786,0.13459600000000005,0.532069
0.834402,0.131888,0.532069
0.848058,0.129394,0.532069
0.861752,0.12711499999999998,0.532069
0.875479,0.12505100000000002,0.532069
0.889238,0.12320299999999995,0.532069
0.9030236,0.12157200000000001,0.532069
0.9168334,0.12015699999999996,0.532069
0.9306637,0.11895900000000004,0.532069
0.944511,0.11797899999999995,0.532069
0.9583721,0.11721599999999999,0.532069
0.9722434,0.11667099999999997,0.532069
0.9861216,0.116344,0.532069
0.12369399999999997,1.0,0.5182450000000001
0.12380199999999997,0.9862355,0.5182450000000001
0.12412599999999996,0.9724745,0.5182450000000001
0.12466699999999997,0.9587202,0.5182450000000001
0.12542299999999995,0.9449762,0.5182450000000001
0.12639500000000004,0.9312457,0.5182450000000001
0.127583,0.9175321,0.5182450000000001
0.12898600000000005,0.9038389,0.5182450000000001
0.13060400000000005,0.890169,0.5182450000000001
0.132436,0.8765270000000001,0.5182450000000001
0.13448300000000002,0.862915,0.5182450000000001
0.13674299999999995,0.849337,0.5182450000000001
0.139216,0.835796,0.5182450000000001
0.14190100000000005,0.822296,0.5182450000000001
0.14479799999999998,0.808839,0.5182450000000001
0.14790599999999998,0.79543,0.5182450000000001
0.15122500000000005,0.782071,0.5182450000000001
0.15475300000000003,0.7687660000000001,0.5182450000000001
0.158489,0.755518,0.5182450000000001
0.16243300000000005,0.7423299999999999,0.5182450000000001
0.16658399999999995,0.729206,0.5182450000000001
0.17093999999999998,0.7161489999999999,0.5182450000000001
0.17550100000000002,0.7031609999999999,0.5182450000000001
0.180265,0.690247,0.5182450000000001
0.18523100000000003,0.6774089999999999,0.5182450000000001
0.19039899999999998,0.664651,0.5182450000000001
0.195766,0.651976,0.5182450000000001
0.20133199999999996,0.6393869999999999,0.5182450000000001
0.20709500000000003,0.626886,0.5182450000000001
0.21305300000000005,0.6144780000000001,0.5182450000000001
0.219206,0.6021639999999999,0.5182450000000001
0.22555099999999995,0.5899490000000001,0.5182450000000001
0.23208799999999996,0.577835,0.5182450000000001
0.23881300000000005,0.5658259999999999,0.5182450000000001
0.24572700000000003,0.5539229999999999,0.5182450000000001
0.252827,0.54213,0.5182450000000001
0.260111,0.530451,0.5182450000000001
0.267578,0.518887,0.5182450000000001
0.27522500000000005,0.507442,0.5182450000000001
0.28305100000000005,0.49611799999999995,0.5182450000000001
0.29105400000000003,0.484919,0.5182450000000001
0.29923200000000005,0.473847,0.5182450000000001
0.30758300000000005,0.462905,0.5182450000000001
0.31610499999999997,0.452095,0.5182450000000001
0.32479499999999994,0.44142000000000003,0.5182450000000001
0.333653,0.43088400000000004,0.5182450000000001
0.34267400000000003,0.42048700000000006,0.5182450000000001
0.351858,0.410234,0.5182450000000001
0.361201,0.400126,0.5182450000000001
0.370703,0.390166,0.5182450000000001
0.380359,0.38035699999999995,0.5182450000000001
0.390169,0.37070000000000003,0.5182450000000001
0.40012800000000004,0.36119900000000005,0.5182450000000001
0.41023600000000005,0.35185599999999995,0.5182450000000001
0.42049000000000003,0.342672,0.5182450000000001
0.430886,0.33365,0.5182450000000001
0.441423,0.324793,0.5182450000000001
0.45209699999999997,0.316103,0.5182450000000001
0.46290699999999996,0.307581,0.5182450000000001
0.47385,0.29923,0.5182450000000001
0.48492199999999996,0.291052,0.5182450000000001
0.49612100000000003,0.283049,0.5182450000000001
0.5074449999999999,0.275223,0.5182450000000001
0.5188900000000001,0.26757600000000004,0.5182450000000001
0.5304530000000001,0.26010900000000003,0.5182450000000001
0.542133,0.25282499999999997,0.5182450000000001
0.5539259999999999,0.24572499999999997,0.5182450000000001
0.565828,0.23881200000000002,0.5182450000000001
0.5778380000000001,0.23208600000000001,0.5182450000000001
0.589952,0.22555000000000003,0.5182450000000001
0.602167,0.21920499999999998,0.5182450000000001
0.614481,0.21305200000000002,0.5182450000000001
0.626889,0.207094,0.5182450000000001
0.63939,0.20133100000000004,0.5182450000000001
0.651979,0.19576499999999997,0.5182450000000001
0.6646540000000001,0.19039799999999996,0.5182450000000001
0.677412,0.18523,0.5182450000000001
0.69025,0.18026399999999998,0.5182450000000001
0.703164,0.1755,0.5182450000000001
0.716152,0.17093899999999995,0.5182450000000001
0.729209,0.16658300000000004,0.5182450000000001
0.742333,0.16243200000000002,0.5182450000000001
0.755521,0.15848799999999996,0.5182450000000001
0.768769,0.154752,0.5182450000000001
0.7820739999999999,0.15122400000000003,0.5182450000000001
0.7954330000000001,0.14790599999999998,0.5182450000000001
0.8088420000000001,0.14479799999999998,0.5182450000000001
0.822299,0.14190000000000003,0.5182450000000001
0.835799,0.13921499999999998,0.5182450000000001
0.84934,0.13674200000000003,0.5182450000000001
0.862918,0.134482,0.5182450000000001
0.87653,0.132436,0.5182450000000001
0.890173,0.13060300000000002,0.5182450000000001
0.9038421,0.12898600000000005,0.5182450000000001
0.9175352999999999,0.127583,0.5182450000000001
0.9312489,0.12639500000000004,0.5182450000000001
0.9449794,0.12542299999999995,0.5182450000000001
0.9587234,0.12466699999999997,0.5182450000000001
0.9724777,0.12412599999999996,0.5182450000000001
0.9862388,0.12380199999999997,0.5182450000000001
0.13136899999999996,1.0,0.50454
0.13147600000000004,0.9863561,0.50454
0.13179799999999997,0.9727156,0.50454
0.13233300000000003,0.9590818,0.50454
0.13308299999999995,0.9454581,0.50454
0.13404700000000003,0.9318478,0.50454
0.135224,0.9182544,0.50454
0.13661500000000004,0.9046812,0.50454
0.13821899999999998,0.891131,0.50454
0.14003500000000002,0.877609,0.50454
0.14206300000000005,0.864116,0.50454
0.144304,0.850657,0.50454
0.14675499999999997,0.837234,0.50454
0.14941700000000002,0.823852,0.50454
0.152289,0.810514,0.50454
0.15537,0.797222,0.50454
0.158659,0.78398,0.50454
0.16215599999999997,0.770791,0.50454
0.16585899999999998,0.757659,0.50454
0.16976899999999995,0.744587,0.50454
0.173883,0.7315780000000001,0.50454
0.17820100000000005,0.718635,0.50454
0.18272200000000005,0.7057610000000001,0.50454
0.18744499999999997,0.69296,0.50454
0.19236799999999998,0.6802349999999999,0.50454
0.19749000000000005,0.667589,0.50454
0.20281000000000005,0.655024,0.50454
0.20832700000000004,0.6425449999999999,0.50454
0.21404,0.630154,0.50454
0.21994599999999997,0.617854,0.50454
0.22604500000000005,0.605649,0.50454
0.23233400000000004,0.593541,0.50454
0.23881300000000005,0.5815330000000001,0.50454
0.24548000000000003,0.569628,0.50454
0.25233300000000003,0.55783,0.50454
0.259371,0.546141,0.50454
0.266591,0.534563,0.50454
0.27399300000000004,0.523101,0.50454
0.28157299999999996,0.511756,0.50454
0.289331,0.500532,0.50454
0.297264,0.48943099999999995,0.50454
0.30537000000000003,0.47845499999999996,0.50454
0.31364800000000004,0.46760900000000005,0.50454
0.322095,0.456894,0.50454
0.33070900000000003,0.44631299999999996,0.50454
0.33948900000000004,0.43586800000000003,0.50454
0.34843100000000005,0.425563,0.50454
0.35753500000000005,0.41539899999999996,0.50454
0.366796,0.40537999999999996,0.50454
0.37621400000000005,0.39550799999999997,0.50454
0.38578599999999996,0.385784,0.50454
0.39551000000000003,0.376212,0.50454
0.405382,0.36679399999999995,0.50454
0.41540200000000005,0.35753199999999996,0.50454
0.42556499999999997,0.348429,0.50454
0.435871,0.339487,0.50454
0.446315,0.330707,0.50454
0.45689599999999997,0.32209299999999996,0.50454
0.467611,0.313646,0.50454
0.47845800000000005,0.305368,0.50454
0.489433,0.297262,0.50454
0.500534,0.28932899999999995,0.50454
0.5117590000000001,0.281571,0.50454
0.523103,0.273991,0.50454
0.534566,0.26659,0.50454
0.546143,0.25936899999999996,0.50454
0.557833,0.252332,0.50454
0.569631,0.245479,0.50454
0.581536,0.23881200000000002,0.50454
0.5935440000000001,0.232333,0.50454
0.6056520000000001,0.226043,0.50454
0.617857,0.21994400000000003,0.50454
0.6301570000000001,0.21403799999999995,0.50454
0.642548,0.208326,0.50454
0.655027,0.20280900000000002,0.50454
0.667592,0.19748900000000003,0.50454
0.680238,0.19236699999999995,0.50454
0.692963,0.18744400000000006,0.50454
0.7057640000000001,0.18272100000000002,0.50454
0.718638,0.17820000000000003,0.50454
0.731581,0.17388199999999998,0.50454
0.74459,0.16976800000000003,0.50454
0.7576620000000001,0.16585799999999995,0.50454
0.770794,0.16215500000000005,0.50454
0.783983,0.15865799999999997,0.50454
0.797225,0.15536899999999998,0.50454
0.8105169999999999,0.15228799999999998,0.50454
0.823855,0.149416,0.50454
0.837238,0.14675400000000005,0.50454
0.85066,0.14430299999999996,0.50454
0.864119,0.14206300000000005,0.50454
0.8776120000000001,0.140034,0.50454
0.891135,0.13821799999999995,0.50454
0.9046843,0.136614,0.50454
0.9182576,0.135224,0.50454
0.931851,0.13404700000000003,0.50454
0.9454613,0.13308299999999995,0.50454
0.959085,0.13233300000000003,0.50454
0.9727188,0.13179799999999997,0.50454
0.9863593,0.13147600000000004,0.50454
0.13925900000000002,1.0,0.490958
0.13936499999999996,0.98648,0.490958
0.139683,0.9729634,0.490958
0.14021399999999995,0.9594534,0.490958
0.140957,0.9459535,0.490958
0.14191200000000004,0.9324669,0.490958
0.14307899999999996,0.9189969,0.490958
0.14445699999999995,0.9055469,0.490958
0.146046,0.89212,0.490958
0.14784600000000003,0.87872,0.490958
0.149856,0.8653500000000001,0.490958
0.152076,0.852013,0.490958
0.154505,0.838713,0.490958
0.157142,0.825452,0.490958
0.15998800000000002,0.812235,0.490958
0.163041,0.799063,0.490958
0.16630100000000003,0.785942,0.490958
0.16976599999999997,0.772873,0.490958
0.17343600000000003,0.75986,0.490958
0.17730999999999997,0.746907,0.490958
0.18138600000000005,0.734016,0.490958
0.18566499999999997,0.72119,0.490958
0.190145,0.708434,0.490958
0.19482500000000003,0.695749,0.490958
0.19970299999999996,0.6831389999999999,0.490958
0.20477900000000004,0.670608,0.490958
0.210051,0.658158,0.490958
0.215518,0.6457919999999999,0.490958
0.22117799999999999,0.633513,0.490958
0.22703099999999998,0.621325,0.490958
0.233074,0.6092310000000001,0.490958
0.23930700000000005,0.597233,0.490958
0.24572700000000003,0.585334,0.490958
0.25233300000000003,0.573537,0.490958
0.259124,0.5618460000000001,0.490958
0.26609799999999995,0.550263,0.490958
0.27325299999999997,0.538791,0.490958
0.28058700000000003,0.527432,0.490958
0.28809799999999997,0.5161910000000001,0.490958
0.29578499999999996,0.5050680000000001,0.490958
0.30364599999999997,0.49406799999999995,0.490958
0.31167900000000004,0.48319199999999995,0.490958
0.319882,0.472444,0.490958
0.328252,0.461827,0.490958
0.336788,0.451342,0.490958
0.345488,0.44099200000000005,0.490958
0.354349,0.43078000000000005,0.490958
0.36336999999999997,0.420709,0.490958
0.372548,0.41078099999999995,0.490958
0.38188,0.40099799999999997,0.490958
0.39136499999999996,0.391363,0.490958
0.401,0.38187800000000005,0.490958
0.410783,0.372545,0.490958
0.420712,0.363368,0.490958
0.430783,0.35434699999999997,0.490958
0.440995,0.34548599999999996,0.490958
0.45134399999999997,0.33678600000000003,0.490958
0.46182900000000005,0.32825000000000004,0.490958
0.47244699999999995,0.31988000000000005,0.490958
0.48319500000000004,0.311677,0.490958
0.49407,0.303644,0.490958
0.505071,0.29578400000000005,0.490958
0.516193,0.288096,0.490958
0.527435,0.280585,0.490958
0.5387930000000001,0.273251,0.490958
0.5502659999999999,0.266096,0.490958
0.561849,0.259123,0.490958
0.5735399999999999,0.252332,0.490958
0.585337,0.245726,0.490958
0.597235,0.239305,0.490958
0.609234,0.23307299999999997,0.490958
0.621328,0.22702999999999995,0.490958
0.633516,0.22117699999999996,0.490958
0.645795,0.21551699999999996,0.490958
0.658161,0.21004999999999996,0.490958
0.6706110000000001,0.20477800000000002,0.490958
0.683142,0.19970200000000005,0.490958
0.6957519999999999,0.194824,0.490958
0.708437,0.19014399999999998,0.490958
0.721193,0.18566400000000005,0.490958
0.734019,0.18138600000000005,0.490958
0.74691,0.17730900000000005,0.490958
0.759863,0.173435,0.490958
0.772876,0.16976500000000005,0.490958
0.785945,0.1663,0.490958
0.799067,0.16303999999999996,0.490958
0.812238,0.159987,0.490958
0.825455,0.157142,0.490958
0.838716,0.15450399999999997,0.490958
0.852016,0.15207499999999996,0.490958
0.865353,0.14985499999999996,0.490958
0.878723,0.147845,0.490958
0.892123,0.14604499999999998,0.490958
0.9055501,0.14445600000000003,0.490958
0.919,0.14307800000000004,0.490958
0.93247,0.14191200000000004,0.490958
0.9459566,0.140957,0.490958
0.9594566,0.14021399999999995,0.490958
0.9729666,0.139683,0.490958
0.9864832,0.13936499999999996,0.490958
0.14736099999999996,1.0,0.47750000000000004
0.14746599999999999,0.9866073,0.47750000000000004
0.14778100000000005,0.9732179,0.47750000000000004
0.14830699999999997,0.9598351,0.47750000000000004
0.14904300000000004,0.9464622,0.47750000000000004
0.14998900000000004,0.9331025,0.47750000000000004
0.15114499999999997,0.9197593,0.47750000000000004
0.15251000000000003,0.906436,0.47750000000000004
0.154084,0.893136,0.47750000000000004
0.15586699999999998,0.879862,0.47750000000000004
0.15785800000000005,0.866617,0.47750000000000004
0.160057,0.853406,0.47750000000000004
0.16246300000000002,0.840231,0.47750000000000004
0.165076,0.827095,0.47750000000000004
0.16789500000000002,0.814002,0.47750000000000004
0.17091900000000004,0.800955,0.47750000000000004
0.17414799999999997,0.787957,0.47750000000000004
0.17757999999999996,0.775011,0.47750000000000004
0.18121600000000004,0.762121,0.47750000000000004
0.18505300000000002,0.749289,0.47750000000000004
0.18909200000000004,0.7365189999999999,0.47750000000000004
0.19333,0.723815,0.47750000000000004
0.19776800000000005,0.711178,0.47750000000000004
0.20240400000000003,0.6986129999999999,0.47750000000000004
0.20723599999999998,0.686122,0.47750000000000004
0.212264,0.673708,0.47750000000000004
0.21748599999999996,0.661375,0.47750000000000004
0.22290200000000004,0.649126,0.47750000000000004
0.22850899999999996,0.636963,0.47750000000000004
0.23430700000000004,0.62489,0.47750000000000004
0.24029299999999998,0.6129089999999999,0.47750000000000004
0.246467,0.601024,0.47750000000000004
0.252827,0.589237,0.47750000000000004
0.259371,0.5775509999999999,0.47750000000000004
0.26609799999999995,0.56597,0.47750000000000004
0.27300599999999997,0.554496,0.47750000000000004
0.28009300000000004,0.543132,0.47750000000000004
0.287358,0.53188,0.47750000000000004
0.29479900000000003,0.520745,0.47750000000000004
0.30241399999999996,0.509727,0.47750000000000004
0.31020099999999995,0.49883,0.47750000000000004
0.31815800000000005,0.48805699999999996,0.47750000000000004
0.326283,0.47741,0.47750000000000004
0.33457499999999996,0.466892,0.47750000000000004
0.343031,0.45650599999999997,0.47750000000000004
0.351649,0.44625400000000004,0.47750000000000004
0.36042700000000005,0.436138,0.47750000000000004
0.36936199999999997,0.42616200000000004,0.47750000000000004
0.37845399999999996,0.416327,0.47750000000000004
0.387698,0.406636,0.47750000000000004
0.39709399999999995,0.397092,0.47750000000000004
0.40663800000000005,0.38769600000000004,0.47750000000000004
0.41632899999999995,0.378451,0.47750000000000004
0.426164,0.36936,0.47750000000000004
0.436141,0.360425,0.47750000000000004
0.446256,0.35164700000000004,0.47750000000000004
0.456508,0.34302900000000003,0.47750000000000004
0.46689499999999995,0.334573,0.47750000000000004
0.477413,0.32628199999999996,0.47750000000000004
0.488059,0.318156,0.47750000000000004
0.49883299999999997,0.310199,0.47750000000000004
0.509729,0.302412,0.47750000000000004
0.5207470000000001,0.294797,0.47750000000000004
0.531883,0.287357,0.47750000000000004
0.5431349999999999,0.280092,0.47750000000000004
0.5544990000000001,0.273004,0.47750000000000004
0.5659730000000001,0.266096,0.47750000000000004
0.577554,0.25936899999999996,0.47750000000000004
0.58924,0.25282499999999997,0.47750000000000004
0.6010260000000001,0.24646599999999996,0.47750000000000004
0.612912,0.24029199999999995,0.47750000000000004
0.624892,0.23430499999999999,0.47750000000000004
0.6369659999999999,0.22850800000000004,0.47750000000000004
0.6491290000000001,0.22290100000000002,0.47750000000000004
0.661378,0.21748500000000004,0.47750000000000004
0.673711,0.21226299999999998,0.47750000000000004
0.686125,0.20723499999999995,0.47750000000000004
0.698616,0.202403,0.47750000000000004
0.7111810000000001,0.19776700000000003,0.47750000000000004
0.7238180000000001,0.19332899999999997,0.47750000000000004
0.736522,0.189091,0.47750000000000004
0.7492920000000001,0.185052,0.47750000000000004
0.762124,0.18121500000000001,0.47750000000000004
0.775014,0.17757999999999996,0.47750000000000004
0.78796,0.17414700000000005,0.47750000000000004
0.8009580000000001,0.17091800000000001,0.47750000000000004
0.814005,0.167894,0.47750000000000004
0.827098,0.16507499999999997,0.47750000000000004
0.840234,0.16246300000000002,0.47750000000000004
0.853409,0.16005599999999998,0.47750000000000004
0.866621,0.15785700000000003,0.47750000000000004
0.879865,0.15586599999999995,0.47750000000000004
0.893139,0.15408299999999997,0.47750000000000004
0.9064391,0.152509,0.47750000000000004
0.9197625,0.15114399999999995,0.47750000000000004
0.9331056,0.14998900000000004,0.47750000000000004
0.9464653,0.14904300000000004,0.47750000000000004
0.9598382,0.14830699999999997,0.47750000000000004
0.973221,0.14778100000000005,0.47750000000000004
0.9866104,0.14746599999999999,0.47750000000000004
0.15567299999999995,1.0,0.46417200000000003
0.15577700000000005,0.9867379,0.46417200000000003
0.15608900000000003,0.973479,0.46417200000000003
0.15661000000000003,0.9602266,0.46417200000000003
0.157339,0.9469841,0.46417200000000003
0.15827599999999997,0.9337547,0.46417200000000003
0.15942,0.9205416,0.46417200000000003
0.16077200000000003,0.9073481,0.46417200000000003
0.162331,0.894177,0.46417200000000003
0.16409600000000002,0.881033,0.46417200000000003
0.166068,0.867918,0.46417200000000003
0.16824499999999998,0.854835,0.46417200000000003
0.170628,0.841788,0.46417200000000003
0.17321600000000004,0.828781,0.46417200000000003
0.17600700000000002,0.815815,0.46417200000000003
0.179002,0.802895,0.46417200000000003
0.182199,0.7900240000000001,0.46417200000000003
0.18559800000000004,0.777204,0.46417200000000003
0.18919799999999998,0.76444,0.46417200000000003
0.192998,0.751733,0.46417200000000003
0.19699699999999998,0.739088,0.46417200000000003
0.201195,0.726507,0.46417200000000003
0.20558900000000002,0.713994,0.46417200000000003
0.210179,0.701551,0.46417200000000003
0.21496499999999996,0.689182,0.46417200000000003
0.21994400000000003,0.6768890000000001,0.46417200000000003
0.22511499999999995,0.664676,0.46417200000000003
0.23047799999999996,0.6525460000000001,0.46417200000000003
0.23602999999999996,0.640502,0.46417200000000003
0.24177099999999996,0.628547,0.46417200000000003
0.247699,0.616683,0.46417200000000003
0.25381299999999996,0.604913,0.46417200000000003
0.260111,0.593241,0.46417200000000003
0.266591,0.58167,0.46417200000000003
0.27325299999999997,0.570202,0.46417200000000003
0.28009300000000004,0.558839,0.46417200000000003
0.28711200000000003,0.547586,0.46417200000000003
0.29430599999999996,0.5364439999999999,0.46417200000000003
0.301674,0.525417,0.46417200000000003
0.309215,0.514506,0.46417200000000003
0.31692600000000004,0.503716,0.46417200000000003
0.324805,0.49304800000000004,0.46417200000000003
0.332851,0.48250499999999996,0.46417200000000003
0.341062,0.47209,0.46417200000000003
0.34943599999999997,0.461805,0.46417200000000003
0.357969,0.45165200000000005,0.46417200000000003
0.36666200000000004,0.441635,0.46417200000000003
0.37551,0.43175600000000003,0.46417200000000003
0.384513,0.422017,0.46417200000000003
0.393667,0.41242100000000004,0.46417200000000003
0.402972,0.402969,0.46417200000000003
0.412423,0.39366500000000004,0.46417200000000003
0.42201900000000003,0.38451100000000005,0.46417200000000003
0.431758,0.37550799999999995,0.46417200000000003
0.441638,0.36666,0.46417200000000003
0.45165500000000003,0.35796700000000004,0.46417200000000003
0.46180699999999997,0.349434,0.46417200000000003
0.47209199999999996,0.34106000000000003,0.46417200000000003
0.482507,0.33285,0.46417200000000003
0.49305,0.32480299999999995,0.46417200000000003
0.503718,0.316924,0.46417200000000003
0.514509,0.30921299999999996,0.46417200000000003
0.5254190000000001,0.30167200000000005,0.46417200000000003
0.536447,0.294304,0.46417200000000003
0.547589,0.28711,0.46417200000000003
0.5588420000000001,0.280092,0.46417200000000003
0.5702039999999999,0.273251,0.46417200000000003
0.581673,0.26659,0.46417200000000003
0.593244,0.26010900000000003,0.46417200000000003
0.604916,0.25381200000000004,0.46417200000000003
0.6166849999999999,0.24769799999999997,0.46417200000000003
0.628549,0.24177000000000004,0.46417200000000003
0.640505,0.23602900000000004,0.46417200000000003
0.652549,0.23047600000000001,0.46417200000000003
0.664679,0.22511400000000004,0.46417200000000003
0.676892,0.21994199999999997,0.46417200000000003
0.6891849999999999,0.21496400000000004,0.46417200000000003
0.701554,0.21017799999999998,0.46417200000000003
0.713997,0.205588,0.46417200000000003
0.72651,0.20119399999999998,0.46417200000000003
0.7390909999999999,0.19699599999999995,0.46417200000000003
0.751736,0.19299699999999997,0.46417200000000003
0.764443,0.18919699999999995,0.46417200000000003
0.777207,0.185597,0.46417200000000003
0.790027,0.18219799999999997,0.46417200000000003
0.802898,0.17900099999999997,0.46417200000000003
0.8158179999999999,0.176006,0.46417200000000003
0.828784,0.173215,0.46417200000000003
0.841792,0.170628,0.46417200000000003
0.854838,0.16824499999999998,0.46417200000000003
0.8679209999999999,0.16606699999999996,0.46417200000000003
0.881036,0.16409600000000002,0.46417200000000003
0.894181,0.16232999999999997,0.46417200000000003
0.9073512,0.160771,0.46417200000000003
0.9205447,0.15942,0.46417200000000003
0.9337578,0.15827500000000005,0.46417200000000003
0.9469872,0.157339,0.46417200000000003
0.9602297,0.15661000000000003,0.46417200000000003
0.9734821,0.15608900000000003,0.46417200000000003
0.986741,0.15577700000000005,0.46417200000000003
0.16419300000000003,1.0,0.45097600000000004
0.164296,0.9868717,0.45097600000000004
0.16460600000000003,0.9737466,0.45097600000000004
0.16512099999999996,0.960628,0.45097600000000004
0.16584299999999996,0.9475191000000001,0.45097600000000004
0.16676999999999997,0.9344232,0.45097600000000004
0.16790300000000002,0.9213435,0.45097600000000004
0.16924099999999997,0.9082831,0.45097600000000004
0.17078400000000005,0.895245,0.45097600000000004
0.17253200000000002,0.882234,0.45097600000000004
0.17448399999999997,0.869251,0.45097600000000004
0.176639,0.8563000000000001,0.45097600000000004
0.178998,0.843385,0.45097600000000004
0.18155900000000003,0.8305089999999999,0.45097600000000004
0.18432199999999999,0.817674,0.45097600000000004
0.18728699999999998,0.8048839999999999,0.45097600000000004
0.19045199999999995,0.792143,0.45097600000000004
0.19381700000000002,0.779453,0.45097600000000004
0.19738,0.766817,0.45097600000000004
0.20114200000000004,0.754239,0.45097600000000004
0.20510099999999998,0.7417210000000001,0.45097600000000004
0.209256,0.729267,0.45097600000000004
0.21360599999999996,0.71688,0.45097600000000004
0.21814999999999996,0.704563,0.45097600000000004
0.22288699999999995,0.692318,0.45097600000000004
0.22781600000000002,0.68015,0.45097600000000004
0.232935,0.66806,0.45097600000000004
0.23824299999999998,0.656053,0.45097600000000004
0.24373999999999996,0.64413,0.45097600000000004
0.24942299999999995,0.632295,0.45097600000000004
0.25529100000000005,0.6205510000000001,0.45097600000000004
0.261343,0.6089,0.45097600000000004
0.267578,0.5973459999999999,0.45097600000000004
0.27399300000000004,0.5858909999999999,0.45097600000000004
0.28058700000000003,0.574539,0.45097600000000004
0.287358,0.563291,0.45097600000000004
0.29430599999999996,0.5521510000000001,0.45097600000000004
0.301427,0.541122,0.45097600000000004
0.308721,0.530206,0.45097600000000004
0.31618599999999997,0.519406,0.45097600000000004
0.32381899999999997,0.508724,0.45097600000000004
0.331619,0.49816400000000005,0.45097600000000004
0.339584,0.487727,0.45097600000000004
0.347712,0.477417,0.45097600000000004
0.356001,0.467236,0.45097600000000004
0.364449,0.457186,0.45097600000000004
0.37305299999999997,0.44726999999999995,0.45097600000000004
0.38181200000000004,0.43749099999999996,0.45097600000000004
0.39072399999999996,0.42784999999999995,0.45097600000000004
0.399786,0.41835,0.45097600000000004
0.40899700000000005,0.40899399999999997,0.45097600000000004
0.418353,0.39978400000000003,0.45097600000000004
0.427852,0.390722,0.45097600000000004
0.437493,0.38181,0.45097600000000004
0.447272,0.373051,0.45097600000000004
0.45718800000000004,0.36444699999999997,0.45097600000000004
0.46723800000000004,0.35599899999999995,0.45097600000000004
0.47741900000000004,0.34770999999999996,0.45097600000000004
0.48773,0.33958200000000005,0.45097600000000004
0.498166,0.33161700000000005,0.45097600000000004
0.5087269999999999,0.323817,0.45097600000000004
0.519408,0.316184,0.45097600000000004
0.5302089999999999,0.30872,0.45097600000000004
0.5411250000000001,0.30142599999999997,0.45097600000000004
0.552154,0.294304,0.45097600000000004
0.563294,0.287357,0.45097600000000004
0.574542,0.280585,0.45097600000000004
0.585894,0.273991,0.45097600000000004
0.597349,0.26757600000000004,0.45097600000000004
0.608903,0.26134199999999996,0.45097600000000004
0.620554,0.25529,0.45097600000000004
0.632298,0.24942200000000003,0.45097600000000004
0.6441330000000001,0.24373900000000004,0.45097600000000004
0.656056,0.23824199999999995,0.45097600000000004
0.6680630000000001,0.23293399999999997,0.45097600000000004
0.680153,0.22781399999999996,0.45097600000000004
0.692321,0.22288600000000003,0.45097600000000004
0.704566,0.21814900000000004,0.45097600000000004
0.7168829999999999,0.21360500000000004,0.45097600000000004
0.72927,0.20925499999999997,0.45097600000000004
0.741724,0.20509999999999995,0.45097600000000004
0.754242,0.20114100000000001,0.45097600000000004
0.7668200000000001,0.19737899999999997,0.45097600000000004
0.779456,0.193816,0.45097600000000004
0.792146,0.19045100000000004,0.45097600000000004
0.804887,0.18728599999999995,0.45097600000000004
0.817677,0.18432199999999999,0.45097600000000004
0.830512,0.18155900000000003,0.45097600000000004
0.843388,0.17899699999999996,0.45097600000000004
0.856303,0.176639,0.45097600000000004
0.869254,0.17448300000000005,0.45097600000000004
0.8822369999999999,0.172531,0.45097600000000004
0.895248,0.17078400000000005,0.45097600000000004
0.9082862,0.16924099999999997,0.45097600000000004
0.9213465,0.167902,0.45097600000000004
0.9344263,0.16676999999999997,0.45097600000000004
0.9475222,0.16584200000000004,0.45097600000000004
0.9606311,0.16512099999999996,0.45097600000000004
0.9737497,0.16460600000000003,0.45097600000000004
0.9868748,0.164296,0.45097600000000004
0.17291999999999996,1.0,0.43791500000000005
0.173022,0.9870088,0.43791500000000005
0.17332800000000004,0.9740207,0.43791500000000005
0.17383800000000005,0.9610391,0.43791500000000005
0.17455200000000004,0.9480671,0.43791500000000005
0.17547000000000001,0.9351079,0.43791500000000005
0.17659100000000005,0.9221647,0.43791500000000005
0.17791500000000005,0.9092408,0.43791500000000005
0.179442,0.896339,0.43791500000000005
0.18117099999999997,0.883463,0.43791500000000005
0.18310300000000002,0.8706160000000001,0.43791500000000005
0.18523599999999996,0.857801,0.43791500000000005
0.18757000000000001,0.84502,0.43791500000000005
0.19010499999999997,0.832278,0.43791500000000005
0.19283899999999998,0.819578,0.43791500000000005
0.19577299999999997,0.806922,0.43791500000000005
0.198905,0.794313,0.43791500000000005
0.20223400000000002,0.781755,0.43791500000000005
0.20576099999999997,0.769252,0.43791500000000005
0.20948299999999997,0.756805,0.43791500000000005
0.21340099999999995,0.744418,0.43791500000000005
0.21751200000000004,0.732094,0.43791500000000005
0.22181700000000004,0.7198359999999999,0.43791500000000005
0.226313,0.707647,0.43791500000000005
0.231001,0.695531,0.43791500000000005
0.23587800000000003,0.6834899999999999,0.43791500000000005
0.24094400000000005,0.6715260000000001,0.43791500000000005
0.246197,0.659644,0.43791500000000005
0.25163599999999997,0.6478459999999999,0.43791500000000005
0.25726000000000004,0.636134,0.43791500000000005
0.26306700000000005,0.624513,0.43791500000000005
0.26905599999999996,0.612984,0.43791500000000005
0.27522500000000005,0.60155,0.43791500000000005
0.28157299999999996,0.5902149999999999,0.43791500000000005
0.28809799999999997,0.578981,0.43791500000000005
0.29479900000000003,0.567851,0.43791500000000005
0.301674,0.556828,0.43791500000000005
0.308721,0.545913,0.43791500000000005
0.31593899999999997,0.535111,0.43791500000000005
0.323326,0.524424,0.43791500000000005
0.33087900000000003,0.513854,0.43791500000000005
0.33859799999999995,0.503404,0.43791500000000005
0.34648,0.49307599999999996,0.43791500000000005
0.35452300000000003,0.482873,0.43791500000000005
0.36272499999999996,0.47279800000000005,0.43791500000000005
0.37108399999999997,0.462854,0.43791500000000005
0.379599,0.453041,0.43791500000000005
0.38826700000000003,0.443364,0.43791500000000005
0.39708600000000005,0.433824,0.43791500000000005
0.406053,0.424424,0.43791500000000005
0.41516699999999995,0.415165,0.43791500000000005
0.42442599999999997,0.40605100000000005,0.43791500000000005
0.43382600000000004,0.397084,0.43791500000000005
0.44336600000000004,0.38826499999999997,0.43791500000000005
0.453044,0.37959699999999996,0.43791500000000005
0.46285600000000005,0.37108300000000005,0.43791500000000005
0.472801,0.362723,0.43791500000000005
0.48287599999999997,0.354521,0.43791500000000005
0.493078,0.34647799999999995,0.43791500000000005
0.503406,0.338596,0.43791500000000005
0.513856,0.330877,0.43791500000000005
0.5244260000000001,0.32332399999999994,0.43791500000000005
0.535114,0.315937,0.43791500000000005
0.5459160000000001,0.30872,0.43791500000000005
0.5568299999999999,0.30167200000000005,0.43791500000000005
0.5678540000000001,0.294798,0.43791500000000005
0.5789839999999999,0.28809700000000005,0.43791500000000005
0.590218,0.281571,0.43791500000000005
0.601553,0.275223,0.43791500000000005
0.612987,0.269054,0.43791500000000005
0.6245160000000001,0.263066,0.43791500000000005
0.636137,0.257259,0.43791500000000005
0.647849,0.25163500000000005,0.43791500000000005
0.659647,0.24619599999999997,0.43791500000000005
0.671529,0.24094300000000002,0.43791500000000005
0.683492,0.235877,0.43791500000000005
0.695534,0.23099999999999998,0.43791500000000005
0.70765,0.22631199999999996,0.43791500000000005
0.719839,0.221816,0.43791500000000005
0.732097,0.217511,0.43791500000000005
0.744421,0.21340000000000003,0.43791500000000005
0.756808,0.20948199999999995,0.43791500000000005
0.769254,0.20576000000000005,0.43791500000000005
0.781758,0.202233,0.43791500000000005
0.794316,0.19890399999999997,0.43791500000000005
0.806925,0.19577199999999995,0.43791500000000005
0.819581,0.19283799999999995,0.43791500000000005
0.832281,0.19010400000000005,0.43791500000000005
0.845023,0.18757000000000001,0.43791500000000005
0.857804,0.18523599999999996,0.43791500000000005
0.870619,0.18310300000000002,0.43791500000000005
0.883466,0.18117099999999997,0.43791500000000005
0.896342,0.179442,0.43791500000000005
0.9092438,0.17791500000000005,0.43791500000000005
0.9221678,0.17659100000000005,0.43791500000000005
0.9351109,0.17547000000000001,0.43791500000000005
0.9480701,0.17455200000000004,0.43791500000000005
0.9610422,0.17383800000000005,0.43791500000000005
0.9740238,0.17332800000000004,0.43791500000000005
0.9870118,0.173022,0.43791500000000005
0.18185099999999998,1.0,0.424994
0.181952,0.987149,0.424994
0.18225499999999994,0.9743013,0.424994
0.182759,0.9614598,0.424994
0.18346600000000002,0.9486279,0.424994
0.184373,0.9358086,0.424994
0.18548200000000004,0.9230052,0.424994
0.18679199999999996,0.9102208,0.424994
0.18830199999999997,0.897459,0.424994
0.190013,0.884722,0.424994
0.19192399999999998,0.872013,0.424994
0.19403400000000004,0.859336,0.424994
0.19634300000000005,0.8466940000000001,0.424994
0.19884999999999997,0.834089,0.424994
0.20155500000000004,0.821526,0.424994
0.204457,0.809006,0.424994
0.20755500000000005,0.796534,0.424994
0.21084899999999995,0.784112,0.424994
0.214337,0.7717430000000001,0.424994
0.21801899999999996,0.759431,0.424994
0.22189400000000004,0.747178,0.424994
0.225962,0.7349870000000001,0.424994
0.23021999999999998,0.722861,0.424994
0.234668,0.710804,0.424994
0.239305,0.6988190000000001,0.424994
0.24412900000000004,0.6869069999999999,0.424994
0.24914000000000003,0.675073,0.424994
0.25433700000000004,0.663319,0.424994
0.259717,0.651648,0.424994
0.26527999999999996,0.640063,0.424994
0.27102400000000004,0.628567,0.424994
0.276949,0.617163,0.424994
0.28305100000000005,0.605853,0.424994
0.289331,0.5946400000000001,0.424994
0.29578499999999996,0.583527,0.424994
0.30241399999999996,0.5725169999999999,0.424994
0.309215,0.5616129999999999,0.424994
0.31618599999999997,0.550817,0.424994
0.323326,0.5401309999999999,0.424994
0.33063200000000004,0.529559,0.424994
0.33810399999999996,0.519103,0.424994
0.34574000000000005,0.508766,0.424994
0.35353599999999996,0.49855000000000005,0.424994
0.36149299999999995,0.48845700000000003,0.424994
0.369606,0.478491,0.424994
0.377876,0.468654,0.424994
0.38629800000000003,0.458947,0.424994
0.39487300000000003,0.44937499999999997,0.424994
0.40359599999999995,0.439937,0.424994
0.41246700000000003,0.430639,0.424994
0.421482,0.42147999999999997,0.424994
0.43064100000000005,0.41246499999999997,0.424994
0.43994,0.403594,0.424994
0.449377,0.39487099999999997,0.424994
0.45894999999999997,0.386296,0.424994
0.46865599999999996,0.37787400000000004,0.424994
0.478494,0.36960400000000004,0.424994
0.48846,0.361491,0.424994
0.498552,0.353534,0.424994
0.508768,0.345738,0.424994
0.5191060000000001,0.33810300000000004,0.424994
0.529562,0.330631,0.424994
0.540134,0.32332399999999994,0.424994
0.550819,0.316184,0.424994
0.561616,0.30921299999999996,0.424994
0.5725199999999999,0.302412,0.424994
0.58353,0.29578400000000005,0.424994
0.594643,0.28932899999999995,0.424994
0.605856,0.28305,0.424994
0.617166,0.27694700000000005,0.424994
0.6285700000000001,0.271023,0.424994
0.640066,0.26527900000000004,0.424994
0.651651,0.25971599999999995,0.424994
0.663322,0.254336,0.424994
0.675076,0.249139,0.424994
0.68691,0.244128,0.424994
0.698821,0.23930399999999996,0.424994
0.710807,0.23466699999999996,0.424994
0.722864,0.23021899999999995,0.424994
0.73499,0.22596099999999997,0.424994
0.74718,0.221893,0.424994
0.7594339999999999,0.21801800000000005,0.424994
0.771746,0.21433599999999997,0.424994
0.784115,0.21084800000000004,0.424994
0.796537,0.20755400000000002,0.424994
0.809009,0.20445599999999997,0.424994
0.821529,0.201554,0.424994
0.8340920000000001,0.19884900000000005,0.424994
0.846697,0.19634200000000002,0.424994
0.859339,0.194033,0.424994
0.872016,0.19192299999999995,0.424994
0.884725,0.190013,0.424994
0.897461,0.18830199999999997,0.424994
0.9102238,0.18679199999999996,0.424994
0.9230082,0.18548200000000004,0.424994
0.9358116,0.184373,0.424994
0.9486308999999999,0.183465,0.424994
0.9614628,0.182759,0.424994
0.9743043,0.18225499999999994,0.424994
0.9871521,0.181952,0.424994
0.19098400000000004,1.0,0.41221399999999997
0.19108400000000003,0.9872925,0.41221399999999997
0.19138299999999997,0.9745881,0.41221399999999997
0.191882,0.96189,0.41221399999999997
0.19257999999999997,0.9492013,0.41221399999999997
0.19347800000000004,0.9365252,0.41221399999999997
0.19457400000000002,0.9238647,0.41221399999999997
0.19587,0.911223,0.41221399999999997
0.19736299999999996,0.898603,0.41221399999999997
0.19905499999999998,0.886008,0.41221399999999997
0.200944,0.873442,0.41221399999999997
0.20303099999999996,0.860906,0.41221399999999997
0.205314,0.848405,0.41221399999999997
0.207793,0.835941,0.41221399999999997
0.210468,0.823518,0.41221399999999997
0.213337,0.811139,0.41221399999999997
0.21640099999999995,0.798805,0.41221399999999997
0.21965800000000002,0.7865219999999999,0.41221399999999997
0.22310700000000006,0.7742910000000001,0.41221399999999997
0.22674799999999995,0.762116,0.41221399999999997
0.23058,0.75,0.41221399999999997
0.23460199999999998,0.7379450000000001,0.41221399999999997
0.23881300000000005,0.725955,0.41221399999999997
0.24321099999999996,0.7140329999999999,0.41221399999999997
0.24779600000000002,0.7021809999999999,0.41221399999999997
0.252567,0.690402,0.41221399999999997
0.25752200000000003,0.6787000000000001,0.41221399999999997
0.26266,0.6670780000000001,0.41221399999999997
0.267981,0.655537,0.41221399999999997
0.273482,0.644081,0.41221399999999997
0.279162,0.632714,0.41221399999999997
0.28502000000000005,0.621436,0.41221399999999997
0.29105400000000003,0.6102529999999999,0.41221399999999997
0.297264,0.599165,0.41221399999999997
0.30364599999999997,0.588176,0.41221399999999997
0.31020099999999995,0.5772889999999999,0.41221399999999997
0.31692600000000004,0.566507,0.41221399999999997
0.32381899999999997,0.555831,0.41221399999999997
0.33087900000000003,0.545265,0.41221399999999997
0.33810399999999996,0.5348109999999999,0.41221399999999997
0.34549300000000005,0.524471,0.41221399999999997
0.353043,0.514249,0.41221399999999997
0.360753,0.504147,0.41221399999999997
0.36861999999999995,0.49416800000000005,0.41221399999999997
0.37664299999999995,0.484313,0.41221399999999997
0.38482000000000005,0.47458500000000003,0.41221399999999997
0.39314899999999997,0.46498700000000004,0.41221399999999997
0.40162699999999996,0.45552099999999995,0.41221399999999997
0.410254,0.44618899999999995,0.41221399999999997
0.419025,0.436994,0.41221399999999997
0.42794,0.42793800000000004,0.41221399999999997
0.43699600000000005,0.41902300000000003,0.41221399999999997
0.446191,0.41025199999999995,0.41221399999999997
0.455523,0.401625,0.41221399999999997
0.464989,0.393147,0.41221399999999997
0.474587,0.384818,0.41221399999999997
0.48431500000000005,0.376641,0.41221399999999997
0.49417,0.368618,0.41221399999999997
0.50415,0.36075100000000004,0.41221399999999997
0.5142519999999999,0.35304100000000005,0.41221399999999997
0.524474,0.345491,0.41221399999999997
0.534813,0.33810300000000004,0.41221399999999997
0.545267,0.330877,0.41221399999999997
0.555833,0.323817,0.41221399999999997
0.5665089999999999,0.316924,0.41221399999999997
0.577292,0.310199,0.41221399999999997
0.588179,0.30364500000000005,0.41221399999999997
0.5991679999999999,0.297262,0.41221399999999997
0.610255,0.291053,0.41221399999999997
0.6214390000000001,0.285018,0.41221399999999997
0.6327160000000001,0.27915999999999996,0.41221399999999997
0.644084,0.27347999999999995,0.41221399999999997
0.65554,0.26797899999999997,0.41221399999999997
0.66708,0.262659,0.41221399999999997
0.6787030000000001,0.257521,0.41221399999999997
0.6904049999999999,0.25256599999999996,0.41221399999999997
0.702183,0.247795,0.41221399999999997
0.714035,0.24321000000000004,0.41221399999999997
0.725958,0.238811,0.41221399999999997
0.737948,0.23460099999999995,0.41221399999999997
0.750003,0.23057899999999998,0.41221399999999997
0.762119,0.22674700000000003,0.41221399999999997
0.774294,0.22310600000000003,0.41221399999999997
0.786525,0.219657,0.41221399999999997
0.798808,0.21640000000000004,0.41221399999999997
0.811141,0.21333599999999997,0.41221399999999997
0.823521,0.21046699999999996,0.41221399999999997
0.835944,0.20779199999999998,0.41221399999999997
0.848408,0.20531299999999997,0.41221399999999997
0.860909,0.20303000000000004,0.41221399999999997
0.873445,0.200944,0.41221399999999997
0.886011,0.19905499999999998,0.41221399999999997
0.898606,0.19736299999999996,0.41221399999999997
0.9112259,0.19586899999999996,0.41221399999999997
0.9238676,0.19457400000000002,0.41221399999999997
0.9365281,0.19347800000000004,0.41221399999999997
0.9492043,0.19257999999999997,0.41221399999999997
0.961893,0.191882,0.41221399999999997
0.9745911,0.19138299999999997,0.41221399999999997
0.9872955,0.19108400000000003,0.41221399999999997
0.20031600000000005,1.0,0.399579
0.200415,0.9874391,0.399579
0.20071099999999997,0.9748813,0.399579
0.20120400000000005,0.9623296,0.399579
0.20189400000000002,0.9497873,0.399579
0.202781,0.9372574,0.399579
0.20386499999999996,0.9247429,0.399579
0.20514600000000005,0.912247,0.399579
0.20662199999999997,0.899773,0.399579
0.20829399999999998,0.887323,0.399579
0.21016199999999996,0.8749020000000001,0.399579
0.21222399999999997,0.862511,0.399579
0.21448100000000003,0.850154,0.399579
0.216932,0.837834,0.399579
0.21957499999999996,0.825554,0.399579
0.22241200000000005,0.8133170000000001,0.399579
0.22543999999999997,0.801126,0.399579
0.22865899999999995,0.788985,0.399579
0.23206899999999997,0.776895,0.399579
0.235668,0.76486,0.399579
0.239456,0.752884,0.399579
0.24343099999999995,0.7409680000000001,0.399579
0.24759299999999995,0.729116,0.399579
0.25194099999999997,0.7173309999999999,0.399579
0.25647299999999995,0.705616,0.399579
0.261189,0.693974,0.399579
0.26608699999999996,0.682407,0.399579
0.271166,0.670918,0.399579
0.27642500000000003,0.65951,0.399579
0.28186199999999995,0.6481870000000001,0.399579
0.287477,0.63695,0.399579
0.29326700000000006,0.625803,0.399579
0.29923200000000005,0.614749,0.399579
0.30537000000000003,0.603789,0.399579
0.31167900000000004,0.592927,0.399579
0.31815800000000005,0.582166,0.399579
0.324805,0.571507,0.399579
0.331619,0.560954,0.399579
0.33859799999999995,0.55051,0.399579
0.34574000000000005,0.540177,0.399579
0.353043,0.529957,0.399579
0.360506,0.519853,0.399579
0.368127,0.5098670000000001,0.399579
0.375903,0.500003,0.399579
0.383834,0.49026099999999995,0.399579
0.39191699999999996,0.480646,0.399579
0.400149,0.471159,0.399579
0.40852999999999995,0.46180200000000005,0.399579
0.417057,0.45257800000000004,0.399579
0.42572699999999997,0.443489,0.399579
0.434539,0.43453699999999995,0.399579
0.44349099999999997,0.425725,0.399579
0.45258,0.41705499999999995,0.399579
0.461804,0.408528,0.399579
0.47116100000000005,0.40014700000000003,0.399579
0.48064799999999996,0.391915,0.399579
0.49026400000000003,0.38383199999999995,0.399579
0.500005,0.37590100000000004,0.399579
0.50987,0.36812500000000004,0.399579
0.519855,0.36050400000000005,0.399579
0.5299590000000001,0.35304100000000005,0.399579
0.540179,0.345738,0.399579
0.550513,0.338596,0.399579
0.5609569999999999,0.33161700000000005,0.399579
0.57151,0.324804,0.399579
0.582168,0.318157,0.399579
0.59293,0.311678,0.399579
0.603791,0.305369,0.399579
0.614751,0.299231,0.399579
0.625806,0.293266,0.399579
0.636953,0.28747599999999995,0.399579
0.64819,0.28186100000000003,0.399579
0.659513,0.276424,0.399579
0.670921,0.271165,0.399579
0.682409,0.26608600000000004,0.399579
0.6939759999999999,0.261188,0.399579
0.705619,0.25647200000000003,0.399579
0.717334,0.25194000000000005,0.399579
0.7291190000000001,0.24759200000000003,0.399579
0.740971,0.24343000000000004,0.399579
0.7528859999999999,0.23945499999999997,0.399579
0.764863,0.23566699999999996,0.399579
0.776898,0.23206800000000005,0.399579
0.788987,0.22865800000000003,0.399579
0.801129,0.22543899999999994,0.399579
0.81332,0.22241100000000003,0.399579
0.825557,0.21957499999999996,0.399579
0.8378369999999999,0.21693099999999998,0.399579
0.850157,0.21448,0.399579
0.862514,0.21222399999999997,0.399579
0.874905,0.21016100000000004,0.399579
0.8873260000000001,0.20829399999999998,0.399579
0.899776,0.20662199999999997,0.399579
0.91225,0.20514500000000002,0.399579
0.9247459,0.20386499999999996,0.399579
0.9372603,0.202781,0.399579
0.9497903,0.20189400000000002,0.399579
0.9623326,0.20120400000000005,0.399579
0.9748842,0.20071099999999997,0.399579
0.987442,0.200415,0.399579
0.20984599999999998,1.0,0.387092
0.209943,0.9875888,0.387092
0.21023599999999998,0.9751806,0.387092
0.210723,0.9627786,0.387092
0.21140499999999995,0.9503857,0.387092
0.21228199999999997,0.9380051,0.387092
0.21335300000000001,0.9256398,0.387092
0.21461799999999998,0.9132928,0.387092
0.21607699999999996,0.9009672,0.387092
0.21772899999999995,0.888666,0.387092
0.21957400000000005,0.8763920000000001,0.387092
0.22161200000000003,0.8641490000000001,0.387092
0.22384199999999999,0.85194,0.387092
0.226263,0.839766,0.387092
0.22887500000000005,0.8276330000000001,0.387092
0.23167800000000005,0.815542,0.387092
0.23467000000000005,0.803496,0.387092
0.23785100000000003,0.791499,0.387092
0.24122,0.779554,0.387092
0.244776,0.7676620000000001,0.387092
0.24851900000000005,0.7558279999999999,0.387092
0.252447,0.744055,0.387092
0.256559,0.732344,0.387092
0.26085499999999995,0.7207,0.387092
0.26533399999999996,0.709124,0.387092
0.26999300000000004,0.69762,0.387092
0.274833,0.686191,0.387092
0.27985099999999996,0.67484,0.387092
0.28504799999999997,0.6635679999999999,0.387092
0.29042,0.65238,0.387092
0.295968,0.641277,0.387092
0.301689,0.630263,0.387092
0.30758300000000005,0.61934,0.387092
0.31364800000000004,0.60851,0.387092
0.319882,0.5977779999999999,0.387092
0.326283,0.587145,0.387092
0.332851,0.576613,0.387092
0.339584,0.5661860000000001,0.387092
0.34648,0.555867,0.387092
0.35353599999999996,0.5456559999999999,0.387092
0.360753,0.535558,0.387092
0.368127,0.525575,0.387092
0.375657,0.515708,0.387092
0.38334100000000004,0.505961,0.387092
0.391177,0.496336,0.387092
0.39916300000000005,0.486835,0.387092
0.40729800000000005,0.477461,0.387092
0.415578,0.46821500000000005,0.387092
0.424003,0.459101,0.387092
0.43257100000000004,0.450121,0.387092
0.44127799999999995,0.441276,0.387092
0.45012300000000005,0.432569,0.387092
0.45910300000000004,0.42400099999999996,0.387092
0.468218,0.41557599999999995,0.387092
0.47746299999999997,0.407296,0.387092
0.48683699999999996,0.399161,0.387092
0.49633799999999995,0.39117500000000005,0.387092
0.5059629999999999,0.383339,0.387092
0.51571,0.37565499999999996,0.387092
0.525577,0.36812500000000004,0.387092
0.535561,0.36075100000000004,0.387092
0.545659,0.35353500000000004,0.387092
0.555869,0.34647799999999995,0.387092
0.566189,0.33958200000000005,0.387092
0.576616,0.33285,0.387092
0.587147,0.32628199999999996,0.387092
0.597781,0.31988000000000005,0.387092
0.6085130000000001,0.313646,0.387092
0.6193420000000001,0.307582,0.387092
0.6302650000000001,0.30168799999999996,0.387092
0.6412789999999999,0.295967,0.387092
0.652382,0.290419,0.387092
0.663571,0.285046,0.387092
0.6748419999999999,0.27985000000000004,0.387092
0.686194,0.27483199999999997,0.387092
0.697623,0.269992,0.387092
0.7091270000000001,0.26533300000000004,0.387092
0.720703,0.26085400000000003,0.387092
0.7323470000000001,0.25655799999999995,0.387092
0.744058,0.25244599999999995,0.387092
0.755831,0.24851800000000002,0.387092
0.767665,0.244776,0.387092
0.779556,0.24121899999999996,0.387092
0.791502,0.23785,0.387092
0.803499,0.23466900000000002,0.387092
0.815545,0.23167700000000002,0.387092
0.827636,0.22887500000000005,0.387092
0.839769,0.226263,0.387092
0.851942,0.22384099999999996,0.387092
0.864152,0.221611,0.387092
0.876395,0.21957400000000005,0.387092
0.888669,0.21772800000000003,0.387092
0.9009701,0.21607600000000005,0.387092
0.9132957,0.21461699999999995,0.387092
0.9256426,0.21335199999999999,0.387092
0.938008,0.21228100000000005,0.387092
0.9503886,0.21140499999999995,0.387092
0.9627815,0.210723,0.387092
0.9751835,0.21023599999999998,0.387092
0.9875917,0.209943,0.387092
0.21957099999999996,1.0,0.374756
0.21966699999999995,0.9877415,0.374756
0.21995600000000004,0.9754861,0.374756
0.220437,0.9632367,0.374756
0.22111099999999995,0.9509963,0.374756
0.22197599999999995,0.9387681,0.374756
0.22303399999999995,0.9265549,0.374756
0.22428400000000004,0.9143599,0.374756
0.22572499999999995,0.902186,0.374756
0.227356,0.890036,0.374756
0.22917900000000002,0.877914,0.374756
0.23119199999999995,0.865821,0.374756
0.233394,0.853762,0.374756
0.23578600000000005,0.841738,0.374756
0.23836599999999997,0.829754,0.374756
0.24113399999999996,0.817812,0.374756
0.244089,0.8059149999999999,0.374756
0.24723099999999998,0.794065,0.374756
0.250559,0.782267,0.374756
0.25407100000000005,0.770522,0.374756
0.257768,0.758834,0.374756
0.26164699999999996,0.747205,0.374756
0.265709,0.735638,0.374756
0.26995199999999997,0.724137,0.374756
0.27437500000000004,0.712704,0.374756
0.27897799999999995,0.701342,0.374756
0.28375799999999995,0.690053,0.374756
0.288714,0.678841,0.374756
0.29384699999999997,0.667709,0.374756
0.299153,0.656658,0.374756
0.30463300000000004,0.6456919999999999,0.374756
0.310284,0.6348130000000001,0.374756
0.31610499999999997,0.624024,0.374756
0.322095,0.613329,0.374756
0.328252,0.6027279999999999,0.374756
0.33457499999999996,0.5922259999999999,0.374756
0.341062,0.581824,0.374756
0.347712,0.571526,0.374756
0.35452300000000003,0.5613330000000001,0.374756
0.36149299999999995,0.551248,0.374756
0.36861999999999995,0.541274,0.374756
0.375903,0.531413,0.374756
0.38334100000000004,0.521668,0.374756
0.39093,0.512041,0.374756
0.39866999999999997,0.502535,0.374756
0.406558,0.493151,0.374756
0.41459199999999996,0.483892,0.374756
0.422771,0.47475999999999996,0.374756
0.43109200000000003,0.465758,0.374756
0.439554,0.45688799999999996,0.374756
0.44815400000000005,0.448152,0.374756
0.45689,0.43955200000000005,0.374756
0.46575999999999995,0.43109,0.374756
0.474762,0.42276899999999995,0.374756
0.48389400000000005,0.41459,0.374756
0.49315299999999995,0.40655600000000003,0.374756
0.502537,0.398668,0.374756
0.5120439999999999,0.39092800000000005,0.374756
0.521671,0.383339,0.374756
0.531416,0.37590199999999996,0.374756
0.541276,0.368618,0.374756
0.55125,0.361491,0.374756
0.5613349999999999,0.354521,0.374756
0.571528,0.34770999999999996,0.374756
0.581827,0.34106099999999995,0.374756
0.592228,0.33457400000000004,0.374756
0.602731,0.32825099999999996,0.374756
0.6133310000000001,0.32209299999999996,0.374756
0.624027,0.31610400000000005,0.374756
0.634816,0.31028199999999995,0.374756
0.645694,0.304631,0.374756
0.65666,0.299152,0.374756
0.6677109999999999,0.293845,0.374756
0.678844,0.288713,0.374756
0.690056,0.283756,0.374756
0.701345,0.278976,0.374756
0.712707,0.274374,0.374756
0.72414,0.26995100000000005,0.374756
0.735641,0.26570800000000006,0.374756
0.747207,0.26164600000000005,0.374756
0.7588360000000001,0.25776699999999997,0.374756
0.770524,0.25407,0.374756
0.782269,0.25055799999999995,0.374756
0.794068,0.24722999999999995,0.374756
0.805917,0.244089,0.374756
0.817815,0.24113300000000004,0.374756
0.829757,0.23836500000000005,0.374756
0.841741,0.23578500000000002,0.374756
0.853765,0.233394,0.374756
0.865824,0.23119100000000004,0.374756
0.877916,0.22917900000000002,0.374756
0.890039,0.227356,0.374756
0.9021889,0.22572400000000004,0.374756
0.9143628,0.224283,0.374756
0.9265578,0.22303399999999995,0.374756
0.9387709,0.22197599999999995,0.374756
0.9509992,0.22111000000000003,0.374756
0.9632395,0.220437,0.374756
0.9754889,0.21995600000000004,0.374756
0.9877444,0.21966699999999995,0.374756
0.22948800000000003,1.0,0.362575
0.22958299999999998,0.9878973,0.362575
0.22986799999999996,0.9757976,0.362575
0.23034299999999996,0.9637038,0.362575
0.231008,0.951619,0.362575
0.23186300000000004,0.9395462,0.362575
0.23290699999999998,0.9274882,0.362575
0.23414100000000004,0.9154482,0.362575
0.235564,0.903429,0.362575
0.23717500000000002,0.8914340000000001,0.362575
0.23897400000000002,0.8794649999999999,0.362575
0.24096099999999998,0.867526,0.362575
0.24313600000000002,0.85562,0.362575
0.24549699999999997,0.84375,0.362575
0.24804400000000004,0.8319179999999999,0.362575
0.250777,0.820127,0.362575
0.253695,0.808381,0.362575
0.25679700000000005,0.796682,0.362575
0.26008200000000004,0.785033,0.362575
0.26354999999999995,0.773438,0.362575
0.2672,0.761898,0.362575
0.27103,0.750417,0.362575
0.27503999999999995,0.738998,0.362575
0.27922899999999995,0.727643,0.362575
0.28359599999999996,0.7163550000000001,0.362575
0.28813999999999995,0.705137,0.362575
0.292859,0.6939919999999999,0.362575
0.29775300000000005,0.682922,0.362575
0.30282,0.6719310000000001,0.362575
0.30805899999999997,0.6610210000000001,0.362575
0.313469,0.6501939999999999,0.362575
0.319048,0.639454,0.362575
0.32479499999999994,0.6288020000000001,0.362575
0.33070900000000003,0.618242,0.362575
0.336788,0.607777,0.362575
0.343031,0.5974079999999999,0.362575
0.34943599999999997,0.5871379999999999,0.362575
0.356001,0.57697,0.362575
0.36272499999999996,0.566907,0.362575
0.369606,0.556951,0.362575
0.37664299999999995,0.547103,0.362575
0.383834,0.5373680000000001,0.362575
0.391177,0.527747,0.362575
0.39866999999999997,0.518242,0.362575
0.406311,0.508856,0.362575
0.414099,0.499591,0.362575
0.42203100000000004,0.49045000000000005,0.362575
0.430106,0.48143499999999995,0.362575
0.438322,0.47254700000000005,0.362575
0.44667599999999996,0.46379000000000004,0.362575
0.455167,0.45516500000000004,0.362575
0.463792,0.446674,0.362575
0.472549,0.43832000000000004,0.362575
0.481437,0.43010400000000004,0.362575
0.490452,0.422029,0.362575
0.499594,0.41409700000000005,0.362575
0.508858,0.40630900000000003,0.362575
0.5182439999999999,0.398668,0.362575
0.527749,0.39117500000000005,0.362575
0.53737,0.38383199999999995,0.362575
0.547106,0.37664200000000003,0.362575
0.556953,0.36960499999999996,0.362575
0.566909,0.362723,0.362575
0.576973,0.35599899999999995,0.362575
0.58714,0.349434,0.362575
0.59741,0.34302900000000003,0.362575
0.6077790000000001,0.33678699999999995,0.362575
0.6182449999999999,0.330708,0.362575
0.6288050000000001,0.324794,0.362575
0.639456,0.31904699999999997,0.362575
0.650197,0.31346799999999997,0.362575
0.661023,0.30805800000000005,0.362575
0.671934,0.30281899999999995,0.362575
0.682925,0.297752,0.362575
0.6939949999999999,0.29285799999999995,0.362575
0.70514,0.28813900000000003,0.362575
0.716358,0.28359500000000004,0.362575
0.727645,0.27922800000000003,0.362575
0.739,0.27503900000000003,0.362575
0.75042,0.27102899999999996,0.362575
0.7619009999999999,0.26719899999999996,0.362575
0.773441,0.26354900000000003,0.362575
0.7850360000000001,0.260081,0.362575
0.796685,0.256796,0.362575
0.808384,0.253694,0.362575
0.82013,0.250777,0.362575
0.83192,0.24804400000000004,0.362575
0.8437520000000001,0.24549600000000005,0.362575
0.855623,0.243135,0.362575
0.867529,0.24096099999999998,0.362575
0.879468,0.23897400000000002,0.362575
0.891436,0.237174,0.362575
0.9034318,0.23556299999999997,0.362575
0.915451,0.23414100000000004,0.362575
0.927491,0.23290699999999998,0.362575
0.939549,0.23186300000000004,0.362575
0.9516218,0.231008,0.362575
0.9637066,0.23034299999999996,0.362575
0.9758004,0.22986799999999996,0.362575
0.9879001,0.22958299999999998,0.362575
0.239595,1.0,0.35055099999999995
0.23968900000000004,0.9880561,0.35055099999999995
0.23997000000000002,0.976115,0.35055099999999995
0.24043899999999996,0.9641799,0.35055099999999995
0.24109599999999998,0.9522537,0.35055099999999995
0.24193900000000002,0.9403392,0.35055099999999995
0.24297000000000002,0.9284394,0.35055099999999995
0.24418700000000004,0.9165573,0.35055099999999995
0.245591,0.9046958,0.35055099999999995
0.24718099999999998,0.892858,0.35055099999999995
0.24895699999999998,0.881046,0.35055099999999995
0.250918,0.869264,0.35055099999999995
0.25306399999999996,0.857514,0.35055099999999995
0.255394,0.845799,0.35055099999999995
0.257908,0.834122,0.35055099999999995
0.260605,0.822487,0.35055099999999995
0.26348499999999997,0.810895,0.35055099999999995
0.26654599999999995,0.799349,0.35055099999999995
0.26978800000000003,0.787853,0.35055099999999995
0.27320999999999995,0.77641,0.35055099999999995
0.27681199999999995,0.765021,0.35055099999999995
0.28059199999999995,0.753691,0.35055099999999995
0.28454999999999997,0.742421,0.35055099999999995
0.28868400000000005,0.731215,0.35055099999999995
0.292994,0.7200759999999999,0.35055099999999995
0.297478,0.709005,0.35055099999999995
0.30213500000000004,0.698006,0.35055099999999995
0.30696500000000004,0.687082,0.35055099999999995
0.31196500000000005,0.6762349999999999,0.35055099999999995
0.317136,0.665467,0.35055099999999995
0.32247499999999996,0.654783,0.35055099999999995
0.32798099999999997,0.644183,0.35055099999999995
0.333653,0.633671,0.35055099999999995
0.33948900000000004,0.6232500000000001,0.35055099999999995
0.345488,0.612922,0.35055099999999995
0.351649,0.602689,0.35055099999999995
0.357969,0.592554,0.35055099999999995
0.364449,0.582519,0.35055099999999995
0.37108399999999997,0.572588,0.35055099999999995
0.377876,0.562762,0.35055099999999995
0.38482000000000005,0.553044,0.35055099999999995
0.39191699999999996,0.543437,0.35055099999999995
0.39916300000000005,0.533942,0.35055099999999995
0.406558,0.524561,0.35055099999999995
0.414099,0.515299,0.35055099999999995
0.42178400000000005,0.506156,0.35055099999999995
0.429613,0.49713399999999996,0.35055099999999995
0.437582,0.48823700000000003,0.35055099999999995
0.44569000000000003,0.47946599999999995,0.35055099999999995
0.45393399999999995,0.470824,0.35055099999999995
0.462314,0.46231199999999995,0.35055099999999995
0.47082599999999997,0.453932,0.35055099999999995
0.479468,0.445688,0.35055099999999995
0.488239,0.43757999999999997,0.35055099999999995
0.497136,0.42961099999999997,0.35055099999999995
0.506158,0.421783,0.35055099999999995
0.515301,0.41409700000000005,0.35055099999999995
0.524564,0.40655600000000003,0.35055099999999995
0.533944,0.399161,0.35055099999999995
0.543439,0.391915,0.35055099999999995
0.5530470000000001,0.384819,0.35055099999999995
0.562765,0.37787400000000004,0.35055099999999995
0.5725899999999999,0.37108300000000005,0.35055099999999995
0.582522,0.36444699999999997,0.35055099999999995
0.5925560000000001,0.35796799999999995,0.35055099999999995
0.602691,0.35164700000000004,0.35055099999999995
0.612924,0.345487,0.35055099999999995
0.6232519999999999,0.339487,0.35055099999999995
0.6336740000000001,0.33365100000000003,0.35055099999999995
0.6441859999999999,0.327979,0.35055099999999995
0.654785,0.322473,0.35055099999999995
0.66547,0.31713499999999994,0.35055099999999995
0.676237,0.311964,0.35055099999999995
0.687084,0.306964,0.35055099999999995
0.698009,0.302134,0.35055099999999995
0.7090080000000001,0.297477,0.35055099999999995
0.720078,0.29299299999999995,0.35055099999999995
0.7312179999999999,0.288683,0.35055099999999995
0.742424,0.28454900000000005,0.35055099999999995
0.753694,0.28059100000000003,0.35055099999999995
0.765024,0.27681100000000003,0.35055099999999995
0.776412,0.27320999999999995,0.35055099999999995
0.787856,0.269787,0.35055099999999995
0.7993520000000001,0.26654500000000003,0.35055099999999995
0.810897,0.26348400000000005,0.35055099999999995
0.822489,0.260605,0.35055099999999995
0.834125,0.257908,0.35055099999999995
0.8458019999999999,0.255394,0.35055099999999995
0.857517,0.25306399999999996,0.35055099999999995
0.869267,0.250918,0.35055099999999995
0.881049,0.24895699999999998,0.35055099999999995
0.892861,0.24718099999999998,0.35055099999999995
0.9046985,0.245591,0.35055099999999995
0.9165601,0.24418700000000004,0.35055099999999995
0.9284422,0.24297000000000002,0.35055099999999995
0.940342,0.24193900000000002,0.35055099999999995
0.9522565,0.24109499999999995,0.35055099999999995
0.9641827,0.24043899999999996,0.35055099999999995
0.9761178,0.23997000000000002,0.35055099999999995
0.9880588,0.23968900000000004,0.35055099999999995
0.24988999999999995,1.0,0.33868699999999996
0.24998299999999996,0.9882178,0.33868699999999996
0.25026000000000004,0.9764384,0.33868699999999996
0.25072300000000003,0.9646649,0.33868699999999996
0.25137,0.9529001,0.33868699999999996
0.25220200000000004,0.9411469,0.33868699999999996
0.25321899999999997,0.9294083,0.33868699999999996
0.25442,0.917687,0.33868699999999996
0.25580499999999995,0.9059861,0.33868699999999996
0.25737299999999996,0.894308,0.33868699999999996
0.25912500000000005,0.882657,0.33868699999999996
0.26105999999999996,0.871034,0.33868699999999996
0.263177,0.859443,0.33868699999999996
0.265475,0.8478870000000001,0.33868699999999996
0.26795500000000005,0.836368,0.33868699999999996
0.27061599999999997,0.82489,0.33868699999999996
0.27345600000000003,0.813455,0.33868699999999996
0.27647600000000006,0.802066,0.33868699999999996
0.279674,0.790726,0.33868699999999996
0.28305,0.7794369999999999,0.33868699999999996
0.28660300000000005,0.768203,0.33868699999999996
0.29033200000000003,0.757026,0.33868699999999996
0.29423600000000005,0.7459089999999999,0.33868699999999996
0.29831399999999997,0.734854,0.33868699999999996
0.302566,0.723865,0.33868699999999996
0.30698899999999996,0.7129449999999999,0.33868699999999996
0.31158300000000005,0.702095,0.33868699999999996
0.31634799999999996,0.691318,0.33868699999999996
0.32128100000000004,0.680618,0.33868699999999996
0.32638100000000003,0.669997,0.33868699999999996
0.33164800000000005,0.659456,0.33868699999999996
0.337079,0.649,0.33868699999999996
0.34267400000000003,0.638631,0.33868699999999996
0.34843100000000005,0.628351,0.33868699999999996
0.354349,0.618162,0.33868699999999996
0.36042700000000005,0.608068,0.33868699999999996
0.36666200000000004,0.59807,0.33868699999999996
0.37305299999999997,0.5881719999999999,0.33868699999999996
0.379599,0.578375,0.33868699999999996
0.38629800000000003,0.568682,0.33868699999999996
0.39314899999999997,0.559096,0.33868699999999996
0.400149,0.5496179999999999,0.33868699999999996
0.40729800000000005,0.540251,0.33868699999999996
0.41459199999999996,0.5309980000000001,0.33868699999999996
0.42203100000000004,0.521861,0.33868699999999996
0.429613,0.512842,0.33868699999999996
0.43733500000000003,0.503942,0.33868699999999996
0.44519600000000004,0.495166,0.33868699999999996
0.453194,0.486513,0.33868699999999996
0.46132700000000004,0.47798799999999997,0.33868699999999996
0.46959300000000004,0.469591,0.33868699999999996
0.47799,0.461325,0.33868699999999996
0.48651500000000003,0.45319200000000004,0.33868699999999996
0.49516800000000005,0.445194,0.33868699999999996
0.503945,0.43733299999999997,0.33868699999999996
0.5128440000000001,0.42961099999999997,0.33868699999999996
0.521863,0.422029,0.33868699999999996
0.531,0.41459,0.33868699999999996
0.540254,0.407296,0.33868699999999996
0.54962,0.40014799999999995,0.33868699999999996
0.559098,0.393147,0.33868699999999996
0.568684,0.386297,0.33868699999999996
0.5783769999999999,0.379598,0.33868699999999996
0.588174,0.37305200000000005,0.33868699999999996
0.5980719999999999,0.36666,0.33868699999999996
0.60807,0.360425,0.33868699999999996
0.6181650000000001,0.354348,0.33868699999999996
0.6283529999999999,0.34843,0.33868699999999996
0.638633,0.342673,0.33868699999999996
0.649003,0.337078,0.33868699999999996
0.659459,0.331646,0.33868699999999996
0.669999,0.32638,0.33868699999999996
0.6806209999999999,0.321279,0.33868699999999996
0.6913210000000001,0.31634700000000004,0.33868699999999996
0.702097,0.311582,0.33868699999999996
0.712947,0.30698800000000004,0.33868699999999996
0.723868,0.302565,0.33868699999999996
0.734857,0.29831300000000005,0.33868699999999996
0.745911,0.294235,0.33868699999999996
0.757028,0.290331,0.33868699999999996
0.768205,0.286602,0.33868699999999996
0.77944,0.283049,0.33868699999999996
0.790728,0.279674,0.33868699999999996
0.802068,0.276475,0.33868699999999996
0.813457,0.27345600000000003,0.33868699999999996
0.824893,0.27061500000000005,0.33868699999999996
0.836371,0.26795500000000005,0.33868699999999996
0.84789,0.265475,0.33868699999999996
0.8594459999999999,0.26317599999999997,0.33868699999999996
0.8710370000000001,0.26105900000000004,0.33868699999999996
0.882659,0.25912500000000005,0.33868699999999996
0.894311,0.25737299999999996,0.33868699999999996
0.9059888,0.25580499999999995,0.33868699999999996
0.9176896999999999,0.25442,0.33868699999999996
0.929411,0.25321899999999997,0.33868699999999996
0.9411497,0.25220200000000004,0.33868699999999996
0.9529028,0.25137,0.33868699999999996
0.9646677,0.25072300000000003,0.33868699999999996
0.9764412,0.25026000000000004,0.33868699999999996
0.9882205,0.24998299999999996,0.33868699999999996
0.26037,1.0,0.326986
0.26046100000000005,0.9883824,0.326986
0.26073500000000005,0.9767676,0.326986
0.26119099999999995,0.9651586,0.326986
0.26183,0.9535581,0.326986
0.26265000000000005,0.9419692,0.326986
0.263653,0.9303945,0.326986
0.264837,0.918837,0.326986
0.26620200000000005,0.9072996,0.326986
0.267749,0.895785,0.326986
0.26947600000000005,0.884296,0.326986
0.27138399999999996,0.872836,0.326986
0.273471,0.861407,0.326986
0.27573800000000004,0.850012,0.326986
0.27818299999999996,0.838654,0.326986
0.280806,0.827336,0.326986
0.28360700000000005,0.816061,0.326986
0.286585,0.804831,0.326986
0.28973800000000005,0.793649,0.326986
0.29306699999999997,0.782518,0.326986
0.29657,0.771441,0.326986
0.30024700000000004,0.76042,0.326986
0.30409699999999995,0.749459,0.326986
0.308118,0.738559,0.326986
0.31231,0.727723,0.326986
0.31667100000000004,0.716955,0.326986
0.32120099999999996,0.706257,0.326986
0.32589900000000005,0.695631,0.326986
0.33076300000000003,0.68508,0.326986
0.335792,0.674607,0.326986
0.340985,0.6642140000000001,0.326986
0.346341,0.653904,0.326986
0.351858,0.64368,0.326986
0.35753500000000005,0.633543,0.326986
0.36336999999999997,0.623497,0.326986
0.36936199999999997,0.613544,0.326986
0.37551,0.603686,0.326986
0.38181200000000004,0.593925,0.326986
0.38826700000000003,0.584265,0.326986
0.39487300000000003,0.574708,0.326986
0.40162699999999996,0.565256,0.326986
0.40852999999999995,0.55591,0.326986
0.415578,0.546675,0.326986
0.422771,0.537551,0.326986
0.430106,0.5285409999999999,0.326986
0.437582,0.519648,0.326986
0.44519600000000004,0.510873,0.326986
0.452948,0.502219,0.326986
0.46083399999999997,0.493688,0.326986
0.46885299999999996,0.48528099999999996,0.326986
0.477004,0.47700200000000004,0.326986
0.485283,0.468851,0.326986
0.49368900000000004,0.460832,0.326986
0.502221,0.45294599999999996,0.326986
0.510875,0.445194,0.326986
0.51965,0.43757999999999997,0.326986
0.528543,0.43010400000000004,0.326986
0.537553,0.42276899999999995,0.326986
0.5466770000000001,0.415577,0.326986
0.555913,0.408528,0.326986
0.565258,0.40162600000000004,0.326986
0.57471,0.39487099999999997,0.326986
0.584268,0.388266,0.326986
0.593928,0.381811,0.326986
0.603688,0.375509,0.326986
0.6135459999999999,0.36936100000000005,0.326986
0.623499,0.36336900000000005,0.326986
0.6335459999999999,0.357533,0.326986
0.643682,0.35185599999999995,0.326986
0.653907,0.34634,0.326986
0.6642170000000001,0.34098399999999995,0.326986
0.6746099999999999,0.33579099999999995,0.326986
0.685083,0.330762,0.326986
0.695633,0.325898,0.326986
0.706259,0.32120000000000004,0.326986
0.716958,0.31667,0.326986
0.727726,0.31230899999999995,0.326986
0.738561,0.308117,0.326986
0.7494609999999999,0.30409600000000003,0.326986
0.760423,0.300246,0.326986
0.771444,0.29656899999999997,0.326986
0.782521,0.29306600000000005,0.326986
0.793652,0.289737,0.326986
0.804834,0.28658399999999995,0.326986
0.816064,0.283606,0.326986
0.827339,0.280806,0.326986
0.838657,0.27818200000000004,0.326986
0.850015,0.275737,0.326986
0.86141,0.27347,0.326986
0.872838,0.27138300000000004,0.326986
0.884299,0.26947600000000005,0.326986
0.895788,0.267749,0.326986
0.9073023,0.26620200000000005,0.326986
0.9188397,0.26483599999999996,0.326986
0.9303972,0.263652,0.326986
0.9419719,0.26265000000000005,0.326986
0.9535609,0.261829,0.326986
0.9651613,0.26119099999999995,0.326986
0.9767703,0.26073500000000005,0.326986
0.9883851,0.26046100000000005,0.326986
0.27103299999999997,1.0,0.31545199999999995
0.271123,0.9885499,0.31545199999999995
0.27139199999999997,0.9771025,0.31545199999999995
0.27184200000000003,0.9656609,0.31545199999999995
0.272471,0.9542277,0.31545199999999995
0.27327999999999997,0.9428057,0.31545199999999995
0.27426799999999996,0.9313979,0.31545199999999995
0.275435,0.9200071,0.31545199999999995
0.27678100000000005,0.9086358999999999,0.31545199999999995
0.278305,0.897287,0.31545199999999995
0.280007,0.885964,0.31545199999999995
0.281887,0.874669,0.31545199999999995
0.283945,0.863405,0.31545199999999995
0.28617899999999996,0.852174,0.31545199999999995
0.288589,0.8409800000000001,0.31545199999999995
0.29117400000000004,0.829826,0.31545199999999995
0.29393499999999995,0.818713,0.31545199999999995
0.29686900000000005,0.807645,0.31545199999999995
0.29997700000000005,0.796624,0.31545199999999995
0.303258,0.785654,0.31545199999999995
0.30671099999999996,0.774736,0.31545199999999995
0.310335,0.7638739999999999,0.31545199999999995
0.314129,0.753071,0.31545199999999995
0.31809200000000004,0.742328,0.31545199999999995
0.32222300000000004,0.731649,0.31545199999999995
0.326522,0.721036,0.31545199999999995
0.33098700000000003,0.710491,0.31545199999999995
0.33561700000000005,0.700019,0.31545199999999995
0.340411,0.68962,0.31545199999999995
0.345367,0.679298,0.31545199999999995
0.35048599999999996,0.669055,0.31545199999999995
0.35576399999999997,0.658894,0.31545199999999995
0.361201,0.648817,0.31545199999999995
0.366796,0.638826,0.31545199999999995
0.372548,0.628925,0.31545199999999995
0.37845399999999996,0.6191150000000001,0.31545199999999995
0.384513,0.609399,0.31545199999999995
0.39072399999999996,0.5997790000000001,0.31545199999999995
0.39708600000000005,0.590259,0.31545199999999995
0.40359599999999995,0.580839,0.31545199999999995
0.410254,0.571523,0.31545199999999995
0.417057,0.5623119999999999,0.31545199999999995
0.424003,0.55321,0.31545199999999995
0.43109200000000003,0.544218,0.31545199999999995
0.438322,0.535338,0.31545199999999995
0.44569000000000003,0.526573,0.31545199999999995
0.453194,0.517924,0.31545199999999995
0.46083399999999997,0.509395,0.31545199999999995
0.46860599999999997,0.5009870000000001,0.31545199999999995
0.47651,0.49270099999999994,0.31545199999999995
0.48454299999999995,0.484541,0.31545199999999995
0.492703,0.47650800000000004,0.31545199999999995
0.500988,0.46860500000000005,0.31545199999999995
0.509397,0.460832,0.31545199999999995
0.517926,0.45319299999999996,0.31545199999999995
0.526575,0.445688,0.31545199999999995
0.5353399999999999,0.43832000000000004,0.31545199999999995
0.5442199999999999,0.431091,0.31545199999999995
0.553212,0.424002,0.31545199999999995
0.562314,0.41705499999999995,0.31545199999999995
0.5715250000000001,0.41025199999999995,0.31545199999999995
0.5808409999999999,0.40359500000000004,0.31545199999999995
0.5902609999999999,0.397084,0.31545199999999995
0.599782,0.39072300000000004,0.31545199999999995
0.6094010000000001,0.38451199999999996,0.31545199999999995
0.6191169999999999,0.378452,0.31545199999999995
0.628927,0.37254600000000004,0.31545199999999995
0.638828,0.366795,0.31545199999999995
0.648819,0.36119999999999997,0.31545199999999995
0.6588959999999999,0.35576300000000005,0.31545199999999995
0.669057,0.350484,0.31545199999999995
0.6793,0.34536599999999995,0.31545199999999995
0.689623,0.34041,0.31545199999999995
0.700021,0.335616,0.31545199999999995
0.710494,0.330986,0.31545199999999995
0.7210380000000001,0.32652099999999995,0.31545199999999995
0.731651,0.322222,0.31545199999999995
0.7423299999999999,0.318091,0.31545199999999995
0.753073,0.31412799999999996,0.31545199999999995
0.763877,0.310334,0.31545199999999995
0.7747390000000001,0.30671000000000004,0.31545199999999995
0.785656,0.303257,0.31545199999999995
0.796627,0.29997700000000005,0.31545199999999995
0.807647,0.296868,0.31545199999999995
0.818715,0.29393400000000003,0.31545199999999995
0.829828,0.291173,0.31545199999999995
0.840983,0.28858799999999996,0.31545199999999995
0.852177,0.28617800000000004,0.31545199999999995
0.863407,0.283944,0.31545199999999995
0.874672,0.281887,0.31545199999999995
0.885967,0.280007,0.31545199999999995
0.89729,0.278305,0.31545199999999995
0.9086386,0.27678,0.31545199999999995
0.9200097,0.275435,0.31545199999999995
0.9314006,0.27426799999999996,0.31545199999999995
0.9428084,0.27327999999999997,0.31545199999999995
0.9542303,0.272471,0.31545199999999995
0.9656635,0.27184200000000003,0.31545199999999995
0.9771052,0.27139199999999997,0.31545199999999995
0.9885525,0.271122,0.31545199999999995
0.281875,1.0,0.30408599999999997
0.281964,0.9887202,0.30408599999999997
0.28222899999999995,0.9774431,0.30408599999999997
0.28267200000000003,0.9661716,0.30408599999999997
0.283292,0.9549085,0.30408599999999997
0.28408900000000004,0.9436564,0.30408599999999997
0.28506200000000004,0.9324183,0.30408599999999997
0.286212,0.9211969,0.30408599999999997
0.28753799999999996,0.9099949,0.30408599999999997
0.28903900000000005,0.898815,0.30408599999999997
0.290716,0.88766,0.30408599999999997
0.29256800000000005,0.876533,0.30408599999999997
0.29459500000000005,0.865436,0.30408599999999997
0.29679599999999995,0.854373,0.30408599999999997
0.29917000000000005,0.843346,0.30408599999999997
0.301717,0.832357,0.30408599999999997
0.30443600000000004,0.8214090000000001,0.30408599999999997
0.307327,0.810506,0.30408599999999997
0.310389,0.799649,0.30408599999999997
0.31362100000000004,0.788842,0.30408599999999997
0.31702300000000005,0.778087,0.30408599999999997
0.320593,0.767386,0.30408599999999997
0.32433,0.7567429999999999,0.30408599999999997
0.328234,0.7461599999999999,0.30408599999999997
0.33230400000000004,0.7356400000000001,0.30408599999999997
0.33653900000000003,0.725185,0.30408599999999997
0.34093799999999996,0.714798,0.30408599999999997
0.345499,0.704481,0.30408599999999997
0.350221,0.694237,0.30408599999999997
0.355104,0.684068,0.30408599999999997
0.36014599999999997,0.673977,0.30408599999999997
0.36534599999999995,0.663967,0.30408599999999997
0.370703,0.65404,0.30408599999999997
0.37621400000000005,0.644198,0.30408599999999997
0.38188,0.634444,0.30408599999999997
0.387698,0.62478,0.30408599999999997
0.393667,0.615209,0.30408599999999997
0.399786,0.6057319999999999,0.30408599999999997
0.406053,0.596353,0.30408599999999997
0.41246700000000003,0.587073,0.30408599999999997
0.419025,0.577896,0.30408599999999997
0.42572699999999997,0.5688219999999999,0.30408599999999997
0.43257100000000004,0.559855,0.30408599999999997
0.439554,0.550997,0.30408599999999997
0.44667599999999996,0.542249,0.30408599999999997
0.45393399999999995,0.533614,0.30408599999999997
0.46132700000000004,0.525094,0.30408599999999997
0.46885299999999996,0.5166919999999999,0.30408599999999997
0.47651,0.508409,0.30408599999999997
0.48429599999999995,0.500247,0.30408599999999997
0.49221000000000004,0.492208,0.30408599999999997
0.5002489999999999,0.48429500000000003,0.30408599999999997
0.508411,0.47650800000000004,0.30408599999999997
0.516694,0.468851,0.30408599999999997
0.525096,0.461326,0.30408599999999997
0.533616,0.453932,0.30408599999999997
0.542251,0.446674,0.30408599999999997
0.550999,0.43955200000000005,0.30408599999999997
0.559857,0.432569,0.30408599999999997
0.568824,0.425725,0.30408599999999997
0.577898,0.41902399999999995,0.30408599999999997
0.5870759999999999,0.41246499999999997,0.30408599999999997
0.596355,0.40605199999999997,0.30408599999999997
0.605734,0.39978499999999995,0.30408599999999997
0.615211,0.39366599999999996,0.30408599999999997
0.624782,0.38769699999999996,0.30408599999999997
0.6344460000000001,0.38187899999999997,0.30408599999999997
0.6442,0.376213,0.30408599999999997
0.654042,0.37070099999999995,0.30408599999999997
0.663969,0.36534500000000003,0.30408599999999997
0.67398,0.36014500000000005,0.30408599999999997
0.68407,0.35510299999999995,0.30408599999999997
0.694239,0.35022,0.30408599999999997
0.704483,0.34549799999999997,0.30408599999999997
0.7148,0.34093700000000005,0.30408599999999997
0.725187,0.336538,0.30408599999999997
0.735642,0.332303,0.30408599999999997
0.746163,0.328233,0.30408599999999997
0.756746,0.324329,0.30408599999999997
0.767389,0.320592,0.30408599999999997
0.778089,0.317022,0.30408599999999997
0.788844,0.31362,0.30408599999999997
0.799652,0.310388,0.30408599999999997
0.810508,0.307327,0.30408599999999997
0.821412,0.30443600000000004,0.30408599999999997
0.832359,0.301716,0.30408599999999997
0.843348,0.299169,0.30408599999999997
0.854376,0.29679500000000003,0.30408599999999997
0.8654390000000001,0.294594,0.30408599999999997
0.876536,0.29256800000000005,0.30408599999999997
0.887663,0.290716,0.30408599999999997
0.898818,0.28903900000000005,0.30408599999999997
0.9099975,0.28753700000000004,0.30408599999999997
0.9211995,0.286211,0.30408599999999997
0.9324209,0.28506200000000004,0.30408599999999997
0.9436591,0.284088,0.30408599999999997
0.9549111,0.283292,0.30408599999999997
0.9661742,0.28267200000000003,0.30408599999999997
0.9774457,0.28222899999999995,0.30408599999999997
0.9887228,0.281964,0.30408599999999997
0.292895,1.0,0.29289200000000004
0.29298199999999996,0.9888932,0.29289200000000004
0.29324300000000003,0.9777892,0.29289200000000004
0.293679,0.9666907,0.29289200000000004
0.29429000000000005,0.9556004,0.29289200000000004
0.29507399999999995,0.9445209999999999,0.29289200000000004
0.296033,0.9334553,0.29289200000000004
0.297165,0.9224061,0.29289200000000004
0.29847,0.911376,0.29289200000000004
0.299949,0.9003677,0.29289200000000004
0.3016,0.889384,0.29289200000000004
0.303424,0.878428,0.29289200000000004
0.305419,0.867501,0.29289200000000004
0.307586,0.856608,0.29289200000000004
0.309924,0.845749,0.29289200000000004
0.31243200000000004,0.834929,0.29289200000000004
0.31511,0.8241499999999999,0.29289200000000004
0.317956,0.8134129999999999,0.29289200000000004
0.320971,0.802723,0.29289200000000004
0.32415400000000005,0.792082,0.29289200000000004
0.327503,0.781492,0.29289200000000004
0.33101800000000003,0.770956,0.29289200000000004
0.33469800000000005,0.760476,0.29289200000000004
0.33854300000000004,0.750055,0.29289200000000004
0.34255,0.739697,0.29289200000000004
0.34672000000000003,0.729402,0.29289200000000004
0.351051,0.719174,0.29289200000000004
0.355542,0.709015,0.29289200000000004
0.36019199999999996,0.698928,0.29289200000000004
0.365,0.688916,0.29289200000000004
0.369965,0.6789799999999999,0.29289200000000004
0.375085,0.669124,0.29289200000000004
0.380359,0.659349,0.29289200000000004
0.38578599999999996,0.6496580000000001,0.29289200000000004
0.39136499999999996,0.640053,0.29289200000000004
0.39709399999999995,0.630538,0.29289200000000004
0.402972,0.621113,0.29289200000000004
0.40899700000000005,0.611782,0.29289200000000004
0.41516699999999995,0.6025469999999999,0.29289200000000004
0.421482,0.59341,0.29289200000000004
0.42794,0.584373,0.29289200000000004
0.434539,0.575439,0.29289200000000004
0.44127799999999995,0.5666089999999999,0.29289200000000004
0.44815400000000005,0.557887,0.29289200000000004
0.455167,0.549273,0.29289200000000004
0.462314,0.540771,0.29289200000000004
0.46959300000000004,0.532382,0.29289200000000004
0.477004,0.524108,0.29289200000000004
0.48454299999999995,0.515952,0.29289200000000004
0.49221000000000004,0.507915,0.29289200000000004
0.5000020000000001,0.5,0.29289200000000004
0.507917,0.492208,0.29289200000000004
0.515954,0.484541,0.29289200000000004
0.5241100000000001,0.47700200000000004,0.29289200000000004
0.532384,0.469591,0.29289200000000004
0.540773,0.46231199999999995,0.29289200000000004
0.549275,0.45516500000000004,0.29289200000000004
0.5578890000000001,0.448152,0.29289200000000004
0.566611,0.441276,0.29289200000000004
0.575441,0.434538,0.29289200000000004
0.584375,0.42793899999999996,0.29289200000000004
0.593412,0.421481,0.29289200000000004
0.602549,0.41516600000000004,0.29289200000000004
0.611784,0.408995,0.29289200000000004
0.621115,0.40297000000000005,0.29289200000000004
0.63054,0.39709300000000003,0.29289200000000004
0.640055,0.39136400000000005,0.29289200000000004
0.64966,0.38578500000000004,0.29289200000000004
0.659351,0.380358,0.29289200000000004
0.669126,0.375084,0.29289200000000004
0.678982,0.36996399999999996,0.29289200000000004
0.6889179999999999,0.36499899999999996,0.29289200000000004
0.698931,0.36019100000000004,0.29289200000000004
0.7090179999999999,0.355541,0.29289200000000004
0.719176,0.35105,0.29289200000000004
0.7294039999999999,0.346719,0.29289200000000004
0.739699,0.342549,0.29289200000000004
0.750058,0.338542,0.29289200000000004
0.760478,0.334697,0.29289200000000004
0.770958,0.331017,0.29289200000000004
0.781494,0.32750199999999996,0.29289200000000004
0.792084,0.324153,0.29289200000000004
0.802726,0.32097,0.29289200000000004
0.813416,0.317956,0.29289200000000004
0.824152,0.315109,0.29289200000000004
0.834932,0.312431,0.29289200000000004
0.8457520000000001,0.30992299999999995,0.29289200000000004
0.85661,0.307586,0.29289200000000004
0.867504,0.305419,0.29289200000000004
0.87843,0.303423,0.29289200000000004
0.889387,0.3016,0.29289200000000004
0.9003703,0.299949,0.29289200000000004
0.9113786,0.29847,0.29289200000000004
0.9224087,0.297164,0.29289200000000004
0.9334579,0.29603199999999996,0.29289200000000004
0.9445236,0.29507399999999995,0.29289200000000004
0.955603,0.29429000000000005,0.29289200000000004
0.9666933,0.293679,0.29289200000000004
0.9777918,0.29324300000000003,0.29289200000000004
0.9888958,0.29298199999999996,0.29289200000000004
0.30408900000000005,1.0,0.281872
0.30417400000000006,0.9890691,0.281872
0.30443200000000004,0.9781408,0.281872
0.30486100000000005,0.967218,0.281872
0.305462,0.9563033,0.281872
0.306234,0.9453993,0.281872
0.30717700000000003,0.9345088,0.281872
0.308291,0.9236345,0.281872
0.30957599999999996,0.912779,0.281872
0.31103099999999995,0.901945,0.281872
0.31265600000000004,0.891135,0.281872
0.31445100000000004,0.880352,0.281872
0.316415,0.869599,0.281872
0.31854800000000005,0.858878,0.281872
0.320848,0.848191,0.281872
0.32331699999999997,0.837542,0.281872
0.325952,0.826933,0.281872
0.328754,0.8163670000000001,0.281872
0.33172100000000004,0.8058460000000001,0.281872
0.33485299999999996,0.795374,0.281872
0.33814900000000003,0.784951,0.281872
0.34160900000000005,0.774582,0.281872
0.34523000000000004,0.764268,0.281872
0.34901400000000005,0.754012,0.281872
0.352958,0.743817,0.281872
0.357062,0.7336860000000001,0.281872
0.361324,0.7236199999999999,0.281872
0.36574399999999996,0.713622,0.281872
0.370321,0.703695,0.281872
0.37505299999999997,0.6938409999999999,0.281872
0.379939,0.684062,0.281872
0.38497800000000004,0.674362,0.281872
0.390169,0.664741,0.281872
0.39551000000000003,0.655204,0.281872
0.401,0.645752,0.281872
0.40663800000000005,0.636387,0.281872
0.412423,0.627111,0.281872
0.418353,0.617928,0.281872
0.42442599999999997,0.608839,0.281872
0.43064100000000005,0.599846,0.281872
0.43699600000000005,0.5909530000000001,0.281872
0.44349099999999997,0.58216,0.281872
0.45012300000000005,0.5734699999999999,0.281872
0.45689,0.564886,0.281872
0.463792,0.556408,0.281872
0.47082599999999997,0.548041,0.281872
0.47799,0.539785,0.281872
0.485283,0.531642,0.281872
0.492703,0.5236149999999999,0.281872
0.5002489999999999,0.5157050000000001,0.281872
0.507917,0.507915,0.281872
0.515707,0.500247,0.281872
0.523617,0.49270099999999994,0.281872
0.531644,0.48528099999999996,0.281872
0.539787,0.47798799999999997,0.281872
0.5480430000000001,0.470824,0.281872
0.5564100000000001,0.46379000000000004,0.281872
0.5648880000000001,0.456889,0.281872
0.573472,0.450121,0.281872
0.5821620000000001,0.443489,0.281872
0.590955,0.436995,0.281872
0.5998490000000001,0.430639,0.281872
0.608841,0.424424,0.281872
0.61793,0.41835100000000003,0.281872
0.627113,0.41242199999999996,0.281872
0.636389,0.406637,0.281872
0.6457539999999999,0.400999,0.281872
0.655206,0.395509,0.281872
0.664744,0.39016700000000004,0.281872
0.674364,0.384977,0.281872
0.684064,0.379938,0.281872
0.693843,0.37505200000000005,0.281872
0.703697,0.37032,0.281872
0.713624,0.36574300000000004,0.281872
0.723622,0.36132299999999995,0.281872
0.733688,0.35706099999999996,0.281872
0.7438199999999999,0.35295699999999997,0.281872
0.754015,0.349013,0.281872
0.76427,0.34523000000000004,0.281872
0.7745839999999999,0.341608,0.281872
0.784953,0.338148,0.281872
0.795376,0.33485200000000004,0.281872
0.805849,0.33172,0.281872
0.81637,0.32875299999999996,0.281872
0.826936,0.325951,0.281872
0.837545,0.32331600000000005,0.281872
0.848194,0.320848,0.281872
0.85888,0.318547,0.281872
0.8696010000000001,0.316415,0.281872
0.880355,0.31445100000000004,0.281872
0.891138,0.31265600000000004,0.281872
0.9019475,0.31103099999999995,0.281872
0.9127815,0.30957599999999996,0.281872
0.923637,0.308291,0.281872
0.9345113,0.30717700000000003,0.281872
0.9454018,0.306234,0.281872
0.9563058,0.305462,0.281872
0.9672206,0.30486100000000005,0.281872
0.9781434,0.30443200000000004,0.281872
0.9890716,0.30417400000000006,0.281872
0.315454,1.0,0.27103
0.315539,0.9892476,0.27103
0.31579199999999996,0.9784978,0.27103
0.316214,0.9677534,0.27103
0.316805,0.9570169,0.27103
0.317565,0.946291,0.27103
0.318492,0.9355784,0.27103
0.319588,0.9248817,0.27103
0.320852,0.9142035,0.27103
0.322284,0.9035464,0.27103
0.323882,0.892913,0.27103
0.32564800000000005,0.882306,0.27103
0.32758,0.871729,0.27103
0.329677,0.861183,0.27103
0.33194,0.850671,0.27103
0.334368,0.8401959999999999,0.27103
0.33696099999999996,0.82976,0.27103
0.339716,0.819366,0.27103
0.342635,0.809017,0.27103
0.345716,0.7987150000000001,0.27103
0.348958,0.788463,0.27103
0.35236100000000004,0.778263,0.27103
0.355924,0.768118,0.27103
0.359646,0.75803,0.27103
0.363526,0.748001,0.27103
0.36756200000000006,0.738035,0.27103
0.37175499999999995,0.7281340000000001,0.27103
0.37610299999999997,0.718299,0.27103
0.38060499999999997,0.708534,0.27103
0.385259,0.698841,0.27103
0.390066,0.689222,0.27103
0.395022,0.6796800000000001,0.27103
0.40012800000000004,0.6702170000000001,0.27103
0.405382,0.6608350000000001,0.27103
0.410783,0.651537,0.27103
0.41632899999999995,0.642325,0.27103
0.42201900000000003,0.633201,0.27103
0.427852,0.6241680000000001,0.27103
0.43382600000000004,0.615227,0.27103
0.43994,0.606382,0.27103
0.446191,0.5976330000000001,0.27103
0.45258,0.588984,0.27103
0.45910300000000004,0.580436,0.27103
0.46575999999999995,0.5719920000000001,0.27103
0.472549,0.563653,0.27103
0.479468,0.5554220000000001,0.27103
0.48651500000000003,0.547301,0.27103
0.49368900000000004,0.539291,0.27103
0.500988,0.5313950000000001,0.27103
0.508411,0.5236149999999999,0.27103
0.515954,0.515952,0.27103
0.523617,0.508409,0.27103
0.531397,0.5009870000000001,0.27103
0.539293,0.493688,0.27103
0.547303,0.486514,0.27103
0.5554239999999999,0.47946599999999995,0.27103
0.563655,0.47254799999999997,0.27103
0.571994,0.46575900000000003,0.27103
0.580438,0.459102,0.27103
0.588986,0.45257800000000004,0.27103
0.597635,0.44619,0.27103
0.606384,0.43993800000000005,0.27103
0.6152299999999999,0.433825,0.27103
0.62417,0.427851,0.27103
0.633203,0.422018,0.27103
0.642327,0.41632800000000003,0.27103
0.651539,0.410782,0.27103
0.660837,0.405381,0.27103
0.670219,0.400127,0.27103
0.679682,0.39502099999999996,0.27103
0.6892240000000001,0.390065,0.27103
0.698843,0.385258,0.27103
0.708536,0.38060400000000005,0.27103
0.7183010000000001,0.37610200000000005,0.27103
0.728136,0.37175400000000003,0.27103
0.738037,0.36756200000000006,0.27103
0.748004,0.363525,0.27103
0.758032,0.359645,0.27103
0.76812,0.355923,0.27103
0.778266,0.35236100000000004,0.27103
0.788466,0.348958,0.27103
0.798718,0.345715,0.27103
0.80902,0.342634,0.27103
0.819369,0.339716,0.27103
0.829762,0.33696000000000004,0.27103
0.840198,0.334368,0.27103
0.850673,0.33194,0.27103
0.861185,0.329677,0.27103
0.871731,0.32757899999999995,0.27103
0.882309,0.325647,0.27103
0.892916,0.323882,0.27103
0.9035489,0.322283,0.27103
0.914206,0.320852,0.27103
0.9248842,0.319588,0.27103
0.9355808999999999,0.318492,0.27103
0.9462935,0.31756399999999996,0.27103
0.9570194,0.316805,0.27103
0.9677559,0.316214,0.27103
0.9785004,0.31579199999999996,0.27103
0.9892501,0.315539,0.27103
0.326989,1.0,0.26036800000000004
0.32707200000000003,0.9894288,0.26036800000000004
0.327321,0.9788602,0.26036800000000004
0.327736,0.9682968,0.26036800000000004
0.32831699999999997,0.9577412,0.26036800000000004
0.329064,0.947196,0.26036800000000004
0.32997600000000005,0.9366639,0.26036800000000004
0.33105300000000004,0.9261474,0.26036800000000004
0.33229600000000004,0.9156491,0.26036800000000004
0.33370299999999997,0.9051717,0.26036800000000004
0.335275,0.894718,0.26036800000000004
0.33701099999999995,0.88429,0.26036800000000004
0.33891000000000004,0.8738900000000001,0.26036800000000004
0.34097200000000005,0.863522,0.26036800000000004
0.343197,0.853187,0.26036800000000004
0.345584,0.842888,0.26036800000000004
0.348133,0.8326290000000001,0.26036800000000004
0.350842,0.82241,0.26036800000000004
0.353712,0.812235,0.26036800000000004
0.356741,0.802107,0.26036800000000004
0.35992900000000005,0.792028,0.26036800000000004
0.363274,0.781999,0.26036800000000004
0.366777,0.772025,0.26036800000000004
0.370436,0.762107,0.26036800000000004
0.37424999999999997,0.752248,0.26036800000000004
0.37821899999999997,0.742449,0.26036800000000004
0.38234100000000004,0.732714,0.26036800000000004
0.38661599999999996,0.7230460000000001,0.26036800000000004
0.391042,0.713445,0.26036800000000004
0.395618,0.7039150000000001,0.26036800000000004
0.400343,0.6944589999999999,0.26036800000000004
0.405216,0.6850769999999999,0.26036800000000004
0.41023600000000005,0.675774,0.26036800000000004
0.41540200000000005,0.66655,0.26036800000000004
0.420712,0.657409,0.26036800000000004
0.426164,0.648352,0.26036800000000004
0.431758,0.639382,0.26036800000000004
0.437493,0.630501,0.26036800000000004
0.44336600000000004,0.621711,0.26036800000000004
0.449377,0.613014,0.26036800000000004
0.455523,0.604413,0.26036800000000004
0.461804,0.5959099999999999,0.26036800000000004
0.468218,0.587506,0.26036800000000004
0.474762,0.579204,0.26036800000000004
0.481437,0.571006,0.26036800000000004
0.488239,0.562913,0.26036800000000004
0.49516800000000005,0.554929,0.26036800000000004
0.502221,0.5470539999999999,0.26036800000000004
0.509397,0.539291,0.26036800000000004
0.516694,0.531642,0.26036800000000004
0.5241100000000001,0.524108,0.26036800000000004
0.531644,0.5166919999999999,0.26036800000000004
0.539293,0.509395,0.26036800000000004
0.547056,0.502219,0.26036800000000004
0.5549310000000001,0.495166,0.26036800000000004
0.562915,0.48823700000000003,0.26036800000000004
0.571008,0.48143499999999995,0.26036800000000004
0.579206,0.474761,0.26036800000000004
0.5875079999999999,0.46821599999999997,0.26036800000000004
0.595912,0.46180200000000005,0.26036800000000004
0.6044149999999999,0.455522,0.26036800000000004
0.613016,0.44937499999999997,0.26036800000000004
0.621713,0.443365,0.26036800000000004
0.630503,0.437492,0.26036800000000004
0.639384,0.43175699999999995,0.26036800000000004
0.648354,0.42616299999999996,0.26036800000000004
0.657411,0.42071000000000003,0.26036800000000004
0.666552,0.415401,0.26036800000000004
0.6757759999999999,0.410235,0.26036800000000004
0.68508,0.405215,0.26036800000000004
0.694461,0.400342,0.26036800000000004
0.703918,0.395617,0.26036800000000004
0.7134469999999999,0.39104099999999997,0.26036800000000004
0.723048,0.38661500000000004,0.26036800000000004
0.7327170000000001,0.38234,0.26036800000000004
0.742452,0.37821800000000005,0.26036800000000004
0.75225,0.37424900000000005,0.26036800000000004
0.762109,0.37043499999999996,0.26036800000000004
0.772027,0.366776,0.26036800000000004
0.782002,0.36327299999999996,0.26036800000000004
0.79203,0.359928,0.26036800000000004
0.80211,0.35673999999999995,0.26036800000000004
0.812238,0.353711,0.26036800000000004
0.822412,0.350842,0.26036800000000004
0.832631,0.348132,0.26036800000000004
0.8428910000000001,0.345584,0.26036800000000004
0.853189,0.343197,0.26036800000000004
0.863524,0.34097200000000005,0.26036800000000004
0.873892,0.338909,0.26036800000000004
0.884292,0.33701000000000003,0.26036800000000004
0.89472,0.33527399999999996,0.26036800000000004
0.9051741,0.33370299999999997,0.26036800000000004
0.9156516,0.33229600000000004,0.26036800000000004
0.9261499,0.33105300000000004,0.26036800000000004
0.9366664,0.32997600000000005,0.26036800000000004
0.9471985,0.329063,0.26036800000000004
0.9577437,0.32831699999999997,0.26036800000000004
0.9682992,0.327736,0.26036800000000004
0.9788626,0.327321,0.26036800000000004
0.9894312,0.32707200000000003,0.26036800000000004
0.33869000000000005,1.0,0.249888
0.33877100000000004,0.9896126,0.249888
0.339016,0.9792277,0.249888
0.33942399999999995,0.9688479,0.249888
0.33999500000000005,0.9584759,0.249888
0.34072800000000003,0.9481141,0.249888
0.34162499999999996,0.9377651,0.249888
0.34268299999999996,0.9274314,0.249888
0.343904,0.9171156,0.249888
0.345287,0.9068203,0.249888
0.346831,0.896548,0.249888
0.348537,0.886301,0.249888
0.350403,0.876083,0.249888
0.35243,0.8658939999999999,0.249888
0.35461600000000004,0.855739,0.249888
0.356962,0.84562,0.249888
0.35946599999999995,0.835538,0.249888
0.362128,0.8254980000000001,0.249888
0.36494800000000005,0.8155,0.249888
0.36792400000000003,0.8055479999999999,0.249888
0.37105699999999997,0.795643,0.249888
0.374344,0.78579,0.249888
0.37778599999999996,0.775989,0.249888
0.38138099999999997,0.766243,0.249888
0.38512900000000005,0.756555,0.249888
0.38902899999999996,0.746927,0.249888
0.39308,0.7373609999999999,0.249888
0.39727999999999997,0.727861,0.249888
0.401629,0.7184269999999999,0.249888
0.40612499999999996,0.709063,0.249888
0.410768,0.6997709999999999,0.249888
0.41555699999999995,0.690552,0.249888
0.42049000000000003,0.681411,0.249888
0.42556499999999997,0.672347,0.249888
0.430783,0.663365,0.249888
0.436141,0.654466,0.249888
0.441638,0.645651,0.249888
0.447272,0.636925,0.249888
0.453044,0.628288,0.249888
0.45894999999999997,0.619742,0.249888
0.464989,0.611291,0.249888
0.47116100000000005,0.602935,0.249888
0.47746299999999997,0.594677,0.249888
0.48389400000000005,0.5865199999999999,0.249888
0.490452,0.578464,0.249888
0.497136,0.570512,0.249888
0.503945,0.562667,0.249888
0.510875,0.554929,0.249888
0.517926,0.547301,0.249888
0.525096,0.539785,0.249888
0.532384,0.532382,0.249888
0.539787,0.525095,0.249888
0.547303,0.517925,0.249888
0.5549310000000001,0.510873,0.249888
0.562669,0.503943,0.249888
0.570514,0.497135,0.249888
0.5784659999999999,0.49045099999999997,0.249888
0.586522,0.483892,0.249888
0.594679,0.477461,0.249888
0.6029370000000001,0.471159,0.249888
0.611293,0.46498799999999996,0.249888
0.6197440000000001,0.458948,0.249888
0.62829,0.45304199999999994,0.249888
0.636927,0.447271,0.249888
0.645653,0.44163600000000003,0.249888
0.654468,0.43613900000000005,0.249888
0.663367,0.430782,0.249888
0.672349,0.42556400000000005,0.249888
0.681413,0.420489,0.249888
0.690555,0.41555600000000004,0.249888
0.699773,0.410767,0.249888
0.7090650000000001,0.40612400000000004,0.249888
0.718429,0.401628,0.249888
0.7278629999999999,0.39727900000000005,0.249888
0.737364,0.39307899999999996,0.249888
0.746929,0.38902800000000004,0.249888
0.756557,0.385128,0.249888
0.7662450000000001,0.38138000000000005,0.249888
0.775991,0.37778500000000004,0.249888
0.785792,0.374343,0.249888
0.795646,0.37105600000000005,0.249888
0.80555,0.36792400000000003,0.249888
0.815502,0.364947,0.249888
0.8255,0.362128,0.249888
0.835541,0.35946500000000003,0.249888
0.845622,0.356961,0.249888
0.855742,0.35461600000000004,0.249888
0.865897,0.352429,0.249888
0.876085,0.350403,0.249888
0.886304,0.348537,0.249888
0.89655,0.346831,0.249888
0.9068227,0.345287,0.249888
0.917118,0.343904,0.249888
0.9274338,0.34268299999999996,0.249888
0.9377675,0.34162400000000004,0.249888
0.9481165,0.34072800000000003,0.249888
0.9584783,0.339994,0.249888
0.9688504,0.33942399999999995,0.249888
0.9792301,0.339016,0.249888
0.989615,0.33877100000000004,0.249888
0.350553,1.0,0.23959299999999994
0.350634,0.9897989,0.23959299999999994
0.350874,0.9796003,0.23959299999999994
0.351274,0.9694068,0.23959299999999994
0.351835,0.9592208,0.23959299999999994
0.352556,0.9490449,0.23959299999999994
0.353436,0.9388815,0.23959299999999994
0.354476,0.9287333,0.23959299999999994
0.35567499999999996,0.9186026,0.23959299999999994
0.35703300000000004,0.908492,0.23959299999999994
0.358549,0.898404,0.23959299999999994
0.360224,0.888341,0.23959299999999994
0.36205699999999996,0.878306,0.23959299999999994
0.364047,0.8683,0.23959299999999994
0.366194,0.8583270000000001,0.23959299999999994
0.368498,0.8483890000000001,0.23959299999999994
0.370957,0.838489,0.23959299999999994
0.373572,0.828628,0.23959299999999994
0.37634100000000004,0.81881,0.23959299999999994
0.37926400000000005,0.809036,0.23959299999999994
0.38234,0.79931,0.23959299999999994
0.385568,0.789632,0.23959299999999994
0.38894799999999996,0.780007,0.23959299999999994
0.392479,0.770436,0.23959299999999994
0.39615999999999996,0.760922,0.23959299999999994
0.39998999999999996,0.751467,0.23959299999999994
0.403968,0.742073,0.23959299999999994
0.40809300000000004,0.7327429999999999,0.23959299999999994
0.41236399999999995,0.723479,0.23959299999999994
0.416779,0.714282,0.23959299999999994
0.421339,0.705157,0.23959299999999994
0.42604200000000003,0.6961040000000001,0.23959299999999994
0.430886,0.687126,0.23959299999999994
0.435871,0.6782250000000001,0.23959299999999994
0.440995,0.669404,0.23959299999999994
0.446256,0.6606639999999999,0.23959299999999994
0.45165500000000003,0.6520079999999999,0.23959299999999994
0.45718800000000004,0.643438,0.23959299999999994
0.46285600000000005,0.6349560000000001,0.23959299999999994
0.46865599999999996,0.626564,0.23959299999999994
0.474587,0.6182639999999999,0.23959299999999994
0.48064799999999996,0.610058,0.23959299999999994
0.48683699999999996,0.6019490000000001,0.23959299999999994
0.49315299999999995,0.5939380000000001,0.23959299999999994
0.499594,0.5860259999999999,0.23959299999999994
0.506158,0.578217,0.23959299999999994
0.5128440000000001,0.570512,0.23959299999999994
0.51965,0.562914,0.23959299999999994
0.526575,0.5554220000000001,0.23959299999999994
0.533616,0.548041,0.23959299999999994
0.540773,0.540771,0.23959299999999994
0.5480430000000001,0.533615,0.23959299999999994
0.5554239999999999,0.526573,0.23959299999999994
0.562915,0.519648,0.23959299999999994
0.570514,0.512842,0.23959299999999994
0.578219,0.506156,0.23959299999999994
0.586028,0.49959200000000004,0.23959299999999994
0.593939,0.493151,0.23959299999999994
0.601951,0.48683600000000005,0.23959299999999994
0.61006,0.48064700000000005,0.23959299999999994
0.618266,0.47458599999999995,0.23959299999999994
0.626566,0.46865500000000004,0.23959299999999994
0.634958,0.462855,0.23959299999999994
0.64344,0.457187,0.23959299999999994
0.65201,0.45165299999999997,0.23959299999999994
0.660666,0.44625499999999996,0.23959299999999994
0.669406,0.44099299999999997,0.23959299999999994
0.678227,0.43587,0.23959299999999994
0.687128,0.43088499999999996,0.23959299999999994
0.696106,0.426041,0.23959299999999994
0.705159,0.421338,0.23959299999999994
0.7142850000000001,0.416778,0.23959299999999994
0.723481,0.412362,0.23959299999999994
0.732745,0.408092,0.23959299999999994
0.742075,0.40396699999999996,0.23959299999999994
0.7514689999999999,0.39998900000000004,0.23959299999999994
0.7609239999999999,0.39615900000000004,0.23959299999999994
0.770439,0.392478,0.23959299999999994
0.78001,0.38894799999999996,0.23959299999999994
0.789635,0.385568,0.23959299999999994
0.799312,0.382339,0.23959299999999994
0.809038,0.379263,0.23959299999999994
0.818812,0.37634,0.23959299999999994
0.82863,0.373571,0.23959299999999994
0.838491,0.370957,0.23959299999999994
0.848392,0.36849699999999996,0.23959299999999994
0.85833,0.366194,0.23959299999999994
0.868303,0.364047,0.23959299999999994
0.878308,0.36205699999999996,0.23959299999999994
0.888343,0.360224,0.23959299999999994
0.898406,0.358549,0.23959299999999994
0.9084943,0.357032,0.23959299999999994
0.9186049000000001,0.35567400000000005,0.23959299999999994
0.9287356,0.354475,0.23959299999999994
0.9388839,0.353436,0.23959299999999994
0.9490473,0.35255499999999995,0.23959299999999994
0.9592232,0.351835,0.23959299999999994
0.9694092,0.351274,0.23959299999999994
0.9796027,0.350874,0.23959299999999994
0.9898013,0.350634,0.23959299999999994
0.36257799999999996,1.0,0.22948500000000005
0.362656,0.9899878,0.22948500000000005
0.362892,0.979978,0.22948500000000005
0.36328499999999997,0.9699732,0.22948500000000005
0.363835,0.9599758,0.22948500000000005
0.36454299999999995,0.9499883,0.22948500000000005
0.36540700000000004,0.9400131,0.22948500000000005
0.36642699999999995,0.9300527,0.22948500000000005
0.36760400000000004,0.9201096,0.22948500000000005
0.36893699999999996,0.9101862000000001,0.22948500000000005
0.370425,0.9002848999999999,0.22948500000000005
0.372069,0.890408,0.22948500000000005
0.373868,0.880559,0.22948500000000005
0.375822,0.870739,0.22948500000000005
0.37792899999999996,0.86095,0.22948500000000005
0.38019000000000003,0.8511960000000001,0.22948500000000005
0.382603,0.841479,0.22948500000000005
0.38517,0.831801,0.22948500000000005
0.387887,0.822164,0.22948500000000005
0.390756,0.812572,0.22948500000000005
0.393775,0.803025,0.22948500000000005
0.39694399999999996,0.793527,0.22948500000000005
0.400262,0.78408,0.22948500000000005
0.40372699999999995,0.774687,0.22948500000000005
0.40734000000000004,0.7653490000000001,0.22948500000000005
0.411099,0.756068,0.22948500000000005
0.415003,0.746848,0.22948500000000005
0.41905099999999995,0.737691,0.22948500000000005
0.42324300000000004,0.7285980000000001,0.22948500000000005
0.427577,0.719572,0.22948500000000005
0.432053,0.710616,0.22948500000000005
0.43666799999999995,0.70173,0.22948500000000005
0.441423,0.6929190000000001,0.22948500000000005
0.446315,0.684183,0.22948500000000005
0.45134399999999997,0.6755249999999999,0.22948500000000005
0.456508,0.666947,0.22948500000000005
0.46180699999999997,0.658451,0.22948500000000005
0.46723800000000004,0.65004,0.22948500000000005
0.472801,0.641715,0.22948500000000005
0.478494,0.633478,0.22948500000000005
0.48431500000000005,0.625332,0.22948500000000005
0.49026400000000003,0.617278,0.22948500000000005
0.49633799999999995,0.6093189999999999,0.22948500000000005
0.502537,0.601456,0.22948500000000005
0.508858,0.593691,0.22948500000000005
0.515301,0.5860259999999999,0.22948500000000005
0.521863,0.578464,0.22948500000000005
0.528543,0.571006,0.22948500000000005
0.5353399999999999,0.563654,0.22948500000000005
0.542251,0.5564089999999999,0.22948500000000005
0.549275,0.549273,0.22948500000000005
0.5564100000000001,0.542249,0.22948500000000005
0.563655,0.535338,0.22948500000000005
0.571008,0.5285420000000001,0.22948500000000005
0.5784659999999999,0.521862,0.22948500000000005
0.586028,0.515299,0.22948500000000005
0.593693,0.508857,0.22948500000000005
0.601457,0.502535,0.22948500000000005
0.60932,0.49633700000000003,0.22948500000000005
0.61728,0.490262,0.22948500000000005
0.6253340000000001,0.484314,0.22948500000000005
0.63348,0.47849200000000003,0.22948500000000005
0.641717,0.47279899999999997,0.22948500000000005
0.650042,0.467237,0.22948500000000005
0.658453,0.46180600000000005,0.22948500000000005
0.666949,0.456507,0.22948500000000005
0.675527,0.45134300000000005,0.22948500000000005
0.684185,0.446314,0.22948500000000005
0.692921,0.441422,0.22948500000000005
0.701732,0.436667,0.22948500000000005
0.710618,0.432052,0.22948500000000005
0.7195739999999999,0.42757599999999996,0.22948500000000005
0.7286,0.423242,0.22948500000000005
0.7376929999999999,0.41905000000000003,0.22948500000000005
0.7468509999999999,0.415002,0.22948500000000005
0.7560709999999999,0.41109799999999996,0.22948500000000005
0.765351,0.407339,0.22948500000000005
0.774689,0.40372600000000003,0.22948500000000005
0.784083,0.400261,0.22948500000000005
0.7935300000000001,0.39694300000000005,0.22948500000000005
0.8030269999999999,0.393775,0.22948500000000005
0.812574,0.390756,0.22948500000000005
0.822167,0.387887,0.22948500000000005
0.831803,0.385169,0.22948500000000005
0.841481,0.382603,0.22948500000000005
0.851199,0.380189,0.22948500000000005
0.860953,0.37792800000000004,0.22948500000000005
0.870741,0.37582099999999996,0.22948500000000005
0.880561,0.373868,0.22948500000000005
0.890411,0.372069,0.22948500000000005
0.9002872,0.370425,0.22948500000000005
0.9101885,0.36893600000000004,0.22948500000000005
0.9201119,0.36760400000000004,0.22948500000000005
0.9300551,0.36642699999999995,0.22948500000000005
0.9400154000000001,0.365406,0.22948500000000005
0.9499906,0.36454200000000003,0.22948500000000005
0.9599782,0.363835,0.22948500000000005
0.9699756,0.36328499999999997,0.22948500000000005
0.9799804,0.362892,0.22948500000000005
0.9899901,0.362656,0.22948500000000005
0.37475899999999995,1.0,0.21956799999999999
0.37483599999999995,0.99017912,0.21956799999999999
0.37506700000000004,0.9803607,0.21956799999999999
0.37545300000000004,0.970547,0.21956799999999999
0.375993,0.9607407,0.21956799999999999
0.37668599999999997,0.950944,0.21956799999999999
0.37753400000000004,0.9411595,0.21956799999999999
0.37853499999999995,0.9313894,0.21956799999999999
0.37968900000000005,0.9216363,0.21956799999999999
0.38099700000000003,0.9119026,0.21956799999999999
0.38245700000000005,0.9021905,0.21956799999999999
0.384069,0.892503,0.21956799999999999
0.385834,0.882841,0.21956799999999999
0.38775000000000004,0.873209,0.21956799999999999
0.38981699999999997,0.8636079999999999,0.21956799999999999
0.392035,0.85404,0.21956799999999999
0.39440200000000003,0.844509,0.21956799999999999
0.396919,0.8350150000000001,0.21956799999999999
0.39958499999999997,0.825563,0.21956799999999999
0.40239899999999995,0.816154,0.21956799999999999
0.40536099999999997,0.806789,0.21956799999999999
0.40846899999999997,0.797473,0.21956799999999999
0.41172299999999995,0.788207,0.21956799999999999
0.415122,0.778993,0.21956799999999999
0.418666,0.769833,0.21956799999999999
0.422353,0.76073,0.21956799999999999
0.42618199999999995,0.751686,0.21956799999999999
0.43015400000000004,0.742704,0.21956799999999999
0.434265,0.733785,0.21956799999999999
0.43851700000000005,0.724931,0.21956799999999999
0.442906,0.716146,0.21956799999999999
0.447434,0.70743,0.21956799999999999
0.45209699999999997,0.698787,0.21956799999999999
0.45689599999999997,0.690218,0.21956799999999999
0.46182900000000005,0.681726,0.21956799999999999
0.46689499999999995,0.673312,0.21956799999999999
0.47209199999999996,0.6649780000000001,0.21956799999999999
0.47741900000000004,0.656728,0.21956799999999999
0.48287599999999997,0.6485620000000001,0.21956799999999999
0.48846,0.640482,0.21956799999999999
0.49417,0.632492,0.21956799999999999
0.500005,0.624592,0.21956799999999999
0.5059629999999999,0.616785,0.21956799999999999
0.5120439999999999,0.6090720000000001,0.21956799999999999
0.5182439999999999,0.601456,0.21956799999999999
0.524564,0.5939380000000001,0.21956799999999999
0.531,0.5865199999999999,0.21956799999999999
0.537553,0.579204,0.21956799999999999
0.5442199999999999,0.5719920000000001,0.21956799999999999
0.550999,0.564886,0.21956799999999999
0.5578890000000001,0.557887,0.21956799999999999
0.5648880000000001,0.550997,0.21956799999999999
0.571994,0.544218,0.21956799999999999
0.579206,0.537551,0.21956799999999999
0.586522,0.530999,0.21956799999999999
0.593939,0.524562,0.21956799999999999
0.601457,0.518243,0.21956799999999999
0.609074,0.512042,0.21956799999999999
0.6167860000000001,0.505962,0.21956799999999999
0.624594,0.500004,0.21956799999999999
0.632494,0.49416899999999997,0.21956799999999999
0.640484,0.48845799999999995,0.21956799999999999
0.6485639999999999,0.482874,0.21956799999999999
0.65673,0.477418,0.21956799999999999
0.66498,0.47209100000000004,0.21956799999999999
0.673314,0.46689400000000003,0.21956799999999999
0.681728,0.461828,0.21956799999999999
0.6902200000000001,0.45689500000000005,0.21956799999999999
0.698789,0.45209600000000005,0.21956799999999999
0.7074320000000001,0.44743299999999997,0.21956799999999999
0.716148,0.442905,0.21956799999999999
0.724933,0.438516,0.21956799999999999
0.733787,0.434264,0.21956799999999999
0.742706,0.430153,0.21956799999999999
0.751688,0.42618100000000003,0.21956799999999999
0.760732,0.42235199999999995,0.21956799999999999
0.769835,0.41866499999999995,0.21956799999999999
0.778995,0.41512099999999996,0.21956799999999999
0.7882089999999999,0.41172200000000003,0.21956799999999999
0.7974749999999999,0.40846800000000005,0.21956799999999999
0.806792,0.40536000000000005,0.21956799999999999
0.816156,0.40239800000000003,0.21956799999999999
0.825565,0.39958400000000005,0.21956799999999999
0.835018,0.396919,0.21956799999999999
0.844511,0.39440200000000003,0.21956799999999999
0.854042,0.392034,0.21956799999999999
0.86361,0.38981600000000005,0.21956799999999999
0.873211,0.387749,0.21956799999999999
0.882844,0.385833,0.21956799999999999
0.892505,0.384069,0.21956799999999999
0.9021928,0.382456,0.21956799999999999
0.9119048,0.380996,0.21956799999999999
0.9216386,0.37968900000000005,0.21956799999999999
0.9313917,0.37853499999999995,0.21956799999999999
0.9411618,0.37753400000000004,0.21956799999999999
0.9509463,0.37668599999999997,0.21956799999999999
0.960743,0.375993,0.21956799999999999
0.9705493,0.37545300000000004,0.21956799999999999
0.980363,0.37506700000000004,0.21956799999999999
0.99018141,0.37483599999999995,0.21956799999999999
0.38709499999999997,1.0,0.20984400000000003
0.38717,0.99037288,0.20984400000000003
0.387397,0.9807481,0.20984400000000003
0.387775,0.9711281,0.20984400000000003
0.388304,0.9615153,0.20984400000000003
0.388984,0.9519119,0.20984400000000003
0.389815,0.9423204000000001,0.20984400000000003
0.39079600000000003,0.9327431,0.20984400000000003
0.39192800000000005,0.9231824,0.20984400000000003
0.39320900000000003,0.9136407,0.20984400000000003
0.394641,0.9041203,0.20984400000000003
0.39622100000000005,0.894623,0.20984400000000003
0.39795100000000005,0.885153,0.20984400000000003
0.399829,0.87571,0.20984400000000003
0.40185499999999996,0.866299,0.20984400000000003
0.40402899999999997,0.85692,0.20984400000000003
0.40635,0.847576,0.20984400000000003
0.408818,0.83827,0.20984400000000003
0.411431,0.829004,0.20984400000000003
0.41418900000000003,0.819781,0.20984400000000003
0.417092,0.810601,0.20984400000000003
0.42013900000000004,0.801469,0.20984400000000003
0.42332899999999996,0.792385,0.20984400000000003
0.426662,0.783353,0.20984400000000003
0.43013500000000005,0.774374,0.20984400000000003
0.43374900000000005,0.765451,0.20984400000000003
0.437503,0.7565850000000001,0.20984400000000003
0.441396,0.74778,0.20984400000000003
0.445427,0.7390369999999999,0.20984400000000003
0.44959400000000005,0.7303580000000001,0.20984400000000003
0.453898,0.721746,0.20984400000000003
0.45833599999999997,0.713203,0.20984400000000003
0.46290699999999996,0.7047300000000001,0.20984400000000003
0.467611,0.69633,0.20984400000000003
0.47244699999999995,0.688005,0.20984400000000003
0.477413,0.679757,0.20984400000000003
0.482507,0.6715880000000001,0.20984400000000003
0.48773,0.6635,0.20984400000000003
0.493078,0.6554949999999999,0.20984400000000003
0.498552,0.647575,0.20984400000000003
0.50415,0.639743,0.20984400000000003
0.50987,0.6319980000000001,0.20984400000000003
0.51571,0.6243449999999999,0.20984400000000003
0.521671,0.616785,0.20984400000000003
0.527749,0.6093189999999999,0.20984400000000003
0.533944,0.6019490000000001,0.20984400000000003
0.540254,0.594678,0.20984400000000003
0.5466770000000001,0.587506,0.20984400000000003
0.553212,0.580437,0.20984400000000003
0.559857,0.5734710000000001,0.20984400000000003
0.566611,0.5666100000000001,0.20984400000000003
0.573472,0.559856,0.20984400000000003
0.580438,0.55321,0.20984400000000003
0.5875079999999999,0.546675,0.20984400000000003
0.594679,0.540252,0.20984400000000003
0.601951,0.533942,0.20984400000000003
0.60932,0.527747,0.20984400000000003
0.6167860000000001,0.5216689999999999,0.20984400000000003
0.624347,0.515709,0.20984400000000003
0.632,0.509868,0.20984400000000003
0.639744,0.504148,0.20984400000000003
0.6475770000000001,0.49855099999999997,0.20984400000000003
0.655497,0.493077,0.20984400000000003
0.663502,0.48772800000000005,0.20984400000000003
0.67159,0.482506,0.20984400000000003
0.679759,0.47741100000000003,0.20984400000000003
0.688007,0.47244600000000003,0.20984400000000003
0.696332,0.46760999999999997,0.20984400000000003
0.704732,0.46290600000000004,0.20984400000000003
0.713205,0.45833500000000005,0.20984400000000003
0.7217480000000001,0.453897,0.20984400000000003
0.73036,0.449593,0.20984400000000003
0.739039,0.445426,0.20984400000000003
0.747782,0.441395,0.20984400000000003
0.756587,0.437503,0.20984400000000003
0.7654529999999999,0.43374900000000005,0.20984400000000003
0.774376,0.430134,0.20984400000000003
0.783355,0.42666099999999996,0.20984400000000003
0.792387,0.42332899999999996,0.20984400000000003
0.801471,0.42013900000000004,0.20984400000000003
0.810604,0.417092,0.20984400000000003
0.819783,0.41418900000000003,0.20984400000000003
0.829007,0.41142999999999996,0.20984400000000003
0.838273,0.408817,0.20984400000000003
0.8475779999999999,0.40635,0.20984400000000003
0.856922,0.40402899999999997,0.20984400000000003
0.866301,0.40185499999999996,0.20984400000000003
0.875712,0.399829,0.20984400000000003
0.885155,0.39795,0.20984400000000003
0.894626,0.39622100000000005,0.20984400000000003
0.9041224999999999,0.39464,0.20984400000000003
0.9136429,0.39320900000000003,0.20984400000000003
0.9231846,0.391927,0.20984400000000003
0.9327453,0.39079600000000003,0.20984400000000003
0.9423226,0.389815,0.20984400000000003
0.9519141,0.388984,0.20984400000000003
0.9615175,0.388304,0.20984400000000003
0.9711304,0.387775,0.20984400000000003
0.9807504,0.387397,0.20984400000000003
0.99037513,0.38717,0.20984400000000003
0.399582,1.0,0.200314
0.399656,0.99056901,0.200314
0.39987799999999996,0.9811404,0.200314
0.40024800000000005,0.9717163,0.200314
0.40076599999999996,0.9622993,0.200314
0.401432,0.9528916,0.200314
0.402246,0.9434955,0.200314
0.403207,0.9341133,0.200314
0.404316,0.9247474,0.200314
0.40557200000000004,0.9154001,0.200314
0.40697399999999995,0.9060736,0.200314
0.40852200000000005,0.89677,0.200314
0.41021700000000005,0.887493,0.200314
0.412057,0.878242,0.200314
0.414042,0.869022,0.200314
0.41617099999999996,0.859835,0.200314
0.41844499999999996,0.8506819999999999,0.200314
0.42086199999999996,0.841565,0.200314
0.42342199999999997,0.832488,0.200314
0.42612399999999995,0.823452,0.200314
0.428968,0.81446,0.200314
0.43195300000000003,0.8055140000000001,0.200314
0.43507799999999996,0.796615,0.200314
0.438342,0.787767,0.200314
0.44174500000000005,0.778971,0.200314
0.44528599999999996,0.770229,0.200314
0.448963,0.761545,0.200314
0.452777,0.752919,0.200314
0.45672500000000005,0.744354,0.200314
0.460808,0.735852,0.200314
0.465024,0.7274149999999999,0.200314
0.469371,0.7190460000000001,0.200314
0.47385,0.710746,0.200314
0.47845800000000005,0.7025170000000001,0.200314
0.48319500000000004,0.694361,0.200314
0.488059,0.6862820000000001,0.200314
0.49305,0.6782790000000001,0.200314
0.498166,0.670356,0.200314
0.503406,0.662514,0.200314
0.508768,0.654756,0.200314
0.5142519999999999,0.6470819999999999,0.200314
0.519855,0.6394960000000001,0.200314
0.525577,0.631999,0.200314
0.531416,0.624592,0.200314
0.53737,0.617278,0.200314
0.543439,0.610059,0.200314
0.54962,0.602935,0.200314
0.555913,0.5959099999999999,0.200314
0.562314,0.588984,0.200314
0.568824,0.58216,0.200314
0.575441,0.575439,0.200314
0.5821620000000001,0.5688230000000001,0.200314
0.588986,0.5623130000000001,0.200314
0.595912,0.555911,0.200314
0.6029370000000001,0.5496190000000001,0.200314
0.61006,0.543437,0.200314
0.61728,0.537369,0.200314
0.624594,0.531414,0.200314
0.632,0.525576,0.200314
0.639498,0.519854,0.200314
0.647084,0.51425,0.200314
0.654757,0.508767,0.200314
0.662516,0.503405,0.200314
0.670358,0.49816499999999997,0.200314
0.678281,0.49304899999999996,0.200314
0.686283,0.488058,0.200314
0.6943630000000001,0.483194,0.200314
0.702519,0.478457,0.200314
0.710747,0.47384899999999996,0.200314
0.719048,0.46936999999999995,0.200314
0.727417,0.46502299999999996,0.200314
0.735854,0.46080699999999997,0.200314
0.744356,0.456724,0.200314
0.752921,0.45277599999999996,0.200314
0.761547,0.448963,0.200314
0.770231,0.44528500000000004,0.200314
0.778973,0.441744,0.200314
0.7877689999999999,0.438342,0.200314
0.796617,0.43507700000000005,0.200314
0.805516,0.431952,0.200314
0.814462,0.428968,0.200314
0.823454,0.42612399999999995,0.200314
0.83249,0.42342100000000005,0.200314
0.841568,0.42086100000000004,0.200314
0.850684,0.41844400000000004,0.200314
0.859837,0.41617099999999996,0.200314
0.8690249999999999,0.414041,0.200314
0.8782449999999999,0.412056,0.200314
0.887495,0.410216,0.200314
0.896773,0.40852200000000005,0.200314
0.9060758,0.40697300000000003,0.200314
0.9154023,0.405571,0.200314
0.9247496,0.404316,0.200314
0.9341155,0.403207,0.200314
0.9434977,0.402246,0.200314
0.9528938,0.401432,0.200314
0.9623015,0.40076599999999996,0.200314
0.9717186,0.40024800000000005,0.200314
0.9811426,0.39987799999999996,0.200314
0.99057122,0.399656,0.200314
0.41221699999999994,1.0,0.19098199999999999
0.412289,0.99076748,0.19098199999999999
0.41250699999999996,0.9815372,0.19098199999999999
0.41286900000000004,0.9723115,0.19098199999999999
0.41337599999999997,0.9630927,0.19098199999999999
0.41402799999999995,0.9538829,0.19098199999999999
0.414825,0.9446846,0.19098199999999999
0.41576599999999997,0.9354998,0.19098199999999999
0.41685099999999997,0.926331,0.19098199999999999
0.41808,0.9171804,0.19098199999999999
0.41945299999999996,0.9080502,0.19098199999999999
0.42096900000000004,0.898943,0.19098199999999999
0.422628,0.88986,0.19098199999999999
0.42442899999999995,0.8808050000000001,0.19098199999999999
0.426372,0.871779,0.19098199999999999
0.428457,0.862784,0.19098199999999999
0.43068300000000004,0.853824,0.19098199999999999
0.433049,0.8448990000000001,0.19098199999999999
0.435555,0.836013,0.19098199999999999
0.43820099999999995,0.827168,0.19098199999999999
0.44098499999999996,0.818365,0.19098199999999999
0.44390700000000005,0.809606,0.19098199999999999
0.446966,0.800895,0.19098199999999999
0.45016199999999995,0.792233,0.19098199999999999
0.45349300000000003,0.783622,0.19098199999999999
0.456959,0.775065,0.19098199999999999
0.46055900000000005,0.766563,0.19098199999999999
0.46429200000000004,0.758118,0.19098199999999999
0.46815799999999996,0.749733,0.19098199999999999
0.472155,0.74141,0.19098199999999999
0.47628099999999995,0.733151,0.19098199999999999
0.480537,0.724958,0.19098199999999999
0.48492199999999996,0.716833,0.19098199999999999
0.489433,0.708777,0.19098199999999999
0.49407,0.700793,0.19098199999999999
0.49883299999999997,0.692883,0.19098199999999999
0.503718,0.685049,0.19098199999999999
0.5087269999999999,0.6772929999999999,0.19098199999999999
0.513856,0.669616,0.19098199999999999
0.5191060000000001,0.662021,0.19098199999999999
0.524474,0.654509,0.19098199999999999
0.5299590000000001,0.6470819999999999,0.19098199999999999
0.535561,0.639743,0.19098199999999999
0.541276,0.632492,0.19098199999999999
0.547106,0.625332,0.19098199999999999
0.5530470000000001,0.6182639999999999,0.19098199999999999
0.559098,0.611291,0.19098199999999999
0.565258,0.604414,0.19098199999999999
0.5715250000000001,0.597634,0.19098199999999999
0.577898,0.5909530000000001,0.19098199999999999
0.584375,0.584374,0.19098199999999999
0.590955,0.577896,0.19098199999999999
0.597635,0.5715239999999999,0.19098199999999999
0.6044149999999999,0.565256,0.19098199999999999
0.611293,0.559096,0.19098199999999999
0.618266,0.553045,0.19098199999999999
0.6253340000000001,0.547104,0.19098199999999999
0.632494,0.541275,0.19098199999999999
0.639744,0.535559,0.19098199999999999
0.647084,0.5299579999999999,0.19098199999999999
0.6545110000000001,0.524472,0.19098199999999999
0.662022,0.519104,0.19098199999999999
0.669618,0.513855,0.19098199999999999
0.677295,0.508726,0.19098199999999999
0.6850510000000001,0.503717,0.19098199999999999
0.692885,0.498831,0.19098199999999999
0.7007950000000001,0.494069,0.19098199999999999
0.708779,0.489432,0.19098199999999999
0.716834,0.48492100000000005,0.19098199999999999
0.72496,0.48053599999999996,0.19098199999999999
0.7331529999999999,0.47628000000000004,0.19098199999999999
0.741412,0.47215399999999996,0.19098199999999999
0.749735,0.46815700000000005,0.19098199999999999
0.75812,0.46429200000000004,0.19098199999999999
0.7665649999999999,0.460558,0.19098199999999999
0.775067,0.456958,0.19098199999999999
0.783624,0.453492,0.19098199999999999
0.792235,0.45016100000000003,0.19098199999999999
0.800897,0.44696499999999995,0.19098199999999999
0.809608,0.443906,0.19098199999999999
0.8183670000000001,0.44098400000000004,0.19098199999999999
0.82717,0.43820000000000003,0.19098199999999999
0.836015,0.435555,0.19098199999999999
0.844902,0.433049,0.19098199999999999
0.853826,0.430682,0.19098199999999999
0.862786,0.428457,0.19098199999999999
0.871781,0.426372,0.19098199999999999
0.880807,0.42442899999999995,0.19098199999999999
0.889862,0.422627,0.19098199999999999
0.898945,0.42096900000000004,0.19098199999999999
0.9080523,0.41945299999999996,0.19098199999999999
0.9171825,0.41808,0.19098199999999999
0.9263332,0.41685099999999997,0.19098199999999999
0.9355020000000001,0.41576599999999997,0.19098199999999999
0.9446867,0.414825,0.19098199999999999
0.9538851,0.41402799999999995,0.19098199999999999
0.9630948,0.41337599999999997,0.19098199999999999
0.9723137,0.41286900000000004,0.19098199999999999
0.9815394,0.41250600000000004,0.19098199999999999
0.99076964,0.412289,0.19098199999999999
0.42499699999999996,1.0,0.18184900000000004
0.425068,0.99096822,0.18184900000000004
0.42528,0.9819387,0.18184900000000004
0.425635,0.9729136,0.18184900000000004
0.42613100000000004,0.9638952,0.18184900000000004
0.42676899999999995,0.9548856,0.18184900000000004
0.42754800000000004,0.9458873,0.18184900000000004
0.428469,0.9369022,0.18184900000000004
0.429531,0.9279328,0.18184900000000004
0.43073300000000003,0.9189811,0.18184900000000004
0.432076,0.9100494,0.18184900000000004
0.433559,0.90114,0.18184900000000004
0.43518199999999996,0.892255,0.18184900000000004
0.436944,0.883396,0.18184900000000004
0.43884500000000004,0.874567,0.18184900000000004
0.44088400000000005,0.865768,0.18184900000000004
0.44306100000000004,0.857002,0.18184900000000004
0.445376,0.848272,0.18184900000000004
0.447828,0.839579,0.18184900000000004
0.45041600000000004,0.830925,0.18184900000000004
0.45313899999999996,0.822314,0.18184900000000004
0.455998,0.813746,0.18184900000000004
0.45899,0.8052239999999999,0.18184900000000004
0.462117,0.7967500000000001,0.18184900000000004
0.465376,0.788327,0.18184900000000004
0.468766,0.779955,0.18184900000000004
0.47228800000000004,0.771638,0.18184900000000004
0.47594000000000003,0.763377,0.18184900000000004
0.479722,0.755175,0.18184900000000004
0.48363100000000003,0.7470330000000001,0.18184900000000004
0.487668,0.738953,0.18184900000000004
0.49183200000000005,0.730938,0.18184900000000004
0.49612100000000003,0.722989,0.18184900000000004
0.500534,0.715109,0.18184900000000004
0.505071,0.707299,0.18184900000000004
0.509729,0.699561,0.18184900000000004
0.514509,0.691897,0.18184900000000004
0.519408,0.6843090000000001,0.18184900000000004
0.5244260000000001,0.6767989999999999,0.18184900000000004
0.529562,0.669369,0.18184900000000004
0.534813,0.662021,0.18184900000000004
0.540179,0.654756,0.18184900000000004
0.545659,0.6475759999999999,0.18184900000000004
0.55125,0.640483,0.18184900000000004
0.556953,0.633478,0.18184900000000004
0.562765,0.626564,0.18184900000000004
0.568684,0.6197429999999999,0.18184900000000004
0.57471,0.613015,0.18184900000000004
0.5808409999999999,0.606382,0.18184900000000004
0.5870759999999999,0.599847,0.18184900000000004
0.593412,0.59341,0.18184900000000004
0.5998490000000001,0.587074,0.18184900000000004
0.606384,0.58084,0.18184900000000004
0.613016,0.574709,0.18184900000000004
0.6197440000000001,0.568683,0.18184900000000004
0.626566,0.562763,0.18184900000000004
0.63348,0.556951,0.18184900000000004
0.640484,0.551249,0.18184900000000004
0.6475770000000001,0.5456570000000001,0.18184900000000004
0.654757,0.540178,0.18184900000000004
0.662022,0.5348120000000001,0.18184900000000004
0.6693709999999999,0.52956,0.18184900000000004
0.676801,0.5244249999999999,0.18184900000000004
0.684311,0.519407,0.18184900000000004
0.691899,0.514508,0.18184900000000004
0.6995629999999999,0.509728,0.18184900000000004
0.707301,0.50507,0.18184900000000004
0.715111,0.500533,0.18184900000000004
0.7229909999999999,0.49612,0.18184900000000004
0.7309399999999999,0.491831,0.18184900000000004
0.738955,0.487668,0.18184900000000004
0.747035,0.48363,0.18184900000000004
0.755177,0.47972099999999995,0.18184900000000004
0.763379,0.475939,0.18184900000000004
0.77164,0.472287,0.18184900000000004
0.779957,0.468766,0.18184900000000004
0.7883290000000001,0.465375,0.18184900000000004
0.796752,0.46211599999999997,0.18184900000000004
0.805226,0.45899,0.18184900000000004
0.813748,0.455997,0.18184900000000004
0.822316,0.45313899999999996,0.18184900000000004
0.830927,0.450415,0.18184900000000004
0.839581,0.447827,0.18184900000000004
0.848274,0.445376,0.18184900000000004
0.857004,0.44306100000000004,0.18184900000000004
0.86577,0.44088400000000005,0.18184900000000004
0.874569,0.438844,0.18184900000000004
0.883398,0.43694299999999997,0.18184900000000004
0.892257,0.43518100000000004,0.18184900000000004
0.901142,0.433558,0.18184900000000004
0.9100515,0.432076,0.18184900000000004
0.9189832,0.43073300000000003,0.18184900000000004
0.9279349,0.42952999999999997,0.18184900000000004
0.9369043,0.428469,0.18184900000000004
0.9458894,0.42754800000000004,0.18184900000000004
0.9548878,0.42676899999999995,0.18184900000000004
0.9638973,0.42613100000000004,0.18184900000000004
0.9729157,0.425635,0.18184900000000004
0.9819408,0.42528,0.18184900000000004
0.99097033,0.425067,0.18184900000000004
0.43791899999999995,1.0,0.17291800000000002
0.43798800000000004,0.99117119,0.17291800000000002
0.43819600000000003,0.9823446,0.17291800000000002
0.438542,0.9735223,0.17291800000000002
0.439028,0.9647065,0.17291800000000002
0.439651,0.9558995,0.17291800000000002
0.44041300000000005,0.9471033,0.17291800000000002
0.44131299999999996,0.9383202,0.17291800000000002
0.44235100000000005,0.9295523,0.17291800000000002
0.443526,0.9208018,0.17291800000000002
0.444839,0.9120709,0.17291800000000002
0.446288,0.9033616,0.17291800000000002
0.447875,0.894676,0.17291800000000002
0.449597,0.886017,0.17291800000000002
0.45145500000000005,0.877385,0.17291800000000002
0.453449,0.868784,0.17291800000000002
0.455577,0.860216,0.17291800000000002
0.45784,0.851682,0.17291800000000002
0.460237,0.8431839999999999,0.17291800000000002
0.46276700000000004,0.8347249999999999,0.17291800000000002
0.465429,0.826307,0.17291800000000002
0.46822299999999994,0.817932,0.17291800000000002
0.471148,0.809601,0.17291800000000002
0.47420399999999996,0.801318,0.17291800000000002
0.47739,0.793084,0.17291800000000002
0.48070500000000005,0.7848999999999999,0.17291800000000002
0.484147,0.77677,0.17291800000000002
0.48771699999999996,0.768695,0.17291800000000002
0.491414,0.760677,0.17291800000000002
0.495236,0.752718,0.17291800000000002
0.499182,0.74482,0.17291800000000002
0.503252,0.736985,0.17291800000000002
0.5074449999999999,0.729215,0.17291800000000002
0.5117590000000001,0.721511,0.17291800000000002
0.516193,0.713877,0.17291800000000002
0.5207470000000001,0.706313,0.17291800000000002
0.5254190000000001,0.698821,0.17291800000000002
0.5302089999999999,0.691404,0.17291800000000002
0.535114,0.684063,0.17291800000000002
0.540134,0.6768000000000001,0.17291800000000002
0.545267,0.669616,0.17291800000000002
0.550513,0.662514,0.17291800000000002
0.555869,0.6554960000000001,0.17291800000000002
0.5613349999999999,0.6485620000000001,0.17291800000000002
0.566909,0.641715,0.17291800000000002
0.5725899999999999,0.634957,0.17291800000000002
0.5783769999999999,0.628288,0.17291800000000002
0.584268,0.621711,0.17291800000000002
0.5902609999999999,0.615228,0.17291800000000002
0.596355,0.60884,0.17291800000000002
0.602549,0.602548,0.17291800000000002
0.608841,0.596354,0.17291800000000002
0.6152299999999999,0.590259,0.17291800000000002
0.621713,0.584266,0.17291800000000002
0.62829,0.578376,0.17291800000000002
0.634958,0.572589,0.17291800000000002
0.641717,0.566908,0.17291800000000002
0.6485639999999999,0.561334,0.17291800000000002
0.655497,0.555868,0.17291800000000002
0.662516,0.550511,0.17291800000000002
0.669618,0.545266,0.17291800000000002
0.676801,0.5401320000000001,0.17291800000000002
0.684064,0.535113,0.17291800000000002
0.691406,0.530207,0.17291800000000002
0.698823,0.5254179999999999,0.17291800000000002
0.706314,0.5207459999999999,0.17291800000000002
0.713878,0.516192,0.17291800000000002
0.7215130000000001,0.5117579999999999,0.17291800000000002
0.729216,0.507444,0.17291800000000002
0.7369870000000001,0.503251,0.17291800000000002
0.744822,0.499181,0.17291800000000002
0.7527200000000001,0.495235,0.17291800000000002
0.760679,0.491413,0.17291800000000002
0.768697,0.48771600000000004,0.17291800000000002
0.776772,0.484147,0.17291800000000002
0.784902,0.480704,0.17291800000000002
0.793085,0.47738899999999995,0.17291800000000002
0.80132,0.47420399999999996,0.17291800000000002
0.809603,0.471148,0.17291800000000002
0.8179339999999999,0.468222,0.17291800000000002
0.826309,0.46542799999999995,0.17291800000000002
0.834727,0.462766,0.17291800000000002
0.843186,0.460236,0.17291800000000002
0.851683,0.45784,0.17291800000000002
0.860218,0.455577,0.17291800000000002
0.8687860000000001,0.45344799999999996,0.17291800000000002
0.877387,0.45145500000000005,0.17291800000000002
0.886019,0.449597,0.17291800000000002
0.894678,0.447874,0.17291800000000002
0.9033636,0.446288,0.17291800000000002
0.9120729,0.44483799999999996,0.17291800000000002
0.9208039,0.443526,0.17291800000000002
0.9295544,0.44235,0.17291800000000002
0.9383223,0.44131299999999996,0.17291800000000002
0.9471054,0.44041300000000005,0.17291800000000002
0.9559015,0.439651,0.17291800000000002
0.9647086,0.439028,0.17291800000000002
0.9735243,0.438542,0.17291800000000002
0.9823466,0.43819600000000003,0.17291800000000002
0.99117325,0.43798800000000004,0.17291800000000002
0.450979,1.0,0.16419099999999998
0.451047,0.99137633,0.16419099999999998
0.45125000000000004,0.9827548,0.16419099999999998
0.451589,0.9741375,0.16419099999999998
0.45206199999999996,0.9655266,0.16419099999999998
0.45267199999999996,0.9569242,0.16419099999999998
0.45341600000000004,0.9483325,0.16419099999999998
0.454295,0.9397534,0.16419099999999998
0.45530800000000005,0.9311893,0.16419099999999998
0.456456,0.9226421,0.16419099999999998
0.457739,0.914114,0.16419099999999998
0.45915399999999995,0.9056071,0.16419099999999998
0.460704,0.897124,0.16419099999999998
0.46238599999999996,0.888665,0.16419099999999998
0.464201,0.880235,0.16419099999999998
0.46614900000000004,0.871833,0.16419099999999998
0.468228,0.863464,0.16419099999999998
0.470438,0.855128,0.16419099999999998
0.47277899999999995,0.846828,0.16419099999999998
0.47524999999999995,0.838565,0.16419099999999998
0.47785,0.830343,0.16419099999999998
0.48058,0.8221620000000001,0.16419099999999998
0.483437,0.814025,0.16419099999999998
0.486422,0.805934,0.16419099999999998
0.489533,0.797891,0.16419099999999998
0.49277099999999996,0.789898,0.16419099999999998
0.49613399999999996,0.781957,0.16419099999999998
0.499621,0.77407,0.16419099999999998
0.503231,0.766238,0.16419099999999998
0.506964,0.758464,0.16419099999999998
0.510819,0.750749,0.16419099999999998
0.514795,0.743096,0.16419099999999998
0.5188900000000001,0.735507,0.16419099999999998
0.523103,0.727982,0.16419099999999998
0.527435,0.7205250000000001,0.16419099999999998
0.531883,0.713137,0.16419099999999998
0.536447,0.705819,0.16419099999999998
0.5411250000000001,0.698574,0.16419099999999998
0.5459160000000001,0.691404,0.16419099999999998
0.550819,0.6843090000000001,0.16419099999999998
0.555833,0.6772929999999999,0.16419099999999998
0.5609569999999999,0.670356,0.16419099999999998
0.566189,0.663501,0.16419099999999998
0.571528,0.656728,0.16419099999999998
0.576973,0.65004,0.16419099999999998
0.582522,0.643439,0.16419099999999998
0.588174,0.636925,0.16419099999999998
0.593928,0.630501,0.16419099999999998
0.599782,0.624169,0.16419099999999998
0.605734,0.617929,0.16419099999999998
0.611784,0.611783,0.16419099999999998
0.61793,0.6057330000000001,0.16419099999999998
0.62417,0.59978,0.16419099999999998
0.630503,0.593926,0.16419099999999998
0.636927,0.5881730000000001,0.16419099999999998
0.64344,0.5825210000000001,0.16419099999999998
0.650042,0.576971,0.16419099999999998
0.65673,0.571527,0.16419099999999998
0.663502,0.566188,0.16419099999999998
0.670358,0.560956,0.16419099999999998
0.677295,0.555832,0.16419099999999998
0.684311,0.550818,0.16419099999999998
0.691406,0.5459149999999999,0.16419099999999998
0.698576,0.5411239999999999,0.16419099999999998
0.705821,0.536446,0.16419099999999998
0.713138,0.531882,0.16419099999999998
0.7205269999999999,0.527434,0.16419099999999998
0.727984,0.523102,0.16419099999999998
0.735508,0.5188889999999999,0.16419099999999998
0.743098,0.514794,0.16419099999999998
0.750751,0.510818,0.16419099999999998
0.758465,0.506963,0.16419099999999998
0.76624,0.5032300000000001,0.16419099999999998
0.774071,0.49961999999999995,0.16419099999999998
0.781959,0.49613300000000005,0.16419099999999998
0.7899,0.49277000000000004,0.16419099999999998
0.797893,0.489533,0.16419099999999998
0.805936,0.486421,0.16419099999999998
0.8140270000000001,0.483436,0.16419099999999998
0.822164,0.480579,0.16419099999999998
0.830345,0.47785,0.16419099999999998
0.8385670000000001,0.47524900000000003,0.16419099999999998
0.84683,0.47277800000000003,0.16419099999999998
0.85513,0.470437,0.16419099999999998
0.8634660000000001,0.46822699999999995,0.16419099999999998
0.871835,0.466148,0.16419099999999998
0.880236,0.464201,0.16419099999999998
0.888667,0.46238599999999996,0.16419099999999998
0.897125,0.460703,0.16419099999999998
0.9056091,0.45915399999999995,0.16419099999999998
0.914116,0.457738,0.16419099999999998
0.9226441,0.456456,0.16419099999999998
0.9311913,0.45530800000000005,0.16419099999999998
0.9397554,0.454294,0.16419099999999998
0.9483345,0.45341600000000004,0.16419099999999998
0.9569262,0.45267100000000005,0.16419099999999998
0.9655286,0.45206199999999996,0.16419099999999998
0.9741395,0.451589,0.16419099999999998
0.9827568,0.45125000000000004,0.16419099999999998
0.99137835,0.451047,0.16419099999999998
0.464175,1.0,0.155671
0.464241,0.99158361,0.155671
0.46443999999999996,0.9831693,0.155671
0.46477,0.9747591,0.155671
0.465233,0.9663552,0.155671
0.465827,0.9579596,0.155671
0.466553,0.9495743,0.155671
0.467411,0.9412015,0.155671
0.46840000000000004,0.9328432,0.155671
0.46952099999999997,0.9245014,0.155671
0.47077199999999997,0.9161783,0.155671
0.47215399999999996,0.9078759,0.155671
0.47366600000000003,0.8995960000000001,0.155671
0.47530799999999995,0.8913409999999999,0.155671
0.47707999999999995,0.883113,0.155671
0.47897999999999996,0.874914,0.155671
0.481009,0.866745,0.155671
0.483166,0.85861,0.155671
0.48545099999999997,0.850509,0.155671
0.487862,0.842446,0.155671
0.49039999999999995,0.834421,0.155671
0.49306399999999995,0.826437,0.155671
0.495853,0.818495,0.155671
0.49876600000000004,0.810599,0.155671
0.501803,0.8027489999999999,0.155671
0.504963,0.794948,0.155671
0.5082450000000001,0.7871980000000001,0.155671
0.511648,0.7795,0.155671
0.515171,0.771856,0.155671
0.518815,0.764269,0.155671
0.5225770000000001,0.75674,0.155671
0.526457,0.749271,0.155671
0.5304530000000001,0.7418640000000001,0.155671
0.534566,0.7345200000000001,0.155671
0.5387930000000001,0.7272419999999999,0.155671
0.5431349999999999,0.720032,0.155671
0.547589,0.71289,0.155671
0.552154,0.705819,0.155671
0.5568299999999999,0.698821,0.155671
0.561616,0.691897,0.155671
0.5665089999999999,0.685049,0.155671
0.57151,0.6782790000000001,0.155671
0.576616,0.671589,0.155671
0.581827,0.664979,0.155671
0.58714,0.658452,0.155671
0.5925560000000001,0.6520090000000001,0.155671
0.5980719999999999,0.645652,0.155671
0.603688,0.639383,0.155671
0.6094010000000001,0.633202,0.155671
0.615211,0.627112,0.155671
0.621115,0.6211139999999999,0.155671
0.627113,0.615209,0.155671
0.633203,0.6093999999999999,0.155671
0.639384,0.603687,0.155671
0.645653,0.598071,0.155671
0.65201,0.5925549999999999,0.155671
0.658453,0.5871390000000001,0.155671
0.66498,0.581825,0.155671
0.67159,0.576615,0.155671
0.678281,0.571508,0.155671
0.6850510000000001,0.566508,0.155671
0.691899,0.5616140000000001,0.155671
0.698823,0.556829,0.155671
0.705821,0.552153,0.155671
0.7128920000000001,0.547587,0.155671
0.7200329999999999,0.543134,0.155671
0.727244,0.5387919999999999,0.155671
0.734522,0.534565,0.155671
0.741866,0.5304519999999999,0.155671
0.7492730000000001,0.526456,0.155671
0.756742,0.5225759999999999,0.155671
0.764271,0.518814,0.155671
0.7718579999999999,0.515171,0.155671
0.779502,0.511647,0.155671
0.7872,0.5082439999999999,0.155671
0.79495,0.504962,0.155671
0.802751,0.5018020000000001,0.155671
0.810601,0.498765,0.155671
0.818497,0.49585199999999996,0.155671
0.826438,0.49306300000000003,0.155671
0.834423,0.49039999999999995,0.155671
0.842447,0.487862,0.155671
0.850511,0.48545000000000005,0.155671
0.8586119999999999,0.483166,0.155671
0.8667469999999999,0.481009,0.155671
0.874916,0.47897999999999996,0.155671
0.883115,0.47707900000000003,0.155671
0.891343,0.47530799999999995,0.155671
0.899598,0.47366600000000003,0.155671
0.9078778,0.47215399999999996,0.155671
0.9161803,0.47077199999999997,0.155671
0.9245034,0.46952099999999997,0.155671
0.9328451,0.46840000000000004,0.155671
0.9412035,0.467411,0.155671
0.9495763,0.466553,0.155671
0.9579615,0.465827,0.155671
0.9663572,0.465232,0.155671
0.9747611,0.46477,0.155671
0.9831713,0.46443999999999996,0.155671
0.99158558,0.464241,0.155671
0.477503,1.0,0.14735900000000002
0.477568,0.99179296,0.14735900000000002
0.477761,0.9835879,0.14735900000000002
0.47808399999999995,0.975387,0.14735900000000002
0.47853500000000004,0.9671921,0.14735900000000002
0.47911400000000004,0.9590053,0.14735900000000002
0.47982199999999997,0.9508286,0.14735900000000002
0.48065899999999995,0.9426641,0.14735900000000002
0.48162400000000005,0.9345137,0.14735900000000002
0.48271600000000003,0.9263794,0.14735900000000002
0.48393600000000003,0.9182633,0.14735900000000002
0.48528400000000005,0.9101674,0.14735900000000002
0.486758,0.9020937,0.14735900000000002
0.48836,0.8940440000000001,0.14735900000000002
0.49008700000000005,0.886021,0.14735900000000002
0.49194000000000004,0.878025,0.14735900000000002
0.493919,0.8700600000000001,0.14735900000000002
0.49602199999999996,0.862127,0.14735900000000002
0.49824999999999997,0.854228,0.14735900000000002
0.500602,0.846365,0.14735900000000002
0.5030760000000001,0.838539,0.14735900000000002
0.505674,0.830754,0.14735900000000002
0.508393,0.82301,0.14735900000000002
0.511234,0.81531,0.14735900000000002
0.514195,0.807656,0.14735900000000002
0.5172760000000001,0.800049,0.14735900000000002
0.5204770000000001,0.7924910000000001,0.14735900000000002
0.523795,0.784985,0.14735900000000002
0.527231,0.777531,0.14735900000000002
0.5307839999999999,0.770133,0.14735900000000002
0.5344519999999999,0.762791,0.14735900000000002
0.5382359999999999,0.7555080000000001,0.14735900000000002
0.542133,0.748285,0.14735900000000002
0.546143,0.741124,0.14735900000000002
0.5502659999999999,0.734027,0.14735900000000002
0.5544990000000001,0.726996,0.14735900000000002
0.5588420000000001,0.720032,0.14735900000000002
0.563294,0.713137,0.14735900000000002
0.5678540000000001,0.706313,0.14735900000000002
0.5725199999999999,0.699561,0.14735900000000002
0.577292,0.692884,0.14735900000000002
0.582168,0.6862820000000001,0.14735900000000002
0.587147,0.679758,0.14735900000000002
0.592228,0.673312,0.14735900000000002
0.59741,0.666948,0.14735900000000002
0.602691,0.6606650000000001,0.14735900000000002
0.60807,0.654466,0.14735900000000002
0.6135459999999999,0.648353,0.14735900000000002
0.6191169999999999,0.642326,0.14735900000000002
0.624782,0.636387,0.14735900000000002
0.63054,0.630538,0.14735900000000002
0.636389,0.624781,0.14735900000000002
0.642327,0.619116,0.14735900000000002
0.648354,0.613545,0.14735900000000002
0.654468,0.608069,0.14735900000000002
0.660666,0.60269,0.14735900000000002
0.666949,0.5974090000000001,0.14735900000000002
0.673314,0.5922270000000001,0.14735900000000002
0.679759,0.587146,0.14735900000000002
0.686283,0.582167,0.14735900000000002
0.692885,0.577291,0.14735900000000002
0.6995629999999999,0.572519,0.14735900000000002
0.706314,0.5678529999999999,0.14735900000000002
0.713138,0.563293,0.14735900000000002
0.7200329999999999,0.5588409999999999,0.14735900000000002
0.726997,0.5544979999999999,0.14735900000000002
0.734029,0.550265,0.14735900000000002
0.741126,0.546142,0.14735900000000002
0.7482869999999999,0.5421320000000001,0.14735900000000002
0.755509,0.538235,0.14735900000000002
0.762793,0.5344519999999999,0.14735900000000002
0.770135,0.530783,0.14735900000000002
0.777533,0.52723,0.14735900000000002
0.784986,0.523794,0.14735900000000002
0.792493,0.5204759999999999,0.14735900000000002
0.8000510000000001,0.5172760000000001,0.14735900000000002
0.807658,0.514194,0.14735900000000002
0.815312,0.511233,0.14735900000000002
0.823012,0.508393,0.14735900000000002
0.830756,0.505673,0.14735900000000002
0.838541,0.5030760000000001,0.14735900000000002
0.846366,0.5006010000000001,0.14735900000000002
0.85423,0.49824900000000005,0.14735900000000002
0.862129,0.49602199999999996,0.14735900000000002
0.870062,0.49391799999999997,0.14735900000000002
0.878027,0.49194000000000004,0.14735900000000002
0.886023,0.49008700000000005,0.14735900000000002
0.894046,0.488359,0.14735900000000002
0.9020956,0.486758,0.14735900000000002
0.9101693,0.48528400000000005,0.14735900000000002
0.9182652,0.48393600000000003,0.14735900000000002
0.9263813,0.48271600000000003,0.14735900000000002
0.9345156,0.481623,0.14735900000000002
0.942666,0.48065899999999995,0.14735900000000002
0.9508305,0.47982199999999997,0.14735900000000002
0.9590072,0.47911400000000004,0.14735900000000002
0.967194,0.478534,0.14735900000000002
0.9753889,0.47808300000000004,0.14735900000000002
0.9835899,0.477761,0.14735900000000002
0.99179488,0.477568,0.14735900000000002
0.490961,1.0,0.13925699999999996
0.491023,0.99200434,0.13925699999999996
0.491212,0.9840107,0.13925699999999996
0.491526,0.9760209,0.13925699999999996
0.491965,0.9680371,0.13925699999999996
0.49253,0.9600611,0.13925699999999996
0.49322,0.9520951,0.13925699999999996
0.494035,0.9441408,0.13925699999999996
0.49497500000000005,0.9362003,0.13925699999999996
0.496039,0.9282756,0.13925699999999996
0.497228,0.9203685,0.13925699999999996
0.498541,0.9124811,0.13925699999999996
0.499977,0.9046153,0.13925699999999996
0.501537,0.896773,0.13925699999999996
0.50322,0.888956,0.13925699999999996
0.505026,0.881167,0.13925699999999996
0.506953,0.873407,0.13925699999999996
0.509002,0.865678,0.13925699999999996
0.511173,0.857982,0.13925699999999996
0.5134639999999999,0.850322,0.13925699999999996
0.515875,0.842698,0.13925699999999996
0.518405,0.835113,0.13925699999999996
0.521055,0.827569,0.13925699999999996
0.523822,0.820067,0.13925699999999996
0.526707,0.81261,0.13925699999999996
0.529709,0.805199,0.13925699999999996
0.5328269999999999,0.797836,0.13925699999999996
0.53606,0.790523,0.13925699999999996
0.539408,0.783261,0.13925699999999996
0.542869,0.776053,0.13925699999999996
0.546443,0.7689,0.13925699999999996
0.550129,0.7618050000000001,0.13925699999999996
0.5539259999999999,0.754768,0.13925699999999996
0.557833,0.747792,0.13925699999999996
0.561849,0.740877,0.13925699999999996
0.5659730000000001,0.734027,0.13925699999999996
0.5702039999999999,0.727243,0.13925699999999996
0.574542,0.7205250000000001,0.13925699999999996
0.5789839999999999,0.713877,0.13925699999999996
0.58353,0.707299,0.13925699999999996
0.588179,0.7007939999999999,0.13925699999999996
0.59293,0.6943619999999999,0.13925699999999996
0.597781,0.688006,0.13925699999999996
0.602731,0.681726,0.13925699999999996
0.6077790000000001,0.6755249999999999,0.13925699999999996
0.612924,0.669405,0.13925699999999996
0.6181650000000001,0.663366,0.13925699999999996
0.623499,0.65741,0.13925699999999996
0.628927,0.651538,0.13925699999999996
0.6344460000000001,0.645752,0.13925699999999996
0.640055,0.640054,0.13925699999999996
0.6457539999999999,0.6344449999999999,0.13925699999999996
0.651539,0.628926,0.13925699999999996
0.657411,0.623498,0.13925699999999996
0.663367,0.618163,0.13925699999999996
0.669406,0.612923,0.13925699999999996
0.675527,0.6077779999999999,0.13925699999999996
0.681728,0.60273,0.13925699999999996
0.688007,0.5977790000000001,0.13925699999999996
0.6943630000000001,0.592928,0.13925699999999996
0.7007950000000001,0.588178,0.13925699999999996
0.707301,0.583529,0.13925699999999996
0.713878,0.578983,0.13925699999999996
0.7205269999999999,0.574541,0.13925699999999996
0.727244,0.570203,0.13925699999999996
0.734029,0.5659719999999999,0.13925699999999996
0.7408790000000001,0.561848,0.13925699999999996
0.7477929999999999,0.557832,0.13925699999999996
0.7547699999999999,0.553925,0.13925699999999996
0.761806,0.550128,0.13925699999999996
0.768902,0.546442,0.13925699999999996
0.7760549999999999,0.542868,0.13925699999999996
0.783263,0.539407,0.13925699999999996
0.790524,0.5360590000000001,0.13925699999999996
0.797837,0.532826,0.13925699999999996
0.8052,0.5297080000000001,0.13925699999999996
0.812611,0.526707,0.13925699999999996
0.8200689999999999,0.523822,0.13925699999999996
0.82757,0.521054,0.13925699999999996
0.835115,0.518405,0.13925699999999996
0.8427,0.5158739999999999,0.13925699999999996
0.8503229999999999,0.513463,0.13925699999999996
0.857984,0.511172,0.13925699999999996
0.86568,0.509002,0.13925699999999996
0.873409,0.506953,0.13925699999999996
0.881169,0.5050250000000001,0.13925699999999996
0.888958,0.50322,0.13925699999999996
0.896775,0.501537,0.13925699999999996
0.9046172,0.499977,0.13925699999999996
0.912483,0.49854,0.13925699999999996
0.9203704,0.497228,0.13925699999999996
0.9282774,0.496039,0.13925699999999996
0.9362022,0.494974,0.13925699999999996
0.9441425999999999,0.494035,0.13925699999999996
0.9520969,0.49322,0.13925699999999996
0.960063,0.49253,0.13925699999999996
0.9680389,0.491965,0.13925699999999996
0.9760228,0.491526,0.13925699999999996
0.9840125,0.491212,0.13925699999999996
0.99200621,0.491023,0.13925699999999996
0.504543,1.0,0.131367
0.504605,0.99221769,0.131367
0.504788,0.9844373,0.131367
0.505093,0.9766607,0.131367
0.505521,0.96889,0.131367
0.5060709999999999,0.9611268,0.131367
0.506742,0.9533733,0.131367
0.507536,0.9456313,0.131367
0.5084500000000001,0.9379027,0.131367
0.509486,0.9301893999999999,0.131367
0.510643,0.9224933,0.131367
0.5119210000000001,0.9148164,0.131367
0.5133190000000001,0.9071605,0.131367
0.514838,0.899527,0.131367
0.5164759999999999,0.891919,0.131367
0.5182329999999999,0.884338,0.131367
0.5201089999999999,0.876785,0.131367
0.522104,0.869262,0.131367
0.524216,0.861772,0.131367
0.526446,0.8543149999999999,0.131367
0.5287930000000001,0.846895,0.131367
0.531256,0.839513,0.131367
0.5338350000000001,0.83217,0.131367
0.536528,0.8248679999999999,0.131367
0.539336,0.81761,0.131367
0.542258,0.810397,0.131367
0.545293,0.80323,0.131367
0.548439,0.7961119999999999,0.131367
0.551698,0.789044,0.131367
0.555067,0.782029,0.131367
0.5585450000000001,0.775067,0.131367
0.562133,0.768161,0.131367
0.565828,0.761311,0.131367
0.569631,0.754521,0.131367
0.5735399999999999,0.747792,0.131367
0.577554,0.741124,0.131367
0.581673,0.734521,0.131367
0.585894,0.727982,0.131367
0.590218,0.7215119999999999,0.131367
0.594643,0.715109,0.131367
0.5991679999999999,0.708777,0.131367
0.603791,0.7025170000000001,0.131367
0.6085130000000001,0.696331,0.131367
0.6133310000000001,0.690219,0.131367
0.6182449999999999,0.684184,0.131367
0.6232519999999999,0.678226,0.131367
0.6283529999999999,0.672348,0.131367
0.6335459999999999,0.666551,0.131367
0.638828,0.660836,0.131367
0.6442,0.655205,0.131367
0.64966,0.649659,0.131367
0.655206,0.644199,0.131367
0.660837,0.638827,0.131367
0.666552,0.633544,0.131367
0.672349,0.628352,0.131367
0.678227,0.623251,0.131367
0.684185,0.618244,0.131367
0.6902200000000001,0.6133299999999999,0.131367
0.696332,0.6085119999999999,0.131367
0.702519,0.60379,0.131367
0.708779,0.599167,0.131367
0.715111,0.594642,0.131367
0.7215130000000001,0.590217,0.131367
0.727984,0.585893,0.131367
0.734522,0.581672,0.131367
0.741126,0.577553,0.131367
0.7477929999999999,0.573539,0.131367
0.754523,0.5696300000000001,0.131367
0.761313,0.565828,0.131367
0.768162,0.5621320000000001,0.131367
0.775069,0.5585439999999999,0.131367
0.78203,0.5550660000000001,0.131367
0.789046,0.551697,0.131367
0.796114,0.548439,0.131367
0.803232,0.545292,0.131367
0.810398,0.542257,0.131367
0.817612,0.539336,0.131367
0.82487,0.536528,0.131367
0.832171,0.5338339999999999,0.131367
0.839514,0.531255,0.131367
0.846897,0.5287919999999999,0.131367
0.854317,0.526446,0.131367
0.861773,0.524216,0.131367
0.869264,0.522103,0.131367
0.876786,0.5201089999999999,0.131367
0.884339,0.5182329999999999,0.131367
0.891921,0.516475,0.131367
0.899529,0.514837,0.131367
0.9071623,0.5133190000000001,0.131367
0.9148182,0.5119210000000001,0.131367
0.9224951,0.510643,0.131367
0.9301912,0.509486,0.131367
0.9379045,0.5084500000000001,0.131367
0.9456331,0.5075350000000001,0.131367
0.9533751,0.506742,0.131367
0.9611287,0.5060709999999999,0.131367
0.9688918,0.505521,0.131367
0.9766626,0.505093,0.131367
0.9844391,0.504788,0.131367
0.99221951,0.504605,0.131367
0.518249,1.0,0.12369200000000002
0.518308,0.99243296,0.12369200000000002
0.518486,0.9848678,0.12369200000000002
0.518783,0.9773063,0.12369200000000002
0.519199,0.9697505,0.12369200000000002
0.5197339999999999,0.9622021,0.12369200000000002
0.5203869999999999,0.9546631,0.12369200000000002
0.521158,0.9471352,0.12369200000000002
0.5220469999999999,0.9396204,0.12369200000000002
0.523055,0.9321205,0.12369200000000002
0.52418,0.9246373,0.12369200000000002
0.5254220000000001,0.9171727,0.12369200000000002
0.526782,0.9097286,0.12369200000000002
0.528258,0.9023067,0.12369200000000002
0.5298510000000001,0.894909,0.12369200000000002
0.531559,0.887537,0.12369200000000002
0.5333840000000001,0.880193,0.12369200000000002
0.535323,0.872878,0.12369200000000002
0.537377,0.865595,0.12369200000000002
0.5395449999999999,0.858345,0.12369200000000002
0.5418270000000001,0.8511299999999999,0.12369200000000002
0.544222,0.843952,0.12369200000000002
0.546729,0.836812,0.12369200000000002
0.549349,0.829713,0.12369200000000002
0.552079,0.822655,0.12369200000000002
0.5549200000000001,0.8156410000000001,0.12369200000000002
0.557871,0.808673,0.12369200000000002
0.5609299999999999,0.801752,0.12369200000000002
0.564098,0.79488,0.12369200000000002
0.567374,0.788058,0.12369200000000002
0.570757,0.781289,0.12369200000000002
0.574245,0.774574,0.12369200000000002
0.5778380000000001,0.767914,0.12369200000000002
0.581536,0.761312,0.12369200000000002
0.585337,0.754768,0.12369200000000002
0.58924,0.748285,0.12369200000000002
0.593244,0.7418640000000001,0.12369200000000002
0.597349,0.735507,0.12369200000000002
0.601553,0.729215,0.12369200000000002
0.605856,0.72299,0.12369200000000002
0.610255,0.716833,0.12369200000000002
0.614751,0.710746,0.12369200000000002
0.6193420000000001,0.704731,0.12369200000000002
0.624027,0.698788,0.12369200000000002
0.6288050000000001,0.6929190000000001,0.12369200000000002
0.6336740000000001,0.687127,0.12369200000000002
0.638633,0.681411,0.12369200000000002
0.643682,0.675775,0.12369200000000002
0.648819,0.670218,0.12369200000000002
0.654042,0.6647419999999999,0.12369200000000002
0.659351,0.65935,0.12369200000000002
0.664744,0.654041,0.12369200000000002
0.670219,0.648818,0.12369200000000002
0.6757759999999999,0.643681,0.12369200000000002
0.681413,0.638632,0.12369200000000002
0.687128,0.6336729999999999,0.12369200000000002
0.692921,0.628803,0.12369200000000002
0.698789,0.624026,0.12369200000000002
0.704732,0.6193409999999999,0.12369200000000002
0.710747,0.61475,0.12369200000000002
0.716834,0.6102540000000001,0.12369200000000002
0.7229909999999999,0.605855,0.12369200000000002
0.729216,0.601552,0.12369200000000002
0.735508,0.597348,0.12369200000000002
0.741866,0.593243,0.12369200000000002
0.7482869999999999,0.5892390000000001,0.12369200000000002
0.7547699999999999,0.5853360000000001,0.12369200000000002
0.761313,0.581535,0.12369200000000002
0.767916,0.5778369999999999,0.12369200000000002
0.774575,0.574244,0.12369200000000002
0.781291,0.570756,0.12369200000000002
0.78806,0.567373,0.12369200000000002
0.794881,0.564098,0.12369200000000002
0.801754,0.5609299999999999,0.12369200000000002
0.808675,0.55787,0.12369200000000002
0.815643,0.5549189999999999,0.12369200000000002
0.822657,0.5520780000000001,0.12369200000000002
0.8297140000000001,0.549348,0.12369200000000002
0.836814,0.546729,0.12369200000000002
0.843954,0.544222,0.12369200000000002
0.851132,0.5418270000000001,0.12369200000000002
0.858347,0.5395449999999999,0.12369200000000002
0.865597,0.537377,0.12369200000000002
0.87288,0.535323,0.12369200000000002
0.8801950000000001,0.5333829999999999,0.12369200000000002
0.887539,0.531559,0.12369200000000002
0.894911,0.5298499999999999,0.12369200000000002
0.9023084,0.528258,0.12369200000000002
0.9097303,0.5267809999999999,0.12369200000000002
0.9171745,0.5254220000000001,0.12369200000000002
0.924639,0.524179,0.12369200000000002
0.9321222,0.523054,0.12369200000000002
0.9396221,0.5220469999999999,0.12369200000000002
0.947137,0.521158,0.12369200000000002
0.9546648,0.520386,0.12369200000000002
0.9622039,0.519733,0.12369200000000002
0.9697523,0.519199,0.12369200000000002
0.9773081,0.518783,0.12369200000000002
0.9848696,0.518486,0.12369200000000002
0.99243473,0.518308,0.12369200000000002
0.532072,1.0,0.11623300000000003
0.53213,0.9926501,0.11623300000000003
0.532303,0.985302,0.11623300000000003
0.532592,0.9779575,0.11623300000000003
0.532996,0.9706185,0.11623300000000003
0.533515,0.9632867,0.11623300000000003
0.534149,0.955964,0.11623300000000003
0.534898,0.9486522,0.11623300000000003
0.5357620000000001,0.941353,0.11623300000000003
0.536741,0.9340683,0.11623300000000003
0.537833,0.9267998,0.11623300000000003
0.53904,0.9195494,0.11623300000000003
0.540361,0.9123189,0.11623300000000003
0.541795,0.90511,0.11623300000000003
0.543342,0.897925,0.11623300000000003
0.5450010000000001,0.890764,0.11623300000000003
0.546773,0.883631,0.11623300000000003
0.548657,0.876526,0.11623300000000003
0.5506519999999999,0.869452,0.11623300000000003
0.5527580000000001,0.86241,0.11623300000000003
0.554975,0.855402,0.11623300000000003
0.557301,0.84843,0.11623300000000003
0.559736,0.841495,0.11623300000000003
0.56228,0.834599,0.11623300000000003
0.564932,0.827744,0.11623300000000003
0.567691,0.820931,0.11623300000000003
0.570557,0.814163,0.11623300000000003
0.573529,0.807441,0.11623300000000003
0.576607,0.800766,0.11623300000000003
0.579788,0.7941400000000001,0.11623300000000003
0.583074,0.787565,0.11623300000000003
0.586462,0.781042,0.11623300000000003
0.589952,0.774574,0.11623300000000003
0.5935440000000001,0.768161,0.11623300000000003
0.597235,0.7618050000000001,0.11623300000000003
0.6010260000000001,0.7555080000000001,0.11623300000000003
0.604916,0.749271,0.11623300000000003
0.608903,0.743097,0.11623300000000003
0.612987,0.736985,0.11623300000000003
0.617166,0.730939,0.11623300000000003
0.6214390000000001,0.724959,0.11623300000000003
0.625806,0.7190460000000001,0.11623300000000003
0.6302650000000001,0.713203,0.11623300000000003
0.634816,0.7074309999999999,0.11623300000000003
0.639456,0.701731,0.11623300000000003
0.6441859999999999,0.696105,0.11623300000000003
0.649003,0.690553,0.11623300000000003
0.653907,0.6850780000000001,0.11623300000000003
0.6588959999999999,0.679681,0.11623300000000003
0.663969,0.674363,0.11623300000000003
0.669126,0.669125,0.11623300000000003
0.674364,0.663968,0.11623300000000003
0.679682,0.658895,0.11623300000000003
0.68508,0.653906,0.11623300000000003
0.690555,0.6490020000000001,0.11623300000000003
0.696106,0.644184,0.11623300000000003
0.701732,0.639455,0.11623300000000003
0.7074320000000001,0.634814,0.11623300000000003
0.713205,0.6302639999999999,0.11623300000000003
0.719048,0.625805,0.11623300000000003
0.72496,0.6214379999999999,0.11623300000000003
0.7309399999999999,0.617165,0.11623300000000003
0.7369870000000001,0.612986,0.11623300000000003
0.743098,0.608902,0.11623300000000003
0.7492730000000001,0.604915,0.11623300000000003
0.755509,0.6010260000000001,0.11623300000000003
0.761806,0.597234,0.11623300000000003
0.768162,0.5935429999999999,0.11623300000000003
0.774575,0.589951,0.11623300000000003
0.781044,0.586461,0.11623300000000003
0.787566,0.583073,0.11623300000000003
0.794141,0.579788,0.11623300000000003
0.800767,0.576606,0.11623300000000003
0.807442,0.573529,0.11623300000000003
0.814165,0.570557,0.11623300000000003
0.820933,0.567691,0.11623300000000003
0.827746,0.5649310000000001,0.11623300000000003
0.834601,0.562279,0.11623300000000003
0.841496,0.559735,0.11623300000000003
0.8484309999999999,0.5573,0.11623300000000003
0.855404,0.5549740000000001,0.11623300000000003
0.862412,0.5527580000000001,0.11623300000000003
0.869454,0.5506519999999999,0.11623300000000003
0.876528,0.548657,0.11623300000000003
0.883633,0.546773,0.11623300000000003
0.890766,0.5450010000000001,0.11623300000000003
0.897926,0.5433410000000001,0.11623300000000003
0.9051117,0.541794,0.11623300000000003
0.9123206,0.54036,0.11623300000000003
0.9195511,0.53904,0.11623300000000003
0.9268015000000001,0.537833,0.11623300000000003
0.93407,0.53674,0.11623300000000003
0.9413547,0.5357620000000001,0.11623300000000003
0.9486539,0.534898,0.11623300000000003
0.9559657,0.534149,0.11623300000000003
0.9632885,0.533515,0.11623300000000003
0.9706202,0.532996,0.11623300000000003
0.9779593,0.532592,0.11623300000000003
0.9853037,0.532303,0.11623300000000003
0.99265181,0.53213,0.11623300000000003
0.5460119999999999,1.0,0.10899199999999998
0.546068,0.99286905,0.10899199999999998
0.5462359999999999,0.9857399,0.10899199999999998
0.546516,0.9786142,0.10899199999999998
0.546908,0.9714938,0.10899199999999998
0.547411,0.9643804,0.10899199999999998
0.548027,0.9572758,0.10899199999999998
0.548753,0.9501818,0.10899199999999998
0.5495920000000001,0.9431001,0.10899199999999998
0.550541,0.9360324,0.10899199999999998
0.551601,0.9289804,0.10899199999999998
0.552772,0.921946,0.10899199999999998
0.554053,0.9149309,0.10899199999999998
0.555444,0.9079367,0.10899199999999998
0.556945,0.9009653,0.10899199999999998
0.558556,0.894018,0.10899199999999998
0.5602750000000001,0.887097,0.10899199999999998
0.562102,0.880204,0.10899199999999998
0.564038,0.873341,0.10899199999999998
0.5660810000000001,0.866509,0.10899199999999998
0.5682320000000001,0.85971,0.10899199999999998
0.570489,0.8529450000000001,0.10899199999999998
0.572851,0.846217,0.10899199999999998
0.57532,0.839526,0.10899199999999998
0.577893,0.832875,0.10899199999999998
0.58057,0.826266,0.10899199999999998
0.58335,0.819699,0.10899199999999998
0.5862339999999999,0.813177,0.10899199999999998
0.5892189999999999,0.806701,0.10899199999999998
0.592306,0.800272,0.10899199999999998
0.595494,0.793893,0.10899199999999998
0.598781,0.787565,0.10899199999999998
0.602167,0.781289,0.10899199999999998
0.6056520000000001,0.775067,0.10899199999999998
0.609234,0.7689010000000001,0.10899199999999998
0.612912,0.762791,0.10899199999999998
0.6166849999999999,0.75674,0.10899199999999998
0.620554,0.75075,0.10899199999999998
0.6245160000000001,0.74482,0.10899199999999998
0.6285700000000001,0.738954,0.10899199999999998
0.6327160000000001,0.733152,0.10899199999999998
0.636953,0.7274160000000001,0.10899199999999998
0.6412789999999999,0.721747,0.10899199999999998
0.645694,0.716147,0.10899199999999998
0.650197,0.710616,0.10899199999999998
0.654785,0.705158,0.10899199999999998
0.659459,0.6997720000000001,0.10899199999999998
0.6642170000000001,0.6944600000000001,0.10899199999999998
0.669057,0.6892229999999999,0.10899199999999998
0.67398,0.684063,0.10899199999999998
0.678982,0.6789810000000001,0.10899199999999998
0.684064,0.673979,0.10899199999999998
0.6892240000000001,0.669056,0.10899199999999998
0.694461,0.6642159999999999,0.10899199999999998
0.699773,0.659458,0.10899199999999998
0.705159,0.654784,0.10899199999999998
0.710618,0.6501950000000001,0.10899199999999998
0.716148,0.6456930000000001,0.10899199999999998
0.7217480000000001,0.641278,0.10899199999999998
0.727417,0.636952,0.10899199999999998
0.7331529999999999,0.632715,0.10899199999999998
0.738955,0.6285689999999999,0.10899199999999998
0.744822,0.6245149999999999,0.10899199999999998
0.750751,0.620553,0.10899199999999998
0.756742,0.6166849999999999,0.10899199999999998
0.762793,0.612911,0.10899199999999998
0.768902,0.609233,0.10899199999999998
0.775069,0.6056509999999999,0.10899199999999998
0.781291,0.602167,0.10899199999999998
0.787566,0.59878,0.10899199999999998
0.793895,0.595493,0.10899199999999998
0.800274,0.592306,0.10899199999999998
0.806702,0.5892189999999999,0.10899199999999998
0.813178,0.586233,0.10899199999999998
0.819701,0.58335,0.10899199999999998
0.826267,0.580569,0.10899199999999998
0.832877,0.5778920000000001,0.10899199999999998
0.839528,0.575319,0.10899199999999998
0.846218,0.572851,0.10899199999999998
0.852947,0.570488,0.10899199999999998
0.859711,0.5682309999999999,0.10899199999999998
0.86651,0.5660810000000001,0.10899199999999998
0.873343,0.564038,0.10899199999999998
0.880206,0.562102,0.10899199999999998
0.887099,0.5602739999999999,0.10899199999999998
0.89402,0.558555,0.10899199999999998
0.9009669,0.556945,0.10899199999999998
0.9079384,0.555444,0.10899199999999998
0.9149325,0.554053,0.10899199999999998
0.9219477,0.552772,0.10899199999999998
0.9289821,0.551601,0.10899199999999998
0.936034,0.550541,0.10899199999999998
0.9431017,0.5495909999999999,0.10899199999999998
0.9501835,0.548753,0.10899199999999998
0.9572775,0.548026,0.10899199999999998
0.9643821,0.547411,0.10899199999999998
0.9714954,0.546908,0.10899199999999998
0.9786158,0.546516,0.10899199999999998
0.9857415,0.5462359999999999,0.10899199999999998
0.99287071,0.546068,0.10899199999999998
0.560063,1.0,0.10197100000000003
0.560117,0.99308976,0.10197100000000003
0.56028,0.9861812,0.10197100000000003
0.5605519999999999,0.9792761,0.10197100000000003
0.5609310000000001,0.9723761,0.10197100000000003
0.561419,0.9654829,0.10197100000000003
0.5620160000000001,0.9585982,0.10197100000000003
0.56272,0.9517237,0.10197100000000003
0.5635319999999999,0.9448612,0.10197100000000003
0.564452,0.9380122,0.10197100000000003
0.56548,0.9311786,0.10197100000000003
0.566614,0.9243619,0.10197100000000003
0.567856,0.9175639,0.10197100000000003
0.569204,0.9107862,0.10197100000000003
0.570658,0.9040305,0.10197100000000003
0.572219,0.897299,0.10197100000000003
0.573885,0.890592,0.10197100000000003
0.575656,0.883912,0.10197100000000003
0.5775319999999999,0.877261,0.10197100000000003
0.579512,0.870641,0.10197100000000003
0.581595,0.864052,0.10197100000000003
0.583782,0.857496,0.10197100000000003
0.5860719999999999,0.850976,0.10197100000000003
0.588464,0.8444929999999999,0.10197100000000003
0.590957,0.838048,0.10197100000000003
0.5935520000000001,0.831643,0.10197100000000003
0.596246,0.82528,0.10197100000000003
0.59904,0.818959,0.10197100000000003
0.601933,0.812684,0.10197100000000003
0.6049249999999999,0.806454,0.10197100000000003
0.608014,0.800272,0.10197100000000003
0.611199,0.7941400000000001,0.10197100000000003
0.614481,0.788058,0.10197100000000003
0.617857,0.782029,0.10197100000000003
0.621328,0.776053,0.10197100000000003
0.624892,0.770133,0.10197100000000003
0.628549,0.76427,0.10197100000000003
0.632298,0.758464,0.10197100000000003
0.636137,0.752718,0.10197100000000003
0.640066,0.7470330000000001,0.10197100000000003
0.644084,0.741411,0.10197100000000003
0.64819,0.735853,0.10197100000000003
0.652382,0.730359,0.10197100000000003
0.65666,0.724932,0.10197100000000003
0.661023,0.719573,0.10197100000000003
0.66547,0.714283,0.10197100000000003
0.669999,0.709064,0.10197100000000003
0.6746099999999999,0.703916,0.10197100000000003
0.6793,0.698842,0.10197100000000003
0.68407,0.6938420000000001,0.10197100000000003
0.6889179999999999,0.688917,0.10197100000000003
0.693843,0.684069,0.10197100000000003
0.698843,0.679299,0.10197100000000003
0.703918,0.674608,0.10197100000000003
0.7090650000000001,0.669998,0.10197100000000003
0.7142850000000001,0.665469,0.10197100000000003
0.7195739999999999,0.661022,0.10197100000000003
0.724933,0.656659,0.10197100000000003
0.73036,0.652381,0.10197100000000003
0.735854,0.648189,0.10197100000000003
0.741412,0.644083,0.10197100000000003
0.747035,0.640065,0.10197100000000003
0.7527200000000001,0.636136,0.10197100000000003
0.758465,0.632297,0.10197100000000003
0.764271,0.628548,0.10197100000000003
0.770135,0.624892,0.10197100000000003
0.7760549999999999,0.621327,0.10197100000000003
0.78203,0.617856,0.10197100000000003
0.78806,0.61448,0.10197100000000003
0.794141,0.611198,0.10197100000000003
0.800274,0.608013,0.10197100000000003
0.8064560000000001,0.604924,0.10197100000000003
0.812685,0.601933,0.10197100000000003
0.818961,0.59904,0.10197100000000003
0.8252809999999999,0.596245,0.10197100000000003
0.831645,0.5935509999999999,0.10197100000000003
0.83805,0.590957,0.10197100000000003
0.844495,0.588463,0.10197100000000003
0.850978,0.586071,0.10197100000000003
0.857498,0.583782,0.10197100000000003
0.864053,0.581595,0.10197100000000003
0.870642,0.579511,0.10197100000000003
0.877263,0.577531,0.10197100000000003
0.883914,0.575655,0.10197100000000003
0.890593,0.5738840000000001,0.10197100000000003
0.8973,0.572218,0.10197100000000003
0.9040321,0.570658,0.10197100000000003
0.9107878,0.569204,0.10197100000000003
0.9175655,0.567855,0.10197100000000003
0.9243635,0.566614,0.10197100000000003
0.9311802,0.5654790000000001,0.10197100000000003
0.9380138,0.564452,0.10197100000000003
0.9448628,0.5635319999999999,0.10197100000000003
0.9517253,0.56272,0.10197100000000003
0.9585998,0.5620149999999999,0.10197100000000003
0.9654845,0.561419,0.10197100000000003
0.9723777,0.5609310000000001,0.10197100000000003
0.9792777,0.560551,0.10197100000000003
0.9861828,0.56028,0.10197100000000003
0.99309137,0.560117,0.10197100000000003
0.5742229999999999,1.0,0.09517200000000003
0.574276,0.99331217,0.09517200000000003
0.574433,0.986626,0.09517200000000003
0.574696,0.9799431,0.09517200000000003
0.575063,0.9732652,0.09517200000000003
0.575536,0.9665939,0.09517200000000003
0.576113,0.9599308,0.09517200000000003
0.576794,0.9532776000000001,0.09517200000000003
0.57758,0.9466359,0.09517200000000003
0.578471,0.9400074,0.09517200000000003
0.579465,0.9333937,0.09517200000000003
0.5805629999999999,0.9267964,0.09517200000000003
0.581765,0.9202172,0.09517200000000003
0.58307,0.9136577,0.09517200000000003
0.584477,0.9071194,0.09517200000000003
0.585987,0.9006041,0.09517200000000003
0.5876,0.894113,0.09517200000000003
0.589314,0.887649,0.09517200000000003
0.591129,0.881212,0.09517200000000003
0.593046,0.874804,0.09517200000000003
0.595062,0.8684270000000001,0.09517200000000003
0.597179,0.8620829999999999,0.09517200000000003
0.599395,0.855773,0.09517200000000003
0.60171,0.849498,0.09517200000000003
0.604123,0.843261,0.09517200000000003
0.606634,0.837062,0.09517200000000003
0.6092409999999999,0.830903,0.09517200000000003
0.611946,0.824786,0.09517200000000003
0.614746,0.818713,0.09517200000000003
0.617641,0.812684,0.09517200000000003
0.62063,0.806701,0.09517200000000003
0.623713,0.800766,0.09517200000000003
0.626889,0.79488,0.09517200000000003
0.6301570000000001,0.789045,0.09517200000000003
0.633516,0.783261,0.09517200000000003
0.6369659999999999,0.777532,0.09517200000000003
0.640505,0.771857,0.09517200000000003
0.6441330000000001,0.766238,0.09517200000000003
0.647849,0.760677,0.09517200000000003
0.651651,0.755176,0.09517200000000003
0.65554,0.749734,0.09517200000000003
0.659513,0.744354,0.09517200000000003
0.663571,0.739038,0.09517200000000003
0.6677109999999999,0.733786,0.09517200000000003
0.671934,0.728599,0.09517200000000003
0.676237,0.723479,0.09517200000000003
0.6806209999999999,0.7184280000000001,0.09517200000000003
0.685083,0.713446,0.09517200000000003
0.689623,0.708535,0.09517200000000003
0.694239,0.703696,0.09517200000000003
0.698931,0.69893,0.09517200000000003
0.703697,0.694238,0.09517200000000003
0.708536,0.689621,0.09517200000000003
0.7134469999999999,0.685082,0.09517200000000003
0.718429,0.680619,0.09517200000000003
0.723481,0.6762360000000001,0.09517200000000003
0.7286,0.671933,0.09517200000000003
0.733787,0.66771,0.09517200000000003
0.739039,0.66357,0.09517200000000003
0.744356,0.659512,0.09517200000000003
0.749735,0.655539,0.09517200000000003
0.755177,0.6516500000000001,0.09517200000000003
0.760679,0.647848,0.09517200000000003
0.76624,0.6441319999999999,0.09517200000000003
0.7718579999999999,0.640504,0.09517200000000003
0.777533,0.636965,0.09517200000000003
0.783263,0.633515,0.09517200000000003
0.789046,0.6301559999999999,0.09517200000000003
0.794881,0.626888,0.09517200000000003
0.800767,0.623713,0.09517200000000003
0.806702,0.62063,0.09517200000000003
0.812685,0.61764,0.09517200000000003
0.8187139999999999,0.614745,0.09517200000000003
0.824788,0.611945,0.09517200000000003
0.830905,0.6092409999999999,0.09517200000000003
0.837063,0.606633,0.09517200000000003
0.843262,0.604122,0.09517200000000003
0.8495,0.601709,0.09517200000000003
0.855774,0.599394,0.09517200000000003
0.862085,0.597178,0.09517200000000003
0.868429,0.595062,0.09517200000000003
0.874806,0.593045,0.09517200000000003
0.881213,0.591129,0.09517200000000003
0.88765,0.589313,0.09517200000000003
0.894115,0.587599,0.09517200000000003
0.9006056,0.585987,0.09517200000000003
0.907121,0.584477,0.09517200000000003
0.9136592,0.5830690000000001,0.09517200000000003
0.9202187,0.581765,0.09517200000000003
0.9267979,0.5805629999999999,0.09517200000000003
0.9333952,0.579465,0.09517200000000003
0.9400089,0.578471,0.09517200000000003
0.9466374,0.57758,0.09517200000000003
0.9532791,0.576794,0.09517200000000003
0.9599323,0.576113,0.09517200000000003
0.9665954,0.575536,0.09517200000000003
0.9732667,0.575063,0.09517200000000003
0.9799447,0.574696,0.09517200000000003
0.9866276,0.574433,0.09517200000000003
0.99331374,0.574276,0.09517200000000003
0.588488,1.0,0.08859600000000001
0.5885389999999999,0.99353624,0.08859600000000001
0.5886910000000001,0.9870741,0.08859600000000001
0.588945,0.9806151,0.08859600000000001
0.5892999999999999,0.9741609,0.08859600000000001
0.589757,0.9677131,0.08859600000000001
0.590314,0.9612732,0.08859600000000001
0.590973,0.9548429,0.08859600000000001
0.5917330000000001,0.9484238,0.08859600000000001
0.5925929999999999,0.9420173000000001,0.08859600000000001
0.593555,0.9356252,0.08859600000000001
0.594616,0.929249,0.08859600000000001
0.595777,0.9228902,0.08859600000000001
0.597038,0.9165504,0.08859600000000001
0.598399,0.9102313,0.08859600000000001
0.599858,0.9039342,0.08859600000000001
0.601417,0.897661,0.08859600000000001
0.603073,0.891413,0.08859600000000001
0.6048279999999999,0.885192,0.08859600000000001
0.60668,0.878999,0.08859600000000001
0.608629,0.872836,0.08859600000000001
0.6106750000000001,0.866704,0.08859600000000001
0.612816,0.8606050000000001,0.08859600000000001
0.615054,0.854541,0.08859600000000001
0.617386,0.8485119999999999,0.08859600000000001
0.619813,0.842521,0.08859600000000001
0.622333,0.836569,0.08859600000000001
0.6249469999999999,0.830657,0.08859600000000001
0.627653,0.824786,0.08859600000000001
0.630451,0.818959,0.08859600000000001
0.63334,0.813177,0.08859600000000001
0.63632,0.807441,0.08859600000000001
0.63939,0.801752,0.08859600000000001
0.642548,0.7961119999999999,0.08859600000000001
0.645795,0.790523,0.08859600000000001
0.6491290000000001,0.784985,0.08859600000000001
0.652549,0.7795,0.08859600000000001
0.656056,0.77407,0.08859600000000001
0.659647,0.768696,0.08859600000000001
0.663322,0.763378,0.08859600000000001
0.66708,0.758119,0.08859600000000001
0.670921,0.752919,0.08859600000000001
0.6748419999999999,0.747781,0.08859600000000001
0.678844,0.742705,0.08859600000000001
0.682925,0.737692,0.08859600000000001
0.687084,0.7327440000000001,0.08859600000000001
0.6913210000000001,0.727862,0.08859600000000001
0.695633,0.723047,0.08859600000000001
0.700021,0.7182999999999999,0.08859600000000001
0.704483,0.713623,0.08859600000000001
0.7090179999999999,0.709017,0.08859600000000001
0.713624,0.704482,0.08859600000000001
0.7183010000000001,0.70002,0.08859600000000001
0.723048,0.695632,0.08859600000000001
0.7278629999999999,0.6913199999999999,0.08859600000000001
0.732745,0.687083,0.08859600000000001
0.7376929999999999,0.682924,0.08859600000000001
0.742706,0.678843,0.08859600000000001
0.747782,0.674841,0.08859600000000001
0.752921,0.67092,0.08859600000000001
0.75812,0.667079,0.08859600000000001
0.763379,0.663321,0.08859600000000001
0.768697,0.659646,0.08859600000000001
0.774071,0.656055,0.08859600000000001
0.779502,0.652548,0.08859600000000001
0.784986,0.6491279999999999,0.08859600000000001
0.790524,0.645794,0.08859600000000001
0.796114,0.642547,0.08859600000000001
0.801754,0.639389,0.08859600000000001
0.807442,0.6363190000000001,0.08859600000000001
0.813178,0.63334,0.08859600000000001
0.818961,0.63045,0.08859600000000001
0.824788,0.627652,0.08859600000000001
0.830658,0.624946,0.08859600000000001
0.83657,0.622333,0.08859600000000001
0.842522,0.619812,0.08859600000000001
0.848513,0.6173850000000001,0.08859600000000001
0.854542,0.6150530000000001,0.08859600000000001
0.860606,0.612816,0.08859600000000001
0.8667050000000001,0.6106739999999999,0.08859600000000001
0.872837,0.608629,0.08859600000000001
0.879,0.606679,0.08859600000000001
0.885193,0.604827,0.08859600000000001
0.891414,0.603073,0.08859600000000001
0.897662,0.601416,0.08859600000000001
0.9039357,0.599858,0.08859600000000001
0.9102327,0.598398,0.08859600000000001
0.9165519,0.597038,0.08859600000000001
0.9228917,0.595777,0.08859600000000001
0.9292505,0.594616,0.08859600000000001
0.9356267,0.593554,0.08859600000000001
0.9420188,0.5925929999999999,0.08859600000000001
0.9484253,0.5917330000000001,0.08859600000000001
0.9548444,0.590973,0.08859600000000001
0.9612747,0.590314,0.08859600000000001
0.9677146,0.589757,0.08859600000000001
0.9741624,0.5892999999999999,0.08859600000000001
0.9806166,0.588945,0.08859600000000001
0.9870756,0.5886910000000001,0.08859600000000001
0.99353775,0.5885389999999999,0.08859600000000001
0.6028549999999999,1.0,0.08224399999999998
0.602904,0.9937619,0.08224399999999998
0.603051,0.9875253,0.08224399999999998
0.603295,0.9812918,0.08224399999999998
0.603638,0.975063,0.08224399999999998
0.604079,0.9688403,0.08224399999999998
0.604617,0.9626252,0.08224399999999998
0.605253,0.9564194,0.08224399999999998
0.605986,0.9502244,0.08224399999999998
0.6068169999999999,0.9440416,0.08224399999999998
0.6077440000000001,0.9378726,0.08224399999999998
0.608768,0.931719,0.08224399999999998
0.609889,0.9255822,0.08224399999999998
0.6111059999999999,0.9194637999999999,0.08224399999999998
0.612419,0.9133652,0.08224399999999998
0.613828,0.907288,0.08224399999999998
0.615332,0.9012337,0.08224399999999998
0.616931,0.895204,0.08224399999999998
0.6186240000000001,0.8892,0.08224399999999998
0.620411,0.883223,0.08224399999999998
0.6222920000000001,0.877275,0.08224399999999998
0.624267,0.8713569999999999,0.08224399999999998
0.626334,0.865471,0.08224399999999998
0.628493,0.859619,0.08224399999999998
0.630744,0.853801,0.08224399999999998
0.633086,0.848019,0.08224399999999998
0.635518,0.842274,0.08224399999999998
0.6380410000000001,0.836569,0.08224399999999998
0.640652,0.830903,0.08224399999999998
0.6433530000000001,0.82528,0.08224399999999998
0.6461410000000001,0.819699,0.08224399999999998
0.649017,0.814163,0.08224399999999998
0.651979,0.808673,0.08224399999999998
0.655027,0.80323,0.08224399999999998
0.658161,0.797836,0.08224399999999998
0.661378,0.792492,0.08224399999999998
0.664679,0.7871980000000001,0.08224399999999998
0.6680630000000001,0.7819579999999999,0.08224399999999998
0.671529,0.776771,0.08224399999999998
0.675076,0.771639,0.08224399999999998
0.6787030000000001,0.766563,0.08224399999999998
0.682409,0.761545,0.08224399999999998
0.686194,0.756586,0.08224399999999998
0.690056,0.751687,0.08224399999999998
0.6939949999999999,0.74685,0.08224399999999998
0.698009,0.742074,0.08224399999999998
0.702097,0.737363,0.08224399999999998
0.706259,0.7327159999999999,0.08224399999999998
0.710494,0.728135,0.08224399999999998
0.7148,0.7236210000000001,0.08224399999999998
0.719176,0.719175,0.08224399999999998
0.723622,0.714799,0.08224399999999998
0.728136,0.710493,0.08224399999999998
0.7327170000000001,0.706258,0.08224399999999998
0.737364,0.702096,0.08224399999999998
0.742075,0.698008,0.08224399999999998
0.7468509999999999,0.693994,0.08224399999999998
0.751688,0.690055,0.08224399999999998
0.756587,0.686193,0.08224399999999998
0.761547,0.682408,0.08224399999999998
0.7665649999999999,0.678702,0.08224399999999998
0.77164,0.675075,0.08224399999999998
0.776772,0.671528,0.08224399999999998
0.781959,0.6680619999999999,0.08224399999999998
0.7872,0.664679,0.08224399999999998
0.792493,0.661377,0.08224399999999998
0.797837,0.6581600000000001,0.08224399999999998
0.803232,0.655027,0.08224399999999998
0.808675,0.651978,0.08224399999999998
0.814165,0.649016,0.08224399999999998
0.819701,0.6461399999999999,0.08224399999999998
0.8252809999999999,0.6433519999999999,0.08224399999999998
0.830905,0.640652,0.08224399999999998
0.83657,0.6380399999999999,0.08224399999999998
0.842276,0.635518,0.08224399999999998
0.84802,0.633085,0.08224399999999998
0.853802,0.630743,0.08224399999999998
0.85962,0.628492,0.08224399999999998
0.8654729999999999,0.626333,0.08224399999999998
0.871359,0.624266,0.08224399999999998
0.877276,0.6222920000000001,0.08224399999999998
0.883224,0.620411,0.08224399999999998
0.889201,0.6186229999999999,0.08224399999999998
0.895205,0.61693,0.08224399999999998
0.9012351,0.6153310000000001,0.08224399999999998
0.9072895,0.613827,0.08224399999999998
0.9133666,0.612419,0.08224399999999998
0.9194652,0.6111059999999999,0.08224399999999998
0.9255836,0.609889,0.08224399999999998
0.9317204,0.608768,0.08224399999999998
0.9378741,0.6077440000000001,0.08224399999999998
0.944043,0.606816,0.08224399999999998
0.9502258,0.605986,0.08224399999999998
0.9564209,0.605253,0.08224399999999998
0.9626267,0.604617,0.08224399999999998
0.9688417,0.604079,0.08224399999999998
0.9750644,0.603638,0.08224399999999998
0.9812933,0.603295,0.08224399999999998
0.9875268,0.603051,0.08224399999999998
0.99376336,0.602904,0.08224399999999998
0.617319,1.0,0.07611900000000005
0.6173660000000001,0.9939891,0.07611900000000005
0.617508,0.9879797,0.07611900000000005
0.6177440000000001,0.9819732,0.07611900000000005
0.618074,0.9759712,0.07611900000000005
0.618499,0.9699751,0.07611900000000005
0.6190169999999999,0.9639865,0.07611900000000005
0.61963,0.9580067,0.07611900000000005
0.620337,0.9520373,0.07611900000000005
0.621137,0.9460797,0.07611900000000005
0.622031,0.9401354,0.07611900000000005
0.6230180000000001,0.9342059,0.07611900000000005
0.624097,0.9282926,0.07611900000000005
0.62527,0.922397,0.07611900000000005
0.6265350000000001,0.9165206,0.07611900000000005
0.627893,0.9106647,0.07611900000000005
0.6293420000000001,0.9048309,0.07611900000000005
0.6308819999999999,0.899021,0.07611900000000005
0.632514,0.893235,0.07611900000000005
0.634236,0.887476,0.07611900000000005
0.636049,0.881745,0.07611900000000005
0.6379509999999999,0.876043,0.07611900000000005
0.6399429999999999,0.870371,0.07611900000000005
0.6420239999999999,0.8647320000000001,0.07611900000000005
0.644192,0.859125,0.07611900000000005
0.646449,0.853554,0.07611900000000005
0.648793,0.848019,0.07611900000000005
0.651224,0.842521,0.07611900000000005
0.65374,0.837062,0.07611900000000005
0.656342,0.831643,0.07611900000000005
0.659029,0.826266,0.07611900000000005
0.6617999999999999,0.820932,0.07611900000000005
0.6646540000000001,0.815642,0.07611900000000005
0.667592,0.810397,0.07611900000000005
0.6706110000000001,0.805199,0.07611900000000005
0.673711,0.800049,0.07611900000000005
0.676892,0.794949,0.07611900000000005
0.680153,0.789899,0.07611900000000005
0.683492,0.784901,0.07611900000000005
0.68691,0.779956,0.07611900000000005
0.6904049999999999,0.775065,0.07611900000000005
0.6939759999999999,0.77023,0.07611900000000005
0.697623,0.765452,0.07611900000000005
0.701345,0.760731,0.07611900000000005
0.70514,0.75607,0.07611900000000005
0.7090080000000001,0.751468,0.07611900000000005
0.712947,0.746928,0.07611900000000005
0.716958,0.74245,0.07611900000000005
0.7210380000000001,0.738036,0.07611900000000005
0.725187,0.733687,0.07611900000000005
0.7294039999999999,0.729403,0.07611900000000005
0.733688,0.725186,0.07611900000000005
0.738037,0.7210369999999999,0.07611900000000005
0.742452,0.7169570000000001,0.07611900000000005
0.746929,0.7129460000000001,0.07611900000000005
0.7514689999999999,0.7090069999999999,0.07611900000000005
0.7560709999999999,0.705139,0.07611900000000005
0.760732,0.701344,0.07611900000000005
0.7654529999999999,0.697622,0.07611900000000005
0.770231,0.693975,0.07611900000000005
0.775067,0.690404,0.07611900000000005
0.779957,0.686909,0.07611900000000005
0.784902,0.683492,0.07611900000000005
0.7899,0.680152,0.07611900000000005
0.79495,0.676891,0.07611900000000005
0.8000510000000001,0.67371,0.07611900000000005
0.8052,0.6706099999999999,0.07611900000000005
0.810398,0.667591,0.07611900000000005
0.815643,0.6646540000000001,0.07611900000000005
0.820933,0.661799,0.07611900000000005
0.826267,0.659028,0.07611900000000005
0.831645,0.656342,0.07611900000000005
0.837063,0.65374,0.07611900000000005
0.842522,0.651223,0.07611900000000005
0.84802,0.648792,0.07611900000000005
0.8535550000000001,0.646449,0.07611900000000005
0.859127,0.644192,0.07611900000000005
0.864733,0.642023,0.07611900000000005
0.8703730000000001,0.6399429999999999,0.07611900000000005
0.876044,0.6379509999999999,0.07611900000000005
0.881746,0.636049,0.07611900000000005
0.887477,0.634236,0.07611900000000005
0.8932370000000001,0.632514,0.07611900000000005
0.899022,0.6308819999999999,0.07611900000000005
0.9048323,0.6293409999999999,0.07611900000000005
0.9106661,0.627892,0.07611900000000005
0.9165219,0.6265350000000001,0.07611900000000005
0.9223984,0.62527,0.07611900000000005
0.928294,0.624097,0.07611900000000005
0.9342073,0.6230169999999999,0.07611900000000005
0.9401368,0.6220300000000001,0.07611900000000005
0.9460811,0.621137,0.07611900000000005
0.9520387,0.620337,0.07611900000000005
0.9580081,0.61963,0.07611900000000005
0.9639879,0.6190169999999999,0.07611900000000005
0.9699765,0.618499,0.07611900000000005
0.9759726,0.618074,0.07611900000000005
0.9819746,0.6177440000000001,0.07611900000000005
0.9879811,0.617508,0.07611900000000005
0.9939905,0.6173660000000001,0.07611900000000005
0.6318779999999999,1.0,0.070222
0.631923,0.99421778,0.070222
0.6320600000000001,0.988437,0.070222
0.632287,0.982659,0.070222
0.6326039999999999,0.9768854,0.070222
0.633013,0.9711174,0.070222
0.6335120000000001,0.9653566,0.070222
0.634101,0.9596043,0.070222
0.634781,0.953862,0.070222
0.635551,0.9481310000000001,0.070222
0.6364099999999999,0.9424129,0.070222
0.6373599999999999,0.936709,0.070222
0.6383989999999999,0.9310207,0.070222
0.639527,0.9253494,0.070222
0.640744,0.9196965,0.070222
0.642049,0.9140634,0.070222
0.643443,0.9084516,0.070222
0.644925,0.9028623,0.070222
0.646495,0.897297,0.070222
0.6481520000000001,0.891757,0.070222
0.649895,0.886244,0.070222
0.651725,0.880759,0.070222
0.653641,0.8753029999999999,0.070222
0.655643,0.869878,0.070222
0.657729,0.864485,0.070222
0.6598999999999999,0.8591260000000001,0.070222
0.662155,0.853801,0.070222
0.664493,0.8485119999999999,0.070222
0.666913,0.843261,0.070222
0.6694169999999999,0.838048,0.070222
0.6720010000000001,0.832876,0.070222
0.674667,0.827744,0.070222
0.677412,0.822656,0.070222
0.680238,0.81761,0.070222
0.683142,0.81261,0.070222
0.686125,0.807656,0.070222
0.6891849999999999,0.80275,0.070222
0.692321,0.797892,0.070222
0.695534,0.793084,0.070222
0.698821,0.788328,0.070222
0.702183,0.783623,0.070222
0.705619,0.778972,0.070222
0.7091270000000001,0.774375,0.070222
0.712707,0.769834,0.070222
0.716358,0.76535,0.070222
0.720078,0.760923,0.070222
0.723868,0.756556,0.070222
0.727726,0.752249,0.070222
0.731651,0.748003,0.070222
0.735642,0.743819,0.070222
0.739699,0.739698,0.070222
0.7438199999999999,0.735641,0.070222
0.748004,0.73165,0.070222
0.75225,0.727725,0.070222
0.756557,0.723867,0.070222
0.7609239999999999,0.7200770000000001,0.070222
0.765351,0.716357,0.070222
0.769835,0.7127060000000001,0.070222
0.774376,0.7091259999999999,0.070222
0.778973,0.7056180000000001,0.070222
0.783624,0.702183,0.070222
0.7883290000000001,0.698821,0.070222
0.793085,0.695533,0.070222
0.797893,0.69232,0.070222
0.802751,0.689184,0.070222
0.807658,0.686124,0.070222
0.812611,0.683142,0.070222
0.817612,0.680237,0.070222
0.822657,0.677412,0.070222
0.827746,0.674666,0.070222
0.832877,0.6720010000000001,0.070222
0.83805,0.669416,0.070222
0.843262,0.666913,0.070222
0.848513,0.6644920000000001,0.070222
0.853802,0.662154,0.070222
0.859127,0.659899,0.070222
0.864486,0.657728,0.070222
0.8698790000000001,0.6556420000000001,0.070222
0.875304,0.653641,0.070222
0.88076,0.651725,0.070222
0.886245,0.649895,0.070222
0.891758,0.6481509999999999,0.070222
0.897298,0.646494,0.070222
0.9028636,0.644925,0.070222
0.9084529,0.643443,0.070222
0.9140648,0.642049,0.070222
0.9196978,0.6407430000000001,0.070222
0.9253507,0.639526,0.070222
0.931022,0.638398,0.070222
0.9367103,0.637359,0.070222
0.9424142,0.6364099999999999,0.070222
0.9481324,0.6355500000000001,0.070222
0.9538633,0.634781,0.070222
0.9596056,0.634101,0.070222
0.9653579,0.6335120000000001,0.070222
0.9711188,0.633013,0.070222
0.9768867,0.6326039999999999,0.070222
0.9826604,0.632287,0.070222
0.9884383,0.6320600000000001,0.070222
0.99421913,0.631923,0.070222
0.646528,1.0,0.06455500000000003
0.646571,0.99444789,0.06455500000000003
0.646702,0.9888971,0.06455500000000003
0.6469199999999999,0.9833491,0.06455500000000003
0.6472249999999999,0.9778052,0.06455500000000003
0.647617,0.9722668,0.06455500000000003
0.6480969999999999,0.9667353,0.06455500000000003
0.6486620000000001,0.9612119,0.06455500000000003
0.649315,0.9556981,0.06455500000000003
0.650054,0.9501952,0.06455500000000003
0.65088,0.9447046,0.06455500000000003
0.651791,0.9392277,0.06455500000000003
0.6527890000000001,0.9337658,0.06455500000000003
0.653872,0.9283202,0.06455500000000003
0.655041,0.9228923,0.06455500000000003
0.6562939999999999,0.9174834000000001,0.06455500000000003
0.657633,0.9120948,0.06455500000000003
0.659056,0.906728,0.06455500000000003
0.660563,0.9013842,0.06455500000000003
0.662154,0.896065,0.06455500000000003
0.663828,0.890771,0.06455500000000003
0.665585,0.885504,0.06455500000000003
0.6674249999999999,0.880265,0.06455500000000003
0.669347,0.8750560000000001,0.06455500000000003
0.67135,0.869878,0.06455500000000003
0.673434,0.8647320000000001,0.06455500000000003
0.6755990000000001,0.859619,0.06455500000000003
0.677844,0.854541,0.06455500000000003
0.680169,0.849499,0.06455500000000003
0.682572,0.8444929999999999,0.06455500000000003
0.685054,0.839527,0.06455500000000003
0.687614,0.834599,0.06455500000000003
0.69025,0.829713,0.06455500000000003
0.692963,0.824869,0.06455500000000003
0.6957519999999999,0.820068,0.06455500000000003
0.698616,0.815311,0.06455500000000003
0.701554,0.8106,0.06455500000000003
0.704566,0.8059350000000001,0.06455500000000003
0.70765,0.801319,0.06455500000000003
0.710807,0.796751,0.06455500000000003
0.714035,0.792234,0.06455500000000003
0.717334,0.787768,0.06455500000000003
0.720703,0.783354,0.06455500000000003
0.72414,0.778994,0.06455500000000003
0.727645,0.774688,0.06455500000000003
0.7312179999999999,0.770438,0.06455500000000003
0.734857,0.766244,0.06455500000000003
0.738561,0.762108,0.06455500000000003
0.7423299999999999,0.758031,0.06455500000000003
0.746163,0.754014,0.06455500000000003
0.750058,0.750057,0.06455500000000003
0.754015,0.746162,0.06455500000000003
0.758032,0.742329,0.06455500000000003
0.762109,0.738561,0.06455500000000003
0.7662450000000001,0.734856,0.06455500000000003
0.770439,0.731217,0.06455500000000003
0.774689,0.727645,0.06455500000000003
0.778995,0.724139,0.06455500000000003
0.783355,0.720702,0.06455500000000003
0.7877689999999999,0.717333,0.06455500000000003
0.792235,0.714035,0.06455500000000003
0.796752,0.710806,0.06455500000000003
0.80132,0.70765,0.06455500000000003
0.805936,0.704565,0.06455500000000003
0.810601,0.701553,0.06455500000000003
0.815312,0.698615,0.06455500000000003
0.8200689999999999,0.695751,0.06455500000000003
0.82487,0.6929620000000001,0.06455500000000003
0.8297140000000001,0.69025,0.06455500000000003
0.834601,0.687613,0.06455500000000003
0.839528,0.685054,0.06455500000000003
0.844495,0.682572,0.06455500000000003
0.8495,0.680168,0.06455500000000003
0.854542,0.677844,0.06455500000000003
0.85962,0.6755990000000001,0.06455500000000003
0.864733,0.673434,0.06455500000000003
0.8698790000000001,0.671349,0.06455500000000003
0.875057,0.669346,0.06455500000000003
0.880267,0.667424,0.06455500000000003
0.885505,0.665585,0.06455500000000003
0.890772,0.663828,0.06455500000000003
0.896066,0.662153,0.06455500000000003
0.9013854,0.660563,0.06455500000000003
0.9067293,0.659055,0.06455500000000003
0.9120961,0.657633,0.06455500000000003
0.9174846,0.6562939999999999,0.06455500000000003
0.9228935,0.6550400000000001,0.06455500000000003
0.9283214,0.653872,0.06455500000000003
0.933767,0.6527890000000001,0.06455500000000003
0.939229,0.651791,0.06455500000000003
0.9447059,0.650879,0.06455500000000003
0.9501965,0.650054,0.06455500000000003
0.9556994,0.649315,0.06455500000000003
0.9612132,0.6486620000000001,0.06455500000000003
0.9667365,0.648096,0.06455500000000003
0.9722681,0.647617,0.06455500000000003
0.9778065,0.6472249999999999,0.06455500000000003
0.9833504,0.6469199999999999,0.06455500000000003
0.9888984,0.646702,0.06455500000000003
0.99444919,0.646571,0.06455500000000003
0.661265,1.0,0.059118000000000004
0.661307,0.99467937,0.059118000000000004
0.661432,0.98936,0.059118000000000004
0.6616409999999999,0.9840433,0.059118000000000004
0.661933,0.9787306,0.059118000000000004
0.662309,0.9734231,0.059118000000000004
0.662768,0.9681221,0.059118000000000004
0.6633100000000001,0.962829,0.059118000000000004
0.6639360000000001,0.9575451,0.059118000000000004
0.664644,0.9522717,0.059118000000000004
0.665435,0.94701,0.059118000000000004
0.666309,0.9417614,0.059118000000000004
0.667265,0.9365272,0.059118000000000004
0.668303,0.9313086,0.059118000000000004
0.669423,0.926107,0.059118000000000004
0.670624,0.9209237,0.059118000000000004
0.671907,0.9157598,0.059118000000000004
0.67327,0.9106167000000001,0.059118000000000004
0.674715,0.9054957,0.059118000000000004
0.676239,0.900398,0.059118000000000004
0.677844,0.895325,0.059118000000000004
0.679528,0.890278,0.059118000000000004
0.681291,0.885257,0.059118000000000004
0.6831320000000001,0.880265,0.059118000000000004
0.685052,0.8753029999999999,0.059118000000000004
0.6870499999999999,0.870371,0.059118000000000004
0.6891240000000001,0.865472,0.059118000000000004
0.691276,0.8606050000000001,0.059118000000000004
0.693503,0.855773,0.059118000000000004
0.6958070000000001,0.850977,0.059118000000000004
0.6981850000000001,0.846217,0.059118000000000004
0.700638,0.841495,0.059118000000000004
0.703164,0.836813,0.059118000000000004
0.7057640000000001,0.83217,0.059118000000000004
0.708437,0.827569,0.059118000000000004
0.7111810000000001,0.8230109999999999,0.059118000000000004
0.713997,0.818496,0.059118000000000004
0.7168829999999999,0.814026,0.059118000000000004
0.719839,0.8096019999999999,0.059118000000000004
0.722864,0.805225,0.059118000000000004
0.725958,0.800896,0.059118000000000004
0.7291190000000001,0.796616,0.059118000000000004
0.7323470000000001,0.792386,0.059118000000000004
0.735641,0.788208,0.059118000000000004
0.739,0.784082,0.059118000000000004
0.742424,0.780009,0.059118000000000004
0.745911,0.77599,0.059118000000000004
0.7494609999999999,0.772027,0.059118000000000004
0.753073,0.768119,0.059118000000000004
0.756746,0.764269,0.059118000000000004
0.760478,0.760478,0.059118000000000004
0.76427,0.756745,0.059118000000000004
0.76812,0.753072,0.059118000000000004
0.772027,0.74946,0.059118000000000004
0.775991,0.745911,0.059118000000000004
0.78001,0.742423,0.059118000000000004
0.784083,0.739,0.059118000000000004
0.7882089999999999,0.7356400000000001,0.059118000000000004
0.792387,0.7323459999999999,0.059118000000000004
0.796617,0.7291179999999999,0.059118000000000004
0.800897,0.725957,0.059118000000000004
0.805226,0.722863,0.059118000000000004
0.809603,0.719838,0.059118000000000004
0.8140270000000001,0.716882,0.059118000000000004
0.818497,0.7139960000000001,0.059118000000000004
0.823012,0.7111799999999999,0.059118000000000004
0.82757,0.7084360000000001,0.059118000000000004
0.832171,0.7057629999999999,0.059118000000000004
0.836814,0.703164,0.059118000000000004
0.841496,0.700637,0.059118000000000004
0.846218,0.698184,0.059118000000000004
0.850978,0.6958059999999999,0.059118000000000004
0.855774,0.693503,0.059118000000000004
0.860606,0.691275,0.059118000000000004
0.8654729999999999,0.6891240000000001,0.059118000000000004
0.8703730000000001,0.687049,0.059118000000000004
0.875304,0.685052,0.059118000000000004
0.880267,0.6831320000000001,0.059118000000000004
0.885258,0.68129,0.059118000000000004
0.890279,0.679527,0.059118000000000004
0.895326,0.677843,0.059118000000000004
0.9003991,0.676239,0.059118000000000004
0.9054968999999999,0.674714,0.059118000000000004
0.9106179,0.67327,0.059118000000000004
0.915761,0.671907,0.059118000000000004
0.9209249,0.670624,0.059118000000000004
0.9261082,0.669422,0.059118000000000004
0.9313099,0.668303,0.059118000000000004
0.9365284,0.667265,0.059118000000000004
0.9417626,0.666309,0.059118000000000004
0.9470111999999999,0.665435,0.059118000000000004
0.9522729,0.664644,0.059118000000000004
0.9575464,0.6639360000000001,0.059118000000000004
0.9628303,0.6633100000000001,0.059118000000000004
0.9681234,0.662768,0.059118000000000004
0.9734243,0.662309,0.059118000000000004
0.9787318,0.661933,0.059118000000000004
0.9840446,0.6616409999999999,0.059118000000000004
0.9893613,0.661432,0.059118000000000004
0.99468061,0.661307,0.059118000000000004
0.676085,1.0,0.05391400000000002
0.676125,0.99491216,0.05391400000000002
0.676245,0.9898256,0.05391400000000002
0.676445,0.9847415,0.05391400000000002
0.676725,0.9796612,0.05391400000000002
0.677084,0.9745859,0.05391400000000002
0.677523,0.9695169,0.05391400000000002
0.678041,0.9644554,0.05391400000000002
0.67864,0.9594026,0.05391400000000002
0.679317,0.9543599,0.05391400000000002
0.6800729999999999,0.9493285,0.05391400000000002
0.680909,0.9443095,0.05391400000000002
0.6818230000000001,0.9393043,0.05391400000000002
0.682815,0.9343141,0.05391400000000002
0.683886,0.92934,0.05391400000000002
0.6850350000000001,0.9243834,0.05391400000000002
0.6862619999999999,0.9194455,0.05391400000000002
0.687566,0.9145274999999999,0.05391400000000002
0.688947,0.9096305,0.05391400000000002
0.6904049999999999,0.9047558,0.05391400000000002
0.6919390000000001,0.899905,0.05391400000000002
0.693549,0.895078,0.05391400000000002
0.695235,0.890278,0.05391400000000002
0.696996,0.885504,0.05391400000000002
0.698832,0.880759,0.05391400000000002
0.700742,0.876043,0.05391400000000002
0.702726,0.871358,0.05391400000000002
0.7047829999999999,0.866704,0.05391400000000002
0.706913,0.862084,0.05391400000000002
0.7091160000000001,0.857497,0.05391400000000002
0.71139,0.8529450000000001,0.05391400000000002
0.7137359999999999,0.84843,0.05391400000000002
0.716152,0.843953,0.05391400000000002
0.718638,0.839513,0.05391400000000002
0.721193,0.835114,0.05391400000000002
0.7238180000000001,0.830755,0.05391400000000002
0.72651,0.826437,0.05391400000000002
0.72927,0.822163,0.05391400000000002
0.732097,0.817933,0.05391400000000002
0.73499,0.813747,0.05391400000000002
0.737948,0.809607,0.05391400000000002
0.740971,0.805515,0.05391400000000002
0.744058,0.80147,0.05391400000000002
0.747207,0.797474,0.05391400000000002
0.75042,0.793529,0.05391400000000002
0.753694,0.789634,0.05391400000000002
0.757028,0.785791,0.05391400000000002
0.760423,0.782001,0.05391400000000002
0.763877,0.778265,0.05391400000000002
0.767389,0.774583,0.05391400000000002
0.770958,0.770957,0.05391400000000002
0.7745839999999999,0.767388,0.05391400000000002
0.778266,0.763876,0.05391400000000002
0.782002,0.7604219999999999,0.05391400000000002
0.785792,0.757028,0.05391400000000002
0.789635,0.753693,0.05391400000000002
0.7935300000000001,0.750419,0.05391400000000002
0.7974749999999999,0.747207,0.05391400000000002
0.801471,0.744057,0.05391400000000002
0.805516,0.74097,0.05391400000000002
0.809608,0.737947,0.05391400000000002
0.813748,0.734989,0.05391400000000002
0.8179339999999999,0.7320960000000001,0.05391400000000002
0.822164,0.729269,0.05391400000000002
0.826438,0.7265090000000001,0.05391400000000002
0.830756,0.7238169999999999,0.05391400000000002
0.835115,0.721193,0.05391400000000002
0.839514,0.718637,0.05391400000000002
0.843954,0.716151,0.05391400000000002
0.8484309999999999,0.713735,0.05391400000000002
0.852947,0.71139,0.05391400000000002
0.857498,0.7091149999999999,0.05391400000000002
0.862085,0.706913,0.05391400000000002
0.8667050000000001,0.7047829999999999,0.05391400000000002
0.871359,0.702725,0.05391400000000002
0.876044,0.700742,0.05391400000000002
0.88076,0.698831,0.05391400000000002
0.885505,0.696996,0.05391400000000002
0.890279,0.695235,0.05391400000000002
0.895079,0.693549,0.05391400000000002
0.899906,0.6919390000000001,0.05391400000000002
0.9047569,0.690404,0.05391400000000002
0.9096316,0.688947,0.05391400000000002
0.9145286,0.687565,0.05391400000000002
0.9194467,0.686261,0.05391400000000002
0.9243846,0.6850350000000001,0.05391400000000002
0.9293412,0.683886,0.05391400000000002
0.9343152,0.682815,0.05391400000000002
0.9393055,0.6818230000000001,0.05391400000000002
0.9443107,0.6809080000000001,0.05391400000000002
0.9493296,0.6800729999999999,0.05391400000000002
0.9543611,0.679317,0.05391400000000002
0.9594038,0.678639,0.05391400000000002
0.9644565,0.678041,0.05391400000000002
0.969518,0.677523,0.05391400000000002
0.9745871,0.677084,0.05391400000000002
0.9796624,0.676724,0.05391400000000002
0.9847427,0.676445,0.05391400000000002
0.9898268,0.676245,0.05391400000000002
0.99491335,0.676125,0.05391400000000002
0.690986,1.0,0.04894299999999996
0.6910240000000001,0.9951462,0.04894299999999996
0.691138,0.99029361,0.04894299999999996
0.6913290000000001,0.9854434,0.04894299999999996
0.691596,0.9805968,0.04894299999999996
0.6919379999999999,0.975755,0.04894299999999996
0.692357,0.9709191,0.04894299999999996
0.692852,0.9660905,0.04894299999999996
0.693422,0.9612702,0.04894299999999996
0.694069,0.9564594,0.04894299999999996
0.69479,0.9516594,0.04894299999999996
0.695587,0.9468713,0.04894299999999996
0.6964589999999999,0.9420964000000001,0.04894299999999996
0.697406,0.9373357,0.04894299999999996
0.698428,0.9325905,0.04894299999999996
0.699524,0.9278619,0.04894299999999996
0.7006939999999999,0.9231511,0.04894299999999996
0.701938,0.9184593,0.04894299999999996
0.703256,0.9137876,0.04894299999999996
0.704646,0.9091372,0.04894299999999996
0.70611,0.9045091,0.04894299999999996
0.707646,0.899905,0.04894299999999996
0.709255,0.895325,0.04894299999999996
0.710935,0.890771,0.04894299999999996
0.7126859999999999,0.886244,0.04894299999999996
0.7145079999999999,0.881745,0.04894299999999996
0.7164010000000001,0.877275,0.04894299999999996
0.718364,0.872836,0.04894299999999996
0.720396,0.868428,0.04894299999999996
0.722497,0.864052,0.04894299999999996
0.724666,0.85971,0.04894299999999996
0.726904,0.855403,0.04894299999999996
0.729209,0.851131,0.04894299999999996
0.731581,0.846896,0.04894299999999996
0.734019,0.842699,0.04894299999999996
0.736522,0.8385400000000001,0.04894299999999996
0.7390909999999999,0.834422,0.04894299999999996
0.741724,0.830344,0.04894299999999996
0.744421,0.826308,0.04894299999999996
0.74718,0.822315,0.04894299999999996
0.750003,0.818366,0.04894299999999996
0.7528859999999999,0.814461,0.04894299999999996
0.755831,0.810603,0.04894299999999996
0.7588360000000001,0.806791,0.04894299999999996
0.7619009999999999,0.8030269999999999,0.04894299999999996
0.765024,0.799311,0.04894299999999996
0.768205,0.7956449999999999,0.04894299999999996
0.771444,0.792029,0.04894299999999996
0.7747390000000001,0.788465,0.04894299999999996
0.778089,0.784953,0.04894299999999996
0.781494,0.781494,0.04894299999999996
0.784953,0.778088,0.04894299999999996
0.788466,0.774738,0.04894299999999996
0.79203,0.771443,0.04894299999999996
0.795646,0.768205,0.04894299999999996
0.799312,0.765023,0.04894299999999996
0.8030269999999999,0.7619,0.04894299999999996
0.806792,0.7588360000000001,0.04894299999999996
0.810604,0.75583,0.04894299999999996
0.814462,0.7528859999999999,0.04894299999999996
0.8183670000000001,0.7500020000000001,0.04894299999999996
0.822316,0.74718,0.04894299999999996
0.826309,0.7444200000000001,0.04894299999999996
0.830345,0.741723,0.04894299999999996
0.834423,0.73909,0.04894299999999996
0.838541,0.736522,0.04894299999999996
0.8427,0.7340180000000001,0.04894299999999996
0.846897,0.73158,0.04894299999999996
0.851132,0.7292080000000001,0.04894299999999996
0.855404,0.726904,0.04894299999999996
0.859711,0.724666,0.04894299999999996
0.864053,0.722496,0.04894299999999996
0.868429,0.720395,0.04894299999999996
0.872837,0.718363,0.04894299999999996
0.877276,0.7163999999999999,0.04894299999999996
0.881746,0.7145079999999999,0.04894299999999996
0.886245,0.7126859999999999,0.04894299999999996
0.890772,0.710934,0.04894299999999996
0.895326,0.709254,0.04894299999999996
0.899906,0.707646,0.04894299999999996
0.9045102,0.70611,0.04894299999999996
0.9091382,0.704646,0.04894299999999996
0.9137887,0.703255,0.04894299999999996
0.9184604,0.701938,0.04894299999999996
0.9231522,0.7006939999999999,0.04894299999999996
0.927863,0.699524,0.04894299999999996
0.9325916,0.698428,0.04894299999999996
0.9373368,0.697406,0.04894299999999996
0.9420975,0.6964589999999999,0.04894299999999996
0.9468725,0.695587,0.04894299999999996
0.9516605,0.69479,0.04894299999999996
0.9564605,0.694068,0.04894299999999996
0.9612713,0.693422,0.04894299999999996
0.9660916,0.692852,0.04894299999999996
0.9709203,0.692357,0.04894299999999996
0.9757561,0.6919379999999999,0.04894299999999996
0.9805979,0.691596,0.04894299999999996
0.9854445,0.6913290000000001,0.04894299999999996
0.99029474,0.691138,0.04894299999999996
0.99514734,0.6910240000000001,0.04894299999999996
0.705963,1.0,0.04420599999999997
0.705999,0.99538145,0.04420599999999997
0.706108,0.99076404,0.04420599999999997
0.706289,0.9861489,0.04420599999999997
0.7065429999999999,0.9815372,0.04420599999999997
0.706869,0.97693,0.04420599999999997
0.707267,0.9723286,0.04420599999999997
0.707738,0.9677339,0.04420599999999997
0.7082809999999999,0.9631472,0.04420599999999997
0.708896,0.9585697,0.04420599999999997
0.7095830000000001,0.9540023,0.04420599999999997
0.710341,0.9494463,0.04420599999999997
0.711171,0.9449027,0.04420599999999997
0.712072,0.9403728,0.04420599999999997
0.713044,0.9358576,0.04420599999999997
0.714087,0.9313582,0.04420599999999997
0.7152000000000001,0.9268757,0.04420599999999997
0.716384,0.9224113,0.04420599999999997
0.717638,0.9179660000000001,0.04420599999999997
0.718961,0.9135409,0.04420599999999997
0.7203539999999999,0.9091372,0.04420599999999997
0.721816,0.9047559000000001,0.04420599999999997
0.723346,0.9003981,0.04420599999999997
0.724944,0.896065,0.04420599999999997
0.726611,0.891757,0.04420599999999997
0.728345,0.887476,0.04420599999999997
0.730146,0.883223,0.04420599999999997
0.732013,0.878999,0.04420599999999997
0.733947,0.874805,0.04420599999999997
0.735946,0.870641,0.04420599999999997
0.738011,0.866509,0.04420599999999997
0.74014,0.862411,0.04420599999999997
0.742333,0.858346,0.04420599999999997
0.74459,0.854316,0.04420599999999997
0.74691,0.850322,0.04420599999999997
0.7492920000000001,0.846366,0.04420599999999997
0.751736,0.842447,0.04420599999999997
0.754242,0.838566,0.04420599999999997
0.756808,0.834726,0.04420599999999997
0.7594339999999999,0.830927,0.04420599999999997
0.762119,0.827169,0.04420599999999997
0.764863,0.823454,0.04420599999999997
0.767665,0.819782,0.04420599999999997
0.770524,0.816155,0.04420599999999997
0.773441,0.812573,0.04420599999999997
0.776412,0.809038,0.04420599999999997
0.77944,0.805549,0.04420599999999997
0.782521,0.802109,0.04420599999999997
0.785656,0.798717,0.04420599999999997
0.788844,0.7953749999999999,0.04420599999999997
0.792084,0.792084,0.04420599999999997
0.795376,0.788844,0.04420599999999997
0.798718,0.785656,0.04420599999999997
0.80211,0.78252,0.04420599999999997
0.80555,0.779439,0.04420599999999997
0.809038,0.776412,0.04420599999999997
0.812574,0.77344,0.04420599999999997
0.816156,0.770524,0.04420599999999997
0.819783,0.767664,0.04420599999999997
0.823454,0.7648619999999999,0.04420599999999997
0.82717,0.762118,0.04420599999999997
0.830927,0.759433,0.04420599999999997
0.834727,0.756807,0.04420599999999997
0.8385670000000001,0.7542409999999999,0.04420599999999997
0.842447,0.751736,0.04420599999999997
0.846366,0.7492909999999999,0.04420599999999997
0.8503229999999999,0.746909,0.04420599999999997
0.854317,0.744589,0.04420599999999997
0.858347,0.742333,0.04420599999999997
0.862412,0.740139,0.04420599999999997
0.86651,0.73801,0.04420599999999997
0.870642,0.735946,0.04420599999999997
0.874806,0.733947,0.04420599999999997
0.879,0.732013,0.04420599999999997
0.883224,0.730145,0.04420599999999997
0.887477,0.728344,0.04420599999999997
0.891758,0.726611,0.04420599999999997
0.896066,0.724944,0.04420599999999997
0.9003991,0.723346,0.04420599999999997
0.9047569,0.721815,0.04420599999999997
0.9091382,0.720353,0.04420599999999997
0.913542,0.718961,0.04420599999999997
0.917967,0.7176370000000001,0.04420599999999997
0.9224123,0.716384,0.04420599999999997
0.9268767,0.7152000000000001,0.04420599999999997
0.9313591999999999,0.714087,0.04420599999999997
0.9358586,0.713044,0.04420599999999997
0.9403739,0.712072,0.04420599999999997
0.9449038,0.711171,0.04420599999999997
0.9494473,0.710341,0.04420599999999997
0.9540034,0.7095819999999999,0.04420599999999997
0.9585707,0.708896,0.04420599999999997
0.9631483,0.7082809999999999,0.04420599999999997
0.967735,0.707738,0.04420599999999997
0.9723296,0.707267,0.04420599999999997
0.9769311,0.706869,0.04420599999999997
0.9815383,0.7065429999999999,0.04420599999999997
0.98615,0.706289,0.04420599999999997
0.99076512,0.706108,0.04420599999999997
0.99538253,0.705999,0.04420599999999997
0.721012,1.0,0.03970499999999999
0.7210460000000001,0.99561783,0.03970499999999999
0.721149,0.99123675,0.03970499999999999
0.721321,0.9868578,0.03970499999999999
0.721562,0.9824821,0.03970499999999999
0.7218720000000001,0.9781108,0.03970499999999999
0.7222500000000001,0.9737448,0.03970499999999999
0.7226969999999999,0.9693853,0.03970499999999999
0.723212,0.9650334,0.03970499999999999
0.723795,0.9606901,0.03970499999999999
0.7244470000000001,0.9563565,0.03970499999999999
0.725166,0.9520337,0.03970499999999999
0.7259530000000001,0.9477227,0.03970499999999999
0.726808,0.9434246,0.03970499999999999
0.727731,0.9391405,0.03970499999999999
0.72872,0.9348713,0.03970499999999999
0.729777,0.9306183,0.03970499999999999
0.7309,0.9263824,0.03970499999999999
0.732089,0.9221646,0.03970499999999999
0.733345,0.9179660000000001,0.03970499999999999
0.734667,0.9137877,0.03970499999999999
0.7360530000000001,0.9096307,0.03970499999999999
0.7375050000000001,0.9054959,0.03970499999999999
0.7390220000000001,0.9013845,0.03970499999999999
0.740603,0.897297,0.03970499999999999
0.7422489999999999,0.893236,0.03970499999999999
0.743957,0.8892,0.03970499999999999
0.745729,0.885192,0.03970499999999999
0.747564,0.881212,0.03970499999999999
0.7494609999999999,0.877262,0.03970499999999999
0.75142,0.8733420000000001,0.03970499999999999
0.75344,0.869453,0.03970499999999999
0.755521,0.865596,0.03970499999999999
0.7576620000000001,0.861773,0.03970499999999999
0.759863,0.8579829999999999,0.03970499999999999
0.762124,0.854229,0.03970499999999999
0.764443,0.85051,0.03970499999999999
0.7668200000000001,0.846829,0.03970499999999999
0.769254,0.843185,0.03970499999999999
0.771746,0.83958,0.03970499999999999
0.774294,0.836015,0.03970499999999999
0.776898,0.832489,0.03970499999999999
0.779556,0.829006,0.03970499999999999
0.782269,0.825564,0.03970499999999999
0.7850360000000001,0.822166,0.03970499999999999
0.787856,0.818811,0.03970499999999999
0.790728,0.815501,0.03970499999999999
0.793652,0.812237,0.03970499999999999
0.796627,0.8090189999999999,0.03970499999999999
0.799652,0.805848,0.03970499999999999
0.802726,0.802725,0.03970499999999999
0.805849,0.799651,0.03970499999999999
0.80902,0.7966260000000001,0.03970499999999999
0.812238,0.793651,0.03970499999999999
0.815502,0.790727,0.03970499999999999
0.818812,0.787855,0.03970499999999999
0.822167,0.7850360000000001,0.03970499999999999
0.825565,0.782269,0.03970499999999999
0.829007,0.779556,0.03970499999999999
0.83249,0.776897,0.03970499999999999
0.836015,0.774293,0.03970499999999999
0.839581,0.771746,0.03970499999999999
0.843186,0.769254,0.03970499999999999
0.84683,0.766819,0.03970499999999999
0.850511,0.7644420000000001,0.03970499999999999
0.85423,0.762123,0.03970499999999999
0.857984,0.759863,0.03970499999999999
0.861773,0.7576620000000001,0.03970499999999999
0.865597,0.75552,0.03970499999999999
0.869454,0.753439,0.03970499999999999
0.873343,0.7514190000000001,0.03970499999999999
0.877263,0.7494609999999999,0.03970499999999999
0.881213,0.747564,0.03970499999999999
0.885193,0.745729,0.03970499999999999
0.889201,0.743957,0.03970499999999999
0.8932370000000001,0.742248,0.03970499999999999
0.897298,0.740603,0.03970499999999999
0.9013854,0.7390220000000001,0.03970499999999999
0.9054968999999999,0.7375050000000001,0.03970499999999999
0.9096316,0.7360530000000001,0.03970499999999999
0.9137887,0.734666,0.03970499999999999
0.917967,0.733345,0.03970499999999999
0.9221656,0.732089,0.03970499999999999
0.9263833,0.7309,0.03970499999999999
0.9306193,0.729777,0.03970499999999999
0.9348723,0.72872,0.03970499999999999
0.9391415,0.727731,0.03970499999999999
0.9434256,0.726808,0.03970499999999999
0.9477237000000001,0.7259530000000001,0.03970499999999999
0.9520347,0.725166,0.03970499999999999
0.9563575,0.7244459999999999,0.03970499999999999
0.9606911,0.723795,0.03970499999999999
0.9650344,0.723212,0.03970499999999999
0.9693864,0.7226969999999999,0.03970499999999999
0.9737458,0.7222500000000001,0.03970499999999999
0.9781118,0.7218720000000001,0.03970499999999999
0.9824832,0.721562,0.03970499999999999
0.9868588,0.721321,0.03970499999999999
0.99123777,0.721149,0.03970499999999999
0.99561886,0.7210460000000001,0.03970499999999999
0.73613,1.0,0.035441999999999974
0.736162,0.9958553,0.035441999999999974
0.73626,0.99171162,0.035441999999999974
0.736423,0.98757,0.035441999999999974
0.736651,0.9834314,0.035441999999999974
0.736943,0.9792969,0.035441999999999974
0.737301,0.9751676,0.035441999999999974
0.737723,0.9710443,0.035441999999999974
0.738211,0.9669282,0.035441999999999974
0.7387619999999999,0.9628203,0.035441999999999974
0.739379,0.9587215,0.035441999999999974
0.740059,0.9546329,0.035441999999999974
0.740804,0.9505556,0.035441999999999974
0.7416119999999999,0.9464904,0.035441999999999974
0.7424850000000001,0.9424384,0.035441999999999974
0.743421,0.9384006,0.035441999999999974
0.7444200000000001,0.934378,0.035441999999999974
0.745482,0.9303716,0.035441999999999974
0.746607,0.9263824,0.035441999999999974
0.747795,0.9224114,0.035441999999999974
0.749045,0.9184595,0.035441999999999974
0.750356,0.9145277,0.035441999999999974
0.75173,0.910617,0.035441999999999974
0.753164,0.9067283,0.035441999999999974
0.75466,0.9028627,0.035441999999999974
0.756216,0.899021,0.035441999999999974
0.7578320000000001,0.895204,0.035441999999999974
0.759508,0.891413,0.035441999999999974
0.761243,0.887649,0.035441999999999974
0.763037,0.883913,0.035441999999999974
0.76489,0.880205,0.035441999999999974
0.7668010000000001,0.8765270000000001,0.035441999999999974
0.768769,0.872879,0.035441999999999974
0.770794,0.869263,0.035441999999999974
0.772876,0.865679,0.035441999999999974
0.775014,0.862128,0.035441999999999974
0.777207,0.858611,0.035441999999999974
0.779456,0.855129,0.035441999999999974
0.781758,0.851683,0.035441999999999974
0.784115,0.848273,0.035441999999999974
0.786525,0.844901,0.035441999999999974
0.788987,0.841567,0.035441999999999974
0.791502,0.838272,0.035441999999999974
0.794068,0.835017,0.035441999999999974
0.796685,0.831803,0.035441999999999974
0.7993520000000001,0.82863,0.035441999999999974
0.802068,0.825499,0.035441999999999974
0.804834,0.822412,0.035441999999999974
0.807647,0.819368,0.035441999999999974
0.810508,0.816369,0.035441999999999974
0.813416,0.813415,0.035441999999999974
0.81637,0.810508,0.035441999999999974
0.819369,0.807647,0.035441999999999974
0.822412,0.804833,0.035441999999999974
0.8255,0.802068,0.035441999999999974
0.82863,0.799351,0.035441999999999974
0.831803,0.796684,0.035441999999999974
0.835018,0.794067,0.035441999999999974
0.838273,0.791501,0.035441999999999974
0.841568,0.788987,0.035441999999999974
0.844902,0.786524,0.035441999999999974
0.848274,0.784114,0.035441999999999974
0.851683,0.781758,0.035441999999999974
0.85513,0.779455,0.035441999999999974
0.8586119999999999,0.777207,0.035441999999999974
0.862129,0.775013,0.035441999999999974
0.86568,0.772876,0.035441999999999974
0.869264,0.770794,0.035441999999999974
0.87288,0.768769,0.035441999999999974
0.876528,0.7668,0.035441999999999974
0.880206,0.76489,0.035441999999999974
0.883914,0.763037,0.035441999999999974
0.88765,0.761243,0.035441999999999974
0.891414,0.759508,0.035441999999999974
0.895205,0.7578320000000001,0.035441999999999974
0.899022,0.756216,0.035441999999999974
0.9028636,0.75466,0.035441999999999974
0.9067293,0.753164,0.035441999999999974
0.9106179,0.751729,0.035441999999999974
0.9145286,0.750356,0.035441999999999974
0.9184604,0.749044,0.035441999999999974
0.9224123,0.747795,0.035441999999999974
0.9263833,0.746607,0.035441999999999974
0.9303726,0.745482,0.035441999999999974
0.934379,0.7444200000000001,0.035441999999999974
0.9384015,0.74342,0.035441999999999974
0.9424393,0.7424850000000001,0.035441999999999974
0.9464913,0.7416119999999999,0.035441999999999974
0.9505565,0.740804,0.035441999999999974
0.9546339,0.740059,0.035441999999999974
0.9587225,0.739378,0.035441999999999974
0.9628212,0.7387619999999999,0.035441999999999974
0.9669292,0.73821,0.035441999999999974
0.9710453,0.737723,0.035441999999999974
0.9751685,0.737301,0.035441999999999974
0.9792978999999999,0.736943,0.035441999999999974
0.9834324,0.736651,0.035441999999999974
0.987571,0.736423,0.035441999999999974
0.99171259,0.73626,0.035441999999999974
0.99585627,0.736162,0.035441999999999974
0.751313,1.0,0.031416
0.751344,0.99609379,0.031416
0.751436,0.99218854,0.031416
0.7515890000000001,0.9882852,0.031416
0.751804,0.9843848,0.031416
0.75208,0.9804882,0.031416
0.752417,0.9765964,0.031416
0.752815,0.9727105,0.031416
0.753274,0.9688312,0.031416
0.753794,0.9649596,0.031416
0.754375,0.9610967,0.031416
0.755016,0.9572434,0.031416
0.755718,0.9534006,0.031416
0.75648,0.9495693,0.031416
0.757302,0.9457505,0.031416
0.758184,0.9419451,0.031416
0.759126,0.9381539,0.031416
0.760127,0.9343781,0.031416
0.761188,0.9306184,0.031416
0.7623070000000001,0.9268759,0.031416
0.763485,0.9231513,0.031416
0.764721,0.9194458,0.031416
0.766015,0.9157601,0.031416
0.767367,0.9120952,0.031416
0.768777,0.908452,0.031416
0.770243,0.9048314,0.031416
0.771767,0.9012343,0.031416
0.773346,0.897662,0.031416
0.774981,0.894114,0.031416
0.776672,0.890593,0.031416
0.778418,0.8870979999999999,0.031416
0.780219,0.883632,0.031416
0.7820739999999999,0.880194,0.031416
0.783983,0.876786,0.031416
0.785945,0.873408,0.031416
0.78796,0.870061,0.031416
0.790027,0.8667469999999999,0.031416
0.792146,0.863465,0.031416
0.794316,0.860217,0.031416
0.796537,0.857003,0.031416
0.798808,0.8538250000000001,0.031416
0.801129,0.850683,0.031416
0.803499,0.8475779999999999,0.031416
0.805917,0.84451,0.031416
0.808384,0.841481,0.031416
0.810897,0.83849,0.031416
0.813457,0.83554,0.031416
0.816064,0.83263,0.031416
0.818715,0.829762,0.031416
0.821412,0.826935,0.031416
0.824152,0.824151,0.031416
0.826936,0.821411,0.031416
0.829762,0.818715,0.031416
0.832631,0.816063,0.031416
0.835541,0.813457,0.031416
0.838491,0.810897,0.031416
0.841481,0.808383,0.031416
0.844511,0.805917,0.031416
0.8475779999999999,0.803498,0.031416
0.850684,0.801129,0.031416
0.853826,0.798808,0.031416
0.857004,0.796537,0.031416
0.860218,0.794316,0.031416
0.8634660000000001,0.792145,0.031416
0.8667469999999999,0.790026,0.031416
0.870062,0.787959,0.031416
0.873409,0.785944,0.031416
0.876786,0.783982,0.031416
0.8801950000000001,0.7820739999999999,0.031416
0.883633,0.780219,0.031416
0.887099,0.778418,0.031416
0.890593,0.776672,0.031416
0.894115,0.774981,0.031416
0.897662,0.773346,0.031416
0.9012351,0.771766,0.031416
0.9048323,0.770243,0.031416
0.9084529,0.768777,0.031416
0.9120961,0.767367,0.031416
0.915761,0.766015,0.031416
0.9194467,0.764721,0.031416
0.9231522,0.763484,0.031416
0.9268767,0.7623070000000001,0.031416
0.9306193,0.7611870000000001,0.031416
0.934379,0.760127,0.031416
0.9381548,0.759126,0.031416
0.941946,0.758184,0.031416
0.9457514,0.757302,0.031416
0.9495702,0.75648,0.031416
0.9534015,0.755718,0.031416
0.9572443,0.755016,0.031416
0.9610976,0.754375,0.031416
0.9649605,0.753794,0.031416
0.9688321,0.753274,0.031416
0.9727114,0.752815,0.031416
0.9765974,0.752417,0.031416
0.9804891,0.75208,0.031416
0.9843857,0.751804,0.031416
0.9882861000000001,0.7515890000000001,0.031416
0.99218945,0.751436,0.031416
0.9960947,0.751344,0.031416
0.766558,1.0,0.027629000000000015
0.766586,0.99633324,0.027629000000000015
0.7666729999999999,0.99266738,0.027629000000000015
0.766817,0.9890033,0.027629000000000015
0.767018,0.985342,0.027629000000000015
0.767277,0.9816843,0.027629000000000015
0.767594,0.9780311,0.027629000000000015
0.7679670000000001,0.9743833,0.027629000000000015
0.768398,0.9707419,0.027629000000000015
0.768887,0.9671076,0.027629000000000015
0.769432,0.9634815,0.027629000000000015
0.770034,0.9598644,0.027629000000000015
0.770693,0.9562572,0.027629000000000015
0.771408,0.9526608,0.027629000000000015
0.77218,0.949076,0.027629000000000015
0.773008,0.9455038,0.027629000000000015
0.773892,0.9419451,0.027629000000000015
0.774832,0.9384007,0.027629000000000015
0.775827,0.9348715,0.027629000000000015
0.776878,0.9313584,0.027629000000000015
0.777983,0.9278622,0.027629000000000015
0.7791440000000001,0.9243838,0.027629000000000015
0.780359,0.9209241,0.027629000000000015
0.781628,0.9174838,0.027629000000000015
0.782951,0.914064,0.027629000000000015
0.784327,0.9106653,0.027629000000000015
0.785757,0.9072887000000001,0.027629000000000015
0.7872399999999999,0.9039349,0.027629000000000015
0.788775,0.9006049,0.027629000000000015
0.790362,0.897299,0.027629000000000015
0.792001,0.894019,0.027629000000000015
0.7936920000000001,0.890765,0.027629000000000015
0.7954330000000001,0.8875379999999999,0.027629000000000015
0.797225,0.884339,0.027629000000000015
0.799067,0.881168,0.027629000000000015
0.8009580000000001,0.878026,0.027629000000000015
0.802898,0.874915,0.027629000000000015
0.804887,0.871835,0.027629000000000015
0.806925,0.8687860000000001,0.027629000000000015
0.809009,0.865769,0.027629000000000015
0.811141,0.862786,0.027629000000000015
0.81332,0.859836,0.027629000000000015
0.815545,0.856921,0.027629000000000015
0.817815,0.854042,0.027629000000000015
0.82013,0.851198,0.027629000000000015
0.822489,0.848391,0.027629000000000015
0.824893,0.845622,0.027629000000000015
0.827339,0.84289,0.027629000000000015
0.829828,0.840197,0.027629000000000015
0.832359,0.8375440000000001,0.027629000000000015
0.834932,0.834931,0.027629000000000015
0.837545,0.832359,0.027629000000000015
0.840198,0.829828,0.027629000000000015
0.8428910000000001,0.827338,0.027629000000000015
0.845622,0.824892,0.027629000000000015
0.848392,0.822489,0.027629000000000015
0.851199,0.820129,0.027629000000000015
0.854042,0.817814,0.027629000000000015
0.856922,0.815544,0.027629000000000015
0.859837,0.813319,0.027629000000000015
0.862786,0.811141,0.027629000000000015
0.86577,0.809009,0.027629000000000015
0.8687860000000001,0.806924,0.027629000000000015
0.871835,0.804887,0.027629000000000015
0.874916,0.802898,0.027629000000000015
0.878027,0.800957,0.027629000000000015
0.881169,0.799066,0.027629000000000015
0.884339,0.7972239999999999,0.027629000000000015
0.887539,0.7954330000000001,0.027629000000000015
0.890766,0.793691,0.027629000000000015
0.89402,0.792001,0.027629000000000015
0.8973,0.790362,0.027629000000000015
0.9006056,0.788775,0.027629000000000015
0.9039357,0.7872399999999999,0.027629000000000015
0.9072895,0.785757,0.027629000000000015
0.9106661,0.784327,0.027629000000000015
0.9140648,0.782951,0.027629000000000015
0.9174846,0.781628,0.027629000000000015
0.9209249,0.780358,0.027629000000000015
0.9243846,0.779143,0.027629000000000015
0.927863,0.777983,0.027629000000000015
0.9313591999999999,0.776877,0.027629000000000015
0.9348723,0.775827,0.027629000000000015
0.9384015,0.774831,0.027629000000000015
0.941946,0.773892,0.027629000000000015
0.9455047,0.773008,0.027629000000000015
0.9490769,0.77218,0.027629000000000015
0.9526616,0.771408,0.027629000000000015
0.956258,0.7706919999999999,0.027629000000000015
0.9598652,0.770034,0.027629000000000015
0.9634823,0.769432,0.027629000000000015
0.9671085,0.768886,0.027629000000000015
0.9707427,0.768398,0.027629000000000015
0.9743842,0.7679670000000001,0.027629000000000015
0.9780319,0.767594,0.027629000000000015
0.9816851,0.767277,0.027629000000000015
0.9853429,0.767018,0.027629000000000015
0.9890042,0.766817,0.027629000000000015
0.99266824,0.7666729999999999,0.027629000000000015
0.9963341,0.766586,0.027629000000000015
0.78186,1.0,0.024082999999999966
0.781887,0.9965736,0.024082999999999966
0.781967,0.99314804,0.024082999999999966
0.782102,0.9897242,0.024082999999999966
0.78229,0.9863028,0.024082999999999966
0.782532,0.9828849,0.024082999999999966
0.782828,0.9794711,0.024082999999999966
0.783177,0.9760625,0.024082999999999966
0.7835799999999999,0.9726597,0.024082999999999966
0.784036,0.9692637,0.024082999999999966
0.784546,0.9658753,0.024082999999999966
0.785108,0.9624953,0.024082999999999966
0.785724,0.9591245,0.024082999999999966
0.786392,0.9557637999999999,0.024082999999999966
0.787113,0.9524141,0.024082999999999966
0.787887,0.9490761,0.024082999999999966
0.788713,0.9457506,0.024082999999999966
0.7895909999999999,0.9424386,0.024082999999999966
0.790521,0.9391407,0.024082999999999966
0.7915030000000001,0.9358579,0.024082999999999966
0.792536,0.9325908,0.024082999999999966
0.793621,0.9293404,0.024082999999999966
0.794756,0.9261075,0.024082999999999966
0.795942,0.9228928,0.024082999999999966
0.7971779999999999,0.9196971,0.024082999999999966
0.798465,0.9165212,0.024082999999999966
0.799801,0.9133659,0.024082999999999966
0.801186,0.910232,0.024082999999999966
0.802621,0.9071202,0.024082999999999966
0.804104,0.9040314,0.024082999999999966
0.805636,0.9009662,0.024082999999999966
0.807215,0.897925,0.024082999999999966
0.8088420000000001,0.89491,0.024082999999999966
0.8105169999999999,0.89192,0.024082999999999966
0.812238,0.888957,0.024082999999999966
0.814005,0.886022,0.024082999999999966
0.8158179999999999,0.883114,0.024082999999999966
0.817677,0.880236,0.024082999999999966
0.819581,0.877387,0.024082999999999966
0.821529,0.874568,0.024082999999999966
0.823521,0.87178,0.024082999999999966
0.825557,0.869024,0.024082999999999966
0.827636,0.8663,0.024082999999999966
0.829757,0.863609,0.024082999999999966
0.83192,0.8609519999999999,0.024082999999999966
0.834125,0.858329,0.024082999999999966
0.836371,0.855741,0.024082999999999966
0.838657,0.853189,0.024082999999999966
0.840983,0.850673,0.024082999999999966
0.843348,0.848193,0.024082999999999966
0.8457520000000001,0.845751,0.024082999999999966
0.848194,0.843348,0.024082999999999966
0.850673,0.840982,0.024082999999999966
0.853189,0.8386560000000001,0.024082999999999966
0.855742,0.8363700000000001,0.024082999999999966
0.85833,0.834125,0.024082999999999966
0.860953,0.83192,0.024082999999999966
0.86361,0.829757,0.024082999999999966
0.866301,0.827635,0.024082999999999966
0.8690249999999999,0.825556,0.024082999999999966
0.871781,0.823521,0.024082999999999966
0.874569,0.821528,0.024082999999999966
0.877387,0.81958,0.024082999999999966
0.880236,0.817677,0.024082999999999966
0.883115,0.8158179999999999,0.024082999999999966
0.886023,0.814005,0.024082999999999966
0.888958,0.812237,0.024082999999999966
0.891921,0.810516,0.024082999999999966
0.894911,0.8088420000000001,0.024082999999999966
0.897926,0.807215,0.024082999999999966
0.9009669,0.805635,0.024082999999999966
0.9040321,0.804104,0.024082999999999966
0.907121,0.802621,0.024082999999999966
0.9102327,0.801186,0.024082999999999966
0.9133666,0.799801,0.024082999999999966
0.9165219,0.798465,0.024082999999999966
0.9196978,0.7971779999999999,0.024082999999999966
0.9228935,0.795942,0.024082999999999966
0.9261082,0.794756,0.024082999999999966
0.9293412,0.793621,0.024082999999999966
0.9325916,0.792536,0.024082999999999966
0.9358586,0.7915030000000001,0.024082999999999966
0.9391415,0.790521,0.024082999999999966
0.9424393,0.7895909999999999,0.024082999999999966
0.9457514,0.788713,0.024082999999999966
0.9490769,0.787887,0.024082999999999966
0.9524149,0.787113,0.024082999999999966
0.9557646,0.786392,0.024082999999999966
0.9591253,0.785724,0.024082999999999966
0.9624961,0.785108,0.024082999999999966
0.9658761,0.784545,0.024082999999999966
0.9692645,0.784036,0.024082999999999966
0.9726605,0.7835799999999999,0.024082999999999966
0.9760633,0.783177,0.024082999999999966
0.9794719,0.782828,0.024082999999999966
0.9828857,0.782532,0.024082999999999966
0.9863036,0.78229,0.024082999999999966
0.989725,0.782102,0.024082999999999966
0.99314884,0.781967,0.024082999999999966
0.9965744,0.781887,0.024082999999999966
0.797216,1.0,0.020777000000000045
0.797241,0.9968148,0.020777000000000045
0.797316,0.99363038,0.020777000000000045
0.7974410000000001,0.99044754,0.020777000000000045
0.797616,0.987267,0.020777000000000045
0.797841,0.9840897,0.020777000000000045
0.798116,0.9809163,0.020777000000000045
0.79844,0.9777476,0.020777000000000045
0.798815,0.9745843,0.020777000000000045
0.799239,0.9714274,0.020777000000000045
0.799712,0.9682775,0.020777000000000045
0.800235,0.9651354,0.020777000000000045
0.800808,0.9620019,0.020777000000000045
0.801429,0.9588779,0.020777000000000045
0.8021,0.9557639,0.020777000000000045
0.802819,0.9526609,0.020777000000000045
0.803587,0.9495695,0.020777000000000045
0.804403,0.9464906,0.020777000000000045
0.805268,0.9434249,0.020777000000000045
0.80618,0.9403731,0.020777000000000045
0.807141,0.9373361,0.020777000000000045
0.808149,0.9343145,0.020777000000000045
0.809204,0.9313092000000001,0.020777000000000045
0.810307,0.9283207,0.020777000000000045
0.811456,0.92535,0.020777000000000045
0.812652,0.9223977,0.020777000000000045
0.813894,0.9194645,0.020777000000000045
0.815182,0.9165512,0.020777000000000045
0.816515,0.9136585,0.020777000000000045
0.817894,0.9107871,0.020777000000000045
0.819318,0.9079377,0.020777000000000045
0.820786,0.905111,0.020777000000000045
0.822299,0.9023078,0.020777000000000045
0.823855,0.899529,0.020777000000000045
0.825455,0.896774,0.020777000000000045
0.827098,0.894045,0.020777000000000045
0.828784,0.891343,0.020777000000000045
0.830512,0.888667,0.020777000000000045
0.832281,0.886018,0.020777000000000045
0.8340920000000001,0.883398,0.020777000000000045
0.835944,0.880806,0.020777000000000045
0.8378369999999999,0.878244,0.020777000000000045
0.839769,0.875712,0.020777000000000045
0.841741,0.87321,0.020777000000000045
0.8437520000000001,0.87074,0.020777000000000045
0.8458019999999999,0.868302,0.020777000000000045
0.84789,0.865896,0.020777000000000045
0.850015,0.863523,0.020777000000000045
0.852177,0.861184,0.020777000000000045
0.854376,0.85888,0.020777000000000045
0.85661,0.85661,0.020777000000000045
0.85888,0.854375,0.020777000000000045
0.861185,0.852176,0.020777000000000045
0.863524,0.850014,0.020777000000000045
0.865897,0.847889,0.020777000000000045
0.868303,0.845801,0.020777000000000045
0.870741,0.8437520000000001,0.020777000000000045
0.873211,0.841741,0.020777000000000045
0.875712,0.839769,0.020777000000000045
0.8782449999999999,0.837836,0.020777000000000045
0.880807,0.835944,0.020777000000000045
0.883398,0.8340920000000001,0.020777000000000045
0.886019,0.832281,0.020777000000000045
0.888667,0.830511,0.020777000000000045
0.891343,0.828783,0.020777000000000045
0.894046,0.827098,0.020777000000000045
0.896775,0.825455,0.020777000000000045
0.899529,0.823855,0.020777000000000045
0.9023084,0.822299,0.020777000000000045
0.9051117,0.820786,0.020777000000000045
0.9079384,0.819318,0.020777000000000045
0.9107878,0.817894,0.020777000000000045
0.9136592,0.816515,0.020777000000000045
0.9165519,0.815182,0.020777000000000045
0.9194652,0.813894,0.020777000000000045
0.9223984,0.812652,0.020777000000000045
0.9253507,0.811456,0.020777000000000045
0.9283214,0.810307,0.020777000000000045
0.9313099,0.809204,0.020777000000000045
0.9343152,0.808149,0.020777000000000045
0.9373368,0.807141,0.020777000000000045
0.9403739,0.80618,0.020777000000000045
0.9434256,0.805267,0.020777000000000045
0.9464913,0.804403,0.020777000000000045
0.9495702,0.803587,0.020777000000000045
0.9526616,0.802819,0.020777000000000045
0.9557646,0.802099,0.020777000000000045
0.9588786,0.801429,0.020777000000000045
0.9620027,0.800808,0.020777000000000045
0.9651362,0.800235,0.020777000000000045
0.9682782,0.799712,0.020777000000000045
0.9714281,0.799239,0.020777000000000045
0.9745851,0.798815,0.020777000000000045
0.9777483,0.79844,0.020777000000000045
0.980917,0.798116,0.020777000000000045
0.9840904,0.797841,0.020777000000000045
0.9872678,0.797616,0.020777000000000045
0.99044828,0.7974410000000001,0.020777000000000045
0.99363113,0.797316,0.020777000000000045
0.99681554,0.797241,0.020777000000000045
0.812622,1.0,0.01771199999999995
0.8126450000000001,0.99705679,0.01771199999999995
0.8127139999999999,0.9941143,0.01771199999999995
0.8128299999999999,0.9911732600000001,0.01771199999999995
0.8129919999999999,0.9882344,0.01771199999999995
0.813199,0.9852984,0.01771199999999995
0.813453,0.9823661,0.01771199999999995
0.813753,0.9794381,0.01771199999999995
0.814099,0.9765152,0.01771199999999995
0.814491,0.9735981,0.01771199999999995
0.814929,0.9706875,0.01771199999999995
0.815412,0.9677842,0.01771199999999995
0.815941,0.9648888,0.01771199999999995
0.816515,0.962002,0.01771199999999995
0.817135,0.9591246,0.01771199999999995
0.8177989999999999,0.9562573,0.01771199999999995
0.8185089999999999,0.9534008,0.01771199999999995
0.819263,0.9505558,0.01771199999999995
0.8200620000000001,0.947723,0.01771199999999995
0.820905,0.9449031,0.01771199999999995
0.821793,0.9420968,0.01771199999999995
0.822724,0.9393048,0.01771199999999995
0.8237,0.9365278,0.01771199999999995
0.8247180000000001,0.9337664,0.01771199999999995
0.82578,0.9310214,0.01771199999999995
0.826885,0.9282933,0.01771199999999995
0.828033,0.925583,0.01771199999999995
0.829223,0.922891,0.01771199999999995
0.8304549999999999,0.9202181,0.01771199999999995
0.8317289999999999,0.9175648,0.01771199999999995
0.833045,0.9149319,0.01771199999999995
0.834402,0.91232,0.01771199999999995
0.835799,0.9097297,0.01771199999999995
0.837238,0.9071617,0.01771199999999995
0.838716,0.9046166,0.01771199999999995
0.840234,0.902095,0.01771199999999995
0.841792,0.899598,0.01771199999999995
0.843388,0.897125,0.01771199999999995
0.845023,0.894678,0.01771199999999995
0.846697,0.8922559999999999,0.01771199999999995
0.848408,0.889862,0.01771199999999995
0.850157,0.887494,0.01771199999999995
0.851942,0.885154,0.01771199999999995
0.853765,0.882843,0.01771199999999995
0.855623,0.88056,0.01771199999999995
0.857517,0.878307,0.01771199999999995
0.8594459999999999,0.876084,0.01771199999999995
0.86141,0.873892,0.01771199999999995
0.863407,0.871731,0.01771199999999995
0.8654390000000001,0.8696010000000001,0.01771199999999995
0.867504,0.867503,0.01771199999999995
0.8696010000000001,0.8654390000000001,0.01771199999999995
0.871731,0.863407,0.01771199999999995
0.873892,0.861409,0.01771199999999995
0.876085,0.859445,0.01771199999999995
0.878308,0.857516,0.01771199999999995
0.880561,0.855622,0.01771199999999995
0.882844,0.853764,0.01771199999999995
0.885155,0.851942,0.01771199999999995
0.887495,0.850156,0.01771199999999995
0.889862,0.848408,0.01771199999999995
0.892257,0.846696,0.01771199999999995
0.894678,0.845023,0.01771199999999995
0.897125,0.843388,0.01771199999999995
0.899598,0.841791,0.01771199999999995
0.9020956,0.840234,0.01771199999999995
0.9046172,0.838716,0.01771199999999995
0.9071623,0.837237,0.01771199999999995
0.9097303,0.835799,0.01771199999999995
0.9123206,0.834401,0.01771199999999995
0.9149325,0.833045,0.01771199999999995
0.9175655,0.8317289999999999,0.01771199999999995
0.9202187,0.8304549999999999,0.01771199999999995
0.9228917,0.829223,0.01771199999999995
0.9255836,0.828033,0.01771199999999995
0.928294,0.826885,0.01771199999999995
0.931022,0.82578,0.01771199999999995
0.933767,0.8247180000000001,0.01771199999999995
0.9365284,0.823699,0.01771199999999995
0.9393055,0.822724,0.01771199999999995
0.9420975,0.821793,0.01771199999999995
0.9449038,0.820905,0.01771199999999995
0.9477237000000001,0.8200620000000001,0.01771199999999995
0.9505565,0.819263,0.01771199999999995
0.9534015,0.8185089999999999,0.01771199999999995
0.956258,0.8177989999999999,0.01771199999999995
0.9591253,0.817134,0.01771199999999995
0.9620027,0.816515,0.01771199999999995
0.9648894,0.815941,0.01771199999999995
0.9677848,0.815412,0.01771199999999995
0.9706882,0.814929,0.01771199999999995
0.9735988,0.814491,0.01771199999999995
0.9765159,0.814099,0.01771199999999995
0.9794388,0.813753,0.01771199999999995
0.9823668,0.813453,0.01771199999999995
0.9852991,0.813199,0.01771199999999995
0.9882351,0.8129919999999999,0.01771199999999995
0.99117395,0.8128299999999999,0.01771199999999995
0.99411498,0.8127139999999999,0.01771199999999995
0.99705747,0.8126450000000001,0.01771199999999995
0.828074,1.0,0.014889999999999959
0.828095,0.9972995,0.014889999999999959
0.828159,0.99459966,0.014889999999999959
0.828265,0.99190116,0.014889999999999959
0.8284130000000001,0.9892047,0.014889999999999959
0.828604,0.9865108,0.014889999999999959
0.828837,0.9838203,0.014889999999999959
0.829112,0.9811338000000001,0.014889999999999959
0.82943,0.9784519,0.014889999999999959
0.829789,0.9757754,0.014889999999999959
0.830191,0.9731048,0.014889999999999959
0.830634,0.9704409,0.014889999999999959
0.8311189999999999,0.9677842,0.014889999999999959
0.831646,0.9651355,0.014889999999999959
0.832215,0.9624954,0.014889999999999959
0.832824,0.9598646,0.014889999999999959
0.833476,0.9572437,0.014889999999999959
0.834168,0.9546333,0.014889999999999959
0.834901,0.9520341,0.014889999999999959
0.835674,0.9494467,0.014889999999999959
0.836489,0.9468719,0.014889999999999959
0.837343,0.9443101,0.014889999999999959
0.838238,0.9417621,0.014889999999999959
0.839173,0.9392284,0.014889999999999959
0.840147,0.9367097,0.014889999999999959
0.841161,0.9342067000000001,0.014889999999999959
0.842214,0.9317198,0.014889999999999959
0.843306,0.9292499,0.014889999999999959
0.844437,0.9267974,0.014889999999999959
0.845606,0.9243629,0.014889999999999959
0.846813,0.9219471,0.014889999999999959
0.848058,0.9195506,0.014889999999999959
0.84934,0.9171739,0.014889999999999959
0.85066,0.9148177,0.014889999999999959
0.852016,0.9124824,0.014889999999999959
0.853409,0.9101688,0.014889999999999959
0.854838,0.9078773,0.014889999999999959
0.856303,0.9056086,0.014889999999999959
0.857804,0.9033631,0.014889999999999959
0.859339,0.9011415,0.014889999999999959
0.860909,0.898944,0.014889999999999959
0.862514,0.896772,0.014889999999999959
0.864152,0.894625,0.014889999999999959
0.865824,0.892504,0.014889999999999959
0.867529,0.89041,0.014889999999999959
0.869267,0.888343,0.014889999999999959
0.8710370000000001,0.886303,0.014889999999999959
0.872838,0.884292,0.014889999999999959
0.874672,0.882308,0.014889999999999959
0.876536,0.880354,0.014889999999999959
0.87843,0.87843,0.014889999999999959
0.880355,0.876535,0.014889999999999959
0.882309,0.874671,0.014889999999999959
0.884292,0.872838,0.014889999999999959
0.886304,0.871036,0.014889999999999959
0.888343,0.869266,0.014889999999999959
0.890411,0.867529,0.014889999999999959
0.892505,0.865824,0.014889999999999959
0.894626,0.864152,0.014889999999999959
0.896773,0.862513,0.014889999999999959
0.898945,0.860909,0.014889999999999959
0.901142,0.859339,0.014889999999999959
0.9033636,0.857803,0.014889999999999959
0.9056091,0.856303,0.014889999999999959
0.9078778,0.854838,0.014889999999999959
0.9101693,0.853409,0.014889999999999959
0.912483,0.852016,0.014889999999999959
0.9148182,0.85066,0.014889999999999959
0.9171745,0.84934,0.014889999999999959
0.9195511,0.848058,0.014889999999999959
0.9219477,0.846813,0.014889999999999959
0.9243635,0.845606,0.014889999999999959
0.9267979,0.844437,0.014889999999999959
0.9292505,0.843306,0.014889999999999959
0.9317204,0.842214,0.014889999999999959
0.9342073,0.841161,0.014889999999999959
0.9367103,0.840147,0.014889999999999959
0.939229,0.839173,0.014889999999999959
0.9417626,0.838238,0.014889999999999959
0.9443107,0.837343,0.014889999999999959
0.9468725,0.836489,0.014889999999999959
0.9494473,0.835674,0.014889999999999959
0.9520347,0.834901,0.014889999999999959
0.9546339,0.834167,0.014889999999999959
0.9572443,0.833475,0.014889999999999959
0.9598652,0.832824,0.014889999999999959
0.9624961,0.832215,0.014889999999999959
0.9651362,0.831646,0.014889999999999959
0.9677848,0.8311189999999999,0.014889999999999959
0.9704415,0.830634,0.014889999999999959
0.9731054,0.830191,0.014889999999999959
0.975776,0.829789,0.014889999999999959
0.9784525,0.82943,0.014889999999999959
0.9811344,0.829112,0.014889999999999959
0.9838209,0.828837,0.014889999999999959
0.9865114,0.828604,0.014889999999999959
0.9892053,0.8284130000000001,0.014889999999999959
0.99190179,0.828265,0.014889999999999959
0.9946003,0.828159,0.014889999999999959
0.99730013,0.828095,0.014889999999999959
0.843569,1.0,0.01231099999999996
0.843588,0.99754288,0.01231099999999996
0.843646,0.99508637,0.01231099999999996
0.843742,0.99263106,0.01231099999999996
0.843877,0.99017758,0.01231099999999996
0.844051,0.9877265,0.01231099999999996
0.844263,0.9852785,0.01231099999999996
0.8445130000000001,0.9828341,0.01231099999999996
0.844802,0.9803939,0.01231099999999996
0.845129,0.9779586,0.01231099999999996
0.845495,0.9755287,0.01231099999999996
0.845898,0.9731049,0.01231099999999996
0.84634,0.9706876,0.01231099999999996
0.846819,0.9682777,0.01231099999999996
0.847336,0.9658755,0.01231099999999996
0.847891,0.9634818,0.01231099999999996
0.848483,0.9610971,0.01231099999999996
0.849113,0.9587219,0.01231099999999996
0.84978,0.956357,0.01231099999999996
0.850484,0.9540028,0.01231099999999996
0.851225,0.95166,0.01231099999999996
0.8520030000000001,0.9493291,0.01231099999999996
0.8528169999999999,0.9470107,0.01231099999999996
0.853667,0.9447054,0.01231099999999996
0.854554,0.9424137,0.01231099999999996
0.855476,0.9401362,0.01231099999999996
0.8564350000000001,0.9378735,0.01231099999999996
0.857428,0.9356262,0.01231099999999996
0.858457,0.9333947,0.01231099999999996
0.859521,0.9311796,0.01231099999999996
0.860619,0.9289816,0.01231099999999996
0.861752,0.926801,0.01231099999999996
0.862918,0.9246385,0.01231099999999996
0.864119,0.9224946,0.01231099999999996
0.865353,0.9203699,0.01231099999999996
0.866621,0.9182648,0.01231099999999996
0.8679209999999999,0.9161798,0.01231099999999996
0.869254,0.9141155,0.01231099999999996
0.870619,0.9120724,0.01231099999999996
0.872016,0.9100511,0.01231099999999996
0.873445,0.9080519,0.01231099999999996
0.874905,0.9060754,0.01231099999999996
0.876395,0.904122,0.01231099999999996
0.877916,0.9021923000000001,0.01231099999999996
0.879468,0.9002867999999999,0.01231099999999996
0.881049,0.898406,0.01231099999999996
0.882659,0.89655,0.01231099999999996
0.884299,0.89472,0.01231099999999996
0.885967,0.892915,0.01231099999999996
0.887663,0.891137,0.01231099999999996
0.889387,0.889386,0.01231099999999996
0.891138,0.887662,0.01231099999999996
0.892916,0.885966,0.01231099999999996
0.89472,0.884298,0.01231099999999996
0.89655,0.882659,0.01231099999999996
0.898406,0.881049,0.01231099999999996
0.9002872,0.879467,0.01231099999999996
0.9021928,0.877916,0.01231099999999996
0.9041224999999999,0.876395,0.01231099999999996
0.9060758,0.874904,0.01231099999999996
0.9080523,0.873444,0.01231099999999996
0.9100515,0.872016,0.01231099999999996
0.9120729,0.870619,0.01231099999999996
0.914116,0.869253,0.01231099999999996
0.9161803,0.8679209999999999,0.01231099999999996
0.9182652,0.86662,0.01231099999999996
0.9203704,0.865353,0.01231099999999996
0.9224951,0.864119,0.01231099999999996
0.924639,0.862918,0.01231099999999996
0.9268015000000001,0.8617509999999999,0.01231099999999996
0.9289821,0.860619,0.01231099999999996
0.9311802,0.8595200000000001,0.01231099999999996
0.9333952,0.858457,0.01231099999999996
0.9356267,0.857428,0.01231099999999996
0.9378741,0.856434,0.01231099999999996
0.9401368,0.855476,0.01231099999999996
0.9424142,0.854554,0.01231099999999996
0.9447059,0.853667,0.01231099999999996
0.9470111999999999,0.8528169999999999,0.01231099999999996
0.9493296,0.8520030000000001,0.01231099999999996
0.9516605,0.851225,0.01231099999999996
0.9540034,0.850484,0.01231099999999996
0.9563575,0.84978,0.01231099999999996
0.9587225,0.849113,0.01231099999999996
0.9610976,0.848483,0.01231099999999996
0.9634823,0.847891,0.01231099999999996
0.9658761,0.847336,0.01231099999999996
0.9682782,0.846819,0.01231099999999996
0.9706882,0.84634,0.01231099999999996
0.9731054,0.845898,0.01231099999999996
0.9755293,0.845495,0.01231099999999996
0.9779592,0.845129,0.01231099999999996
0.9803945,0.844802,0.01231099999999996
0.9828347,0.8445130000000001,0.01231099999999996
0.9852791,0.844263,0.01231099999999996
0.9877271,0.844051,0.01231099999999996
0.99017815,0.843877,0.01231099999999996
0.99263164,0.843742,0.01231099999999996
0.99508694,0.843646,0.01231099999999996
0.99754345,0.843588,0.01231099999999996
0.859102,1.0,0.009975999999999985
0.859119,0.99778687,0.009975999999999985
0.859172,0.99557428,0.009975999999999985
0.859258,0.99336278,0.009975999999999985
0.85938,0.99115293,0.009975999999999985
0.859536,0.9889453,0.009975999999999985
0.859727,0.9867403,0.009975999999999985
0.859953,0.9845386,0.009975999999999985
0.860213,0.9823408,0.009975999999999985
0.860508,0.9801473,0.009975999999999985
0.860837,0.9779587,0.009975999999999985
0.8612,0.9757755,0.009975999999999985
0.861598,0.9735983,0.009975999999999985
0.86203,0.9714276,0.009975999999999985
0.862495,0.969264,0.009975999999999985
0.862995,0.967108,0.009975999999999985
0.863529,0.96496,0.009975999999999985
0.864096,0.9628208,0.009975999999999985
0.864697,0.9606906,0.009975999999999985
0.865331,0.9585702,0.009975999999999985
0.865998,0.95646,0.009975999999999985
0.866699,0.9543606,0.009975999999999985
0.867432,0.9522724,0.009975999999999985
0.868198,0.950196,0.009975999999999985
0.868996,0.9481319,0.009975999999999985
0.869827,0.9460806,0.009975999999999985
0.87069,0.9440426,0.009975999999999985
0.871585,0.9420184,0.009975999999999985
0.872512,0.9400085,0.009975999999999985
0.87347,0.9380134,0.009975999999999985
0.874459,0.9360335,0.009975999999999985
0.875479,0.9340695,0.009975999999999985
0.87653,0.9321218,0.009975999999999985
0.8776120000000001,0.9301908,0.009975999999999985
0.878723,0.928277,0.009975999999999985
0.879865,0.9263809,0.009975999999999985
0.881036,0.924503,0.009975999999999985
0.8822369999999999,0.9226437,0.009975999999999985
0.883466,0.9208035,0.009975999999999985
0.884725,0.9189828,0.009975999999999985
0.886011,0.9171821,0.009975999999999985
0.8873260000000001,0.9154019,0.009975999999999985
0.888669,0.9136425,0.009975999999999985
0.890039,0.9119044000000001,0.009975999999999985
0.891436,0.9101881,0.009975999999999985
0.892861,0.9084939,0.009975999999999985
0.894311,0.9068224,0.009975999999999985
0.895788,0.9051738,0.009975999999999985
0.89729,0.9035486,0.009975999999999985
0.898818,0.9019472,0.009975999999999985
0.9003703,0.9003699000000001,0.009975999999999985
0.9019475,0.898817,0.009975999999999985
0.9035489,0.89729,0.009975999999999985
0.9051741,0.895787,0.009975999999999985
0.9068227,0.894311,0.009975999999999985
0.9084943,0.89286,0.009975999999999985
0.9101885,0.891436,0.009975999999999985
0.9119048,0.890039,0.009975999999999985
0.9136429,0.888669,0.009975999999999985
0.9154023,0.8873260000000001,0.009975999999999985
0.9171825,0.886011,0.009975999999999985
0.9189832,0.884724,0.009975999999999985
0.9208039,0.883466,0.009975999999999985
0.9226441,0.882236,0.009975999999999985
0.9245034,0.881036,0.009975999999999985
0.9263813,0.879865,0.009975999999999985
0.9282774,0.878723,0.009975999999999985
0.9301912,0.877611,0.009975999999999985
0.9321222,0.87653,0.009975999999999985
0.93407,0.875479,0.009975999999999985
0.936034,0.874459,0.009975999999999985
0.9380138,0.87347,0.009975999999999985
0.9400089,0.872512,0.009975999999999985
0.9420188,0.871585,0.009975999999999985
0.944043,0.87069,0.009975999999999985
0.9460811,0.869827,0.009975999999999985
0.9481324,0.868996,0.009975999999999985
0.9501965,0.868198,0.009975999999999985
0.9522729,0.867432,0.009975999999999985
0.9543611,0.866698,0.009975999999999985
0.9564605,0.865998,0.009975999999999985
0.9585707,0.865331,0.009975999999999985
0.9606911,0.864696,0.009975999999999985
0.9628212,0.864096,0.009975999999999985
0.9649605,0.863529,0.009975999999999985
0.9671085,0.862995,0.009975999999999985
0.9692645,0.862495,0.009975999999999985
0.9714281,0.8620289999999999,0.009975999999999985
0.9735988,0.861598,0.009975999999999985
0.975776,0.8612,0.009975999999999985
0.9779592,0.860837,0.009975999999999985
0.9801478,0.860508,0.009975999999999985
0.9823413,0.860213,0.009975999999999985
0.9845391,0.859953,0.009975999999999985
0.9867408,0.859727,0.009975999999999985
0.9889458,0.859536,0.009975999999999985
0.99115344,0.85938,0.009975999999999985
0.9933633,0.859258,0.009975999999999985
0.9955748,0.859172,0.009975999999999985
0.99778738,0.859119,0.009975999999999985
0.8746700000000001,1.0,0.007885000000000031
0.874686,0.9980314,0.007885000000000031
0.8747320000000001,0.99606328,0.007885000000000031
0.874809,0.99409614,0.007885000000000031
0.874917,0.99213045,0.007885000000000031
0.8750560000000001,0.99016671,0.007885000000000031
0.8752260000000001,0.9882054,0.007885000000000031
0.875427,0.986247,0.007885000000000031
0.875658,0.984292,0.007885000000000031
0.87592,0.9823408,0.007885000000000031
0.876213,0.980394,0.007885000000000031
0.876536,0.9784521,0.007885000000000031
0.87689,0.9765155,0.007885000000000031
0.877274,0.9745846,0.007885000000000031
0.877688,0.9726601,0.007885000000000031
0.878133,0.9707423,0.007885000000000031
0.8786080000000001,0.9688317,0.007885000000000031
0.879112,0.9669287,0.007885000000000031
0.879647,0.965034,0.007885000000000031
0.880211,0.9631479000000001,0.007885000000000031
0.880804,0.9612708,0.007885000000000031
0.881427,0.9594034,0.007885000000000031
0.88208,0.9575459,0.007885000000000031
0.882761,0.9556989,0.007885000000000031
0.883471,0.9538629,0.007885000000000031
0.8842099999999999,0.9520382000000001,0.007885000000000031
0.884978,0.9502254,0.007885000000000031
0.8857740000000001,0.9484248,0.007885000000000031
0.886598,0.946637,0.007885000000000031
0.88745,0.9448624,0.007885000000000031
0.88833,0.9431013,0.007885000000000031
0.889238,0.9413543,0.007885000000000031
0.890173,0.9396217,0.007885000000000031
0.891135,0.9379041,0.007885000000000031
0.892123,0.9362018,0.007885000000000031
0.893139,0.9345152,0.007885000000000031
0.894181,0.9328448,0.007885000000000031
0.895248,0.9311909,0.007885000000000031
0.896342,0.929554,0.007885000000000031
0.897461,0.9279345,0.007885000000000031
0.898606,0.9263328,0.007885000000000031
0.899776,0.9247493,0.007885000000000031
0.9009701,0.9231843,0.007885000000000031
0.9021889,0.9216383,0.007885000000000031
0.9034318,0.9201116,0.007885000000000031
0.9046985,0.9186046,0.007885000000000031
0.9059888,0.9171177,0.007885000000000031
0.9073023,0.9156513,0.007885000000000031
0.9086386,0.9142056,0.007885000000000031
0.9099975,0.9127812,0.007885000000000031
0.9113786,0.9113782,0.007885000000000031
0.9127815,0.9099972000000001,0.007885000000000031
0.914206,0.9086383,0.007885000000000031
0.9156516,0.907302,0.007885000000000031
0.917118,0.9059885,0.007885000000000031
0.9186049000000001,0.9046982,0.007885000000000031
0.9201119,0.9034314999999999,0.007885000000000031
0.9216386,0.9021886,0.007885000000000031
0.9231846,0.9009698,0.007885000000000031
0.9247496,0.899775,0.007885000000000031
0.9263332,0.898606,0.007885000000000031
0.9279349,0.897461,0.007885000000000031
0.9295544,0.896342,0.007885000000000031
0.9311913,0.895248,0.007885000000000031
0.9328451,0.89418,0.007885000000000031
0.9345156,0.893139,0.007885000000000031
0.9362022,0.892123,0.007885000000000031
0.9379045,0.891134,0.007885000000000031
0.9396221,0.890172,0.007885000000000031
0.9413547,0.889238,0.007885000000000031
0.9431017,0.88833,0.007885000000000031
0.9448628,0.88745,0.007885000000000031
0.9466374,0.886598,0.007885000000000031
0.9484253,0.8857740000000001,0.007885000000000031
0.9502258,0.884978,0.007885000000000031
0.9520387,0.8842099999999999,0.007885000000000031
0.9538633,0.883471,0.007885000000000031
0.9556994,0.882761,0.007885000000000031
0.9575464,0.8820790000000001,0.007885000000000031
0.9594038,0.881427,0.007885000000000031
0.9612713,0.880804,0.007885000000000031
0.9631483,0.88021,0.007885000000000031
0.9650344,0.879646,0.007885000000000031
0.9669292,0.879112,0.007885000000000031
0.9688321,0.878607,0.007885000000000031
0.9707427,0.878133,0.007885000000000031
0.9726605,0.877688,0.007885000000000031
0.9745851,0.877274,0.007885000000000031
0.9765159,0.87689,0.007885000000000031
0.9784525,0.876536,0.007885000000000031
0.9803945,0.876213,0.007885000000000031
0.9823413,0.87592,0.007885000000000031
0.9842924,0.875658,0.007885000000000031
0.9862474,0.875427,0.007885000000000031
0.9882058,0.8752260000000001,0.007885000000000031
0.99016717,0.8750560000000001,0.007885000000000031
0.99213091,0.874917,0.007885000000000031
0.9940966,0.874809,0.007885000000000031
0.99606374,0.8747320000000001,0.007885000000000031
0.99803186,0.874686,0.007885000000000031
0.890269,1.0,0.006039000000000017
0.890283,0.99827642,0.006039000000000017
0.890323,0.99655326,0.006039000000000017
0.890391,0.99483095,0.006039000000000017
0.890486,0.99310992,0.006039000000000017
0.890607,0.99139059,0.006039000000000017
0.890756,0.9896734,0.006039000000000017
0.8909320000000001,0.9879587,0.006039000000000017
0.891134,0.986247,0.006039000000000017
0.891364,0.9845387,0.006039000000000017
0.89162,0.9828343,0.006039000000000017
0.891903,0.981134,0.006039000000000017
0.892213,0.9794384,0.006039000000000017
0.892549,0.9777479,0.006039000000000017
0.892912,0.9760629,0.006039000000000017
0.893301,0.9743838,0.006039000000000017
0.893716,0.972711,0.006039000000000017
0.894158,0.9710449,0.006039000000000017
0.894626,0.969386,0.006039000000000017
0.89512,0.9677346,0.006039000000000017
0.89564,0.9660912,0.006039000000000017
0.896185,0.9644562,0.006039000000000017
0.896756,0.9628299,0.006039000000000017
0.897353,0.9612128,0.006039000000000017
0.897975,0.9596053,0.006039000000000017
0.898622,0.9580077,0.006039000000000017
0.899294,0.9564205,0.006039000000000017
0.899991,0.9548441,0.006039000000000017
0.9007125,0.9532787,0.006039000000000017
0.9014587000000001,0.951725,0.006039000000000017
0.9022291,0.9501831000000001,0.006039000000000017
0.9030236,0.9486535,0.006039000000000017
0.9038421,0.9471366,0.006039000000000017
0.9046843,0.9456328,0.006039000000000017
0.9055501,0.9441423,0.006039000000000017
0.9064391,0.9426656,0.006039000000000017
0.9073512,0.9412031,0.006039000000000017
0.9082862,0.9397551,0.006039000000000017
0.9092438,0.9383219,0.006039000000000017
0.9102238,0.936904,0.006039000000000017
0.9112259,0.9355017,0.006039000000000017
0.91225,0.9341152,0.006039000000000017
0.9132957,0.932745,0.006039000000000017
0.9143628,0.9313914,0.006039000000000017
0.915451,0.9300547,0.006039000000000017
0.9165601,0.9287353,0.006039000000000017
0.9176896999999999,0.9274335,0.006039000000000017
0.9188397,0.9261496,0.006039000000000017
0.9200097,0.9248839,0.006039000000000017
0.9211995,0.9236367,0.006039000000000017
0.9224087,0.9224084,0.006039000000000017
0.923637,0.9211992,0.006039000000000017
0.9248842,0.9200095,0.006039000000000017
0.9261499,0.9188395,0.006039000000000017
0.9274338,0.9176895,0.006039000000000017
0.9287356,0.9165598,0.006039000000000017
0.9300551,0.9154507000000001,0.006039000000000017
0.9313917,0.9143625,0.006039000000000017
0.9327453,0.9132954,0.006039000000000017
0.9341155,0.9122497,0.006039000000000017
0.9355020000000001,0.9112257,0.006039000000000017
0.9369043,0.9102235,0.006039000000000017
0.9383223,0.9092436,0.006039000000000017
0.9397554,0.908286,0.006039000000000017
0.9412035,0.907351,0.006039000000000017
0.942666,0.9064389,0.006039000000000017
0.9441425999999999,0.9055499,0.006039000000000017
0.9456331,0.9046841,0.006039000000000017
0.947137,0.9038419,0.006039000000000017
0.9486539,0.9030235,0.006039000000000017
0.9501835,0.9022289,0.006039000000000017
0.9517253,0.9014584999999999,0.006039000000000017
0.9532791,0.9007124,0.006039000000000017
0.9548444,0.899991,0.006039000000000017
0.9564209,0.899294,0.006039000000000017
0.9580081,0.898622,0.006039000000000017
0.9596056,0.897975,0.006039000000000017
0.9612132,0.897353,0.006039000000000017
0.9628303,0.896756,0.006039000000000017
0.9644565,0.896185,0.006039000000000017
0.9660916,0.89564,0.006039000000000017
0.967735,0.89512,0.006039000000000017
0.9693864,0.894626,0.006039000000000017
0.9710453,0.894158,0.006039000000000017
0.9727114,0.893716,0.006039000000000017
0.9743842,0.893301,0.006039000000000017
0.9760633,0.892912,0.006039000000000017
0.9777483,0.892549,0.006039000000000017
0.9794388,0.892213,0.006039000000000017
0.9811344,0.891903,0.006039000000000017
0.9828347,0.89162,0.006039000000000017
0.9845391,0.891364,0.006039000000000017
0.9862474,0.891134,0.006039000000000017
0.9879591,0.8909320000000001,0.006039000000000017
0.9896738,0.890756,0.006039000000000017
0.99139099,0.890607,0.006039000000000017
0.99311032,0.890486,0.006039000000000017
0.99483136,0.890391,0.006039000000000017
0.99655366,0.890323,0.006039000000000017
0.99827682,0.890283,0.006039000000000017
0.9058951,1.0,0.004438000000000053
0.9059067,0.99852186,0.004438000000000053
0.9059416,0.99704409,0.004438000000000053
0.9059996,0.99556704,0.004438000000000053
0.9060808,0.99409109,0.004438000000000053
0.9061852,0.9926166,0.004438000000000053
0.9063128,0.99114393,0.004438000000000053
0.9064634,0.9896734,0.004438000000000053
0.9066372,0.9882055,0.004438000000000053
0.906834,0.9867405,0.004438000000000053
0.9070537,0.9852787,0.004438000000000053
0.9072964,0.9838206,0.004438000000000053
0.907562,0.9823665,0.004438000000000053
0.9078504000000001,0.9809167,0.004438000000000053
0.9081615,0.9794716,0.004438000000000053
0.9084953,0.9780316,0.004438000000000053
0.9088516,0.976597,0.004438000000000053
0.9092305,0.9751682,0.004438000000000053
0.9096317,0.9737455,0.004438000000000053
0.9100552,0.9723293,0.004438000000000053
0.910501,0.9709199,0.004438000000000053
0.9109688,0.9695177,0.004438000000000053
0.9114586,0.968123,0.004438000000000053
0.9119702,0.9667362,0.004438000000000053
0.9125035,0.9653576,0.004438000000000053
0.9130585,0.9639875,0.004438000000000053
0.9136349,0.9626264,0.004438000000000053
0.9142325,0.9612744,0.004438000000000053
0.9148514,0.959932,0.004438000000000053
0.9154913,0.9585995,0.004438000000000053
0.916152,0.9572772,0.004438000000000053
0.9168334,0.9559654,0.004438000000000053
0.9175352999999999,0.9546645,0.004438000000000053
0.9182576,0.9533748,0.004438000000000053
0.919,0.9520966,0.004438000000000053
0.9197625,0.9508302,0.004438000000000053
0.9205447,0.949576,0.004438000000000053
0.9213465,0.9483342,0.004438000000000053
0.9221678,0.9471051,0.004438000000000053
0.9230082,0.9458891,0.004438000000000053
0.9238676,0.9446864,0.004438000000000053
0.9247459,0.9434974,0.004438000000000053
0.9256426,0.9423223000000001,0.004438000000000053
0.9265578,0.9411615,0.004438000000000053
0.927491,0.9400152,0.004438000000000053
0.9284422,0.9388837,0.004438000000000053
0.929411,0.9377672,0.004438000000000053
0.9303972,0.9366661000000001,0.004438000000000053
0.9314006,0.9355807,0.004438000000000053
0.9324209,0.9345111,0.004438000000000053
0.9334579,0.9334577,0.004438000000000053
0.9345113,0.9324207,0.004438000000000053
0.9355808999999999,0.9314004,0.004438000000000053
0.9366664,0.930397,0.004438000000000053
0.9377675,0.9294108,0.004438000000000053
0.9388839,0.928442,0.004438000000000053
0.9400154000000001,0.9274908,0.004438000000000053
0.9411618,0.9265576,0.004438000000000053
0.9423226,0.9256424,0.004438000000000053
0.9434977,0.9247457,0.004438000000000053
0.9446867,0.9238674,0.004438000000000053
0.9458894,0.923008,0.004438000000000053
0.9471054,0.9221676,0.004438000000000053
0.9483345,0.9213463,0.004438000000000053
0.9495763,0.9205445,0.004438000000000053
0.9508305,0.9197623,0.004438000000000053
0.9520969,0.9189999,0.004438000000000053
0.9533751,0.9182574,0.004438000000000053
0.9546648,0.9175352,0.004438000000000053
0.9559657,0.9168332,0.004438000000000053
0.9572775,0.9161518,0.004438000000000053
0.9585998,0.9154911,0.004438000000000053
0.9599323,0.9148513,0.004438000000000053
0.9612747,0.9142324,0.004438000000000053
0.9626267,0.9136347,0.004438000000000053
0.9639879,0.9130583,0.004438000000000053
0.9653579,0.9125034,0.004438000000000053
0.9667365,0.9119701,0.004438000000000053
0.9681234,0.9114584,0.004438000000000053
0.969518,0.9109687,0.004438000000000053
0.9709203,0.9105009,0.004438000000000053
0.9723296,0.9100551,0.004438000000000053
0.9737458,0.9096316,0.004438000000000053
0.9751685,0.9092304,0.004438000000000053
0.9765974,0.9088515,0.004438000000000053
0.9780319,0.9084952,0.004438000000000053
0.9794719,0.9081614,0.004438000000000053
0.980917,0.9078503,0.004438000000000053
0.9823668,0.9075619,0.004438000000000053
0.9838209,0.9072964,0.004438000000000053
0.9852791,0.9070537,0.004438000000000053
0.9867408,0.9068339,0.004438000000000053
0.9882058,0.9066371,0.004438000000000053
0.9896738,0.9064634,0.004438000000000053
0.99114427,0.9063127,0.004438000000000053
0.99261694,0.9061852,0.004438000000000053
0.99409144,0.9060808,0.004438000000000053
0.99556739,0.9059996,0.004438000000000053
0.99704443,0.9059415,0.004438000000000053
0.99852221,0.9059067,0.004438000000000053
0.9215444,1.0,0.003082000000000029
0.9215541,0.99876767,0.003082000000000029
0.9215831,0.99753564,0.003082000000000029
0.9216315,0.99630423,0.003082000000000029
0.9216991999999999,0.99507372,0.003082000000000029
0.9217862,0.99384443,0.003082000000000029
0.9218926000000001,0.99261666,0.003082000000000029
0.9220182,0.99139071,0.003082000000000029
0.922163,0.99016688,0.003082000000000029
0.9223271,0.9889455,0.003082000000000029
0.9225103,0.9877268,0.003082000000000029
0.9227126,0.9865112,0.003082000000000029
0.9229341,0.9852988,0.003082000000000029
0.9231745,0.9840902,0.003082000000000029
0.9234339,0.9828854,0.003082000000000029
0.9237121,0.9816849,0.003082000000000029
0.9240092,0.9804888,0.003082000000000029
0.9243251,0.9792976,0.003082000000000029
0.9246596,0.9781115,0.003082000000000029
0.9250127,0.9769308,0.003082000000000029
0.9253843,0.9757558,0.003082000000000029
0.9257743,0.9745868,0.003082000000000029
0.9261826,0.973424,0.003082000000000029
0.9266092,0.9722679,0.003082000000000029
0.9270538,0.9711185,0.003082000000000029
0.9275165,0.9699763,0.003082000000000029
0.927997,0.9688414,0.003082000000000029
0.9284953,0.9677143,0.003082000000000029
0.9290113,0.9665951,0.003082000000000029
0.9295447,0.9654842,0.003082000000000029
0.9300956,0.9643818,0.003082000000000029
0.9306637,0.9632882,0.003082000000000029
0.9312489,0.9622036,0.003082000000000029
0.931851,0.9611284,0.003082000000000029
0.93247,0.9600628,0.003082000000000029
0.9331056,0.9590069999999999,0.003082000000000029
0.9337578,0.9579613,0.003082000000000029
0.9344263,0.9569259999999999,0.003082000000000029
0.9351109,0.9559013,0.003082000000000029
0.9358116,0.9548875,0.003082000000000029
0.9365281,0.9538849,0.003082000000000029
0.9372603,0.9528936,0.003082000000000029
0.938008,0.9519139,0.003082000000000029
0.9387709,0.9509461,0.003082000000000029
0.939549,0.9499904,0.003082000000000029
0.940342,0.9490471,0.003082000000000029
0.9411497,0.9481163,0.003082000000000029
0.9419719,0.9471983,0.003082000000000029
0.9428084,0.9462933,0.003082000000000029
0.9436591,0.9454016,0.003082000000000029
0.9445236,0.9445234,0.003082000000000029
0.9454018,0.9436589,0.003082000000000029
0.9462935,0.9428082,0.003082000000000029
0.9471985,0.9419717,0.003082000000000029
0.9481165,0.9411495,0.003082000000000029
0.9490473,0.9403418,0.003082000000000029
0.9499906,0.9395488,0.003082000000000029
0.9509463,0.9387707,0.003082000000000029
0.9519141,0.9380078000000001,0.003082000000000029
0.9528938,0.9372601,0.003082000000000029
0.9538851,0.936528,0.003082000000000029
0.9548878,0.9358115,0.003082000000000029
0.9559015,0.9351108,0.003082000000000029
0.9569262,0.9344261,0.003082000000000029
0.9579615,0.9337576,0.003082000000000029
0.9590072,0.9331055,0.003082000000000029
0.960063,0.9324699,0.003082000000000029
0.9611287,0.9318509,0.003082000000000029
0.9622039,0.9312487,0.003082000000000029
0.9632885,0.9306635,0.003082000000000029
0.9643821,0.9300954,0.003082000000000029
0.9654845,0.9295446,0.003082000000000029
0.9665954,0.9290111,0.003082000000000029
0.9677146,0.9284952,0.003082000000000029
0.9688417,0.9279969,0.003082000000000029
0.9699765,0.9275164,0.003082000000000029
0.9711188,0.9270537,0.003082000000000029
0.9722681,0.9266091,0.003082000000000029
0.9734243,0.9261825,0.003082000000000029
0.9745871,0.9257742,0.003082000000000029
0.9757561,0.9253842,0.003082000000000029
0.9769311,0.9250126,0.003082000000000029
0.9781118,0.9246595,0.003082000000000029
0.9792978999999999,0.924325,0.003082000000000029
0.9804891,0.9240092,0.003082000000000029
0.9816851,0.9237121,0.003082000000000029
0.9828857,0.9234338,0.003082000000000029
0.9840904,0.9231744,0.003082000000000029
0.9852991,0.922934,0.003082000000000029
0.9865114,0.9227126,0.003082000000000029
0.9877271,0.9225103,0.003082000000000029
0.9889458,0.922327,0.003082000000000029
0.99016717,0.922163,0.003082000000000029
0.99139099,0.9220182,0.003082000000000029
0.99261694,0.9218925,0.003082000000000029
0.99384472,0.9217862,0.003082000000000029
0.99507401,0.9216991999999999,0.003082000000000029
0.99630451,0.9216315,0.003082000000000029
0.99753593,0.9215831,0.003082000000000029
0.99876796,0.9215541,0.003082000000000029
0.937213,1.0,0.0019730000000000025
0.9372207,0.999013782,0.0019730000000000025
0.937244,0.99802781,0.0019730000000000025
0.9372827,0.99704232,0.0019730000000000025
0.9373369,0.99605756,0.0019730000000000025
0.9374066,0.99507378,0.0019730000000000025
0.9374917,0.99409121,0.0019730000000000025
0.9375922,0.9931101,0.0019730000000000025
0.9377081,0.99213068,0.0019730000000000025
0.9378394,0.99115321,0.0019730000000000025
0.937986,0.99017793,0.0019730000000000025
0.9381479,0.9892051,0.0019730000000000025
0.9383251,0.9882349,0.0019730000000000025
0.9385175,0.9872676,0.0019730000000000025
0.9387251,0.9863034,0.0019730000000000025
0.9389478,0.9853426,0.0019730000000000025
0.9391856,0.9843855,0.0019730000000000025
0.9394383,0.9834322,0.0019730000000000025
0.9397061,0.9824829,0.0019730000000000025
0.9399886,0.981538,0.0019730000000000025
0.940286,0.9805977,0.0019730000000000025
0.9405982,0.9796622,0.0019730000000000025
0.9409249,0.9787316,0.0019730000000000025
0.9412663,0.9778063,0.0019730000000000025
0.9416221,0.9768865,0.0019730000000000025
0.9419924,0.9759724,0.0019730000000000025
0.942377,0.9750642,0.0019730000000000025
0.9427757,0.9741622,0.0019730000000000025
0.9431887,0.9732665,0.0019730000000000025
0.9436156,0.9723775,0.0019730000000000025
0.9440564,0.9714952,0.0019730000000000025
0.944511,0.97062,0.0019730000000000025
0.9449794,0.9697521,0.0019730000000000025
0.9454613,0.9688916,0.0019730000000000025
0.9459566,0.9680387,0.0019730000000000025
0.9464653,0.9671938,0.0019730000000000025
0.9469872,0.966357,0.0019730000000000025
0.9475222,0.9655284,0.0019730000000000025
0.9480701,0.9647084,0.0019730000000000025
0.9486308999999999,0.9638971,0.0019730000000000025
0.9492043,0.9630947,0.0019730000000000025
0.9497903,0.9623013,0.0019730000000000025
0.9503886,0.9615173,0.0019730000000000025
0.9509992,0.9607428,0.0019730000000000025
0.9516218,0.959978,0.0019730000000000025
0.9522565,0.959223,0.0019730000000000025
0.9529028,0.9584781,0.0019730000000000025
0.9535609,0.9577435,0.0019730000000000025
0.9542303,0.9570193,0.0019730000000000025
0.9549111,0.9563056,0.0019730000000000025
0.955603,0.9556028,0.0019730000000000025
0.9563058,0.9549109,0.0019730000000000025
0.9570194,0.9542302,0.0019730000000000025
0.9577437,0.9535607,0.0019730000000000025
0.9584783,0.9529027,0.0019730000000000025
0.9592232,0.9522562999999999,0.0019730000000000025
0.9599782,0.9516217,0.0019730000000000025
0.960743,0.950999,0.0019730000000000025
0.9615175,0.9503885,0.0019730000000000025
0.9623015,0.9497901,0.0019730000000000025
0.9630948,0.9492042,0.0019730000000000025
0.9638973,0.9486308,0.0019730000000000025
0.9647086,0.94807,0.0019730000000000025
0.9655286,0.9475221,0.0019730000000000025
0.9663572,0.9469871,0.0019730000000000025
0.967194,0.9464652,0.0019730000000000025
0.9680389,0.9459565,0.0019730000000000025
0.9688918,0.9454612,0.0019730000000000025
0.9697523,0.9449793,0.0019730000000000025
0.9706202,0.9445109,0.0019730000000000025
0.9714954,0.9440563,0.0019730000000000025
0.9723777,0.9436155,0.0019730000000000025
0.9732667,0.9431886,0.0019730000000000025
0.9741624,0.9427757,0.0019730000000000025
0.9750644,0.9423769,0.0019730000000000025
0.9759726,0.9419923,0.0019730000000000025
0.9768867,0.9416221,0.0019730000000000025
0.9778065,0.9412662,0.0019730000000000025
0.9787318,0.9409249,0.0019730000000000025
0.9796624,0.9405981,0.0019730000000000025
0.9805979,0.940286,0.0019730000000000025
0.9815383,0.9399886,0.0019730000000000025
0.9824832,0.939706,0.0019730000000000025
0.9834324,0.9394383,0.0019730000000000025
0.9843857,0.9391855,0.0019730000000000025
0.9853429,0.9389478,0.0019730000000000025
0.9863036,0.9387251,0.0019730000000000025
0.9872678,0.9385175,0.0019730000000000025
0.9882351,0.9383251,0.0019730000000000025
0.9892053,0.9381479,0.0019730000000000025
0.99017815,0.937986,0.0019730000000000025
0.99115344,0.9378394,0.0019730000000000025
0.99213091,0.9377081,0.0019730000000000025
0.99311032,0.9375921,0.0019730000000000025
0.99409144,0.9374916,0.0019730000000000025
0.99507401,0.9374065,0.0019730000000000025
0.99605779,0.9373369,0.0019730000000000025
0.99704255,0.9372827,0.0019730000000000025
0.99802804,0.937244,0.0019730000000000025
0.999014013,0.9372207,0.0019730000000000025
0.9528970999999999,1.0,0.0011100000000000554
0.9529029,0.999260138,0.0011100000000000554
0.9529204,0.99852046,0.0011100000000000554
0.9529494000000001,0.99778114,0.0011100000000000554
0.9529901,0.99704238,0.0011100000000000554
0.9530423,0.99630434,0.0011100000000000554
0.9531062,0.99556722,0.0011100000000000554
0.9531816,0.99483118,0.0011100000000000554
0.9532685,0.99409643,0.0011100000000000554
0.953367,0.99336313,0.0011100000000000554
0.953477,0.99263147,0.0011100000000000554
0.9535985,0.99190162,0.0011100000000000554
0.9537314,0.99117378,0.0011100000000000554
0.9538758,0.99044811,0.0011100000000000554
0.9540315,0.9897248,0.0011100000000000554
0.9541986,0.989004,0.0011100000000000554
0.9543769,0.988286,0.0011100000000000554
0.9545666,0.9875708,0.0011100000000000554
0.9547674,0.9868587,0.0011100000000000554
0.9549794,0.9861498,0.0011100000000000554
0.9552025,0.9854444,0.0011100000000000554
0.9554367,0.9847425,0.0011100000000000554
0.9556818,0.9840444,0.0011100000000000554
0.9559379,0.9833503,0.0011100000000000554
0.9562049,0.9826602,0.0011100000000000554
0.9564826,0.9819745,0.0011100000000000554
0.9567711,0.9812931,0.0011100000000000554
0.9570703,0.9806163999999999,0.0011100000000000554
0.9573801,0.9799445,0.0011100000000000554
0.9577003,0.9792775,0.0011100000000000554
0.958031,0.9786157,0.0011100000000000554
0.9583721,0.9779591,0.0011100000000000554
0.9587234,0.977308,0.0011100000000000554
0.959085,0.9766624,0.0011100000000000554
0.9594566,0.9760226,0.0011100000000000554
0.9598382,0.9753888,0.0011100000000000554
0.9602297,0.974761,0.0011100000000000554
0.9606311,0.9741394,0.0011100000000000554
0.9610422,0.9735242,0.0011100000000000554
0.9614628,0.9729155,0.0011100000000000554
0.961893,0.9723136,0.0011100000000000554
0.9623326,0.9717184,0.0011100000000000554
0.9627815,0.9711301999999999,0.0011100000000000554
0.9632395,0.9705492,0.0011100000000000554
0.9637066,0.9699754,0.0011100000000000554
0.9641827,0.9694091,0.0011100000000000554
0.9646677,0.9688502,0.0011100000000000554
0.9651613,0.9682991,0.0011100000000000554
0.9656635,0.9677557999999999,0.0011100000000000554
0.9661742,0.9672204,0.0011100000000000554
0.9666933,0.9666932,0.0011100000000000554
0.9672206,0.9661741,0.0011100000000000554
0.9677559,0.9656634,0.0011100000000000554
0.9682992,0.9651612,0.0011100000000000554
0.9688504,0.9646675,0.0011100000000000554
0.9694092,0.9641826,0.0011100000000000554
0.9699756,0.9637065,0.0011100000000000554
0.9705493,0.9632394,0.0011100000000000554
0.9711304,0.9627814,0.0011100000000000554
0.9717186,0.9623325,0.0011100000000000554
0.9723137,0.9618929,0.0011100000000000554
0.9729157,0.9614627,0.0011100000000000554
0.9735243,0.9610421,0.0011100000000000554
0.9741395,0.960631,0.0011100000000000554
0.9747611,0.9602297,0.0011100000000000554
0.9753889,0.9598381,0.0011100000000000554
0.9760228,0.9594565,0.0011100000000000554
0.9766626,0.9590849,0.0011100000000000554
0.9773081,0.9587234,0.0011100000000000554
0.9779593,0.958372,0.0011100000000000554
0.9786158,0.958031,0.0011100000000000554
0.9792777,0.9577003,0.0011100000000000554
0.9799447,0.95738,0.0011100000000000554
0.9806166,0.9570702,0.0011100000000000554
0.9812933,0.9567711,0.0011100000000000554
0.9819746,0.9564826,0.0011100000000000554
0.9826604,0.9562048,0.0011100000000000554
0.9833504,0.9559378,0.0011100000000000554
0.9840446,0.9556817,0.0011100000000000554
0.9847427,0.9554366,0.0011100000000000554
0.9854445,0.9552024,0.0011100000000000554
0.98615,0.9549793,0.0011100000000000554
0.9868588,0.9547674,0.0011100000000000554
0.987571,0.9545665,0.0011100000000000554
0.9882861000000001,0.9543769,0.0011100000000000554
0.9890042,0.9541985,0.0011100000000000554
0.989725,0.9540315,0.0011100000000000554
0.99044828,0.9538757,0.0011100000000000554
0.99117395,0.9537314,0.0011100000000000554
0.99190179,0.9535985,0.0011100000000000554
0.99263164,0.953477,0.0011100000000000554
0.9933633,0.953367,0.0011100000000000554
0.9940966,0.9532685,0.0011100000000000554
0.99483136,0.9531815,0.0011100000000000554
0.99556739,0.9531061,0.0011100000000000554
0.99630451,0.9530423,0.0011100000000000554
0.99704255,0.95299,0.0011100000000000554
0.99778132,0.9529494000000001,0.0011100000000000554
0.99852063,0.9529202999999999,0.0011100000000000554
0.999260311,0.9529029,0.0011100000000000554
0.9685928,1.0,0.0004929999999999657
0.9685967,0.999506677,0.0004929999999999657
0.9686083,0.999013475,0.0004929999999999657
0.9686277,0.99852052,0.0004929999999999657
0.9686548,0.99802792,0.0004929999999999657
0.9686897,0.99753582,0.0004929999999999657
0.9687322,0.99704432,0.0004929999999999657
0.9687825,0.99655355,0.0004929999999999657
0.9688405,0.99606363,0.0004929999999999657
0.9689062,0.99557468,0.0004929999999999657
0.9689795,0.99508683,0.0004929999999999657
0.9690605,0.99460018,0.0004929999999999657
0.9691491,0.99411487,0.0004929999999999657
0.9692454,0.99363101,0.0004929999999999657
0.9693492,0.99314872,0.0004929999999999657
0.9694606,0.99266813,0.0004929999999999657
0.9695796,0.99218934,0.0004929999999999657
0.969706,0.99171248,0.0004929999999999657
0.9698399,0.99123766,0.0004929999999999657
0.9699813,0.99076501,0.0004929999999999657
0.97013,0.99029463,0.0004929999999999657
0.9702862,0.9898267,0.0004929999999999657
0.9704496,0.9893612,0.0004929999999999657
0.9706204,0.9888983,0.0004929999999999657
0.9707984,0.9884382,0.0004929999999999657
0.9709836,0.987981,0.0004929999999999657
0.9711759,0.9875267,0.0004929999999999657
0.9713754,0.9870755,0.0004929999999999657
0.971582,0.9866275,0.0004929999999999657
0.9717955,0.9861827,0.0004929999999999657
0.972016,0.9857414,0.0004929999999999657
0.9722434,0.9853036,0.0004929999999999657
0.9724777,0.9848695,0.0004929999999999657
0.9727188,0.984439,0.0004929999999999657
0.9729666,0.9840124,0.0004929999999999657
0.973221,0.9835898,0.0004929999999999657
0.9734821,0.9831712,0.0004929999999999657
0.9737497,0.9827567,0.0004929999999999657
0.9740238,0.9823465,0.0004929999999999657
0.9743043,0.9819407,0.0004929999999999657
0.9745911,0.9815393,0.0004929999999999657
0.9748842,0.9811425,0.0004929999999999657
0.9751835,0.9807503,0.0004929999999999657
0.9754889,0.9803629,0.0004929999999999657
0.9758004,0.9799803,0.0004929999999999657
0.9761178,0.9796026,0.0004929999999999657
0.9764412,0.97923,0.0004929999999999657
0.9767703,0.9788625,0.0004929999999999657
0.9771052,0.9785003,0.0004929999999999657
0.9774457,0.9781433,0.0004929999999999657
0.9777918,0.9777917,0.0004929999999999657
0.9781434,0.9774457,0.0004929999999999657
0.9785004,0.9771051,0.0004929999999999657
0.9788626,0.9767702,0.0004929999999999657
0.9792301,0.9764411,0.0004929999999999657
0.9796027,0.9761178,0.0004929999999999657
0.9799804,0.9758003,0.0004929999999999657
0.980363,0.9754889,0.0004929999999999657
0.9807504,0.9751834,0.0004929999999999657
0.9811426,0.9748841,0.0004929999999999657
0.9815394,0.974591,0.0004929999999999657
0.9819408,0.9743042,0.0004929999999999657
0.9823466,0.9740237,0.0004929999999999657
0.9827568,0.9737496,0.0004929999999999657
0.9831713,0.973482,0.0004929999999999657
0.9835899,0.973221,0.0004929999999999657
0.9840125,0.9729665,0.0004929999999999657
0.9844391,0.9727187,0.0004929999999999657
0.9848696,0.9724777,0.0004929999999999657
0.9853037,0.9722434,0.0004929999999999657
0.9857415,0.972016,0.0004929999999999657
0.9861828,0.9717955,0.0004929999999999657
0.9866276,0.9715819,0.0004929999999999657
0.9870756,0.9713754,0.0004929999999999657
0.9875268,0.9711759,0.0004929999999999657
0.9879811,0.9709835,0.0004929999999999657
0.9884383,0.9707983,0.0004929999999999657
0.9888984,0.9706203,0.0004929999999999657
0.9893613,0.9704496,0.0004929999999999657
0.9898268,0.9702861,0.0004929999999999657
0.99029474,0.97013,0.0004929999999999657
0.99076512,0.9699812,0.0004929999999999657
0.99123777,0.9698399,0.0004929999999999657
0.99171259,0.969706,0.0004929999999999657
0.99218945,0.9695795,0.0004929999999999657
0.99266824,0.9694606,0.0004929999999999657
0.99314884,0.9693492,0.0004929999999999657
0.99363113,0.9692454,0.0004929999999999657
0.99411498,0.9691491,0.0004929999999999657
0.9946003,0.9690605,0.0004929999999999657
0.99508694,0.9689795,0.0004929999999999657
0.9955748,0.9689062,0.0004929999999999657
0.99606374,0.9688405,0.0004929999999999657
0.99655366,0.9687825,0.0004929999999999657
0.99704443,0.9687322,0.0004929999999999657
0.99753593,0.9686896,0.0004929999999999657
0.99802804,0.9686548,0.0004929999999999657
0.99852063,0.9686277,0.0004929999999999657
0.99901359,0.9686083,0.0004929999999999657
0.999506792,0.9685967,0.0004929999999999657
0.9842963,1.0,0.00012299999999998423
0.9842983,0.999753337,0.00012299999999998423
0.9843041,0.999506734,0.00012299999999998423
0.9843138,0.999260254,0.00012299999999998423
0.9843273,0.999013955,0.00012299999999998423
0.9843447,0.9987679,0.00012299999999998423
0.984366,0.99852215,0.00012299999999998423
0.9843912,0.99827676,0.00012299999999998423
0.9844201,0.9980318,0.00012299999999998423
0.984453,0.99778733,0.00012299999999998423
0.9844897,0.9975434,0.00012299999999998423
0.9845302,0.99730007,0.00012299999999998423
0.9845745,0.99705742,0.00012299999999998423
0.9846226,0.99681549,0.00012299999999998423
0.9846745,0.99657434,0.00012299999999998423
0.9847302,0.99633404,0.00012299999999998423
0.9847897,0.99609464,0.00012299999999998423
0.9848529,0.99585621,0.00012299999999998423
0.9849199,0.9956188,0.00012299999999998423
0.9849905,0.99538247,0.00012299999999998423
0.9850649,0.99514728,0.00012299999999998423
0.985143,0.99491329,0.00012299999999998423
0.9852247,0.99468056,0.00012299999999998423
0.9853101,0.99444913,0.00012299999999998423
0.9853991,0.99421908,0.00012299999999998423
0.9854917,0.99399045,0.00012299999999998423
0.9855879,0.9937633,0.00012299999999998423
0.9856876,0.9935377,0.00012299999999998423
0.9857909,0.99331368,0.00012299999999998423
0.9858977,0.99309132,0.00012299999999998423
0.9860079,0.99287066,0.00012299999999998423
0.9861216,0.99265176,0.00012299999999998423
0.9862388,0.99243468,0.00012299999999998423
0.9863593,0.99221946,0.00012299999999998423
0.9864832,0.99200616,0.00012299999999998423
0.9866104,0.99179483,0.00012299999999998423
0.986741,0.99158553,0.00012299999999998423
0.9868748,0.9913783,0.00012299999999998423
0.9870118,0.9911732,0.00012299999999998423
0.9871521,0.99097028,0.00012299999999998423
0.9872955,0.99076959,0.00012299999999998423
0.987442,0.99057117,0.00012299999999998423
0.9875917,0.99037508,0.00012299999999998423
0.9877444,0.99018137,0.00012299999999998423
0.9879001,0.9899901,0.00012299999999998423
0.9880588,0.9898013,0.00012299999999998423
0.9882205,0.9896149,0.00012299999999998423
0.9883851,0.9894312,0.00012299999999998423
0.9885525,0.9892501,0.00012299999999998423
0.9887228,0.9890716,0.00012299999999998423
0.9888958,0.9888958,0.00012299999999998423
0.9890716,0.9887228,0.00012299999999998423
0.9892501,0.9885525,0.00012299999999998423
0.9894312,0.988385,0.00012299999999998423
0.989615,0.9882205,0.00012299999999998423
0.9898013,0.9880588,0.00012299999999998423
0.9899901,0.9879001,0.00012299999999998423
0.99018141,0.9877443,0.00012299999999998423
0.99037513,0.9875916,0.00012299999999998423
0.99057122,0.987442,0.00012299999999998423
0.99076964,0.9872954,0.00012299999999998423
0.99097033,0.987152,0.00012299999999998423
0.99117325,0.9870118,0.00012299999999998423
0.99137835,0.9868747,0.00012299999999998423
0.99158558,0.9867409,0.00012299999999998423
0.99179488,0.9866104,0.00012299999999998423
0.99200621,0.9864832,0.00012299999999998423
0.99221951,0.9863593,0.00012299999999998423
0.99243473,0.9862387,0.00012299999999998423
0.99265181,0.9861216,0.00012299999999998423
0.99287071,0.9860079,0.00012299999999998423
0.99309137,0.9858976,0.00012299999999998423
0.99331374,0.9857909,0.00012299999999998423
0.99353775,0.9856876,0.00012299999999998423
0.99376336,0.9855879,0.00012299999999998423
0.9939905,0.9854917,0.00012299999999998423
0.99421913,0.9853991,0.00012299999999998423
0.99444919,0.9853101,0.00012299999999998423
0.99468061,0.9852247,0.00012299999999998423
0.99491335,0.985143,0.00012299999999998423
0.99514734,0.9850649,0.00012299999999998423
0.99538253,0.9849905,0.00012299999999998423
0.99561886,0.9849198,0.00012299999999998423
0.99585627,0.9848529,0.00012299999999998423
0.9960947,0.9847897,0.00012299999999998423
0.9963341,0.9847302,0.00012299999999998423
0.9965744,0.9846745,0.00012299999999998423
0.99681554,0.9846226,0.00012299999999998423
0.99705747,0.9845745,0.00012299999999998423
0.99730013,0.9845301,0.00012299999999998423
0.99754345,0.9844896,0.00012299999999998423
0.99778738,0.984453,0.00012299999999998423
0.99803186,0.9844201,0.00012299999999998423
0.99827682,0.9843911,0.00012299999999998423
0.99852221,0.984366,0.00012299999999998423
0.99876796,0.9843447,0.00012299999999998423
0.999014013,0.9843273,0.00012299999999998423
0.999260311,0.9843137,0.00012299999999998423
0.999506792,0.9843041,0.00012299999999998423
0.999753394,0.9842983,0.00012299999999998423
