1.0,1.0,1.0,1.0,1.0,0.0
1.0,1.0,1.0,1.0,0.91695452014626,0.003454241755120435
1.0,1.0,1.0,1.0,0.8211145618000169,0.01613008990009246
1.0,1.0,1.0,1.0,0.7126521144336546,0.04217371477884857
1.0,1.0,1.0,1.0,0.5938615339465523,0.08618845137974274
1.0,1.0,1.0,1.0,0.47000105999681996,0.15200169599491198
1.0,1.0,1.0,1.0,0.3492086265440314,0.24074339763470343
1.0,1.0,1.0,1.0,0.24074339763470343,0.3492086265440314
1.0,1.0,1.0,1.0,0.15200169599491198,0.47000105999681996
1.0,1.0,1.0,1.0,0.08618845137974274,0.5938615339465523
1.0,1.0,1.0,1.0,0.04217371477884857,0.7126521144336546
1.0,1.0,1.0,1.0,0.01613008990009246,0.8211145618000169
1.0,1.0,1.0,1.0,0.003454241755120435,0.91695452014626
1.0,1.0,1.0,1.0,0.0,1.0
1.0,1.0,1.0,0.91695452014626,1.0,0.003454241755120435
1.0,1.0,1.0,0.9098330365332568,0.9098330365332568,0.008163401865824427
1.0,1.0,1.0,0.9024099927051467,0.8048199854102933,0.024099927051466796
1.0,1.0,1.0,0.8951715163278081,0.6855145489834245,0.056543646950273474
1.0,1.0,1.0,0.8888888888888888,0.5555555555555556,0.11111111111111116
1.0,1.0,1.0,0.8845299461620748,0.42264973081037416,0.1917096231345239
1.0,1.0,1.0,0.8829588528038694,0.2977531168232166,0.2977531168232166
1.0,1.0,1.0,0.8845299461620748,0.1917096231345239,0.42264973081037416
1.0,1.0,1.0,0.8888888888888888,0.11111111111111105,0.5555555555555556
1.0,1.0,1.0,0.8951715163278081,0.056543646950273474,0.6855145489834245
1.0,1.0,1.0,0.9024099927051467,0.024099927051466796,0.8048199854102933
1.0,1.0,1.0,0.9098330365332568,0.008163401865824538,0.9098330365332568
1.0,1.0,1.0,0.91695452014626,0.003454241755120435,1.0
1.0,1.0,1.0,0.8211145618000169,1.0,0.01613008990009246
1.0,1.0,1.0,0.8048199854102933,0.9024099927051467,0.024099927051466796
1.0,1.0,1.0,0.7880004239987279,0.7880004239987279,0.04600190799427606
1.0,1.0,1.0,0.772078847080724,0.6581182706210862,0.08831538832289643
1.0,1.0,1.0,0.7592282938284616,0.5184565876569232,0.15729902839961563
1.0,1.0,1.0,0.7519305308215831,0.3798263270539577,0.25579159246474925
1.0,1.0,1.0,0.7519305308215831,0.25579159246474925,0.3798263270539577
1.0,1.0,1.0,0.7592282938284616,0.15729902839961563,0.5184565876569232
1.0,1.0,1.0,0.772078847080724,0.08831538832289643,0.6581182706210862
1.0,1.0,1.0,0.7880004239987279,0.04600190799427606,0.7880004239987279
1.0,1.0,1.0,0.8048199854102933,0.024099927051466796,0.9024099927051467
1.0,1.0,1.0,0.8211145618000169,0.01613008990009246,1.0
1.0,1.0,1.0,0.7126521144336546,1.0,0.04217371477884857
1.0,1.0,1.0,0.6855145489834245,0.8951715163278081,0.056543646950273474
1.0,1.0,1.0,0.6581182706210862,0.772078847080724,0.08831538832289643
1.0,1.0,1.0,0.6334916669310844,0.6334916669310844,0.1448138895058636
1.0,1.0,1.0,0.615889360201312,0.4878524802684161,0.23177872040262415
1.0,1.0,1.0,0.6094332670575284,0.3490554450958806,0.3490554450958806
1.0,1.0,1.0,0.615889360201312,0.23177872040262415,0.4878524802684161
1.0,1.0,1.0,0.6334916669310843,0.14481388950586338,0.6334916669310843
1.0,1.0,1.0,0.6581182706210862,0.08831538832289643,0.772078847080724
1.0,1.0,1.0,0.6855145489834245,0.056543646950273474,0.8951715163278081
1.0,1.0,1.0,0.7126521144336546,0.04217371477884857,1.0
1.0,1.0,1.0,0.5938615339465523,1.0,0.08618845137974274
1.0,1.0,1.0,0.5555555555555556,0.8888888888888888,0.11111111111111116
1.0,1.0,1.0,0.5184565876569232,0.7592282938284616,0.15729902839961563
1.0,1.0,1.0,0.4878524802684161,0.615889360201312,0.23177872040262415
1.0,1.0,1.0,0.47018705717398246,0.47018705717398246,0.3377338214674781
1.0,1.0,1.0,0.47018705717398246,0.3377338214674781,0.47018705717398246
1.0,1.0,1.0,0.4878524802684161,0.23177872040262415,0.615889360201312
1.0,1.0,1.0,0.5184565876569232,0.15729902839961563,0.7592282938284616
1.0,1.0,1.0,0.5555555555555556,0.11111111111111116,0.8888888888888888
1.0,1.0,1.0,0.5938615339465523,0.08618845137974274,1.0
1.0,1.0,1.0,0.47000105999681996,1.0,0.15200169599491198
1.0,1.0,1.0,0.42264973081037416,0.8845299461620748,0.1917096231345239
1.0,1.0,1.0,0.3798263270539577,0.7519305308215831,0.25579159246474925
1.0,1.0,1.0,0.3490554450958806,0.6094332670575284,0.3490554450958806
1.0,1.0,1.0,0.3377338214674781,0.47018705717398246,0.47018705717398246
1.0,1.0,1.0,0.3490554450958806,0.3490554450958806,0.6094332670575284
1.0,1.0,1.0,0.3798263270539577,0.25579159246474925,0.7519305308215831
1.0,1.0,1.0,0.42264973081037416,0.1917096231345239,0.8845299461620748
1.0,1.0,1.0,0.47000105999681996,0.15200169599491198,1.0
1.0,1.0,1.0,0.3492086265440314,1.0,0.24074339763470343
1.0,1.0,1.0,0.2977531168232166,0.8829588528038694,0.2977531168232166
1.0,1.0,1.0,0.25579159246474925,0.7519305308215831,0.3798263270539577
1.0,1.0,1.0,0.23177872040262415,0.615889360201312,0.4878524802684161
1.0,1.0,1.0,0.23177872040262415,0.4878524802684161,0.615889360201312
1.0,1.0,1.0,0.25579159246474925,0.3798263270539577,0.7519305308215831
1.0,1.0,1.0,0.2977531168232166,0.2977531168232166,0.8829588528038694
1.0,1.0,1.0,0.3492086265440314,0.24074339763470343,1.0
1.0,1.0,1.0,0.24074339763470343,1.0,0.3492086265440314
1.0,1.0,1.0,0.1917096231345239,0.8845299461620748,0.42264973081037416
1.0,1.0,1.0,0.15729902839961563,0.7592282938284616,0.5184565876569232
1.0,1.0,1.0,0.14481388950586338,0.6334916669310843,0.6334916669310843
1.0,1.0,1.0,0.15729902839961563,0.5184565876569232,0.7592282938284616
1.0,1.0,1.0,0.1917096231345239,0.42264973081037416,0.8845299461620748
1.0,1.0,1.0,0.24074339763470343,0.3492086265440314,1.0
1.0,1.0,1.0,0.15200169599491198,1.0,0.47000105999681996
1.0,1.0,1.0,0.11111111111111105,0.8888888888888888,0.5555555555555556
1.0,1.0,1.0,0.08831538832289643,0.772078847080724,0.6581182706210862
1.0,1.0,1.0,0.08831538832289643,0.6581182706210862,0.772078847080724
1.0,1.0,1.0,0.11111111111111116,0.5555555555555556,0.8888888888888888
1.0,1.0,1.0,0.15200169599491198,0.47000105999681996,1.0
1.0,1.0,1.0,0.08618845137974274,1.0,0.5938615339465523
1.0,1.0,1.0,0.056543646950273474,0.8951715163278081,0.6855145489834245
1.0,1.0,1.0,0.04600190799427606,0.7880004239987279,0.7880004239987279
1.0,1.0,1.0,0.056543646950273474,0.6855145489834245,0.8951715163278081
1.0,1.0,1.0,0.08618845137974274,0.5938615339465523,1.0
1.0,1.0,1.0,0.04217371477884857,1.0,0.7126521144336546
1.0,1.0,1.0,0.024099927051466796,0.9024099927051467,0.8048199854102933
1.0,1.0,1.0,0.024099927051466796,0.8048199854102933,0.9024099927051467
1.0,1.0,1.0,0.04217371477884857,0.7126521144336546,1.0
1.0,1.0,1.0,0.01613008990009246,1.0,0.8211145618000169
1.0,1.0,1.0,0.008163401865824538,0.9098330365332568,0.9098330365332568
1.0,1.0,1.0,0.01613008990009246,0.8211145618000169,1.0
1.0,1.0,1.0,0.003454241755120435,1.0,0.91695452014626
1.0,1.0,1.0,0.003454241755120435,0.91695452014626,1.0
1.0,1.0,1.0,0.0,1.0,1.0
1.0,1.0,0.91695452014626,1.0,1.0,0.003454241755120435
1.0,1.0,0.9098330365332568,1.0,0.9098330365332568,0.008163401865824427
1.0,1.0,0.9024099927051467,1.0,0.8048199854102933,0.024099927051466796
1.0,1.0,0.8951715163278081,1.0,0.6855145489834245,0.056543646950273474
1.0,1.0,0.8888888888888888,1.0,0.5555555555555556,0.11111111111111116
1.0,1.0,0.8845299461620748,1.0,0.42264973081037416,0.1917096231345239
1.0,1.0,0.8829588528038694,1.0,0.2977531168232166,0.2977531168232166
1.0,1.0,0.8845299461620748,1.0,0.1917096231345239,0.42264973081037416
1.0,1.0,0.8888888888888888,1.0,0.11111111111111105,0.5555555555555556
1.0,1.0,0.8951715163278081,1.0,0.056543646950273474,0.6855145489834245
1.0,1.0,0.9024099927051467,1.0,0.024099927051466796,0.8048199854102933
1.0,1.0,0.9098330365332568,1.0,0.008163401865824538,0.9098330365332568
1.0,1.0,0.91695452014626,1.0,0.003454241755120435,1.0
1.0,1.0,0.9098330365332568,0.9098330365332568,1.0,0.008163401865824427
1.0,1.0,0.9014670721835707,0.9014670721835707,0.9014670721835707,0.014670721835706835
1.0,1.0,0.8927887465162205,0.8927887465162205,0.7855774930324411,0.03509871864598457
1.0,1.0,0.8845299461620748,0.8845299461620748,0.6535898384862247,0.07623956929659881
1.0,1.0,0.8778305556436947,0.8778305556436947,0.5113222225747791,0.1448138895058636
1.0,1.0,0.8740118423302576,0.8740118423302576,0.37005921165128786,0.2440710539815455
1.0,1.0,0.8740118423302576,0.8740118423302576,0.2440710539815455,0.37005921165128786
1.0,1.0,0.8778305556436947,0.8778305556436947,0.1448138895058636,0.5113222225747791
1.0,1.0,0.8845299461620748,0.8845299461620748,0.07623956929659881,0.6535898384862247
1.0,1.0,0.8927887465162205,0.8927887465162205,0.03509871864598457,0.7855774930324411
1.0,1.0,0.9014670721835707,0.9014670721835707,0.014670721835706835,0.9014670721835707
1.0,1.0,0.9098330365332568,0.9098330365332568,0.008163401865824427,1.0
1.0,1.0,0.9024099927051467,0.8048199854102933,1.0,0.024099927051466796
1.0,1.0,0.8927887465162205,0.7855774930324411,0.8927887465162205,0.03509871864598457
1.0,1.0,0.8829588528038694,0.7659177056077389,0.7659177056077389,0.06367082243095556
1.0,1.0,0.8740118423302576,0.7480236846605152,0.6220355269907727,0.11808289631180313
1.0,1.0,0.8675467642934956,0.7350935285869913,0.47018705717398246,0.20528058576097374
1.0,1.0,0.8651600275073515,0.7303200550147031,0.32580013753675785,0.32580013753675785
1.0,1.0,0.8675467642934956,0.7350935285869913,0.20528058576097374,0.47018705717398246
1.0,1.0,0.8740118423302576,0.7480236846605152,0.11808289631180313,0.6220355269907727
1.0,1.0,0.8829588528038694,0.7659177056077389,0.06367082243095556,0.7659177056077389
1.0,1.0,0.8927887465162205,0.7855774930324411,0.03509871864598457,0.8927887465162205
1.0,1.0,0.9024099927051467,0.8048199854102933,0.024099927051466796,1.0
1.0,1.0,0.8951715163278081,0.6855145489834245,1.0,0.056543646950273474
1.0,1.0,0.8845299461620748,0.6535898384862247,0.8845299461620748,0.07623956929659881
1.0,1.0,0.8740118423302576,0.6220355269907727,0.7480236846605152,0.11808289631180313
1.0,1.0,0.8651600275073515,0.5954800825220548,0.5954800825220548,0.1909601650441095
1.0,1.0,0.8599719915971991,0.579915974791597,0.439887966388796,0.29985995798599496
1.0,1.0,0.8599719915971991,0.579915974791597,0.29985995798599496,0.439887966388796
1.0,1.0,0.8651600275073515,0.5954800825220548,0.1909601650441095,0.5954800825220548
1.0,1.0,0.8740118423302576,0.6220355269907727,0.11808289631180313,0.7480236846605152
1.0,1.0,0.8845299461620748,0.6535898384862247,0.07623956929659881,0.8845299461620748
1.0,1.0,0.8951715163278081,0.6855145489834245,0.056543646950273474,1.0
1.0,1.0,0.8888888888888888,0.5555555555555556,1.0,0.11111111111111116
1.0,1.0,0.8778305556436947,0.5113222225747791,0.8778305556436947,0.1448138895058636
1.0,1.0,0.8675467642934956,0.47018705717398246,0.7350935285869913,0.20528058576097374
1.0,1.0,0.8599719915971991,0.439887966388796,0.579915974791597,0.29985995798599496
1.0,1.0,0.8571428571428572,0.4285714285714286,0.4285714285714286,0.4285714285714286
1.0,1.0,0.8599719915971991,0.4398879663887961,0.2998599579859952,0.5799159747915971
1.0,1.0,0.8675467642934956,0.47018705717398246,0.20528058576097374,0.7350935285869913
1.0,1.0,0.8778305556436947,0.5113222225747791,0.14481388950586338,0.8778305556436947
1.0,1.0,0.8888888888888888,0.5555555555555556,0.11111111111111116,1.0
1.0,1.0,0.8845299461620748,0.42264973081037416,1.0,0.1917096231345239
1.0,1.0,0.8740118423302576,0.37005921165128786,0.8740118423302576,0.2440710539815455
1.0,1.0,0.8651600275073515,0.32580013753675785,0.7303200550147031,0.32580013753675785
1.0,1.0,0.8599719915971991,0.29985995798599496,0.579915974791597,0.439887966388796
1.0,1.0,0.8599719915971991,0.2998599579859952,0.4398879663887961,0.5799159747915971
1.0,1.0,0.8651600275073515,0.32580013753675785,0.32580013753675785,0.7303200550147031
1.0,1.0,0.8740118423302576,0.37005921165128786,0.2440710539815455,0.8740118423302576
1.0,1.0,0.8845299461620748,0.42264973081037416,0.1917096231345239,1.0
1.0,1.0,0.8829588528038694,0.2977531168232166,1.0,0.2977531168232166
1.0,1.0,0.8740118423302576,0.2440710539815455,0.8740118423302576,0.37005921165128786
1.0,1.0,0.8675467642934956,0.20528058576097374,0.7350935285869913,0.47018705717398246
1.0,1.0,0.8651600275073515,0.1909601650441095,0.5954800825220548,0.5954800825220548
1.0,1.0,0.8675467642934956,0.20528058576097374,0.47018705717398246,0.7350935285869913
1.0,1.0,0.8740118423302576,0.2440710539815455,0.37005921165128786,0.8740118423302576
1.0,1.0,0.8829588528038694,0.2977531168232166,0.2977531168232166,1.0
1.0,1.0,0.8845299461620748,0.1917096231345239,1.0,0.42264973081037416
1.0,1.0,0.8778305556436947,0.14481388950586338,0.8778305556436947,0.5113222225747791
1.0,1.0,0.8740118423302576,0.11808289631180313,0.7480236846605152,0.6220355269907727
1.0,1.0,0.8740118423302576,0.11808289631180313,0.6220355269907727,0.7480236846605152
1.0,1.0,0.8778305556436947,0.14481388950586338,0.5113222225747791,0.8778305556436947
1.0,1.0,0.8845299461620748,0.1917096231345239,0.42264973081037416,1.0
1.0,1.0,0.8888888888888888,0.11111111111111105,1.0,0.5555555555555556
1.0,1.0,0.8845299461620748,0.0762395692965987,0.8845299461620748,0.6535898384862244
1.0,1.0,0.8829588528038694,0.06367082243095556,0.7659177056077389,0.7659177056077389
1.0,1.0,0.8845299461620748,0.0762395692965987,0.6535898384862244,0.8845299461620748
1.0,1.0,0.8888888888888888,0.11111111111111105,0.5555555555555556,1.0
1.0,1.0,0.8951715163278081,0.056543646950273474,1.0,0.6855145489834245
1.0,1.0,0.8927887465162205,0.03509871864598457,0.8927887465162205,0.7855774930324411
1.0,1.0,0.8927887465162205,0.03509871864598457,0.7855774930324411,0.8927887465162205
1.0,1.0,0.8951715163278081,0.056543646950273474,0.6855145489834245,1.0
1.0,1.0,0.9024099927051467,0.024099927051466796,1.0,0.8048199854102933
1.0,1.0,0.9014670721835707,0.014670721835706835,0.9014670721835707,0.9014670721835707
1.0,1.0,0.9024099927051467,0.024099927051466796,0.8048199854102933,1.0
1.0,1.0,0.9098330365332568,0.008163401865824538,1.0,0.9098330365332568
1.0,1.0,0.9098330365332568,0.008163401865824538,0.9098330365332568,1.0
1.0,1.0,0.91695452014626,0.003454241755120435,1.0,1.0
1.0,1.0,0.8211145618000169,1.0,1.0,0.01613008990009246
1.0,1.0,0.8048199854102933,1.0,0.9024099927051467,0.024099927051466796
1.0,1.0,0.7880004239987279,1.0,0.7880004239987279,0.04600190799427606
1.0,1.0,0.772078847080724,1.0,0.6581182706210862,0.08831538832289643
1.0,1.0,0.7592282938284616,1.0,0.5184565876569232,0.15729902839961563
1.0,1.0,0.7519305308215831,1.0,0.3798263270539577,0.25579159246474925
1.0,1.0,0.7519305308215831,1.0,0.25579159246474925,0.3798263270539577
1.0,1.0,0.7592282938284616,1.0,0.15729902839961563,0.5184565876569232
1.0,1.0,0.772078847080724,1.0,0.08831538832289643,0.6581182706210862
1.0,1.0,0.7880004239987279,1.0,0.04600190799427606,0.7880004239987279
1.0,1.0,0.8048199854102933,1.0,0.024099927051466796,0.9024099927051467
1.0,1.0,0.8211145618000169,1.0,0.01613008990009246,1.0
1.0,1.0,0.8048199854102933,0.9024099927051467,1.0,0.024099927051466796
1.0,1.0,0.7855774930324411,0.8927887465162205,0.8927887465162205,0.03509871864598457
1.0,1.0,0.7659177056077389,0.8829588528038694,0.7659177056077389,0.06367082243095556
1.0,1.0,0.7480236846605152,0.8740118423302576,0.6220355269907727,0.11808289631180313
1.0,1.0,0.7350935285869913,0.8675467642934956,0.47018705717398246,0.20528058576097374
1.0,1.0,0.7303200550147031,0.8651600275073515,0.32580013753675785,0.32580013753675785
1.0,1.0,0.7350935285869913,0.8675467642934956,0.20528058576097374,0.47018705717398246
1.0,1.0,0.7480236846605152,0.8740118423302576,0.11808289631180313,0.6220355269907727
1.0,1.0,0.7659177056077389,0.8829588528038694,0.06367082243095556,0.7659177056077389
1.0,1.0,0.7855774930324411,0.8927887465162205,0.03509871864598457,0.8927887465162205
1.0,1.0,0.8048199854102933,0.9024099927051467,0.024099927051466796,1.0
1.0,1.0,0.7880004239987279,0.7880004239987279,1.0,0.04600190799427606
1.0,1.0,0.7659177056077389,0.7659177056077389,0.8829588528038694,0.06367082243095556
1.0,1.0,0.7439262401342079,0.7439262401342079,0.7439262401342079,0.10374184046972812
1.0,1.0,0.725278872102622,0.725278872102622,0.587918308153933,0.17583661630786596
1.0,1.0,0.7142857142857143,0.7142857142857143,0.4285714285714286,0.2857142857142858
1.0,1.0,0.7142857142857143,0.7142857142857143,0.2857142857142858,0.4285714285714286
1.0,1.0,0.725278872102622,0.725278872102622,0.17583661630786596,0.587918308153933
1.0,1.0,0.743926240134208,0.743926240134208,0.10374184046972834,0.743926240134208
1.0,1.0,0.7659177056077389,0.7659177056077389,0.06367082243095556,0.8829588528038694
1.0,1.0,0.7880004239987279,0.7880004239987279,0.04600190799427606,1.0
1.0,1.0,0.772078847080724,0.6581182706210862,1.0,0.08831538832289643
1.0,1.0,0.7480236846605152,0.6220355269907727,0.8740118423302576,0.11808289631180313
1.0,1.0,0.725278872102622,0.587918308153933,0.725278872102622,0.17583661630786596
1.0,1.0,0.7082700170042109,0.5624050255063163,0.5624050255063163,0.2706750425105272
1.0,1.0,0.7018576030000281,0.552786404500042,0.40371520600005606,0.40371520600005606
1.0,1.0,0.7082700170042109,0.5624050255063163,0.2706750425105272,0.5624050255063163
1.0,1.0,0.725278872102622,0.587918308153933,0.17583661630786596,0.725278872102622
1.0,1.0,0.7480236846605152,0.6220355269907727,0.11808289631180313,0.8740118423302576
1.0,1.0,0.772078847080724,0.6581182706210862,0.08831538832289643,1.0
1.0,1.0,0.7592282938284616,0.5184565876569232,1.0,0.15729902839961563
1.0,1.0,0.7350935285869913,0.47018705717398246,0.8675467642934956,0.20528058576097374
1.0,1.0,0.7142857142857143,0.4285714285714286,0.7142857142857143,0.2857142857142858
1.0,1.0,0.7018576030000281,0.40371520600005606,0.552786404500042,0.40371520600005606
1.0,1.0,0.7018576030000281,0.40371520600005606,0.40371520600005606,0.552786404500042
1.0,1.0,0.7142857142857143,0.4285714285714286,0.2857142857142858,0.7142857142857143
1.0,1.0,0.7350935285869913,0.47018705717398246,0.20528058576097374,0.8675467642934956
1.0,1.0,0.7592282938284616,0.5184565876569232,0.15729902839961563,1.0
1.0,1.0,0.7519305308215831,0.3798263270539577,1.0,0.25579159246474925
1.0,1.0,0.7303200550147031,0.32580013753675785,0.8651600275073515,0.32580013753675785
1.0,1.0,0.7142857142857143,0.2857142857142858,0.7142857142857143,0.4285714285714286
1.0,1.0,0.7082700170042109,0.2706750425105272,0.5624050255063163,0.5624050255063163
1.0,1.0,0.7142857142857143,0.2857142857142858,0.4285714285714286,0.7142857142857143
1.0,1.0,0.7303200550147031,0.32580013753675785,0.32580013753675785,0.8651600275073515
1.0,1.0,0.7519305308215831,0.3798263270539577,0.25579159246474925,1.0
1.0,1.0,0.7519305308215831,0.25579159246474925,1.0,0.3798263270539577
1.0,1.0,0.7350935285869913,0.20528058576097374,0.8675467642934956,0.47018705717398246
1.0,1.0,0.725278872102622,0.17583661630786596,0.725278872102622,0.587918308153933
1.0,1.0,0.725278872102622,0.17583661630786596,0.587918308153933,0.725278872102622
1.0,1.0,0.7350935285869913,0.20528058576097374,0.47018705717398246,0.8675467642934956
1.0,1.0,0.7519305308215831,0.25579159246474925,0.3798263270539577,1.0
1.0,1.0,0.7592282938284616,0.15729902839961563,1.0,0.5184565876569232
1.0,1.0,0.7480236846605152,0.11808289631180313,0.8740118423302576,0.6220355269907727
1.0,1.0,0.743926240134208,0.10374184046972834,0.743926240134208,0.743926240134208
1.0,1.0,0.7480236846605152,0.11808289631180313,0.6220355269907727,0.8740118423302576
1.0,1.0,0.7592282938284616,0.15729902839961563,0.5184565876569232,1.0
1.0,1.0,0.772078847080724,0.08831538832289643,1.0,0.6581182706210862
1.0,1.0,0.7659177056077389,0.06367082243095556,0.8829588528038694,0.7659177056077389
1.0,1.0,0.7659177056077389,0.06367082243095556,0.7659177056077389,0.8829588528038694
1.0,1.0,0.772078847080724,0.08831538832289643,0.6581182706210862,1.0
1.0,1.0,0.7880004239987279,0.04600190799427606,1.0,0.7880004239987279
1.0,1.0,0.7855774930324411,0.03509871864598457,0.8927887465162205,0.8927887465162205
1.0,1.0,0.7880004239987279,0.04600190799427606,0.7880004239987279,1.0
1.0,1.0,0.8048199854102933,0.024099927051466796,1.0,0.9024099927051467
1.0,1.0,0.8048199854102933,0.024099927051466796,0.9024099927051467,1.0
1.0,1.0,0.8211145618000169,0.01613008990009246,1.0,1.0
1.0,1.0,0.7126521144336546,1.0,1.0,0.04217371477884857
1.0,1.0,0.6855145489834245,1.0,0.8951715163278081,0.056543646950273474
1.0,1.0,0.6581182706210862,1.0,0.772078847080724,0.08831538832289643
1.0,1.0,0.6334916669310844,1.0,0.6334916669310844,0.1448138895058636
1.0,1.0,0.615889360201312,1.0,0.4878524802684161,0.23177872040262415
1.0,1.0,0.6094332670575284,1.0,0.3490554450958806,0.3490554450958806
1.0,1.0,0.615889360201312,1.0,0.23177872040262415,0.4878524802684161
1.0,1.0,0.6334916669310843,1.0,0.14481388950586338,0.6334916669310843
1.0,1.0,0.6581182706210862,1.0,0.08831538832289643,0.772078847080724
1.0,1.0,0.6855145489834245,1.0,0.056543646950273474,0.8951715163278081
1.0,1.0,0.7126521144336546,1.0,0.04217371477884857,1.0
1.0,1.0,0.6855145489834245,0.8951715163278081,1.0,0.056543646950273474
1.0,1.0,0.6535898384862247,0.8845299461620748,0.8845299461620748,0.07623956929659881
1.0,1.0,0.6220355269907727,0.8740118423302576,0.7480236846605152,0.11808289631180313
1.0,1.0,0.5954800825220548,0.8651600275073515,0.5954800825220548,0.1909601650441095
1.0,1.0,0.579915974791597,0.8599719915971991,0.439887966388796,0.29985995798599496
1.0,1.0,0.579915974791597,0.8599719915971991,0.29985995798599496,0.439887966388796
1.0,1.0,0.5954800825220548,0.8651600275073515,0.1909601650441095,0.5954800825220548
1.0,1.0,0.6220355269907727,0.8740118423302576,0.11808289631180313,0.7480236846605152
1.0,1.0,0.6535898384862247,0.8845299461620748,0.07623956929659881,0.8845299461620748
1.0,1.0,0.6855145489834245,0.8951715163278081,0.056543646950273474,1.0
1.0,1.0,0.6581182706210862,0.772078847080724,1.0,0.08831538832289643
1.0,1.0,0.6220355269907727,0.7480236846605152,0.8740118423302576,0.11808289631180313
1.0,1.0,0.587918308153933,0.725278872102622,0.725278872102622,0.17583661630786596
1.0,1.0,0.5624050255063163,0.7082700170042109,0.5624050255063163,0.2706750425105272
1.0,1.0,0.552786404500042,0.7018576030000281,0.40371520600005606,0.40371520600005606
1.0,1.0,0.5624050255063163,0.7082700170042109,0.2706750425105272,0.5624050255063163
1.0,1.0,0.587918308153933,0.725278872102622,0.17583661630786596,0.725278872102622
1.0,1.0,0.6220355269907727,0.7480236846605152,0.11808289631180313,0.8740118423302576
1.0,1.0,0.6581182706210862,0.772078847080724,0.08831538832289643,1.0
1.0,1.0,0.6334916669310844,0.6334916669310844,1.0,0.1448138895058636
1.0,1.0,0.5954800825220548,0.5954800825220548,0.8651600275073515,0.1909601650441095
1.0,1.0,0.5624050255063163,0.5624050255063163,0.7082700170042109,0.2706750425105272
1.0,1.0,0.5425042890021861,0.5425042890021861,0.5425042890021861,0.39000571866958145
1.0,1.0,0.5425042890021861,0.5425042890021861,0.39000571866958134,0.5425042890021861
1.0,1.0,0.5624050255063163,0.5624050255063163,0.2706750425105272,0.7082700170042109
1.0,1.0,0.5954800825220548,0.5954800825220548,0.1909601650441095,0.8651600275073515
1.0,1.0,0.6334916669310844,0.6334916669310844,0.1448138895058636,1.0
1.0,1.0,0.615889360201312,0.4878524802684161,1.0,0.23177872040262415
1.0,1.0,0.5799159747915971,0.4398879663887961,0.8599719915971991,0.2998599579859952
1.0,1.0,0.552786404500042,0.40371520600005606,0.7018576030000281,0.40371520600005606
1.0,1.0,0.5425042890021861,0.39000571866958134,0.5425042890021861,0.5425042890021861
1.0,1.0,0.552786404500042,0.40371520600005606,0.40371520600005606,0.7018576030000281
1.0,1.0,0.5799159747915971,0.4398879663887961,0.2998599579859952,0.8599719915971991
1.0,1.0,0.615889360201312,0.4878524802684161,0.23177872040262415,1.0
1.0,1.0,0.6094332670575284,0.3490554450958806,1.0,0.3490554450958806
1.0,1.0,0.5799159747915971,0.2998599579859952,0.8599719915971991,0.4398879663887961
1.0,1.0,0.5624050255063163,0.2706750425105272,0.7082700170042109,0.5624050255063163
1.0,1.0,0.5624050255063163,0.2706750425105272,0.5624050255063163,0.7082700170042109
1.0,1.0,0.5799159747915971,0.2998599579859952,0.4398879663887961,0.8599719915971991
1.0,1.0,0.6094332670575284,0.3490554450958806,0.3490554450958806,1.0
1.0,1.0,0.615889360201312,0.23177872040262415,1.0,0.4878524802684161
1.0,1.0,0.5954800825220548,0.1909601650441095,0.8651600275073515,0.5954800825220548
1.0,1.0,0.587918308153933,0.17583661630786596,0.725278872102622,0.725278872102622
1.0,1.0,0.5954800825220548,0.1909601650441095,0.5954800825220548,0.8651600275073515
1.0,1.0,0.615889360201312,0.23177872040262415,0.4878524802684161,1.0
1.0,1.0,0.6334916669310843,0.14481388950586338,1.0,0.6334916669310843
1.0,1.0,0.6220355269907727,0.11808289631180313,0.8740118423302576,0.7480236846605152
1.0,1.0,0.6220355269907727,0.11808289631180313,0.7480236846605152,0.8740118423302576
1.0,1.0,0.6334916669310843,0.14481388950586338,0.6334916669310843,1.0
1.0,1.0,0.6581182706210862,0.08831538832289643,1.0,0.772078847080724
1.0,1.0,0.6535898384862244,0.0762395692965987,0.8845299461620748,0.8845299461620748
1.0,1.0,0.6581182706210862,0.08831538832289643,0.772078847080724,1.0
1.0,1.0,0.6855145489834245,0.056543646950273474,1.0,0.8951715163278081
1.0,1.0,0.6855145489834245,0.056543646950273474,0.8951715163278081,1.0
1.0,1.0,0.7126521144336546,0.04217371477884857,1.0,1.0
1.0,1.0,0.5938615339465523,1.0,1.0,0.08618845137974274
1.0,1.0,0.5555555555555556,1.0,0.8888888888888888,0.11111111111111116
1.0,1.0,0.5184565876569232,1.0,0.7592282938284616,0.15729902839961563
1.0,1.0,0.4878524802684161,1.0,0.615889360201312,0.23177872040262415
1.0,1.0,0.47018705717398246,1.0,0.47018705717398246,0.3377338214674781
1.0,1.0,0.47018705717398246,1.0,0.3377338214674781,0.47018705717398246
1.0,1.0,0.4878524802684161,1.0,0.23177872040262415,0.615889360201312
1.0,1.0,0.5184565876569232,1.0,0.15729902839961563,0.7592282938284616
1.0,1.0,0.5555555555555556,1.0,0.11111111111111116,0.8888888888888888
1.0,1.0,0.5938615339465523,1.0,0.08618845137974274,1.0
1.0,1.0,0.5555555555555556,0.8888888888888888,1.0,0.11111111111111116
1.0,1.0,0.5113222225747791,0.8778305556436947,0.8778305556436947,0.1448138895058636
1.0,1.0,0.47018705717398246,0.8675467642934956,0.7350935285869913,0.20528058576097374
1.0,1.0,0.439887966388796,0.8599719915971991,0.579915974791597,0.29985995798599496
1.0,1.0,0.4285714285714286,0.8571428571428572,0.4285714285714286,0.4285714285714286
1.0,1.0,0.4398879663887961,0.8599719915971991,0.2998599579859952,0.5799159747915971
1.0,1.0,0.47018705717398246,0.8675467642934956,0.20528058576097374,0.7350935285869913
1.0,1.0,0.5113222225747791,0.8778305556436947,0.14481388950586338,0.8778305556436947
1.0,1.0,0.5555555555555556,0.8888888888888888,0.11111111111111116,1.0
1.0,1.0,0.5184565876569232,0.7592282938284616,1.0,0.15729902839961563
1.0,1.0,0.47018705717398246,0.7350935285869913,0.8675467642934956,0.20528058576097374
1.0,1.0,0.4285714285714286,0.7142857142857143,0.7142857142857143,0.2857142857142858
1.0,1.0,0.40371520600005606,0.7018576030000281,0.552786404500042,0.40371520600005606
1.0,1.0,0.40371520600005606,0.7018576030000281,0.40371520600005606,0.552786404500042
1.0,1.0,0.4285714285714286,0.7142857142857143,0.2857142857142858,0.7142857142857143
1.0,1.0,0.47018705717398246,0.7350935285869913,0.20528058576097374,0.8675467642934956
1.0,1.0,0.5184565876569232,0.7592282938284616,0.15729902839961563,1.0
1.0,1.0,0.4878524802684161,0.615889360201312,1.0,0.23177872040262415
1.0,1.0,0.4398879663887961,0.5799159747915971,0.8599719915971991,0.2998599579859952
1.0,1.0,0.40371520600005606,0.552786404500042,0.7018576030000281,0.40371520600005606
1.0,1.0,0.39000571866958134,0.5425042890021861,0.5425042890021861,0.5425042890021861
1.0,1.0,0.40371520600005606,0.552786404500042,0.40371520600005606,0.7018576030000281
1.0,1.0,0.4398879663887961,0.5799159747915971,0.2998599579859952,0.8599719915971991
1.0,1.0,0.4878524802684161,0.615889360201312,0.23177872040262415,1.0
1.0,1.0,0.47018705717398246,0.47018705717398246,1.0,0.3377338214674781
1.0,1.0,0.4285714285714286,0.4285714285714286,0.8571428571428572,0.4285714285714286
1.0,1.0,0.40371520600005606,0.40371520600005606,0.7018576030000281,0.552786404500042
1.0,1.0,0.40371520600005606,0.40371520600005606,0.552786404500042,0.7018576030000281
1.0,1.0,0.4285714285714285,0.4285714285714285,0.4285714285714285,0.8571428571428571
1.0,1.0,0.47018705717398246,0.47018705717398246,0.3377338214674781,1.0
1.0,1.0,0.47018705717398246,0.3377338214674781,1.0,0.47018705717398246
1.0,1.0,0.4398879663887961,0.2998599579859952,0.8599719915971991,0.5799159747915971
1.0,1.0,0.4285714285714286,0.2857142857142858,0.7142857142857143,0.7142857142857143
1.0,1.0,0.439887966388796,0.29985995798599496,0.579915974791597,0.8599719915971991
1.0,1.0,0.47018705717398246,0.3377338214674781,0.47018705717398246,1.0
1.0,1.0,0.4878524802684161,0.23177872040262415,1.0,0.615889360201312
1.0,1.0,0.47018705717398246,0.20528058576097374,0.8675467642934956,0.7350935285869913
1.0,1.0,0.47018705717398246,0.20528058576097374,0.7350935285869913,0.8675467642934956
1.0,1.0,0.4878524802684161,0.23177872040262415,0.615889360201312,1.0
1.0,1.0,0.5184565876569232,0.15729902839961563,1.0,0.7592282938284616
1.0,1.0,0.5113222225747791,0.14481388950586338,0.8778305556436947,0.8778305556436947
1.0,1.0,0.5184565876569232,0.15729902839961563,0.7592282938284616,1.0
1.0,1.0,0.5555555555555556,0.11111111111111116,1.0,0.8888888888888888
1.0,1.0,0.5555555555555556,0.11111111111111116,0.8888888888888888,1.0
1.0,1.0,0.5938615339465523,0.08618845137974274,1.0,1.0
1.0,1.0,0.47000105999681996,1.0,1.0,0.15200169599491198
1.0,1.0,0.42264973081037416,1.0,0.8845299461620748,0.1917096231345239
1.0,1.0,0.3798263270539577,1.0,0.7519305308215831,0.25579159246474925
1.0,1.0,0.3490554450958806,1.0,0.6094332670575284,0.3490554450958806
1.0,1.0,0.3377338214674781,1.0,0.47018705717398246,0.47018705717398246
1.0,1.0,0.3490554450958806,1.0,0.3490554450958806,0.6094332670575284
1.0,1.0,0.3798263270539577,1.0,0.25579159246474925,0.7519305308215831
1.0,1.0,0.42264973081037416,1.0,0.1917096231345239,0.8845299461620748
1.0,1.0,0.47000105999681996,1.0,0.15200169599491198,1.0
1.0,1.0,0.42264973081037416,0.8845299461620748,1.0,0.1917096231345239
1.0,1.0,0.37005921165128786,0.8740118423302576,0.8740118423302576,0.2440710539815455
1.0,1.0,0.32580013753675785,0.8651600275073515,0.7303200550147031,0.32580013753675785
1.0,1.0,0.29985995798599496,0.8599719915971991,0.579915974791597,0.439887966388796
1.0,1.0,0.2998599579859952,0.8599719915971991,0.4398879663887961,0.5799159747915971
1.0,1.0,0.32580013753675785,0.8651600275073515,0.32580013753675785,0.7303200550147031
1.0,1.0,0.37005921165128786,0.8740118423302576,0.2440710539815455,0.8740118423302576
1.0,1.0,0.42264973081037416,0.8845299461620748,0.1917096231345239,1.0
1.0,1.0,0.3798263270539577,0.7519305308215831,1.0,0.25579159246474925
1.0,1.0,0.32580013753675785,0.7303200550147031,0.8651600275073515,0.32580013753675785
1.0,1.0,0.2857142857142858,0.7142857142857143,0.7142857142857143,0.4285714285714286
1.0,1.0,0.2706750425105272,0.7082700170042109,0.5624050255063163,0.5624050255063163
1.0,1.0,0.2857142857142858,0.7142857142857143,0.4285714285714286,0.7142857142857143
1.0,1.0,0.32580013753675785,0.7303200550147031,0.32580013753675785,0.8651600275073515
1.0,1.0,0.3798263270539577,0.7519305308215831,0.25579159246474925,1.0
1.0,1.0,0.3490554450958806,0.6094332670575284,1.0,0.3490554450958806
1.0,1.0,0.2998599579859952,0.5799159747915971,0.8599719915971991,0.4398879663887961
1.0,1.0,0.2706750425105272,0.5624050255063163,0.7082700170042109,0.5624050255063163
1.0,1.0,0.2706750425105272,0.5624050255063163,0.5624050255063163,0.7082700170042109
1.0,1.0,0.2998599579859952,0.5799159747915971,0.4398879663887961,0.8599719915971991
1.0,1.0,0.3490554450958806,0.6094332670575284,0.3490554450958806,1.0
1.0,1.0,0.3377338214674781,0.47018705717398246,1.0,0.47018705717398246
1.0,1.0,0.2998599579859952,0.4398879663887961,0.8599719915971991,0.5799159747915971
1.0,1.0,0.2857142857142858,0.4285714285714286,0.7142857142857143,0.7142857142857143
1.0,1.0,0.29985995798599496,0.439887966388796,0.579915974791597,0.8599719915971991
1.0,1.0,0.3377338214674781,0.47018705717398246,0.47018705717398246,1.0
1.0,1.0,0.3490554450958806,0.3490554450958806,1.0,0.6094332670575284
1.0,1.0,0.32580013753675785,0.32580013753675785,0.8651600275073515,0.7303200550147031
1.0,1.0,0.32580013753675785,0.32580013753675785,0.7303200550147031,0.8651600275073515
1.0,1.0,0.3490554450958806,0.3490554450958806,0.6094332670575284,1.0
1.0,1.0,0.3798263270539577,0.25579159246474925,1.0,0.7519305308215831
1.0,1.0,0.37005921165128786,0.2440710539815455,0.8740118423302576,0.8740118423302576
1.0,1.0,0.3798263270539577,0.25579159246474925,0.7519305308215831,1.0
1.0,1.0,0.42264973081037416,0.1917096231345239,1.0,0.8845299461620748
1.0,1.0,0.42264973081037416,0.1917096231345239,0.8845299461620748,1.0
1.0,1.0,0.47000105999681996,0.15200169599491198,1.0,1.0
1.0,1.0,0.3492086265440314,1.0,1.0,0.24074339763470343
1.0,1.0,0.2977531168232166,1.0,0.8829588528038694,0.2977531168232166
1.0,1.0,0.25579159246474925,1.0,0.7519305308215831,0.3798263270539577
1.0,1.0,0.23177872040262415,1.0,0.615889360201312,0.4878524802684161
1.0,1.0,0.23177872040262415,1.0,0.4878524802684161,0.615889360201312
1.0,1.0,0.25579159246474925,1.0,0.3798263270539577,0.7519305308215831
1.0,1.0,0.2977531168232166,1.0,0.2977531168232166,0.8829588528038694
1.0,1.0,0.3492086265440314,1.0,0.24074339763470343,1.0
1.0,1.0,0.2977531168232166,0.8829588528038694,1.0,0.2977531168232166
1.0,1.0,0.2440710539815455,0.8740118423302576,0.8740118423302576,0.37005921165128786
1.0,1.0,0.20528058576097374,0.8675467642934956,0.7350935285869913,0.47018705717398246
1.0,1.0,0.1909601650441095,0.8651600275073515,0.5954800825220548,0.5954800825220548
1.0,1.0,0.20528058576097374,0.8675467642934956,0.47018705717398246,0.7350935285869913
1.0,1.0,0.2440710539815455,0.8740118423302576,0.37005921165128786,0.8740118423302576
1.0,1.0,0.2977531168232166,0.8829588528038694,0.2977531168232166,1.0
1.0,1.0,0.25579159246474925,0.7519305308215831,1.0,0.3798263270539577
1.0,1.0,0.20528058576097374,0.7350935285869913,0.8675467642934956,0.47018705717398246
1.0,1.0,0.17583661630786596,0.725278872102622,0.725278872102622,0.587918308153933
1.0,1.0,0.17583661630786596,0.725278872102622,0.587918308153933,0.725278872102622
1.0,1.0,0.20528058576097374,0.7350935285869913,0.47018705717398246,0.8675467642934956
1.0,1.0,0.25579159246474925,0.7519305308215831,0.3798263270539577,1.0
1.0,1.0,0.23177872040262415,0.615889360201312,1.0,0.4878524802684161
1.0,1.0,0.1909601650441095,0.5954800825220548,0.8651600275073515,0.5954800825220548
1.0,1.0,0.17583661630786596,0.587918308153933,0.725278872102622,0.725278872102622
1.0,1.0,0.1909601650441095,0.5954800825220548,0.5954800825220548,0.8651600275073515
1.0,1.0,0.23177872040262415,0.615889360201312,0.4878524802684161,1.0
1.0,1.0,0.23177872040262415,0.4878524802684161,1.0,0.615889360201312
1.0,1.0,0.20528058576097374,0.47018705717398246,0.8675467642934956,0.7350935285869913
1.0,1.0,0.20528058576097374,0.47018705717398246,0.7350935285869913,0.8675467642934956
1.0,1.0,0.23177872040262415,0.4878524802684161,0.615889360201312,1.0
1.0,1.0,0.25579159246474925,0.3798263270539577,1.0,0.7519305308215831
1.0,1.0,0.2440710539815455,0.37005921165128786,0.8740118423302576,0.8740118423302576
1.0,1.0,0.25579159246474925,0.3798263270539577,0.7519305308215831,1.0
1.0,1.0,0.2977531168232166,0.2977531168232166,1.0,0.8829588528038694
1.0,1.0,0.2977531168232166,0.2977531168232166,0.8829588528038694,1.0
1.0,1.0,0.3492086265440314,0.24074339763470343,1.0,1.0
1.0,1.0,0.24074339763470343,1.0,1.0,0.3492086265440314
1.0,1.0,0.1917096231345239,1.0,0.8845299461620748,0.42264973081037416
1.0,1.0,0.15729902839961563,1.0,0.7592282938284616,0.5184565876569232
1.0,1.0,0.14481388950586338,1.0,0.6334916669310843,0.6334916669310843
1.0,1.0,0.15729902839961563,1.0,0.5184565876569232,0.7592282938284616
1.0,1.0,0.1917096231345239,1.0,0.42264973081037416,0.8845299461620748
1.0,1.0,0.24074339763470343,1.0,0.3492086265440314,1.0
1.0,1.0,0.1917096231345239,0.8845299461620748,1.0,0.42264973081037416
1.0,1.0,0.14481388950586338,0.8778305556436947,0.8778305556436947,0.5113222225747791
1.0,1.0,0.11808289631180313,0.8740118423302576,0.7480236846605152,0.6220355269907727
1.0,1.0,0.11808289631180313,0.8740118423302576,0.6220355269907727,0.7480236846605152
1.0,1.0,0.14481388950586338,0.8778305556436947,0.5113222225747791,0.8778305556436947
1.0,1.0,0.1917096231345239,0.8845299461620748,0.42264973081037416,1.0
1.0,1.0,0.15729902839961563,0.7592282938284616,1.0,0.5184565876569232
1.0,1.0,0.11808289631180313,0.7480236846605152,0.8740118423302576,0.6220355269907727
1.0,1.0,0.10374184046972834,0.743926240134208,0.743926240134208,0.743926240134208
1.0,1.0,0.11808289631180313,0.7480236846605152,0.6220355269907727,0.8740118423302576
1.0,1.0,0.15729902839961563,0.7592282938284616,0.5184565876569232,1.0
1.0,1.0,0.14481388950586338,0.6334916669310843,1.0,0.6334916669310843
1.0,1.0,0.11808289631180313,0.6220355269907727,0.8740118423302576,0.7480236846605152
1.0,1.0,0.11808289631180313,0.6220355269907727,0.7480236846605152,0.8740118423302576
1.0,1.0,0.14481388950586338,0.6334916669310843,0.6334916669310843,1.0
1.0,1.0,0.15729902839961563,0.5184565876569232,1.0,0.7592282938284616
1.0,1.0,0.14481388950586338,0.5113222225747791,0.8778305556436947,0.8778305556436947
1.0,1.0,0.15729902839961563,0.5184565876569232,0.7592282938284616,1.0
1.0,1.0,0.1917096231345239,0.42264973081037416,1.0,0.8845299461620748
1.0,1.0,0.1917096231345239,0.42264973081037416,0.8845299461620748,1.0
1.0,1.0,0.24074339763470343,0.3492086265440314,1.0,1.0
1.0,1.0,0.15200169599491198,1.0,1.0,0.47000105999681996
1.0,1.0,0.11111111111111105,1.0,0.8888888888888888,0.5555555555555556
1.0,1.0,0.08831538832289643,1.0,0.772078847080724,0.6581182706210862
1.0,1.0,0.08831538832289643,1.0,0.6581182706210862,0.772078847080724
1.0,1.0,0.11111111111111116,1.0,0.5555555555555556,0.8888888888888888
1.0,1.0,0.15200169599491198,1.0,0.47000105999681996,1.0
1.0,1.0,0.11111111111111105,0.8888888888888888,1.0,0.5555555555555556
1.0,1.0,0.0762395692965987,0.8845299461620748,0.8845299461620748,0.6535898384862244
1.0,1.0,0.06367082243095556,0.8829588528038694,0.7659177056077389,0.7659177056077389
1.0,1.0,0.0762395692965987,0.8845299461620748,0.6535898384862244,0.8845299461620748
1.0,1.0,0.11111111111111105,0.8888888888888888,0.5555555555555556,1.0
1.0,1.0,0.08831538832289643,0.772078847080724,1.0,0.6581182706210862
1.0,1.0,0.06367082243095556,0.7659177056077389,0.8829588528038694,0.7659177056077389
1.0,1.0,0.06367082243095556,0.7659177056077389,0.7659177056077389,0.8829588528038694
1.0,1.0,0.08831538832289643,0.772078847080724,0.6581182706210862,1.0
1.0,1.0,0.08831538832289643,0.6581182706210862,1.0,0.772078847080724
1.0,1.0,0.0762395692965987,0.6535898384862244,0.8845299461620748,0.8845299461620748
1.0,1.0,0.08831538832289643,0.6581182706210862,0.772078847080724,1.0
1.0,1.0,0.11111111111111116,0.5555555555555556,1.0,0.8888888888888888
1.0,1.0,0.11111111111111116,0.5555555555555556,0.8888888888888888,1.0
1.0,1.0,0.15200169599491198,0.47000105999681996,1.0,1.0
1.0,1.0,0.08618845137974274,1.0,1.0,0.5938615339465523
1.0,1.0,0.056543646950273474,1.0,0.8951715163278081,0.6855145489834245
1.0,1.0,0.04600190799427606,1.0,0.7880004239987279,0.7880004239987279
1.0,1.0,0.056543646950273474,1.0,0.6855145489834245,0.8951715163278081
1.0,1.0,0.08618845137974274,1.0,0.5938615339465523,1.0
1.0,1.0,0.056543646950273474,0.8951715163278081,1.0,0.6855145489834245
1.0,1.0,0.03509871864598457,0.8927887465162205,0.8927887465162205,0.7855774930324411
1.0,1.0,0.03509871864598457,0.8927887465162205,0.7855774930324411,0.8927887465162205
1.0,1.0,0.056543646950273474,0.8951715163278081,0.6855145489834245,1.0
1.0,1.0,0.04600190799427606,0.7880004239987279,1.0,0.7880004239987279
1.0,1.0,0.03509871864598457,0.7855774930324411,0.8927887465162205,0.8927887465162205
1.0,1.0,0.04600190799427606,0.7880004239987279,0.7880004239987279,1.0
1.0,1.0,0.056543646950273474,0.6855145489834245,1.0,0.8951715163278081
1.0,1.0,0.056543646950273474,0.6855145489834245,0.8951715163278081,1.0
1.0,1.0,0.08618845137974274,0.5938615339465523,1.0,1.0
1.0,1.0,0.04217371477884857,1.0,1.0,0.7126521144336546
1.0,1.0,0.024099927051466796,1.0,0.9024099927051467,0.8048199854102933
1.0,1.0,0.024099927051466796,1.0,0.8048199854102933,0.9024099927051467
1.0,1.0,0.04217371477884857,1.0,0.7126521144336546,1.0
1.0,1.0,0.024099927051466796,0.9024099927051467,1.0,0.8048199854102933
1.0,1.0,0.014670721835706835,0.9014670721835707,0.9014670721835707,0.9014670721835707
1.0,1.0,0.024099927051466796,0.9024099927051467,0.8048199854102933,1.0
1.0,1.0,0.024099927051466796,0.8048199854102933,1.0,0.9024099927051467
1.0,1.0,0.024099927051466796,0.8048199854102933,0.9024099927051467,1.0
1.0,1.0,0.04217371477884857,0.7126521144336546,1.0,1.0
1.0,1.0,0.01613008990009246,1.0,1.0,0.8211145618000169
1.0,1.0,0.008163401865824538,1.0,0.9098330365332568,0.9098330365332568
1.0,1.0,0.01613008990009246,1.0,0.8211145618000169,1.0
1.0,1.0,0.008163401865824538,0.9098330365332568,1.0,0.9098330365332568
1.0,1.0,0.008163401865824538,0.9098330365332568,0.9098330365332568,1.0
1.0,1.0,0.01613008990009246,0.8211145618000169,1.0,1.0
1.0,1.0,0.003454241755120435,1.0,1.0,0.91695452014626
1.0,1.0,0.003454241755120435,1.0,0.91695452014626,1.0
1.0,1.0,0.003454241755120435,0.91695452014626,1.0,1.0
1.0,1.0,0.0,1.0,1.0,1.0
1.0,0.91695452014626,1.0,1.0,1.0,0.003454241755120435
1.0,0.9098330365332568,1.0,1.0,0.9098330365332568,0.008163401865824427
1.0,0.9024099927051467,1.0,1.0,0.8048199854102933,0.024099927051466796
1.0,0.8951715163278081,1.0,1.0,0.6855145489834245,0.056543646950273474
1.0,0.8888888888888888,1.0,1.0,0.5555555555555556,0.11111111111111116
1.0,0.8845299461620748,1.0,1.0,0.42264973081037416,0.1917096231345239
1.0,0.8829588528038694,1.0,1.0,0.2977531168232166,0.2977531168232166
1.0,0.8845299461620748,1.0,1.0,0.1917096231345239,0.42264973081037416
1.0,0.8888888888888888,1.0,1.0,0.11111111111111105,0.5555555555555556
1.0,0.8951715163278081,1.0,1.0,0.056543646950273474,0.6855145489834245
1.0,0.9024099927051467,1.0,1.0,0.024099927051466796,0.8048199854102933
1.0,0.9098330365332568,1.0,1.0,0.008163401865824538,0.9098330365332568
1.0,0.91695452014626,1.0,1.0,0.003454241755120435,1.0
1.0,0.9098330365332568,1.0,0.9098330365332568,1.0,0.008163401865824427
1.0,0.9014670721835707,1.0,0.9014670721835707,0.9014670721835707,0.014670721835706835
1.0,0.8927887465162205,1.0,0.8927887465162205,0.7855774930324411,0.03509871864598457
1.0,0.8845299461620748,1.0,0.8845299461620748,0.6535898384862247,0.07623956929659881
1.0,0.8778305556436947,1.0,0.8778305556436947,0.5113222225747791,0.1448138895058636
1.0,0.8740118423302576,1.0,0.8740118423302576,0.37005921165128786,0.2440710539815455
1.0,0.8740118423302576,1.0,0.8740118423302576,0.2440710539815455,0.37005921165128786
1.0,0.8778305556436947,1.0,0.8778305556436947,0.1448138895058636,0.5113222225747791
1.0,0.8845299461620748,1.0,0.8845299461620748,0.07623956929659881,0.6535898384862247
1.0,0.8927887465162205,1.0,0.8927887465162205,0.03509871864598457,0.7855774930324411
1.0,0.9014670721835707,1.0,0.9014670721835707,0.014670721835706835,0.9014670721835707
1.0,0.9098330365332568,1.0,0.9098330365332568,0.008163401865824427,1.0
1.0,0.9024099927051467,1.0,0.8048199854102933,1.0,0.024099927051466796
1.0,0.8927887465162205,1.0,0.7855774930324411,0.8927887465162205,0.03509871864598457
1.0,0.8829588528038694,1.0,0.7659177056077389,0.7659177056077389,0.06367082243095556
1.0,0.8740118423302576,1.0,0.7480236846605152,0.6220355269907727,0.11808289631180313
1.0,0.8675467642934956,1.0,0.7350935285869913,0.47018705717398246,0.20528058576097374
1.0,0.8651600275073515,1.0,0.7303200550147031,0.32580013753675785,0.32580013753675785
1.0,0.8675467642934956,1.0,0.7350935285869913,0.20528058576097374,0.47018705717398246
1.0,0.8740118423302576,1.0,0.7480236846605152,0.11808289631180313,0.6220355269907727
1.0,0.8829588528038694,1.0,0.7659177056077389,0.06367082243095556,0.7659177056077389
1.0,0.8927887465162205,1.0,0.7855774930324411,0.03509871864598457,0.8927887465162205
1.0,0.9024099927051467,1.0,0.8048199854102933,0.024099927051466796,1.0
1.0,0.8951715163278081,1.0,0.6855145489834245,1.0,0.056543646950273474
1.0,0.8845299461620748,1.0,0.6535898384862247,0.8845299461620748,0.07623956929659881
1.0,0.8740118423302576,1.0,0.6220355269907727,0.7480236846605152,0.11808289631180313
1.0,0.8651600275073515,1.0,0.5954800825220548,0.5954800825220548,0.1909601650441095
1.0,0.8599719915971991,1.0,0.579915974791597,0.439887966388796,0.29985995798599496
1.0,0.8599719915971991,1.0,0.579915974791597,0.29985995798599496,0.439887966388796
1.0,0.8651600275073515,1.0,0.5954800825220548,0.1909601650441095,0.5954800825220548
1.0,0.8740118423302576,1.0,0.6220355269907727,0.11808289631180313,0.7480236846605152
1.0,0.8845299461620748,1.0,0.6535898384862247,0.07623956929659881,0.8845299461620748
1.0,0.8951715163278081,1.0,0.6855145489834245,0.056543646950273474,1.0
1.0,0.8888888888888888,1.0,0.5555555555555556,1.0,0.11111111111111116
1.0,0.8778305556436947,1.0,0.5113222225747791,0.8778305556436947,0.1448138895058636
1.0,0.8675467642934956,1.0,0.47018705717398246,0.7350935285869913,0.20528058576097374
1.0,0.8599719915971991,1.0,0.439887966388796,0.579915974791597,0.29985995798599496
1.0,0.8571428571428572,1.0,0.4285714285714286,0.4285714285714286,0.4285714285714286
1.0,0.8599719915971991,1.0,0.4398879663887961,0.2998599579859952,0.5799159747915971
1.0,0.8675467642934956,1.0,0.47018705717398246,0.20528058576097374,0.7350935285869913
1.0,0.8778305556436947,1.0,0.5113222225747791,0.14481388950586338,0.8778305556436947
1.0,0.8888888888888888,1.0,0.5555555555555556,0.11111111111111116,1.0
1.0,0.8845299461620748,1.0,0.42264973081037416,1.0,0.1917096231345239
1.0,0.8740118423302576,1.0,0.37005921165128786,0.8740118423302576,0.2440710539815455
1.0,0.8651600275073515,1.0,0.32580013753675785,0.7303200550147031,0.32580013753675785
1.0,0.8599719915971991,1.0,0.29985995798599496,0.579915974791597,0.439887966388796
1.0,0.8599719915971991,1.0,0.2998599579859952,0.4398879663887961,0.5799159747915971
1.0,0.8651600275073515,1.0,0.32580013753675785,0.32580013753675785,0.7303200550147031
1.0,0.8740118423302576,1.0,0.37005921165128786,0.2440710539815455,0.8740118423302576
1.0,0.8845299461620748,1.0,0.42264973081037416,0.1917096231345239,1.0
1.0,0.8829588528038694,1.0,0.2977531168232166,1.0,0.2977531168232166
1.0,0.8740118423302576,1.0,0.2440710539815455,0.8740118423302576,0.37005921165128786
1.0,0.8675467642934956,1.0,0.20528058576097374,0.7350935285869913,0.47018705717398246
1.0,0.8651600275073515,1.0,0.1909601650441095,0.5954800825220548,0.5954800825220548
1.0,0.8675467642934956,1.0,0.20528058576097374,0.47018705717398246,0.7350935285869913
1.0,0.8740118423302576,1.0,0.2440710539815455,0.37005921165128786,0.8740118423302576
1.0,0.8829588528038694,1.0,0.2977531168232166,0.2977531168232166,1.0
1.0,0.8845299461620748,1.0,0.1917096231345239,1.0,0.42264973081037416
1.0,0.8778305556436947,1.0,0.14481388950586338,0.8778305556436947,0.5113222225747791
1.0,0.8740118423302576,1.0,0.11808289631180313,0.7480236846605152,0.6220355269907727
1.0,0.8740118423302576,1.0,0.11808289631180313,0.6220355269907727,0.7480236846605152
1.0,0.8778305556436947,1.0,0.14481388950586338,0.5113222225747791,0.8778305556436947
1.0,0.8845299461620748,1.0,0.1917096231345239,0.42264973081037416,1.0
1.0,0.8888888888888888,1.0,0.11111111111111105,1.0,0.5555555555555556
1.0,0.8845299461620748,1.0,0.0762395692965987,0.8845299461620748,0.6535898384862244
1.0,0.8829588528038694,1.0,0.06367082243095556,0.7659177056077389,0.7659177056077389
1.0,0.8845299461620748,1.0,0.0762395692965987,0.6535898384862244,0.8845299461620748
1.0,0.8888888888888888,1.0,0.11111111111111105,0.5555555555555556,1.0
1.0,0.8951715163278081,1.0,0.056543646950273474,1.0,0.6855145489834245
1.0,0.8927887465162205,1.0,0.03509871864598457,0.8927887465162205,0.7855774930324411
1.0,0.8927887465162205,1.0,0.03509871864598457,0.7855774930324411,0.8927887465162205
1.0,0.8951715163278081,1.0,0.056543646950273474,0.6855145489834245,1.0
1.0,0.9024099927051467,1.0,0.024099927051466796,1.0,0.8048199854102933
1.0,0.9014670721835707,1.0,0.014670721835706835,0.9014670721835707,0.9014670721835707
1.0,0.9024099927051467,1.0,0.024099927051466796,0.8048199854102933,1.0
1.0,0.9098330365332568,1.0,0.008163401865824538,1.0,0.9098330365332568
1.0,0.9098330365332568,1.0,0.008163401865824538,0.9098330365332568,1.0
1.0,0.91695452014626,1.0,0.003454241755120435,1.0,1.0
1.0,0.9098330365332568,0.9098330365332568,1.0,1.0,0.008163401865824427
1.0,0.9014670721835707,0.9014670721835707,1.0,0.9014670721835707,0.014670721835706835
1.0,0.8927887465162205,0.8927887465162205,1.0,0.7855774930324411,0.03509871864598457
1.0,0.8845299461620748,0.8845299461620748,1.0,0.6535898384862247,0.07623956929659881
1.0,0.8778305556436947,0.8778305556436947,1.0,0.5113222225747791,0.1448138895058636
1.0,0.8740118423302576,0.8740118423302576,1.0,0.37005921165128786,0.2440710539815455
1.0,0.8740118423302576,0.8740118423302576,1.0,0.2440710539815455,0.37005921165128786
1.0,0.8778305556436947,0.8778305556436947,1.0,0.1448138895058636,0.5113222225747791
1.0,0.8845299461620748,0.8845299461620748,1.0,0.07623956929659881,0.6535898384862247
1.0,0.8927887465162205,0.8927887465162205,1.0,0.03509871864598457,0.7855774930324411
1.0,0.9014670721835707,0.9014670721835707,1.0,0.014670721835706835,0.9014670721835707
1.0,0.9098330365332568,0.9098330365332568,1.0,0.008163401865824427,1.0
1.0,0.9014670721835707,0.9014670721835707,0.9014670721835707,1.0,0.014670721835706835
1.0,0.8915347710906719,0.8915347710906719,0.8915347710906719,0.8915347710906719,0.023812939816047263
1.0,0.8813218341806147,0.8813218341806147,0.8813218341806147,0.7626436683612293,0.050574673444917395
1.0,0.871963120067104,0.871963120067104,0.871963120067104,0.615889360201312,0.10374184046972812
1.0,0.8651600275073515,0.8651600275073515,0.8651600275073515,0.4606401100294063,0.1909601650441095
1.0,0.862639436051311,0.862639436051311,0.862639436051311,0.31319718025655496,0.31319718025655496
1.0,0.8651600275073515,0.8651600275073515,0.8651600275073515,0.1909601650441095,0.4606401100294063
1.0,0.871963120067104,0.871963120067104,0.871963120067104,0.10374184046972812,0.615889360201312
1.0,0.8813218341806147,0.8813218341806147,0.8813218341806147,0.050574673444917395,0.7626436683612293
1.0,0.8915347710906719,0.8915347710906719,0.8915347710906719,0.023812939816047263,0.8915347710906719
1.0,0.9014670721835707,0.9014670721835707,0.9014670721835707,0.014670721835706835,1.0
1.0,0.8927887465162205,0.8927887465162205,0.7855774930324411,1.0,0.03509871864598457
1.0,0.8813218341806147,0.8813218341806147,0.7626436683612293,0.8813218341806147,0.050574673444917395
1.0,0.8698110890191761,0.8698110890191761,0.7396221780383523,0.7396221780383523,0.08867762313423289
1.0,0.8599719915971991,0.8599719915971991,0.7199439831943981,0.5799159747915971,0.15983194958319413
1.0,0.8541350085021054,0.8541350085021054,0.7082700170042109,0.41654003400842177,0.2706750425105272
1.0,0.8541350085021054,0.8541350085021054,0.7082700170042109,0.2706750425105272,0.41654003400842177
1.0,0.8599719915971991,0.8599719915971991,0.7199439831943981,0.15983194958319413,0.5799159747915971
1.0,0.8698110890191761,0.8698110890191761,0.7396221780383523,0.08867762313423289,0.7396221780383523
1.0,0.8813218341806147,0.8813218341806147,0.7626436683612293,0.050574673444917395,0.8813218341806147
1.0,0.8927887465162205,0.8927887465162205,0.7855774930324411,0.03509871864598457,1.0
1.0,0.8845299461620748,0.8845299461620748,0.6535898384862247,1.0,0.07623956929659881
1.0,0.8719631200671041,0.8719631200671041,0.615889360201312,0.8719631200671041,0.10374184046972834
1.0,0.8599719915971991,0.8599719915971991,0.5799159747915971,0.7199439831943981,0.15983194958319413
1.0,0.850928801500014,0.850928801500014,0.552786404500042,0.552786404500042,0.2546440075000701
1.0,0.8475014296673954,0.8475014296673954,0.5425042890021861,0.39000571866958145,0.39000571866958145
1.0,0.850928801500014,0.850928801500014,0.552786404500042,0.2546440075000701,0.552786404500042
1.0,0.8599719915971991,0.8599719915971991,0.5799159747915971,0.15983194958319413,0.7199439831943981
1.0,0.871963120067104,0.871963120067104,0.615889360201312,0.10374184046972812,0.871963120067104
1.0,0.8845299461620748,0.8845299461620748,0.6535898384862247,0.07623956929659881,1.0
1.0,0.8778305556436947,0.8778305556436947,0.5113222225747791,1.0,0.1448138895058636
1.0,0.8651600275073515,0.8651600275073515,0.4606401100294063,0.8651600275073515,0.1909601650441095
1.0,0.8541350085021054,0.8541350085021054,0.41654003400842177,0.7082700170042109,0.2706750425105272
1.0,0.8475014296673954,0.8475014296673954,0.39000571866958145,0.5425042890021861,0.39000571866958145
1.0,0.8475014296673953,0.8475014296673953,0.39000571866958134,0.39000571866958134,0.5425042890021861
1.0,0.8541350085021054,0.8541350085021054,0.41654003400842177,0.2706750425105272,0.7082700170042109
1.0,0.8651600275073515,0.8651600275073515,0.4606401100294063,0.1909601650441095,0.8651600275073515
1.0,0.8778305556436947,0.8778305556436947,0.5113222225747791,0.1448138895058636,1.0
1.0,0.8740118423302576,0.8740118423302576,0.37005921165128786,1.0,0.2440710539815455
1.0,0.862639436051311,0.862639436051311,0.31319718025655496,0.862639436051311,0.31319718025655496
1.0,0.8541350085021054,0.8541350085021054,0.2706750425105272,0.7082700170042109,0.41654003400842177
1.0,0.850928801500014,0.850928801500014,0.2546440075000701,0.552786404500042,0.552786404500042
1.0,0.8541350085021054,0.8541350085021054,0.2706750425105272,0.41654003400842177,0.7082700170042109
1.0,0.862639436051311,0.862639436051311,0.31319718025655485,0.31319718025655485,0.862639436051311
1.0,0.8740118423302576,0.8740118423302576,0.37005921165128786,0.2440710539815455,1.0
1.0,0.8740118423302576,0.8740118423302576,0.2440710539815455,1.0,0.37005921165128786
1.0,0.8651600275073515,0.8651600275073515,0.1909601650441095,0.8651600275073515,0.4606401100294063
1.0,0.8599719915971991,0.8599719915971991,0.15983194958319413,0.7199439831943981,0.5799159747915971
1.0,0.8599719915971991,0.8599719915971991,0.15983194958319413,0.5799159747915971,0.7199439831943981
1.0,0.8651600275073515,0.8651600275073515,0.1909601650441095,0.4606401100294063,0.8651600275073515
1.0,0.8740118423302576,0.8740118423302576,0.2440710539815455,0.37005921165128786,1.0
1.0,0.8778305556436947,0.8778305556436947,0.1448138895058636,1.0,0.5113222225747791
1.0,0.871963120067104,0.871963120067104,0.10374184046972812,0.871963120067104,0.615889360201312
1.0,0.8698110890191761,0.8698110890191761,0.08867762313423289,0.7396221780383523,0.7396221780383523
1.0,0.871963120067104,0.871963120067104,0.10374184046972812,0.615889360201312,0.871963120067104
1.0,0.8778305556436947,0.8778305556436947,0.1448138895058636,0.5113222225747791,1.0
1.0,0.8845299461620748,0.8845299461620748,0.07623956929659881,1.0,0.6535898384862247
1.0,0.8813218341806147,0.8813218341806147,0.050574673444917395,0.8813218341806147,0.7626436683612293
1.0,0.8813218341806147,0.8813218341806147,0.050574673444917395,0.7626436683612293,0.8813218341806147
1.0,0.8845299461620748,0.8845299461620748,0.07623956929659881,0.6535898384862247,1.0
1.0,0.8927887465162205,0.8927887465162205,0.03509871864598457,1.0,0.7855774930324411
1.0,0.8915347710906719,0.8915347710906719,0.023812939816047263,0.8915347710906719,0.8915347710906719
1.0,0.8927887465162205,0.8927887465162205,0.03509871864598457,0.7855774930324411,1.0
1.0,0.9014670721835707,0.9014670721835707,0.014670721835706835,1.0,0.9014670721835707
1.0,0.9014670721835707,0.9014670721835707,0.014670721835706835,0.9014670721835707,1.0
1.0,0.9098330365332568,0.9098330365332568,0.008163401865824427,1.0,1.0
1.0,0.9024099927051467,0.8048199854102933,1.0,1.0,0.024099927051466796
1.0,0.8927887465162205,0.7855774930324411,1.0,0.8927887465162205,0.03509871864598457
1.0,0.8829588528038694,0.7659177056077389,1.0,0.7659177056077389,0.06367082243095556
1.0,0.8740118423302576,0.7480236846605152,1.0,0.6220355269907727,0.11808289631180313
1.0,0.8675467642934956,0.7350935285869913,1.0,0.47018705717398246,0.20528058576097374
1.0,0.8651600275073515,0.7303200550147031,1.0,0.32580013753675785,0.32580013753675785
1.0,0.8675467642934956,0.7350935285869913,1.0,0.20528058576097374,0.47018705717398246
1.0,0.8740118423302576,0.7480236846605152,1.0,0.11808289631180313,0.6220355269907727
1.0,0.8829588528038694,0.7659177056077389,1.0,0.06367082243095556,0.7659177056077389
1.0,0.8927887465162205,0.7855774930324411,1.0,0.03509871864598457,0.8927887465162205
1.0,0.9024099927051467,0.8048199854102933,1.0,0.024099927051466796,1.0
1.0,0.8927887465162205,0.7855774930324411,0.8927887465162205,1.0,0.03509871864598457
1.0,0.8813218341806147,0.7626436683612293,0.8813218341806147,0.8813218341806147,0.050574673444917395
1.0,0.8698110890191761,0.7396221780383523,0.8698110890191761,0.7396221780383523,0.08867762313423289
1.0,0.8599719915971991,0.7199439831943981,0.8599719915971991,0.5799159747915971,0.15983194958319413
1.0,0.8541350085021054,0.7082700170042109,0.8541350085021054,0.41654003400842177,0.2706750425105272
1.0,0.8541350085021054,0.7082700170042109,0.8541350085021054,0.2706750425105272,0.41654003400842177
1.0,0.8599719915971991,0.7199439831943981,0.8599719915971991,0.15983194958319413,0.5799159747915971
1.0,0.8698110890191761,0.7396221780383523,0.8698110890191761,0.08867762313423289,0.7396221780383523
1.0,0.8813218341806147,0.7626436683612293,0.8813218341806147,0.050574673444917395,0.8813218341806147
1.0,0.8927887465162205,0.7855774930324411,0.8927887465162205,0.03509871864598457,1.0
1.0,0.8829588528038694,0.7659177056077389,0.7659177056077389,1.0,0.06367082243095556
1.0,0.8698110890191761,0.7396221780383523,0.7396221780383523,0.8698110890191761,0.08867762313423289
1.0,0.8571428571428572,0.7142857142857143,0.7142857142857143,0.7142857142857143,0.1428571428571429
1.0,0.8475014296673953,0.6950028593347907,0.6950028593347907,0.5425042890021861,0.23750714833697661
1.0,0.8438262381113939,0.6876524762227879,0.6876524762227879,0.3753049524455758,0.3753049524455758
1.0,0.8475014296673953,0.6950028593347907,0.6950028593347907,0.23750714833697661,0.5425042890021861
1.0,0.8571428571428572,0.7142857142857143,0.7142857142857143,0.1428571428571429,0.7142857142857143
1.0,0.8698110890191761,0.7396221780383523,0.7396221780383523,0.08867762313423289,0.8698110890191761
1.0,0.8829588528038694,0.7659177056077389,0.7659177056077389,0.06367082243095556,1.0
1.0,0.8740118423302576,0.7480236846605152,0.6220355269907727,1.0,0.11808289631180313
1.0,0.8599719915971991,0.7199439831943981,0.5799159747915971,0.8599719915971991,0.15983194958319413
1.0,0.8475014296673953,0.6950028593347907,0.5425042890021861,0.6950028593347907,0.23750714833697661
1.0,0.8398718461949128,0.6797436923898257,0.5196155385847385,0.5196155385847385,0.3594873847796515
1.0,0.8398718461949128,0.6797436923898257,0.5196155385847385,0.3594873847796515,0.5196155385847385
1.0,0.8475014296673953,0.6950028593347907,0.5425042890021861,0.23750714833697661,0.6950028593347907
1.0,0.8599719915971991,0.7199439831943981,0.5799159747915971,0.15983194958319413,0.8599719915971991
1.0,0.8740118423302576,0.7480236846605152,0.6220355269907727,0.11808289631180313,1.0
1.0,0.8675467642934956,0.7350935285869913,0.47018705717398246,1.0,0.20528058576097374
1.0,0.8541350085021054,0.7082700170042109,0.41654003400842177,0.8541350085021054,0.2706750425105272
1.0,0.8438262381113939,0.6876524762227879,0.3753049524455758,0.6876524762227879,0.3753049524455758
1.0,0.8398718461949128,0.6797436923898257,0.3594873847796515,0.5196155385847385,0.5196155385847385
1.0,0.8438262381113939,0.6876524762227879,0.3753049524455758,0.3753049524455758,0.6876524762227879
1.0,0.8541350085021054,0.7082700170042109,0.41654003400842177,0.2706750425105272,0.8541350085021054
1.0,0.8675467642934956,0.7350935285869913,0.47018705717398246,0.20528058576097374,1.0
1.0,0.8651600275073515,0.7303200550147031,0.32580013753675785,1.0,0.32580013753675785
1.0,0.8541350085021054,0.7082700170042109,0.2706750425105272,0.8541350085021054,0.41654003400842177
1.0,0.8475014296673953,0.6950028593347907,0.23750714833697661,0.6950028593347907,0.5425042890021861
1.0,0.8475014296673953,0.6950028593347907,0.23750714833697661,0.5425042890021861,0.6950028593347907
1.0,0.8541350085021054,0.7082700170042109,0.2706750425105272,0.41654003400842177,0.8541350085021054
1.0,0.8651600275073515,0.7303200550147031,0.32580013753675785,0.32580013753675785,1.0
1.0,0.8675467642934956,0.7350935285869913,0.20528058576097374,1.0,0.47018705717398246
1.0,0.8599719915971991,0.7199439831943981,0.15983194958319413,0.8599719915971991,0.5799159747915971
1.0,0.8571428571428572,0.7142857142857143,0.1428571428571429,0.7142857142857143,0.7142857142857143
1.0,0.8599719915971991,0.7199439831943981,0.15983194958319413,0.5799159747915971,0.8599719915971991
1.0,0.8675467642934956,0.7350935285869913,0.20528058576097374,0.47018705717398246,1.0
1.0,0.8740118423302576,0.7480236846605152,0.11808289631180313,1.0,0.6220355269907727
1.0,0.8698110890191761,0.7396221780383523,0.08867762313423289,0.8698110890191761,0.7396221780383523
1.0,0.8698110890191761,0.7396221780383523,0.08867762313423289,0.7396221780383523,0.8698110890191761
1.0,0.8740118423302576,0.7480236846605152,0.11808289631180313,0.6220355269907727,1.0
1.0,0.8829588528038694,0.7659177056077389,0.06367082243095556,1.0,0.7659177056077389
1.0,0.8813218341806146,0.7626436683612293,0.05057467344491717,0.8813218341806146,0.8813218341806146
1.0,0.8829588528038694,0.7659177056077389,0.06367082243095556,0.7659177056077389,1.0
1.0,0.8927887465162205,0.7855774930324411,0.03509871864598457,1.0,0.8927887465162205
1.0,0.8927887465162205,0.7855774930324411,0.03509871864598457,0.8927887465162205,1.0
1.0,0.9024099927051467,0.8048199854102933,0.024099927051466796,1.0,1.0
1.0,0.8951715163278081,0.6855145489834245,1.0,1.0,0.056543646950273474
1.0,0.8845299461620748,0.6535898384862247,1.0,0.8845299461620748,0.07623956929659881
1.0,0.8740118423302576,0.6220355269907727,1.0,0.7480236846605152,0.11808289631180313
1.0,0.8651600275073515,0.5954800825220548,1.0,0.5954800825220548,0.1909601650441095
1.0,0.8599719915971991,0.579915974791597,1.0,0.439887966388796,0.29985995798599496
1.0,0.8599719915971991,0.579915974791597,1.0,0.29985995798599496,0.439887966388796
1.0,0.8651600275073515,0.5954800825220548,1.0,0.1909601650441095,0.5954800825220548
1.0,0.8740118423302576,0.6220355269907727,1.0,0.11808289631180313,0.7480236846605152
1.0,0.8845299461620748,0.6535898384862247,1.0,0.07623956929659881,0.8845299461620748
1.0,0.8951715163278081,0.6855145489834245,1.0,0.056543646950273474,1.0
1.0,0.8845299461620748,0.6535898384862247,0.8845299461620748,1.0,0.07623956929659881
1.0,0.8719631200671041,0.615889360201312,0.8719631200671041,0.8719631200671041,0.10374184046972834
1.0,0.8599719915971991,0.5799159747915971,0.8599719915971991,0.7199439831943981,0.15983194958319413
1.0,0.850928801500014,0.552786404500042,0.850928801500014,0.552786404500042,0.2546440075000701
1.0,0.8475014296673954,0.5425042890021861,0.8475014296673954,0.39000571866958145,0.39000571866958145
1.0,0.850928801500014,0.552786404500042,0.850928801500014,0.2546440075000701,0.552786404500042
1.0,0.8599719915971991,0.5799159747915971,0.8599719915971991,0.15983194958319413,0.7199439831943981
1.0,0.871963120067104,0.615889360201312,0.871963120067104,0.10374184046972812,0.871963120067104
1.0,0.8845299461620748,0.6535898384862247,0.8845299461620748,0.07623956929659881,1.0
1.0,0.8740118423302576,0.6220355269907727,0.7480236846605152,1.0,0.11808289631180313
1.0,0.8599719915971991,0.5799159747915971,0.7199439831943981,0.8599719915971991,0.15983194958319413
1.0,0.8475014296673953,0.5425042890021861,0.6950028593347907,0.6950028593347907,0.23750714833697661
1.0,0.8398718461949128,0.5196155385847385,0.6797436923898257,0.5196155385847385,0.3594873847796515
1.0,0.8398718461949128,0.5196155385847385,0.6797436923898257,0.3594873847796515,0.5196155385847385
1.0,0.8475014296673953,0.5425042890021861,0.6950028593347907,0.23750714833697661,0.6950028593347907
1.0,0.8599719915971991,0.5799159747915971,0.7199439831943981,0.15983194958319413,0.8599719915971991
1.0,0.8740118423302576,0.6220355269907727,0.7480236846605152,0.11808289631180313,1.0
1.0,0.8651600275073515,0.5954800825220548,0.5954800825220548,1.0,0.1909601650441095
1.0,0.850928801500014,0.552786404500042,0.552786404500042,0.850928801500014,0.2546440075000701
1.0,0.8398718461949128,0.5196155385847385,0.5196155385847385,0.6797436923898257,0.3594873847796515
1.0,0.8356010126946427,0.5068030380839281,0.5068030380839281,0.5068030380839281,0.5068030380839281
1.0,0.8398718461949128,0.5196155385847385,0.5196155385847385,0.3594873847796515,0.6797436923898257
1.0,0.850928801500014,0.552786404500042,0.552786404500042,0.2546440075000701,0.850928801500014
1.0,0.8651600275073515,0.5954800825220548,0.5954800825220548,0.1909601650441095,1.0
1.0,0.8599719915971991,0.579915974791597,0.439887966388796,1.0,0.29985995798599496
1.0,0.8475014296673953,0.5425042890021861,0.39000571866958134,0.8475014296673953,0.39000571866958134
1.0,0.8398718461949128,0.5196155385847385,0.3594873847796515,0.6797436923898257,0.5196155385847385
1.0,0.8398718461949128,0.5196155385847385,0.3594873847796515,0.5196155385847385,0.6797436923898257
1.0,0.8475014296673953,0.5425042890021861,0.39000571866958134,0.39000571866958134,0.8475014296673953
1.0,0.8599719915971991,0.579915974791597,0.439887966388796,0.29985995798599496,1.0
1.0,0.8599719915971991,0.579915974791597,0.29985995798599496,1.0,0.439887966388796
1.0,0.850928801500014,0.552786404500042,0.2546440075000701,0.850928801500014,0.552786404500042
1.0,0.8475014296673953,0.5425042890021861,0.23750714833697661,0.6950028593347907,0.6950028593347907
1.0,0.850928801500014,0.552786404500042,0.2546440075000701,0.552786404500042,0.850928801500014
1.0,0.8599719915971991,0.579915974791597,0.29985995798599496,0.439887966388796,1.0
1.0,0.8651600275073515,0.5954800825220548,0.1909601650441095,1.0,0.5954800825220548
1.0,0.8599719915971991,0.5799159747915971,0.15983194958319413,0.8599719915971991,0.7199439831943981
1.0,0.8599719915971991,0.5799159747915971,0.15983194958319413,0.7199439831943981,0.8599719915971991
1.0,0.8651600275073515,0.5954800825220548,0.1909601650441095,0.5954800825220548,1.0
1.0,0.8740118423302576,0.6220355269907727,0.11808289631180313,1.0,0.7480236846605152
1.0,0.871963120067104,0.615889360201312,0.10374184046972812,0.871963120067104,0.871963120067104
1.0,0.8740118423302576,0.6220355269907727,0.11808289631180313,0.7480236846605152,1.0
1.0,0.8845299461620748,0.6535898384862247,0.07623956929659881,1.0,0.8845299461620748
1.0,0.8845299461620748,0.6535898384862247,0.07623956929659881,0.8845299461620748,1.0
1.0,0.8951715163278081,0.6855145489834245,0.056543646950273474,1.0,1.0
1.0,0.8888888888888888,0.5555555555555556,1.0,1.0,0.11111111111111116
1.0,0.8778305556436947,0.5113222225747791,1.0,0.8778305556436947,0.1448138895058636
1.0,0.8675467642934956,0.47018705717398246,1.0,0.7350935285869913,0.20528058576097374
1.0,0.8599719915971991,0.439887966388796,1.0,0.579915974791597,0.29985995798599496
1.0,0.8571428571428572,0.4285714285714286,1.0,0.4285714285714286,0.4285714285714286
1.0,0.8599719915971991,0.4398879663887961,1.0,0.2998599579859952,0.5799159747915971
1.0,0.8675467642934956,0.47018705717398246,1.0,0.20528058576097374,0.7350935285869913
1.0,0.8778305556436947,0.5113222225747791,1.0,0.14481388950586338,0.8778305556436947
1.0,0.8888888888888888,0.5555555555555556,1.0,0.11111111111111116,1.0
1.0,0.8778305556436947,0.5113222225747791,0.8778305556436947,1.0,0.1448138895058636
1.0,0.8651600275073515,0.4606401100294063,0.8651600275073515,0.8651600275073515,0.1909601650441095
1.0,0.8541350085021054,0.41654003400842177,0.8541350085021054,0.7082700170042109,0.2706750425105272
1.0,0.8475014296673954,0.39000571866958145,0.8475014296673954,0.5425042890021861,0.39000571866958145
1.0,0.8475014296673953,0.39000571866958134,0.8475014296673953,0.39000571866958134,0.5425042890021861
1.0,0.8541350085021054,0.41654003400842177,0.8541350085021054,0.2706750425105272,0.7082700170042109
1.0,0.8651600275073515,0.4606401100294063,0.8651600275073515,0.1909601650441095,0.8651600275073515
1.0,0.8778305556436947,0.5113222225747791,0.8778305556436947,0.1448138895058636,1.0
1.0,0.8675467642934956,0.47018705717398246,0.7350935285869913,1.0,0.20528058576097374
1.0,0.8541350085021054,0.41654003400842177,0.7082700170042109,0.8541350085021054,0.2706750425105272
1.0,0.8438262381113939,0.3753049524455758,0.6876524762227879,0.6876524762227879,0.3753049524455758
1.0,0.8398718461949128,0.3594873847796515,0.6797436923898257,0.5196155385847385,0.5196155385847385
1.0,0.8438262381113939,0.3753049524455758,0.6876524762227879,0.3753049524455758,0.6876524762227879
1.0,0.8541350085021054,0.41654003400842177,0.7082700170042109,0.2706750425105272,0.8541350085021054
1.0,0.8675467642934956,0.47018705717398246,0.7350935285869913,0.20528058576097374,1.0
1.0,0.8599719915971991,0.439887966388796,0.579915974791597,1.0,0.29985995798599496
1.0,0.8475014296673953,0.39000571866958134,0.5425042890021861,0.8475014296673953,0.39000571866958134
1.0,0.8398718461949128,0.3594873847796515,0.5196155385847385,0.6797436923898257,0.5196155385847385
1.0,0.8398718461949128,0.3594873847796515,0.5196155385847385,0.5196155385847385,0.6797436923898257
1.0,0.8475014296673953,0.39000571866958134,0.5425042890021861,0.39000571866958134,0.8475014296673953
1.0,0.8599719915971991,0.439887966388796,0.579915974791597,0.29985995798599496,1.0
1.0,0.8571428571428572,0.4285714285714286,0.4285714285714286,1.0,0.4285714285714286
1.0,0.8475014296673953,0.39000571866958134,0.39000571866958134,0.8475014296673953,0.5425042890021861
1.0,0.8438262381113939,0.3753049524455758,0.3753049524455758,0.6876524762227879,0.6876524762227879
1.0,0.8475014296673953,0.39000571866958134,0.39000571866958134,0.5425042890021861,0.8475014296673953
1.0,0.8571428571428572,0.4285714285714286,0.4285714285714286,0.4285714285714286,1.0
1.0,0.8599719915971991,0.4398879663887961,0.2998599579859952,1.0,0.5799159747915971
1.0,0.8541350085021054,0.41654003400842177,0.2706750425105272,0.8541350085021054,0.7082700170042109
1.0,0.8541350085021054,0.41654003400842177,0.2706750425105272,0.7082700170042109,0.8541350085021054
1.0,0.8599719915971991,0.4398879663887961,0.2998599579859952,0.5799159747915971,1.0
1.0,0.8675467642934956,0.47018705717398246,0.20528058576097374,1.0,0.7350935285869913
1.0,0.8651600275073515,0.4606401100294063,0.1909601650441095,0.8651600275073515,0.8651600275073515
1.0,0.8675467642934956,0.47018705717398246,0.20528058576097374,0.7350935285869913,1.0
1.0,0.8778305556436947,0.5113222225747791,0.14481388950586338,1.0,0.8778305556436947
1.0,0.8778305556436947,0.5113222225747791,0.14481388950586338,0.8778305556436947,1.0
1.0,0.8888888888888888,0.5555555555555556,0.11111111111111116,1.0,1.0
1.0,0.8845299461620748,0.42264973081037416,1.0,1.0,0.1917096231345239
1.0,0.8740118423302576,0.37005921165128786,1.0,0.8740118423302576,0.2440710539815455
1.0,0.8651600275073515,0.32580013753675785,1.0,0.7303200550147031,0.32580013753675785
1.0,0.8599719915971991,0.29985995798599496,1.0,0.579915974791597,0.439887966388796
1.0,0.8599719915971991,0.2998599579859952,1.0,0.4398879663887961,0.5799159747915971
1.0,0.8651600275073515,0.32580013753675785,1.0,0.32580013753675785,0.7303200550147031
1.0,0.8740118423302576,0.37005921165128786,1.0,0.2440710539815455,0.8740118423302576
1.0,0.8845299461620748,0.42264973081037416,1.0,0.1917096231345239,1.0
1.0,0.8740118423302576,0.37005921165128786,0.8740118423302576,1.0,0.2440710539815455
1.0,0.862639436051311,0.31319718025655496,0.862639436051311,0.862639436051311,0.31319718025655496
1.0,0.8541350085021054,0.2706750425105272,0.8541350085021054,0.7082700170042109,0.41654003400842177
1.0,0.850928801500014,0.2546440075000701,0.850928801500014,0.552786404500042,0.552786404500042
1.0,0.8541350085021054,0.2706750425105272,0.8541350085021054,0.41654003400842177,0.7082700170042109
1.0,0.862639436051311,0.31319718025655485,0.862639436051311,0.31319718025655485,0.862639436051311
1.0,0.8740118423302576,0.37005921165128786,0.8740118423302576,0.2440710539815455,1.0
1.0,0.8651600275073515,0.32580013753675785,0.7303200550147031,1.0,0.32580013753675785
1.0,0.8541350085021054,0.2706750425105272,0.7082700170042109,0.8541350085021054,0.41654003400842177
1.0,0.8475014296673953,0.23750714833697661,0.6950028593347907,0.6950028593347907,0.5425042890021861
1.0,0.8475014296673953,0.23750714833697661,0.6950028593347907,0.5425042890021861,0.6950028593347907
1.0,0.8541350085021054,0.2706750425105272,0.7082700170042109,0.41654003400842177,0.8541350085021054
1.0,0.8651600275073515,0.32580013753675785,0.7303200550147031,0.32580013753675785,1.0
1.0,0.8599719915971991,0.29985995798599496,0.579915974791597,1.0,0.439887966388796
1.0,0.850928801500014,0.2546440075000701,0.552786404500042,0.850928801500014,0.552786404500042
1.0,0.8475014296673953,0.23750714833697661,0.5425042890021861,0.6950028593347907,0.6950028593347907
1.0,0.850928801500014,0.2546440075000701,0.552786404500042,0.552786404500042,0.850928801500014
1.0,0.8599719915971991,0.29985995798599496,0.579915974791597,0.439887966388796,1.0
1.0,0.8599719915971991,0.2998599579859952,0.4398879663887961,1.0,0.5799159747915971
1.0,0.8541350085021054,0.2706750425105272,0.41654003400842177,0.8541350085021054,0.7082700170042109
1.0,0.8541350085021054,0.2706750425105272,0.41654003400842177,0.7082700170042109,0.8541350085021054
1.0,0.8599719915971991,0.2998599579859952,0.4398879663887961,0.5799159747915971,1.0
1.0,0.8651600275073515,0.32580013753675785,0.32580013753675785,1.0,0.7303200550147031
1.0,0.862639436051311,0.31319718025655485,0.31319718025655485,0.862639436051311,0.862639436051311
1.0,0.8651600275073515,0.32580013753675785,0.32580013753675785,0.7303200550147031,1.0
1.0,0.8740118423302576,0.37005921165128786,0.2440710539815455,1.0,0.8740118423302576
1.0,0.8740118423302576,0.37005921165128786,0.2440710539815455,0.8740118423302576,1.0
1.0,0.8845299461620748,0.42264973081037416,0.1917096231345239,1.0,1.0
1.0,0.8829588528038694,0.2977531168232166,1.0,1.0,0.2977531168232166
1.0,0.8740118423302576,0.2440710539815455,1.0,0.8740118423302576,0.37005921165128786
1.0,0.8675467642934956,0.20528058576097374,1.0,0.7350935285869913,0.47018705717398246
1.0,0.8651600275073515,0.1909601650441095,1.0,0.5954800825220548,0.5954800825220548
1.0,0.8675467642934956,0.20528058576097374,1.0,0.47018705717398246,0.7350935285869913
1.0,0.8740118423302576,0.2440710539815455,1.0,0.37005921165128786,0.8740118423302576
1.0,0.8829588528038694,0.2977531168232166,1.0,0.2977531168232166,1.0
1.0,0.8740118423302576,0.2440710539815455,0.8740118423302576,1.0,0.37005921165128786
1.0,0.8651600275073515,0.1909601650441095,0.8651600275073515,0.8651600275073515,0.4606401100294063
1.0,0.8599719915971991,0.15983194958319413,0.8599719915971991,0.7199439831943981,0.5799159747915971
1.0,0.8599719915971991,0.15983194958319413,0.8599719915971991,0.5799159747915971,0.7199439831943981
1.0,0.8651600275073515,0.1909601650441095,0.8651600275073515,0.4606401100294063,0.8651600275073515
1.0,0.8740118423302576,0.2440710539815455,0.8740118423302576,0.37005921165128786,1.0
1.0,0.8675467642934956,0.20528058576097374,0.7350935285869913,1.0,0.47018705717398246
1.0,0.8599719915971991,0.15983194958319413,0.7199439831943981,0.8599719915971991,0.5799159747915971
1.0,0.8571428571428572,0.1428571428571429,0.7142857142857143,0.7142857142857143,0.7142857142857143
1.0,0.8599719915971991,0.15983194958319413,0.7199439831943981,0.5799159747915971,0.8599719915971991
1.0,0.8675467642934956,0.20528058576097374,0.7350935285869913,0.47018705717398246,1.0
1.0,0.8651600275073515,0.1909601650441095,0.5954800825220548,1.0,0.5954800825220548
1.0,0.8599719915971991,0.15983194958319413,0.5799159747915971,0.8599719915971991,0.7199439831943981
1.0,0.8599719915971991,0.15983194958319413,0.5799159747915971,0.7199439831943981,0.8599719915971991
1.0,0.8651600275073515,0.1909601650441095,0.5954800825220548,0.5954800825220548,1.0
1.0,0.8675467642934956,0.20528058576097374,0.47018705717398246,1.0,0.7350935285869913
1.0,0.8651600275073515,0.1909601650441095,0.4606401100294063,0.8651600275073515,0.8651600275073515
1.0,0.8675467642934956,0.20528058576097374,0.47018705717398246,0.7350935285869913,1.0
1.0,0.8740118423302576,0.2440710539815455,0.37005921165128786,1.0,0.8740118423302576
1.0,0.8740118423302576,0.2440710539815455,0.37005921165128786,0.8740118423302576,1.0
1.0,0.8829588528038694,0.2977531168232166,0.2977531168232166,1.0,1.0
1.0,0.8845299461620748,0.1917096231345239,1.0,1.0,0.42264973081037416
1.0,0.8778305556436947,0.14481388950586338,1.0,0.8778305556436947,0.5113222225747791
1.0,0.8740118423302576,0.11808289631180313,1.0,0.7480236846605152,0.6220355269907727
1.0,0.8740118423302576,0.11808289631180313,1.0,0.6220355269907727,0.7480236846605152
1.0,0.8778305556436947,0.14481388950586338,1.0,0.5113222225747791,0.8778305556436947
1.0,0.8845299461620748,0.1917096231345239,1.0,0.42264973081037416,1.0
1.0,0.8778305556436947,0.14481388950586338,0.8778305556436947,1.0,0.5113222225747791
1.0,0.871963120067104,0.10374184046972812,0.871963120067104,0.871963120067104,0.615889360201312
1.0,0.8698110890191761,0.08867762313423289,0.8698110890191761,0.7396221780383523,0.7396221780383523
1.0,0.871963120067104,0.10374184046972812,0.871963120067104,0.615889360201312,0.871963120067104
1.0,0.8778305556436947,0.14481388950586338,0.8778305556436947,0.5113222225747791,1.0
1.0,0.8740118423302576,0.11808289631180313,0.7480236846605152,1.0,0.6220355269907727
1.0,0.8698110890191761,0.08867762313423289,0.7396221780383523,0.8698110890191761,0.7396221780383523
1.0,0.8698110890191761,0.08867762313423289,0.7396221780383523,0.7396221780383523,0.8698110890191761
1.0,0.8740118423302576,0.11808289631180313,0.7480236846605152,0.6220355269907727,1.0
1.0,0.8740118423302576,0.11808289631180313,0.6220355269907727,1.0,0.7480236846605152
1.0,0.871963120067104,0.10374184046972812,0.615889360201312,0.871963120067104,0.871963120067104
1.0,0.8740118423302576,0.11808289631180313,0.6220355269907727,0.7480236846605152,1.0
1.0,0.8778305556436947,0.14481388950586338,0.5113222225747791,1.0,0.8778305556436947
1.0,0.8778305556436947,0.14481388950586338,0.5113222225747791,0.8778305556436947,1.0
1.0,0.8845299461620748,0.1917096231345239,0.42264973081037416,1.0,1.0
1.0,0.8888888888888888,0.11111111111111105,1.0,1.0,0.5555555555555556
1.0,0.8845299461620748,0.0762395692965987,1.0,0.8845299461620748,0.6535898384862244
1.0,0.8829588528038694,0.06367082243095556,1.0,0.7659177056077389,0.7659177056077389
1.0,0.8845299461620748,0.0762395692965987,1.0,0.6535898384862244,0.8845299461620748
1.0,0.8888888888888888,0.11111111111111105,1.0,0.5555555555555556,1.0
1.0,0.8845299461620748,0.0762395692965987,0.8845299461620748,1.0,0.6535898384862244
1.0,0.8813218341806146,0.05057467344491717,0.8813218341806146,0.8813218341806146,0.7626436683612293
1.0,0.8813218341806146,0.05057467344491717,0.8813218341806146,0.7626436683612293,0.8813218341806146
1.0,0.8845299461620748,0.0762395692965987,0.8845299461620748,0.6535898384862244,1.0
1.0,0.8829588528038694,0.06367082243095556,0.7659177056077389,1.0,0.7659177056077389
1.0,0.8813218341806146,0.05057467344491717,0.7626436683612293,0.8813218341806146,0.8813218341806146
1.0,0.8829588528038694,0.06367082243095556,0.7659177056077389,0.7659177056077389,1.0
1.0,0.8845299461620748,0.0762395692965987,0.6535898384862244,1.0,0.8845299461620748
1.0,0.8845299461620748,0.0762395692965987,0.6535898384862244,0.8845299461620748,1.0
1.0,0.8888888888888888,0.11111111111111105,0.5555555555555556,1.0,1.0
1.0,0.8951715163278081,0.056543646950273474,1.0,1.0,0.6855145489834245
1.0,0.8927887465162205,0.03509871864598457,1.0,0.8927887465162205,0.7855774930324411
1.0,0.8927887465162205,0.03509871864598457,1.0,0.7855774930324411,0.8927887465162205
1.0,0.8951715163278081,0.056543646950273474,1.0,0.6855145489834245,1.0
1.0,0.8927887465162205,0.03509871864598457,0.8927887465162205,1.0,0.7855774930324411
1.0,0.8915347710906719,0.023812939816047263,0.8915347710906719,0.8915347710906719,0.8915347710906719
1.0,0.8927887465162205,0.03509871864598457,0.8927887465162205,0.7855774930324411,1.0
1.0,0.8927887465162205,0.03509871864598457,0.7855774930324411,1.0,0.8927887465162205
1.0,0.8927887465162205,0.03509871864598457,0.7855774930324411,0.8927887465162205,1.0
1.0,0.8951715163278081,0.056543646950273474,0.6855145489834245,1.0,1.0
1.0,0.9024099927051467,0.024099927051466796,1.0,1.0,0.8048199854102933
1.0,0.9014670721835707,0.014670721835706835,1.0,0.9014670721835707,0.9014670721835707
1.0,0.9024099927051467,0.024099927051466796,1.0,0.8048199854102933,1.0
1.0,0.9014670721835707,0.014670721835706835,0.9014670721835707,1.0,0.9014670721835707
1.0,0.9014670721835707,0.014670721835706835,0.9014670721835707,0.9014670721835707,1.0
1.0,0.9024099927051467,0.024099927051466796,0.8048199854102933,1.0,1.0
1.0,0.9098330365332568,0.008163401865824538,1.0,1.0,0.9098330365332568
1.0,0.9098330365332568,0.008163401865824538,1.0,0.9098330365332568,1.0
1.0,0.9098330365332568,0.008163401865824538,0.9098330365332568,1.0,1.0
1.0,0.91695452014626,0.003454241755120435,1.0,1.0,1.0
1.0,0.8211145618000169,1.0,1.0,1.0,0.01613008990009246
1.0,0.8048199854102933,1.0,1.0,0.9024099927051467,0.024099927051466796
1.0,0.7880004239987279,1.0,1.0,0.7880004239987279,0.04600190799427606
1.0,0.772078847080724,1.0,1.0,0.6581182706210862,0.08831538832289643
1.0,0.7592282938284616,1.0,1.0,0.5184565876569232,0.15729902839961563
1.0,0.7519305308215831,1.0,1.0,0.3798263270539577,0.25579159246474925
1.0,0.7519305308215831,1.0,1.0,0.25579159246474925,0.3798263270539577
1.0,0.7592282938284616,1.0,1.0,0.15729902839961563,0.5184565876569232
1.0,0.772078847080724,1.0,1.0,0.08831538832289643,0.6581182706210862
1.0,0.7880004239987279,1.0,1.0,0.04600190799427606,0.7880004239987279
1.0,0.8048199854102933,1.0,1.0,0.024099927051466796,0.9024099927051467
1.0,0.8211145618000169,1.0,1.0,0.01613008990009246,1.0
1.0,0.8048199854102933,1.0,0.9024099927051467,1.0,0.024099927051466796
1.0,0.7855774930324411,1.0,0.8927887465162205,0.8927887465162205,0.03509871864598457
1.0,0.7659177056077389,1.0,0.8829588528038694,0.7659177056077389,0.06367082243095556
1.0,0.7480236846605152,1.0,0.8740118423302576,0.6220355269907727,0.11808289631180313
1.0,0.7350935285869913,1.0,0.8675467642934956,0.47018705717398246,0.20528058576097374
1.0,0.7303200550147031,1.0,0.8651600275073515,0.32580013753675785,0.32580013753675785
1.0,0.7350935285869913,1.0,0.8675467642934956,0.20528058576097374,0.47018705717398246
1.0,0.7480236846605152,1.0,0.8740118423302576,0.11808289631180313,0.6220355269907727
1.0,0.7659177056077389,1.0,0.8829588528038694,0.06367082243095556,0.7659177056077389
1.0,0.7855774930324411,1.0,0.8927887465162205,0.03509871864598457,0.8927887465162205
1.0,0.8048199854102933,1.0,0.9024099927051467,0.024099927051466796,1.0
1.0,0.7880004239987279,1.0,0.7880004239987279,1.0,0.04600190799427606
1.0,0.7659177056077389,1.0,0.7659177056077389,0.8829588528038694,0.06367082243095556
1.0,0.7439262401342079,1.0,0.7439262401342079,0.7439262401342079,0.10374184046972812
1.0,0.725278872102622,1.0,0.725278872102622,0.587918308153933,0.17583661630786596
1.0,0.7142857142857143,1.0,0.7142857142857143,0.4285714285714286,0.2857142857142858
1.0,0.7142857142857143,1.0,0.7142857142857143,0.2857142857142858,0.4285714285714286
1.0,0.725278872102622,1.0,0.725278872102622,0.17583661630786596,0.587918308153933
1.0,0.743926240134208,1.0,0.743926240134208,0.10374184046972834,0.743926240134208
1.0,0.7659177056077389,1.0,0.7659177056077389,0.06367082243095556,0.8829588528038694
1.0,0.7880004239987279,1.0,0.7880004239987279,0.04600190799427606,1.0
1.0,0.772078847080724,1.0,0.6581182706210862,1.0,0.08831538832289643
1.0,0.7480236846605152,1.0,0.6220355269907727,0.8740118423302576,0.11808289631180313
1.0,0.725278872102622,1.0,0.587918308153933,0.725278872102622,0.17583661630786596
1.0,0.7082700170042109,1.0,0.5624050255063163,0.5624050255063163,0.2706750425105272
1.0,0.7018576030000281,1.0,0.552786404500042,0.40371520600005606,0.40371520600005606
1.0,0.7082700170042109,1.0,0.5624050255063163,0.2706750425105272,0.5624050255063163
1.0,0.725278872102622,1.0,0.587918308153933,0.17583661630786596,0.725278872102622
1.0,0.7480236846605152,1.0,0.6220355269907727,0.11808289631180313,0.8740118423302576
1.0,0.772078847080724,1.0,0.6581182706210862,0.08831538832289643,1.0
1.0,0.7592282938284616,1.0,0.5184565876569232,1.0,0.15729902839961563
1.0,0.7350935285869913,1.0,0.47018705717398246,0.8675467642934956,0.20528058576097374
1.0,0.7142857142857143,1.0,0.4285714285714286,0.7142857142857143,0.2857142857142858
1.0,0.7018576030000281,1.0,0.40371520600005606,0.552786404500042,0.40371520600005606
1.0,0.7018576030000281,1.0,0.40371520600005606,0.40371520600005606,0.552786404500042
1.0,0.7142857142857143,1.0,0.4285714285714286,0.2857142857142858,0.7142857142857143
1.0,0.7350935285869913,1.0,0.47018705717398246,0.20528058576097374,0.8675467642934956
1.0,0.7592282938284616,1.0,0.5184565876569232,0.15729902839961563,1.0
1.0,0.7519305308215831,1.0,0.3798263270539577,1.0,0.25579159246474925
1.0,0.7303200550147031,1.0,0.32580013753675785,0.8651600275073515,0.32580013753675785
1.0,0.7142857142857143,1.0,0.2857142857142858,0.7142857142857143,0.4285714285714286
1.0,0.7082700170042109,1.0,0.2706750425105272,0.5624050255063163,0.5624050255063163
1.0,0.7142857142857143,1.0,0.2857142857142858,0.4285714285714286,0.7142857142857143
1.0,0.7303200550147031,1.0,0.32580013753675785,0.32580013753675785,0.8651600275073515
1.0,0.7519305308215831,1.0,0.3798263270539577,0.25579159246474925,1.0
1.0,0.7519305308215831,1.0,0.25579159246474925,1.0,0.3798263270539577
1.0,0.7350935285869913,1.0,0.20528058576097374,0.8675467642934956,0.47018705717398246
1.0,0.725278872102622,1.0,0.17583661630786596,0.725278872102622,0.587918308153933
1.0,0.725278872102622,1.0,0.17583661630786596,0.587918308153933,0.725278872102622
1.0,0.7350935285869913,1.0,0.20528058576097374,0.47018705717398246,0.8675467642934956
1.0,0.7519305308215831,1.0,0.25579159246474925,0.3798263270539577,1.0
1.0,0.7592282938284616,1.0,0.15729902839961563,1.0,0.5184565876569232
1.0,0.7480236846605152,1.0,0.11808289631180313,0.8740118423302576,0.6220355269907727
1.0,0.743926240134208,1.0,0.10374184046972834,0.743926240134208,0.743926240134208
1.0,0.7480236846605152,1.0,0.11808289631180313,0.6220355269907727,0.8740118423302576
1.0,0.7592282938284616,1.0,0.15729902839961563,0.5184565876569232,1.0
1.0,0.772078847080724,1.0,0.08831538832289643,1.0,0.6581182706210862
1.0,0.7659177056077389,1.0,0.06367082243095556,0.8829588528038694,0.7659177056077389
1.0,0.7659177056077389,1.0,0.06367082243095556,0.7659177056077389,0.8829588528038694
1.0,0.772078847080724,1.0,0.08831538832289643,0.6581182706210862,1.0
1.0,0.7880004239987279,1.0,0.04600190799427606,1.0,0.7880004239987279
1.0,0.7855774930324411,1.0,0.03509871864598457,0.8927887465162205,0.8927887465162205
1.0,0.7880004239987279,1.0,0.04600190799427606,0.7880004239987279,1.0
1.0,0.8048199854102933,1.0,0.024099927051466796,1.0,0.9024099927051467
1.0,0.8048199854102933,1.0,0.024099927051466796,0.9024099927051467,1.0
1.0,0.8211145618000169,1.0,0.01613008990009246,1.0,1.0
1.0,0.8048199854102933,0.9024099927051467,1.0,1.0,0.024099927051466796
1.0,0.7855774930324411,0.8927887465162205,1.0,0.8927887465162205,0.03509871864598457
1.0,0.7659177056077389,0.8829588528038694,1.0,0.7659177056077389,0.06367082243095556
1.0,0.7480236846605152,0.8740118423302576,1.0,0.6220355269907727,0.11808289631180313
1.0,0.7350935285869913,0.8675467642934956,1.0,0.47018705717398246,0.20528058576097374
1.0,0.7303200550147031,0.8651600275073515,1.0,0.32580013753675785,0.32580013753675785
1.0,0.7350935285869913,0.8675467642934956,1.0,0.20528058576097374,0.47018705717398246
1.0,0.7480236846605152,0.8740118423302576,1.0,0.11808289631180313,0.6220355269907727
1.0,0.7659177056077389,0.8829588528038694,1.0,0.06367082243095556,0.7659177056077389
1.0,0.7855774930324411,0.8927887465162205,1.0,0.03509871864598457,0.8927887465162205
1.0,0.8048199854102933,0.9024099927051467,1.0,0.024099927051466796,1.0
1.0,0.7855774930324411,0.8927887465162205,0.8927887465162205,1.0,0.03509871864598457
1.0,0.7626436683612293,0.8813218341806147,0.8813218341806147,0.8813218341806147,0.050574673444917395
1.0,0.7396221780383523,0.8698110890191761,0.8698110890191761,0.7396221780383523,0.08867762313423289
1.0,0.7199439831943981,0.8599719915971991,0.8599719915971991,0.5799159747915971,0.15983194958319413
1.0,0.7082700170042109,0.8541350085021054,0.8541350085021054,0.41654003400842177,0.2706750425105272
1.0,0.7082700170042109,0.8541350085021054,0.8541350085021054,0.2706750425105272,0.41654003400842177
1.0,0.7199439831943981,0.8599719915971991,0.8599719915971991,0.15983194958319413,0.5799159747915971
1.0,0.7396221780383523,0.8698110890191761,0.8698110890191761,0.08867762313423289,0.7396221780383523
1.0,0.7626436683612293,0.8813218341806147,0.8813218341806147,0.050574673444917395,0.8813218341806147
1.0,0.7855774930324411,0.8927887465162205,0.8927887465162205,0.03509871864598457,1.0
1.0,0.7659177056077389,0.8829588528038694,0.7659177056077389,1.0,0.06367082243095556
1.0,0.7396221780383523,0.8698110890191761,0.7396221780383523,0.8698110890191761,0.08867762313423289
1.0,0.7142857142857143,0.8571428571428572,0.7142857142857143,0.7142857142857143,0.1428571428571429
1.0,0.6950028593347907,0.8475014296673953,0.6950028593347907,0.5425042890021861,0.23750714833697661
1.0,0.6876524762227879,0.8438262381113939,0.6876524762227879,0.3753049524455758,0.3753049524455758
1.0,0.6950028593347907,0.8475014296673953,0.6950028593347907,0.23750714833697661,0.5425042890021861
1.0,0.7142857142857143,0.8571428571428572,0.7142857142857143,0.1428571428571429,0.7142857142857143
1.0,0.7396221780383523,0.8698110890191761,0.7396221780383523,0.08867762313423289,0.8698110890191761
1.0,0.7659177056077389,0.8829588528038694,0.7659177056077389,0.06367082243095556,1.0
1.0,0.7480236846605152,0.8740118423302576,0.6220355269907727,1.0,0.11808289631180313
1.0,0.7199439831943981,0.8599719915971991,0.5799159747915971,0.8599719915971991,0.15983194958319413
1.0,0.6950028593347907,0.8475014296673953,0.5425042890021861,0.6950028593347907,0.23750714833697661
1.0,0.6797436923898257,0.8398718461949128,0.5196155385847385,0.5196155385847385,0.3594873847796515
1.0,0.6797436923898257,0.8398718461949128,0.5196155385847385,0.3594873847796515,0.5196155385847385
1.0,0.6950028593347907,0.8475014296673953,0.5425042890021861,0.23750714833697661,0.6950028593347907
1.0,0.7199439831943981,0.8599719915971991,0.5799159747915971,0.15983194958319413,0.8599719915971991
1.0,0.7480236846605152,0.8740118423302576,0.6220355269907727,0.11808289631180313,1.0
1.0,0.7350935285869913,0.8675467642934956,0.47018705717398246,1.0,0.20528058576097374
1.0,0.7082700170042109,0.8541350085021054,0.41654003400842177,0.8541350085021054,0.2706750425105272
1.0,0.6876524762227879,0.8438262381113939,0.3753049524455758,0.6876524762227879,0.3753049524455758
1.0,0.6797436923898257,0.8398718461949128,0.3594873847796515,0.5196155385847385,0.5196155385847385
1.0,0.6876524762227879,0.8438262381113939,0.3753049524455758,0.3753049524455758,0.6876524762227879
1.0,0.7082700170042109,0.8541350085021054,0.41654003400842177,0.2706750425105272,0.8541350085021054
1.0,0.7350935285869913,0.8675467642934956,0.47018705717398246,0.20528058576097374,1.0
1.0,0.7303200550147031,0.8651600275073515,0.32580013753675785,1.0,0.32580013753675785
1.0,0.7082700170042109,0.8541350085021054,0.2706750425105272,0.8541350085021054,0.41654003400842177
1.0,0.6950028593347907,0.8475014296673953,0.23750714833697661,0.6950028593347907,0.5425042890021861
1.0,0.6950028593347907,0.8475014296673953,0.23750714833697661,0.5425042890021861,0.6950028593347907
1.0,0.7082700170042109,0.8541350085021054,0.2706750425105272,0.41654003400842177,0.8541350085021054
1.0,0.7303200550147031,0.8651600275073515,0.32580013753675785,0.32580013753675785,1.0
1.0,0.7350935285869913,0.8675467642934956,0.20528058576097374,1.0,0.47018705717398246
1.0,0.7199439831943981,0.8599719915971991,0.15983194958319413,0.8599719915971991,0.5799159747915971
1.0,0.7142857142857143,0.8571428571428572,0.1428571428571429,0.7142857142857143,0.7142857142857143
1.0,0.7199439831943981,0.8599719915971991,0.15983194958319413,0.5799159747915971,0.8599719915971991
1.0,0.7350935285869913,0.8675467642934956,0.20528058576097374,0.47018705717398246,1.0
1.0,0.7480236846605152,0.8740118423302576,0.11808289631180313,1.0,0.6220355269907727
1.0,0.7396221780383523,0.8698110890191761,0.08867762313423289,0.8698110890191761,0.7396221780383523
1.0,0.7396221780383523,0.8698110890191761,0.08867762313423289,0.7396221780383523,0.8698110890191761
1.0,0.7480236846605152,0.8740118423302576,0.11808289631180313,0.6220355269907727,1.0
1.0,0.7659177056077389,0.8829588528038694,0.06367082243095556,1.0,0.7659177056077389
1.0,0.7626436683612293,0.8813218341806146,0.05057467344491717,0.8813218341806146,0.8813218341806146
1.0,0.7659177056077389,0.8829588528038694,0.06367082243095556,0.7659177056077389,1.0
1.0,0.7855774930324411,0.8927887465162205,0.03509871864598457,1.0,0.8927887465162205
1.0,0.7855774930324411,0.8927887465162205,0.03509871864598457,0.8927887465162205,1.0
1.0,0.8048199854102933,0.9024099927051467,0.024099927051466796,1.0,1.0
1.0,0.7880004239987279,0.7880004239987279,1.0,1.0,0.04600190799427606
1.0,0.7659177056077389,0.7659177056077389,1.0,0.8829588528038694,0.06367082243095556
1.0,0.7439262401342079,0.7439262401342079,1.0,0.7439262401342079,0.10374184046972812
1.0,0.725278872102622,0.725278872102622,1.0,0.587918308153933,0.17583661630786596
1.0,0.7142857142857143,0.7142857142857143,1.0,0.4285714285714286,0.2857142857142858
1.0,0.7142857142857143,0.7142857142857143,1.0,0.2857142857142858,0.4285714285714286
1.0,0.725278872102622,0.725278872102622,1.0,0.17583661630786596,0.587918308153933
1.0,0.743926240134208,0.743926240134208,1.0,0.10374184046972834,0.743926240134208
1.0,0.7659177056077389,0.7659177056077389,1.0,0.06367082243095556,0.8829588528038694
1.0,0.7880004239987279,0.7880004239987279,1.0,0.04600190799427606,1.0
1.0,0.7659177056077389,0.7659177056077389,0.8829588528038694,1.0,0.06367082243095556
1.0,0.7396221780383523,0.7396221780383523,0.8698110890191761,0.8698110890191761,0.08867762313423289
1.0,0.7142857142857143,0.7142857142857143,0.8571428571428572,0.7142857142857143,0.1428571428571429
1.0,0.6950028593347907,0.6950028593347907,0.8475014296673953,0.5425042890021861,0.23750714833697661
1.0,0.6876524762227879,0.6876524762227879,0.8438262381113939,0.3753049524455758,0.3753049524455758
1.0,0.6950028593347907,0.6950028593347907,0.8475014296673953,0.23750714833697661,0.5425042890021861
1.0,0.7142857142857143,0.7142857142857143,0.8571428571428572,0.1428571428571429,0.7142857142857143
1.0,0.7396221780383523,0.7396221780383523,0.8698110890191761,0.08867762313423289,0.8698110890191761
1.0,0.7659177056077389,0.7659177056077389,0.8829588528038694,0.06367082243095556,1.0
1.0,0.7439262401342079,0.7439262401342079,0.7439262401342079,1.0,0.10374184046972812
1.0,0.7142857142857143,0.7142857142857143,0.7142857142857143,0.8571428571428572,0.1428571428571429
1.0,0.6876524762227878,0.6876524762227878,0.6876524762227878,0.6876524762227878,0.2191311905569696
1.0,0.6712020253892854,0.6712020253892854,0.6712020253892854,0.5068030380839281,0.34240405077857083
1.0,0.6712020253892854,0.6712020253892854,0.6712020253892854,0.34240405077857083,0.5068030380839281
1.0,0.6876524762227878,0.6876524762227878,0.6876524762227878,0.2191311905569696,0.6876524762227878
1.0,0.7142857142857142,0.7142857142857142,0.7142857142857142,0.1428571428571428,0.8571428571428571
1.0,0.7439262401342079,0.7439262401342079,0.7439262401342079,0.10374184046972812,1.0
1.0,0.725278872102622,0.725278872102622,0.587918308153933,1.0,0.17583661630786596
1.0,0.6950028593347907,0.6950028593347907,0.5425042890021861,0.8475014296673953,0.23750714833697661
1.0,0.6712020253892854,0.6712020253892854,0.5068030380839281,0.6712020253892854,0.34240405077857083
1.0,0.6619382981085933,0.6619382981085933,0.49290744716289003,0.49290744716289003,0.49290744716289003
1.0,0.6712020253892854,0.6712020253892854,0.5068030380839281,0.34240405077857083,0.6712020253892854
1.0,0.6950028593347907,0.6950028593347907,0.5425042890021861,0.23750714833697661,0.8475014296673953
1.0,0.725278872102622,0.725278872102622,0.587918308153933,0.17583661630786596,1.0
1.0,0.7142857142857143,0.7142857142857143,0.4285714285714286,1.0,0.2857142857142858
1.0,0.6876524762227878,0.6876524762227878,0.3753049524455757,0.8438262381113939,0.3753049524455757
1.0,0.6712020253892854,0.6712020253892854,0.34240405077857083,0.6712020253892854,0.5068030380839281
1.0,0.6712020253892854,0.6712020253892854,0.34240405077857083,0.5068030380839281,0.6712020253892854
1.0,0.6876524762227878,0.6876524762227878,0.3753049524455757,0.3753049524455757,0.8438262381113939
1.0,0.7142857142857143,0.7142857142857143,0.4285714285714286,0.2857142857142858,1.0
1.0,0.7142857142857143,0.7142857142857143,0.2857142857142858,1.0,0.4285714285714286
1.0,0.6950028593347907,0.6950028593347907,0.23750714833697661,0.8475014296673953,0.5425042890021861
1.0,0.6876524762227878,0.6876524762227878,0.2191311905569696,0.6876524762227878,0.6876524762227878
1.0,0.6950028593347907,0.6950028593347907,0.23750714833697661,0.5425042890021861,0.8475014296673953
1.0,0.7142857142857143,0.7142857142857143,0.2857142857142858,0.4285714285714286,1.0
1.0,0.725278872102622,0.725278872102622,0.17583661630786596,1.0,0.587918308153933
1.0,0.7142857142857143,0.7142857142857143,0.1428571428571429,0.8571428571428572,0.7142857142857143
1.0,0.7142857142857143,0.7142857142857143,0.1428571428571429,0.7142857142857143,0.8571428571428572
1.0,0.725278872102622,0.725278872102622,0.17583661630786596,0.587918308153933,1.0
1.0,0.743926240134208,0.743926240134208,0.10374184046972834,1.0,0.743926240134208
1.0,0.7396221780383523,0.7396221780383523,0.08867762313423289,0.8698110890191761,0.8698110890191761
1.0,0.743926240134208,0.743926240134208,0.10374184046972834,0.743926240134208,1.0
1.0,0.7659177056077389,0.7659177056077389,0.06367082243095556,1.0,0.8829588528038694
1.0,0.7659177056077389,0.7659177056077389,0.06367082243095556,0.8829588528038694,1.0
1.0,0.7880004239987279,0.7880004239987279,0.04600190799427606,1.0,1.0
1.0,0.772078847080724,0.6581182706210862,1.0,1.0,0.08831538832289643
1.0,0.7480236846605152,0.6220355269907727,1.0,0.8740118423302576,0.11808289631180313
1.0,0.725278872102622,0.587918308153933,1.0,0.725278872102622,0.17583661630786596
1.0,0.7082700170042109,0.5624050255063163,1.0,0.5624050255063163,0.2706750425105272
1.0,0.7018576030000281,0.552786404500042,1.0,0.40371520600005606,0.40371520600005606
1.0,0.7082700170042109,0.5624050255063163,1.0,0.2706750425105272,0.5624050255063163
1.0,0.725278872102622,0.587918308153933,1.0,0.17583661630786596,0.725278872102622
1.0,0.7480236846605152,0.6220355269907727,1.0,0.11808289631180313,0.8740118423302576
1.0,0.772078847080724,0.6581182706210862,1.0,0.08831538832289643,1.0
1.0,0.7480236846605152,0.6220355269907727,0.8740118423302576,1.0,0.11808289631180313
1.0,0.7199439831943981,0.5799159747915971,0.8599719915971991,0.8599719915971991,0.15983194958319413
1.0,0.6950028593347907,0.5425042890021861,0.8475014296673953,0.6950028593347907,0.23750714833697661
1.0,0.6797436923898257,0.5196155385847385,0.8398718461949128,0.5196155385847385,0.3594873847796515
1.0,0.6797436923898257,0.5196155385847385,0.8398718461949128,0.3594873847796515,0.5196155385847385
1.0,0.6950028593347907,0.5425042890021861,0.8475014296673953,0.23750714833697661,0.6950028593347907
1.0,0.7199439831943981,0.5799159747915971,0.8599719915971991,0.15983194958319413,0.8599719915971991
1.0,0.7480236846605152,0.6220355269907727,0.8740118423302576,0.11808289631180313,1.0
1.0,0.725278872102622,0.587918308153933,0.725278872102622,1.0,0.17583661630786596
1.0,0.6950028593347907,0.5425042890021861,0.6950028593347907,0.8475014296673953,0.23750714833697661
1.0,0.6712020253892854,0.5068030380839281,0.6712020253892854,0.6712020253892854,0.34240405077857083
1.0,0.6619382981085933,0.49290744716289003,0.6619382981085933,0.49290744716289003,0.49290744716289003
1.0,0.6712020253892854,0.5068030380839281,0.6712020253892854,0.34240405077857083,0.6712020253892854
1.0,0.6950028593347907,0.5425042890021861,0.6950028593347907,0.23750714833697661,0.8475014296673953
1.0,0.725278872102622,0.587918308153933,0.725278872102622,0.17583661630786596,1.0
1.0,0.7082700170042109,0.5624050255063163,0.5624050255063163,1.0,0.2706750425105272
1.0,0.6797436923898257,0.5196155385847385,0.5196155385847385,0.8398718461949128,0.3594873847796515
1.0,0.6619382981085933,0.49290744716289003,0.49290744716289003,0.6619382981085933,0.49290744716289003
1.0,0.6619382981085933,0.49290744716289003,0.49290744716289003,0.49290744716289003,0.6619382981085933
1.0,0.6797436923898257,0.5196155385847385,0.5196155385847385,0.3594873847796515,0.8398718461949128
1.0,0.7082700170042109,0.5624050255063163,0.5624050255063163,0.2706750425105272,1.0
1.0,0.7018576030000281,0.552786404500042,0.40371520600005606,1.0,0.40371520600005606
1.0,0.6797436923898257,0.5196155385847385,0.3594873847796515,0.8398718461949128,0.5196155385847385
1.0,0.6712020253892854,0.5068030380839281,0.34240405077857083,0.6712020253892854,0.6712020253892854
1.0,0.6797436923898257,0.5196155385847385,0.3594873847796515,0.5196155385847385,0.8398718461949128
1.0,0.7018576030000281,0.552786404500042,0.40371520600005606,0.40371520600005606,1.0
1.0,0.7082700170042109,0.5624050255063163,0.2706750425105272,1.0,0.5624050255063163
1.0,0.6950028593347907,0.5425042890021861,0.23750714833697661,0.8475014296673953,0.6950028593347907
1.0,0.6950028593347907,0.5425042890021861,0.23750714833697661,0.6950028593347907,0.8475014296673953
1.0,0.7082700170042109,0.5624050255063163,0.2706750425105272,0.5624050255063163,1.0
1.0,0.725278872102622,0.587918308153933,0.17583661630786596,1.0,0.725278872102622
1.0,0.719943983194398,0.579915974791597,0.15983194958319402,0.8599719915971991,0.8599719915971991
1.0,0.725278872102622,0.587918308153933,0.17583661630786596,0.725278872102622,1.0
1.0,0.7480236846605152,0.6220355269907727,0.11808289631180313,1.0,0.8740118423302576
1.0,0.7480236846605152,0.6220355269907727,0.11808289631180313,0.8740118423302576,1.0
1.0,0.772078847080724,0.6581182706210862,0.08831538832289643,1.0,1.0
1.0,0.7592282938284616,0.5184565876569232,1.0,1.0,0.15729902839961563
1.0,0.7350935285869913,0.47018705717398246,1.0,0.8675467642934956,0.20528058576097374
1.0,0.7142857142857143,0.4285714285714286,1.0,0.7142857142857143,0.2857142857142858
1.0,0.7018576030000281,0.40371520600005606,1.0,0.552786404500042,0.40371520600005606
1.0,0.7018576030000281,0.40371520600005606,1.0,0.40371520600005606,0.552786404500042
1.0,0.7142857142857143,0.4285714285714286,1.0,0.2857142857142858,0.7142857142857143
1.0,0.7350935285869913,0.47018705717398246,1.0,0.20528058576097374,0.8675467642934956
1.0,0.7592282938284616,0.5184565876569232,1.0,0.15729902839961563,1.0
1.0,0.7350935285869913,0.47018705717398246,0.8675467642934956,1.0,0.20528058576097374
1.0,0.7082700170042109,0.41654003400842177,0.8541350085021054,0.8541350085021054,0.2706750425105272
1.0,0.6876524762227879,0.3753049524455758,0.8438262381113939,0.6876524762227879,0.3753049524455758
1.0,0.6797436923898257,0.3594873847796515,0.8398718461949128,0.5196155385847385,0.5196155385847385
1.0,0.6876524762227879,0.3753049524455758,0.8438262381113939,0.3753049524455758,0.6876524762227879
1.0,0.7082700170042109,0.41654003400842177,0.8541350085021054,0.2706750425105272,0.8541350085021054
1.0,0.7350935285869913,0.47018705717398246,0.8675467642934956,0.20528058576097374,1.0
1.0,0.7142857142857143,0.4285714285714286,0.7142857142857143,1.0,0.2857142857142858
1.0,0.6876524762227879,0.3753049524455758,0.6876524762227879,0.8438262381113939,0.3753049524455758
1.0,0.6712020253892854,0.34240405077857095,0.6712020253892854,0.6712020253892854,0.5068030380839281
1.0,0.6712020253892854,0.34240405077857095,0.6712020253892854,0.5068030380839281,0.6712020253892854
1.0,0.6876524762227879,0.3753049524455758,0.6876524762227879,0.3753049524455758,0.8438262381113939
1.0,0.7142857142857143,0.4285714285714286,0.7142857142857143,0.2857142857142858,1.0
1.0,0.7018576030000281,0.40371520600005606,0.552786404500042,1.0,0.40371520600005606
1.0,0.6797436923898258,0.3594873847796516,0.5196155385847386,0.8398718461949128,0.5196155385847386
1.0,0.6712020253892854,0.34240405077857095,0.5068030380839281,0.6712020253892854,0.6712020253892854
1.0,0.6797436923898257,0.3594873847796515,0.5196155385847385,0.5196155385847385,0.8398718461949128
1.0,0.7018576030000281,0.40371520600005606,0.552786404500042,0.40371520600005606,1.0
1.0,0.7018576030000281,0.40371520600005606,0.40371520600005606,1.0,0.552786404500042
1.0,0.6876524762227879,0.3753049524455758,0.3753049524455758,0.8438262381113939,0.6876524762227879
1.0,0.6876524762227879,0.3753049524455758,0.3753049524455758,0.6876524762227879,0.8438262381113939
1.0,0.7018576030000281,0.40371520600005606,0.40371520600005606,0.552786404500042,1.0
1.0,0.7142857142857143,0.4285714285714286,0.2857142857142858,1.0,0.7142857142857143
1.0,0.7082700170042109,0.41654003400842177,0.2706750425105272,0.8541350085021054,0.8541350085021054
1.0,0.7142857142857143,0.4285714285714286,0.2857142857142858,0.7142857142857143,1.0
1.0,0.7350935285869913,0.47018705717398246,0.20528058576097374,1.0,0.8675467642934956
1.0,0.7350935285869913,0.47018705717398246,0.20528058576097374,0.8675467642934956,1.0
1.0,0.7592282938284616,0.5184565876569232,0.15729902839961563,1.0,1.0
1.0,0.7519305308215831,0.3798263270539577,1.0,1.0,0.25579159246474925
1.0,0.7303200550147031,0.32580013753675785,1.0,0.8651600275073515,0.32580013753675785
1.0,0.7142857142857143,0.2857142857142858,1.0,0.7142857142857143,0.4285714285714286
1.0,0.7082700170042109,0.2706750425105272,1.0,0.5624050255063163,0.5624050255063163
1.0,0.7142857142857143,0.2857142857142858,1.0,0.4285714285714286,0.7142857142857143
1.0,0.7303200550147031,0.32580013753675785,1.0,0.32580013753675785,0.8651600275073515
1.0,0.7519305308215831,0.3798263270539577,1.0,0.25579159246474925,1.0
1.0,0.7303200550147031,0.32580013753675785,0.8651600275073515,1.0,0.32580013753675785
1.0,0.7082700170042109,0.2706750425105272,0.8541350085021054,0.8541350085021054,0.41654003400842177
1.0,0.6950028593347907,0.23750714833697661,0.8475014296673953,0.6950028593347907,0.5425042890021861
1.0,0.6950028593347907,0.23750714833697661,0.8475014296673953,0.5425042890021861,0.6950028593347907
1.0,0.7082700170042109,0.2706750425105272,0.8541350085021054,0.41654003400842177,0.8541350085021054
1.0,0.7303200550147031,0.32580013753675785,0.8651600275073515,0.32580013753675785,1.0
1.0,0.7142857142857143,0.2857142857142858,0.7142857142857143,1.0,0.4285714285714286
1.0,0.6950028593347907,0.23750714833697661,0.6950028593347907,0.8475014296673953,0.5425042890021861
1.0,0.6876524762227879,0.21913119055696972,0.6876524762227879,0.6876524762227879,0.6876524762227879
1.0,0.6950028593347907,0.23750714833697661,0.6950028593347907,0.5425042890021861,0.8475014296673953
1.0,0.7142857142857143,0.2857142857142858,0.7142857142857143,0.4285714285714286,1.0
1.0,0.7082700170042109,0.2706750425105272,0.5624050255063163,1.0,0.5624050255063163
1.0,0.6950028593347907,0.23750714833697661,0.5425042890021861,0.8475014296673953,0.6950028593347907
1.0,0.6950028593347907,0.23750714833697661,0.5425042890021861,0.6950028593347907,0.8475014296673953
1.0,0.7082700170042109,0.2706750425105272,0.5624050255063163,0.5624050255063163,1.0
1.0,0.7142857142857143,0.2857142857142858,0.4285714285714286,1.0,0.7142857142857143
1.0,0.7082700170042109,0.2706750425105272,0.41654003400842177,0.8541350085021054,0.8541350085021054
1.0,0.7142857142857143,0.2857142857142858,0.4285714285714286,0.7142857142857143,1.0
1.0,0.7303200550147031,0.32580013753675785,0.32580013753675785,1.0,0.8651600275073515
1.0,0.7303200550147031,0.32580013753675785,0.32580013753675785,0.8651600275073515,1.0
1.0,0.7519305308215831,0.3798263270539577,0.25579159246474925,1.0,1.0
1.0,0.7519305308215831,0.25579159246474925,1.0,1.0,0.3798263270539577
1.0,0.7350935285869913,0.20528058576097374,1.0,0.8675467642934956,0.47018705717398246
1.0,0.725278872102622,0.17583661630786596,1.0,0.725278872102622,0.587918308153933
1.0,0.725278872102622,0.17583661630786596,1.0,0.587918308153933,0.725278872102622
1.0,0.7350935285869913,0.20528058576097374,1.0,0.47018705717398246,0.8675467642934956
1.0,0.7519305308215831,0.25579159246474925,1.0,0.3798263270539577,1.0
1.0,0.7350935285869913,0.20528058576097374,0.8675467642934956,1.0,0.47018705717398246
1.0,0.7199439831943981,0.15983194958319413,0.8599719915971991,0.8599719915971991,0.5799159747915971
1.0,0.7142857142857143,0.1428571428571429,0.8571428571428572,0.7142857142857143,0.7142857142857143
1.0,0.7199439831943981,0.15983194958319413,0.8599719915971991,0.5799159747915971,0.8599719915971991
1.0,0.7350935285869913,0.20528058576097374,0.8675467642934956,0.47018705717398246,1.0
1.0,0.725278872102622,0.17583661630786596,0.725278872102622,1.0,0.587918308153933
1.0,0.7142857142857143,0.1428571428571429,0.7142857142857143,0.8571428571428572,0.7142857142857143
1.0,0.7142857142857143,0.1428571428571429,0.7142857142857143,0.7142857142857143,0.8571428571428572
1.0,0.725278872102622,0.17583661630786596,0.725278872102622,0.587918308153933,1.0
1.0,0.725278872102622,0.17583661630786596,0.587918308153933,1.0,0.725278872102622
1.0,0.719943983194398,0.15983194958319402,0.579915974791597,0.8599719915971991,0.8599719915971991
1.0,0.725278872102622,0.17583661630786596,0.587918308153933,0.725278872102622,1.0
1.0,0.7350935285869913,0.20528058576097374,0.47018705717398246,1.0,0.8675467642934956
1.0,0.7350935285869913,0.20528058576097374,0.47018705717398246,0.8675467642934956,1.0
1.0,0.7519305308215831,0.25579159246474925,0.3798263270539577,1.0,1.0
1.0,0.7592282938284616,0.15729902839961563,1.0,1.0,0.5184565876569232
1.0,0.7480236846605152,0.11808289631180313,1.0,0.8740118423302576,0.6220355269907727
1.0,0.743926240134208,0.10374184046972834,1.0,0.743926240134208,0.743926240134208
1.0,0.7480236846605152,0.11808289631180313,1.0,0.6220355269907727,0.8740118423302576
1.0,0.7592282938284616,0.15729902839961563,1.0,0.5184565876569232,1.0
1.0,0.7480236846605152,0.11808289631180313,0.8740118423302576,1.0,0.6220355269907727
1.0,0.7396221780383523,0.08867762313423289,0.8698110890191761,0.8698110890191761,0.7396221780383523
1.0,0.7396221780383523,0.08867762313423289,0.8698110890191761,0.7396221780383523,0.8698110890191761
1.0,0.7480236846605152,0.11808289631180313,0.8740118423302576,0.6220355269907727,1.0
1.0,0.743926240134208,0.10374184046972834,0.743926240134208,1.0,0.743926240134208
1.0,0.7396221780383523,0.08867762313423289,0.7396221780383523,0.8698110890191761,0.8698110890191761
1.0,0.743926240134208,0.10374184046972834,0.743926240134208,0.743926240134208,1.0
1.0,0.7480236846605152,0.11808289631180313,0.6220355269907727,1.0,0.8740118423302576
1.0,0.7480236846605152,0.11808289631180313,0.6220355269907727,0.8740118423302576,1.0
1.0,0.7592282938284616,0.15729902839961563,0.5184565876569232,1.0,1.0
1.0,0.772078847080724,0.08831538832289643,1.0,1.0,0.6581182706210862
1.0,0.7659177056077389,0.06367082243095556,1.0,0.8829588528038694,0.7659177056077389
1.0,0.7659177056077389,0.06367082243095556,1.0,0.7659177056077389,0.8829588528038694
1.0,0.772078847080724,0.08831538832289643,1.0,0.6581182706210862,1.0
1.0,0.7659177056077389,0.06367082243095556,0.8829588528038694,1.0,0.7659177056077389
1.0,0.7626436683612293,0.05057467344491717,0.8813218341806146,0.8813218341806146,0.8813218341806146
1.0,0.7659177056077389,0.06367082243095556,0.8829588528038694,0.7659177056077389,1.0
1.0,0.7659177056077389,0.06367082243095556,0.7659177056077389,1.0,0.8829588528038694
1.0,0.7659177056077389,0.06367082243095556,0.7659177056077389,0.8829588528038694,1.0
1.0,0.772078847080724,0.08831538832289643,0.6581182706210862,1.0,1.0
1.0,0.7880004239987279,0.04600190799427606,1.0,1.0,0.7880004239987279
1.0,0.7855774930324411,0.03509871864598457,1.0,0.8927887465162205,0.8927887465162205
1.0,0.7880004239987279,0.04600190799427606,1.0,0.7880004239987279,1.0
1.0,0.7855774930324411,0.03509871864598457,0.8927887465162205,1.0,0.8927887465162205
1.0,0.7855774930324411,0.03509871864598457,0.8927887465162205,0.8927887465162205,1.0
1.0,0.7880004239987279,0.04600190799427606,0.7880004239987279,1.0,1.0
1.0,0.8048199854102933,0.024099927051466796,1.0,1.0,0.9024099927051467
1.0,0.8048199854102933,0.024099927051466796,1.0,0.9024099927051467,1.0
1.0,0.8048199854102933,0.024099927051466796,0.9024099927051467,1.0,1.0
1.0,0.8211145618000169,0.01613008990009246,1.0,1.0,1.0
1.0,0.7126521144336546,1.0,1.0,1.0,0.04217371477884857
1.0,0.6855145489834245,1.0,1.0,0.8951715163278081,0.056543646950273474
1.0,0.6581182706210862,1.0,1.0,0.772078847080724,0.08831538832289643
1.0,0.6334916669310844,1.0,1.0,0.6334916669310844,0.1448138895058636
1.0,0.615889360201312,1.0,1.0,0.4878524802684161,0.23177872040262415
1.0,0.6094332670575284,1.0,1.0,0.3490554450958806,0.3490554450958806
1.0,0.615889360201312,1.0,1.0,0.23177872040262415,0.4878524802684161
1.0,0.6334916669310843,1.0,1.0,0.14481388950586338,0.6334916669310843
1.0,0.6581182706210862,1.0,1.0,0.08831538832289643,0.772078847080724
1.0,0.6855145489834245,1.0,1.0,0.056543646950273474,0.8951715163278081
1.0,0.7126521144336546,1.0,1.0,0.04217371477884857,1.0
1.0,0.6855145489834245,1.0,0.8951715163278081,1.0,0.056543646950273474
1.0,0.6535898384862247,1.0,0.8845299461620748,0.8845299461620748,0.07623956929659881
1.0,0.6220355269907727,1.0,0.8740118423302576,0.7480236846605152,0.11808289631180313
1.0,0.5954800825220548,1.0,0.8651600275073515,0.5954800825220548,0.1909601650441095
1.0,0.579915974791597,1.0,0.8599719915971991,0.439887966388796,0.29985995798599496
1.0,0.579915974791597,1.0,0.8599719915971991,0.29985995798599496,0.439887966388796
1.0,0.5954800825220548,1.0,0.8651600275073515,0.1909601650441095,0.5954800825220548
1.0,0.6220355269907727,1.0,0.8740118423302576,0.11808289631180313,0.7480236846605152
1.0,0.6535898384862247,1.0,0.8845299461620748,0.07623956929659881,0.8845299461620748
1.0,0.6855145489834245,1.0,0.8951715163278081,0.056543646950273474,1.0
1.0,0.6581182706210862,1.0,0.772078847080724,1.0,0.08831538832289643
1.0,0.6220355269907727,1.0,0.7480236846605152,0.8740118423302576,0.11808289631180313
1.0,0.587918308153933,1.0,0.725278872102622,0.725278872102622,0.17583661630786596
1.0,0.5624050255063163,1.0,0.7082700170042109,0.5624050255063163,0.2706750425105272
1.0,0.552786404500042,1.0,0.7018576030000281,0.40371520600005606,0.40371520600005606
1.0,0.5624050255063163,1.0,0.7082700170042109,0.2706750425105272,0.5624050255063163
1.0,0.587918308153933,1.0,0.725278872102622,0.17583661630786596,0.725278872102622
1.0,0.6220355269907727,1.0,0.7480236846605152,0.11808289631180313,0.8740118423302576
1.0,0.6581182706210862,1.0,0.772078847080724,0.08831538832289643,1.0
1.0,0.6334916669310844,1.0,0.6334916669310844,1.0,0.1448138895058636
1.0,0.5954800825220548,1.0,0.5954800825220548,0.8651600275073515,0.1909601650441095
1.0,0.5624050255063163,1.0,0.5624050255063163,0.7082700170042109,0.2706750425105272
1.0,0.5425042890021861,1.0,0.5425042890021861,0.5425042890021861,0.39000571866958145
1.0,0.5425042890021861,1.0,0.5425042890021861,0.39000571866958134,0.5425042890021861
1.0,0.5624050255063163,1.0,0.5624050255063163,0.2706750425105272,0.7082700170042109
1.0,0.5954800825220548,1.0,0.5954800825220548,0.1909601650441095,0.8651600275073515
1.0,0.6334916669310844,1.0,0.6334916669310844,0.1448138895058636,1.0
1.0,0.615889360201312,1.0,0.4878524802684161,1.0,0.23177872040262415
1.0,0.5799159747915971,1.0,0.4398879663887961,0.8599719915971991,0.2998599579859952
1.0,0.552786404500042,1.0,0.40371520600005606,0.7018576030000281,0.40371520600005606
1.0,0.5425042890021861,1.0,0.39000571866958134,0.5425042890021861,0.5425042890021861
1.0,0.552786404500042,1.0,0.40371520600005606,0.40371520600005606,0.7018576030000281
1.0,0.5799159747915971,1.0,0.4398879663887961,0.2998599579859952,0.8599719915971991
1.0,0.615889360201312,1.0,0.4878524802684161,0.23177872040262415,1.0
1.0,0.6094332670575284,1.0,0.3490554450958806,1.0,0.3490554450958806
1.0,0.5799159747915971,1.0,0.2998599579859952,0.8599719915971991,0.4398879663887961
1.0,0.5624050255063163,1.0,0.2706750425105272,0.7082700170042109,0.5624050255063163
1.0,0.5624050255063163,1.0,0.2706750425105272,0.5624050255063163,0.7082700170042109
1.0,0.5799159747915971,1.0,0.2998599579859952,0.4398879663887961,0.8599719915971991
1.0,0.6094332670575284,1.0,0.3490554450958806,0.3490554450958806,1.0
1.0,0.615889360201312,1.0,0.23177872040262415,1.0,0.4878524802684161
1.0,0.5954800825220548,1.0,0.1909601650441095,0.8651600275073515,0.5954800825220548
1.0,0.587918308153933,1.0,0.17583661630786596,0.725278872102622,0.725278872102622
1.0,0.5954800825220548,1.0,0.1909601650441095,0.5954800825220548,0.8651600275073515
1.0,0.615889360201312,1.0,0.23177872040262415,0.4878524802684161,1.0
1.0,0.6334916669310843,1.0,0.14481388950586338,1.0,0.6334916669310843
1.0,0.6220355269907727,1.0,0.11808289631180313,0.8740118423302576,0.7480236846605152
1.0,0.6220355269907727,1.0,0.11808289631180313,0.7480236846605152,0.8740118423302576
1.0,0.6334916669310843,1.0,0.14481388950586338,0.6334916669310843,1.0
1.0,0.6581182706210862,1.0,0.08831538832289643,1.0,0.772078847080724
1.0,0.6535898384862244,1.0,0.0762395692965987,0.8845299461620748,0.8845299461620748
1.0,0.6581182706210862,1.0,0.08831538832289643,0.772078847080724,1.0
1.0,0.6855145489834245,1.0,0.056543646950273474,1.0,0.8951715163278081
1.0,0.6855145489834245,1.0,0.056543646950273474,0.8951715163278081,1.0
1.0,0.7126521144336546,1.0,0.04217371477884857,1.0,1.0
1.0,0.6855145489834245,0.8951715163278081,1.0,1.0,0.056543646950273474
1.0,0.6535898384862247,0.8845299461620748,1.0,0.8845299461620748,0.07623956929659881
1.0,0.6220355269907727,0.8740118423302576,1.0,0.7480236846605152,0.11808289631180313
1.0,0.5954800825220548,0.8651600275073515,1.0,0.5954800825220548,0.1909601650441095
1.0,0.579915974791597,0.8599719915971991,1.0,0.439887966388796,0.29985995798599496
1.0,0.579915974791597,0.8599719915971991,1.0,0.29985995798599496,0.439887966388796
1.0,0.5954800825220548,0.8651600275073515,1.0,0.1909601650441095,0.5954800825220548
1.0,0.6220355269907727,0.8740118423302576,1.0,0.11808289631180313,0.7480236846605152
1.0,0.6535898384862247,0.8845299461620748,1.0,0.07623956929659881,0.8845299461620748
1.0,0.6855145489834245,0.8951715163278081,1.0,0.056543646950273474,1.0
1.0,0.6535898384862247,0.8845299461620748,0.8845299461620748,1.0,0.07623956929659881
1.0,0.615889360201312,0.8719631200671041,0.8719631200671041,0.8719631200671041,0.10374184046972834
1.0,0.5799159747915971,0.8599719915971991,0.8599719915971991,0.7199439831943981,0.15983194958319413
1.0,0.552786404500042,0.850928801500014,0.850928801500014,0.552786404500042,0.2546440075000701
1.0,0.5425042890021861,0.8475014296673954,0.8475014296673954,0.39000571866958145,0.39000571866958145
1.0,0.552786404500042,0.850928801500014,0.850928801500014,0.2546440075000701,0.552786404500042
1.0,0.5799159747915971,0.8599719915971991,0.8599719915971991,0.15983194958319413,0.7199439831943981
1.0,0.615889360201312,0.871963120067104,0.871963120067104,0.10374184046972812,0.871963120067104
1.0,0.6535898384862247,0.8845299461620748,0.8845299461620748,0.07623956929659881,1.0
1.0,0.6220355269907727,0.8740118423302576,0.7480236846605152,1.0,0.11808289631180313
1.0,0.5799159747915971,0.8599719915971991,0.7199439831943981,0.8599719915971991,0.15983194958319413
1.0,0.5425042890021861,0.8475014296673953,0.6950028593347907,0.6950028593347907,0.23750714833697661
1.0,0.5196155385847385,0.8398718461949128,0.6797436923898257,0.5196155385847385,0.3594873847796515
1.0,0.5196155385847385,0.8398718461949128,0.6797436923898257,0.3594873847796515,0.5196155385847385
1.0,0.5425042890021861,0.8475014296673953,0.6950028593347907,0.23750714833697661,0.6950028593347907
1.0,0.5799159747915971,0.8599719915971991,0.7199439831943981,0.15983194958319413,0.8599719915971991
1.0,0.6220355269907727,0.8740118423302576,0.7480236846605152,0.11808289631180313,1.0
1.0,0.5954800825220548,0.8651600275073515,0.5954800825220548,1.0,0.1909601650441095
1.0,0.552786404500042,0.850928801500014,0.552786404500042,0.850928801500014,0.2546440075000701
1.0,0.5196155385847385,0.8398718461949128,0.5196155385847385,0.6797436923898257,0.3594873847796515
1.0,0.5068030380839281,0.8356010126946427,0.5068030380839281,0.5068030380839281,0.5068030380839281
1.0,0.5196155385847385,0.8398718461949128,0.5196155385847385,0.3594873847796515,0.6797436923898257
1.0,0.552786404500042,0.850928801500014,0.552786404500042,0.2546440075000701,0.850928801500014
1.0,0.5954800825220548,0.8651600275073515,0.5954800825220548,0.1909601650441095,1.0
1.0,0.579915974791597,0.8599719915971991,0.439887966388796,1.0,0.29985995798599496
1.0,0.5425042890021861,0.8475014296673953,0.39000571866958134,0.8475014296673953,0.39000571866958134
1.0,0.5196155385847385,0.8398718461949128,0.3594873847796515,0.6797436923898257,0.5196155385847385
1.0,0.5196155385847385,0.8398718461949128,0.3594873847796515,0.5196155385847385,0.6797436923898257
1.0,0.5425042890021861,0.8475014296673953,0.39000571866958134,0.39000571866958134,0.8475014296673953
1.0,0.579915974791597,0.8599719915971991,0.439887966388796,0.29985995798599496,1.0
1.0,0.579915974791597,0.8599719915971991,0.29985995798599496,1.0,0.439887966388796
1.0,0.552786404500042,0.850928801500014,0.2546440075000701,0.850928801500014,0.552786404500042
1.0,0.5425042890021861,0.8475014296673953,0.23750714833697661,0.6950028593347907,0.6950028593347907
1.0,0.552786404500042,0.850928801500014,0.2546440075000701,0.552786404500042,0.850928801500014
1.0,0.579915974791597,0.8599719915971991,0.29985995798599496,0.439887966388796,1.0
1.0,0.5954800825220548,0.8651600275073515,0.1909601650441095,1.0,0.5954800825220548
1.0,0.5799159747915971,0.8599719915971991,0.15983194958319413,0.8599719915971991,0.7199439831943981
1.0,0.5799159747915971,0.8599719915971991,0.15983194958319413,0.7199439831943981,0.8599719915971991
1.0,0.5954800825220548,0.8651600275073515,0.1909601650441095,0.5954800825220548,1.0
1.0,0.6220355269907727,0.8740118423302576,0.11808289631180313,1.0,0.7480236846605152
1.0,0.615889360201312,0.871963120067104,0.10374184046972812,0.871963120067104,0.871963120067104
1.0,0.6220355269907727,0.8740118423302576,0.11808289631180313,0.7480236846605152,1.0
1.0,0.6535898384862247,0.8845299461620748,0.07623956929659881,1.0,0.8845299461620748
1.0,0.6535898384862247,0.8845299461620748,0.07623956929659881,0.8845299461620748,1.0
1.0,0.6855145489834245,0.8951715163278081,0.056543646950273474,1.0,1.0
1.0,0.6581182706210862,0.772078847080724,1.0,1.0,0.08831538832289643
1.0,0.6220355269907727,0.7480236846605152,1.0,0.8740118423302576,0.11808289631180313
1.0,0.587918308153933,0.725278872102622,1.0,0.725278872102622,0.17583661630786596
1.0,0.5624050255063163,0.7082700170042109,1.0,0.5624050255063163,0.2706750425105272
1.0,0.552786404500042,0.7018576030000281,1.0,0.40371520600005606,0.40371520600005606
1.0,0.5624050255063163,0.7082700170042109,1.0,0.2706750425105272,0.5624050255063163
1.0,0.587918308153933,0.725278872102622,1.0,0.17583661630786596,0.725278872102622
1.0,0.6220355269907727,0.7480236846605152,1.0,0.11808289631180313,0.8740118423302576
1.0,0.6581182706210862,0.772078847080724,1.0,0.08831538832289643,1.0
1.0,0.6220355269907727,0.7480236846605152,0.8740118423302576,1.0,0.11808289631180313
1.0,0.5799159747915971,0.7199439831943981,0.8599719915971991,0.8599719915971991,0.15983194958319413
1.0,0.5425042890021861,0.6950028593347907,0.8475014296673953,0.6950028593347907,0.23750714833697661
1.0,0.5196155385847385,0.6797436923898257,0.8398718461949128,0.5196155385847385,0.3594873847796515
1.0,0.5196155385847385,0.6797436923898257,0.8398718461949128,0.3594873847796515,0.5196155385847385
1.0,0.5425042890021861,0.6950028593347907,0.8475014296673953,0.23750714833697661,0.6950028593347907
1.0,0.5799159747915971,0.7199439831943981,0.8599719915971991,0.15983194958319413,0.8599719915971991
1.0,0.6220355269907727,0.7480236846605152,0.8740118423302576,0.11808289631180313,1.0
1.0,0.587918308153933,0.725278872102622,0.725278872102622,1.0,0.17583661630786596
1.0,0.5425042890021861,0.6950028593347907,0.6950028593347907,0.8475014296673953,0.23750714833697661
1.0,0.5068030380839281,0.6712020253892854,0.6712020253892854,0.6712020253892854,0.34240405077857083
1.0,0.49290744716289003,0.6619382981085933,0.6619382981085933,0.49290744716289003,0.49290744716289003
1.0,0.5068030380839281,0.6712020253892854,0.6712020253892854,0.34240405077857083,0.6712020253892854
1.0,0.5425042890021861,0.6950028593347907,0.6950028593347907,0.23750714833697661,0.8475014296673953
1.0,0.587918308153933,0.725278872102622,0.725278872102622,0.17583661630786596,1.0
1.0,0.5624050255063163,0.7082700170042109,0.5624050255063163,1.0,0.2706750425105272
1.0,0.5196155385847385,0.6797436923898257,0.5196155385847385,0.8398718461949128,0.3594873847796515
1.0,0.49290744716289003,0.6619382981085933,0.49290744716289003,0.6619382981085933,0.49290744716289003
1.0,0.49290744716289003,0.6619382981085933,0.49290744716289003,0.49290744716289003,0.6619382981085933
1.0,0.5196155385847385,0.6797436923898257,0.5196155385847385,0.3594873847796515,0.8398718461949128
1.0,0.5624050255063163,0.7082700170042109,0.5624050255063163,0.2706750425105272,1.0
1.0,0.552786404500042,0.7018576030000281,0.40371520600005606,1.0,0.40371520600005606
1.0,0.5196155385847385,0.6797436923898257,0.3594873847796515,0.8398718461949128,0.5196155385847385
1.0,0.5068030380839281,0.6712020253892854,0.34240405077857083,0.6712020253892854,0.6712020253892854
1.0,0.5196155385847385,0.6797436923898257,0.3594873847796515,0.5196155385847385,0.8398718461949128
1.0,0.552786404500042,0.7018576030000281,0.40371520600005606,0.40371520600005606,1.0
1.0,0.5624050255063163,0.7082700170042109,0.2706750425105272,1.0,0.5624050255063163
1.0,0.5425042890021861,0.6950028593347907,0.23750714833697661,0.8475014296673953,0.6950028593347907
1.0,0.5425042890021861,0.6950028593347907,0.23750714833697661,0.6950028593347907,0.8475014296673953
1.0,0.5624050255063163,0.7082700170042109,0.2706750425105272,0.5624050255063163,1.0
1.0,0.587918308153933,0.725278872102622,0.17583661630786596,1.0,0.725278872102622
1.0,0.579915974791597,0.719943983194398,0.15983194958319402,0.8599719915971991,0.8599719915971991
1.0,0.587918308153933,0.725278872102622,0.17583661630786596,0.725278872102622,1.0
1.0,0.6220355269907727,0.7480236846605152,0.11808289631180313,1.0,0.8740118423302576
1.0,0.6220355269907727,0.7480236846605152,0.11808289631180313,0.8740118423302576,1.0
1.0,0.6581182706210862,0.772078847080724,0.08831538832289643,1.0,1.0
1.0,0.6334916669310844,0.6334916669310844,1.0,1.0,0.1448138895058636
1.0,0.5954800825220548,0.5954800825220548,1.0,0.8651600275073515,0.1909601650441095
1.0,0.5624050255063163,0.5624050255063163,1.0,0.7082700170042109,0.2706750425105272
1.0,0.5425042890021861,0.5425042890021861,1.0,0.5425042890021861,0.39000571866958145
1.0,0.5425042890021861,0.5425042890021861,1.0,0.39000571866958134,0.5425042890021861
1.0,0.5624050255063163,0.5624050255063163,1.0,0.2706750425105272,0.7082700170042109
1.0,0.5954800825220548,0.5954800825220548,1.0,0.1909601650441095,0.8651600275073515
1.0,0.6334916669310844,0.6334916669310844,1.0,0.1448138895058636,1.0
1.0,0.5954800825220548,0.5954800825220548,0.8651600275073515,1.0,0.1909601650441095
1.0,0.552786404500042,0.552786404500042,0.850928801500014,0.850928801500014,0.2546440075000701
1.0,0.5196155385847385,0.5196155385847385,0.8398718461949128,0.6797436923898257,0.3594873847796515
1.0,0.5068030380839281,0.5068030380839281,0.8356010126946427,0.5068030380839281,0.5068030380839281
1.0,0.5196155385847385,0.5196155385847385,0.8398718461949128,0.3594873847796515,0.6797436923898257
1.0,0.552786404500042,0.552786404500042,0.850928801500014,0.2546440075000701,0.850928801500014
1.0,0.5954800825220548,0.5954800825220548,0.8651600275073515,0.1909601650441095,1.0
1.0,0.5624050255063163,0.5624050255063163,0.7082700170042109,1.0,0.2706750425105272
1.0,0.5196155385847385,0.5196155385847385,0.6797436923898257,0.8398718461949128,0.3594873847796515
1.0,0.49290744716289014,0.49290744716289014,0.6619382981085934,0.6619382981085934,0.49290744716289014
1.0,0.49290744716289014,0.49290744716289014,0.6619382981085934,0.49290744716289014,0.6619382981085934
1.0,0.5196155385847385,0.5196155385847385,0.6797436923898257,0.3594873847796515,0.8398718461949128
1.0,0.5624050255063163,0.5624050255063163,0.7082700170042109,0.2706750425105272,1.0
1.0,0.5425042890021861,0.5425042890021861,0.5425042890021861,1.0,0.39000571866958145
1.0,0.5068030380839281,0.5068030380839281,0.5068030380839281,0.8356010126946427,0.5068030380839281
1.0,0.49290744716289014,0.49290744716289014,0.49290744716289014,0.6619382981085934,0.6619382981085934
1.0,0.5068030380839281,0.5068030380839281,0.5068030380839281,0.5068030380839281,0.8356010126946427
1.0,0.5425042890021861,0.5425042890021861,0.5425042890021861,0.39000571866958145,1.0
1.0,0.5425042890021861,0.5425042890021861,0.39000571866958134,1.0,0.5425042890021861
1.0,0.5196155385847385,0.5196155385847385,0.3594873847796515,0.8398718461949128,0.6797436923898257
1.0,0.5196155385847385,0.5196155385847385,0.3594873847796515,0.6797436923898257,0.8398718461949128
1.0,0.5425042890021861,0.5425042890021861,0.39000571866958134,0.5425042890021861,1.0
1.0,0.5624050255063163,0.5624050255063163,0.2706750425105272,1.0,0.7082700170042109
1.0,0.552786404500042,0.552786404500042,0.2546440075000701,0.850928801500014,0.850928801500014
1.0,0.5624050255063163,0.5624050255063163,0.2706750425105272,0.7082700170042109,1.0
1.0,0.5954800825220548,0.5954800825220548,0.1909601650441095,1.0,0.8651600275073515
1.0,0.5954800825220548,0.5954800825220548,0.1909601650441095,0.8651600275073515,1.0
1.0,0.6334916669310844,0.6334916669310844,0.1448138895058636,1.0,1.0
1.0,0.615889360201312,0.4878524802684161,1.0,1.0,0.23177872040262415
1.0,0.5799159747915971,0.4398879663887961,1.0,0.8599719915971991,0.2998599579859952
1.0,0.552786404500042,0.40371520600005606,1.0,0.7018576030000281,0.40371520600005606
1.0,0.5425042890021861,0.39000571866958134,1.0,0.5425042890021861,0.5425042890021861
1.0,0.552786404500042,0.40371520600005606,1.0,0.40371520600005606,0.7018576030000281
1.0,0.5799159747915971,0.4398879663887961,1.0,0.2998599579859952,0.8599719915971991
1.0,0.615889360201312,0.4878524802684161,1.0,0.23177872040262415,1.0
1.0,0.5799159747915971,0.4398879663887961,0.8599719915971991,1.0,0.2998599579859952
1.0,0.5425042890021861,0.39000571866958145,0.8475014296673954,0.8475014296673954,0.39000571866958145
1.0,0.5196155385847386,0.3594873847796516,0.8398718461949128,0.6797436923898258,0.5196155385847386
1.0,0.5196155385847386,0.3594873847796516,0.8398718461949128,0.5196155385847386,0.6797436923898258
1.0,0.5425042890021861,0.39000571866958134,0.8475014296673953,0.39000571866958134,0.8475014296673953
1.0,0.5799159747915971,0.4398879663887961,0.8599719915971991,0.2998599579859952,1.0
1.0,0.552786404500042,0.40371520600005606,0.7018576030000281,1.0,0.40371520600005606
1.0,0.5196155385847386,0.3594873847796516,0.6797436923898258,0.8398718461949128,0.5196155385847386
1.0,0.5068030380839281,0.34240405077857095,0.6712020253892854,0.6712020253892854,0.6712020253892854
1.0,0.5196155385847385,0.3594873847796515,0.6797436923898257,0.5196155385847385,0.8398718461949128
1.0,0.552786404500042,0.40371520600005606,0.7018576030000281,0.40371520600005606,1.0
1.0,0.5425042890021861,0.39000571866958134,0.5425042890021861,1.0,0.5425042890021861
1.0,0.5196155385847385,0.3594873847796515,0.5196155385847385,0.8398718461949128,0.6797436923898257
1.0,0.5196155385847385,0.3594873847796515,0.5196155385847385,0.6797436923898257,0.8398718461949128
1.0,0.5425042890021861,0.39000571866958134,0.5425042890021861,0.5425042890021861,1.0
1.0,0.552786404500042,0.40371520600005606,0.40371520600005606,1.0,0.7018576030000281
1.0,0.5425042890021861,0.39000571866958134,0.39000571866958134,0.8475014296673953,0.8475014296673953
1.0,0.552786404500042,0.40371520600005606,0.40371520600005606,0.7018576030000281,1.0
1.0,0.5799159747915971,0.4398879663887961,0.2998599579859952,1.0,0.8599719915971991
1.0,0.5799159747915971,0.4398879663887961,0.2998599579859952,0.8599719915971991,1.0
1.0,0.615889360201312,0.4878524802684161,0.23177872040262415,1.0,1.0
1.0,0.6094332670575284,0.3490554450958806,1.0,1.0,0.3490554450958806
1.0,0.5799159747915971,0.2998599579859952,1.0,0.8599719915971991,0.4398879663887961
1.0,0.5624050255063163,0.2706750425105272,1.0,0.7082700170042109,0.5624050255063163
1.0,0.5624050255063163,0.2706750425105272,1.0,0.5624050255063163,0.7082700170042109
1.0,0.5799159747915971,0.2998599579859952,1.0,0.4398879663887961,0.8599719915971991
1.0,0.6094332670575284,0.3490554450958806,1.0,0.3490554450958806,1.0
1.0,0.5799159747915971,0.2998599579859952,0.8599719915971991,1.0,0.4398879663887961
1.0,0.552786404500042,0.2546440075000701,0.850928801500014,0.850928801500014,0.552786404500042
1.0,0.5425042890021861,0.23750714833697661,0.8475014296673953,0.6950028593347907,0.6950028593347907
1.0,0.552786404500042,0.2546440075000701,0.850928801500014,0.552786404500042,0.850928801500014
1.0,0.5799159747915971,0.2998599579859952,0.8599719915971991,0.4398879663887961,1.0
1.0,0.5624050255063163,0.2706750425105272,0.7082700170042109,1.0,0.5624050255063163
1.0,0.5425042890021861,0.23750714833697661,0.6950028593347907,0.8475014296673953,0.6950028593347907
1.0,0.5425042890021861,0.23750714833697661,0.6950028593347907,0.6950028593347907,0.8475014296673953
1.0,0.5624050255063163,0.2706750425105272,0.7082700170042109,0.5624050255063163,1.0
1.0,0.5624050255063163,0.2706750425105272,0.5624050255063163,1.0,0.7082700170042109
1.0,0.552786404500042,0.2546440075000701,0.552786404500042,0.850928801500014,0.850928801500014
1.0,0.5624050255063163,0.2706750425105272,0.5624050255063163,0.7082700170042109,1.0
1.0,0.5799159747915971,0.2998599579859952,0.4398879663887961,1.0,0.8599719915971991
1.0,0.5799159747915971,0.2998599579859952,0.4398879663887961,0.8599719915971991,1.0
1.0,0.6094332670575284,0.3490554450958806,0.3490554450958806,1.0,1.0
1.0,0.615889360201312,0.23177872040262415,1.0,1.0,0.4878524802684161
1.0,0.5954800825220548,0.1909601650441095,1.0,0.8651600275073515,0.5954800825220548
1.0,0.587918308153933,0.17583661630786596,1.0,0.725278872102622,0.725278872102622
1.0,0.5954800825220548,0.1909601650441095,1.0,0.5954800825220548,0.8651600275073515
1.0,0.615889360201312,0.23177872040262415,1.0,0.4878524802684161,1.0
1.0,0.5954800825220548,0.1909601650441095,0.8651600275073515,1.0,0.5954800825220548
1.0,0.579915974791597,0.15983194958319402,0.8599719915971991,0.8599719915971991,0.719943983194398
1.0,0.579915974791597,0.15983194958319402,0.8599719915971991,0.719943983194398,0.8599719915971991
1.0,0.5954800825220548,0.1909601650441095,0.8651600275073515,0.5954800825220548,1.0
1.0,0.587918308153933,0.17583661630786596,0.725278872102622,1.0,0.725278872102622
1.0,0.579915974791597,0.15983194958319402,0.719943983194398,0.8599719915971991,0.8599719915971991
1.0,0.587918308153933,0.17583661630786596,0.725278872102622,0.725278872102622,1.0
1.0,0.5954800825220548,0.1909601650441095,0.5954800825220548,1.0,0.8651600275073515
1.0,0.5954800825220548,0.1909601650441095,0.5954800825220548,0.8651600275073515,1.0
1.0,0.615889360201312,0.23177872040262415,0.4878524802684161,1.0,1.0
1.0,0.6334916669310843,0.14481388950586338,1.0,1.0,0.6334916669310843
1.0,0.6220355269907727,0.11808289631180313,1.0,0.8740118423302576,0.7480236846605152
1.0,0.6220355269907727,0.11808289631180313,1.0,0.7480236846605152,0.8740118423302576
1.0,0.6334916669310843,0.14481388950586338,1.0,0.6334916669310843,1.0
1.0,0.6220355269907727,0.11808289631180313,0.8740118423302576,1.0,0.7480236846605152
1.0,0.615889360201312,0.10374184046972812,0.871963120067104,0.871963120067104,0.871963120067104
1.0,0.6220355269907727,0.11808289631180313,0.8740118423302576,0.7480236846605152,1.0
1.0,0.6220355269907727,0.11808289631180313,0.7480236846605152,1.0,0.8740118423302576
1.0,0.6220355269907727,0.11808289631180313,0.7480236846605152,0.8740118423302576,1.0
1.0,0.6334916669310843,0.14481388950586338,0.6334916669310843,1.0,1.0
1.0,0.6581182706210862,0.08831538832289643,1.0,1.0,0.772078847080724
1.0,0.6535898384862244,0.0762395692965987,1.0,0.8845299461620748,0.8845299461620748
1.0,0.6581182706210862,0.08831538832289643,1.0,0.772078847080724,1.0
1.0,0.6535898384862244,0.0762395692965987,0.8845299461620748,1.0,0.8845299461620748
1.0,0.6535898384862244,0.0762395692965987,0.8845299461620748,0.8845299461620748,1.0
1.0,0.6581182706210862,0.08831538832289643,0.772078847080724,1.0,1.0
1.0,0.6855145489834245,0.056543646950273474,1.0,1.0,0.8951715163278081
1.0,0.6855145489834245,0.056543646950273474,1.0,0.8951715163278081,1.0
1.0,0.6855145489834245,0.056543646950273474,0.8951715163278081,1.0,1.0
1.0,0.7126521144336546,0.04217371477884857,1.0,1.0,1.0
1.0,0.5938615339465523,1.0,1.0,1.0,0.08618845137974274
1.0,0.5555555555555556,1.0,1.0,0.8888888888888888,0.11111111111111116
1.0,0.5184565876569232,1.0,1.0,0.7592282938284616,0.15729902839961563
1.0,0.4878524802684161,1.0,1.0,0.615889360201312,0.23177872040262415
1.0,0.47018705717398246,1.0,1.0,0.47018705717398246,0.3377338214674781
1.0,0.47018705717398246,1.0,1.0,0.3377338214674781,0.47018705717398246
1.0,0.4878524802684161,1.0,1.0,0.23177872040262415,0.615889360201312
1.0,0.5184565876569232,1.0,1.0,0.15729902839961563,0.7592282938284616
1.0,0.5555555555555556,1.0,1.0,0.11111111111111116,0.8888888888888888
1.0,0.5938615339465523,1.0,1.0,0.08618845137974274,1.0
1.0,0.5555555555555556,1.0,0.8888888888888888,1.0,0.11111111111111116
1.0,0.5113222225747791,1.0,0.8778305556436947,0.8778305556436947,0.1448138895058636
1.0,0.47018705717398246,1.0,0.8675467642934956,0.7350935285869913,0.20528058576097374
1.0,0.439887966388796,1.0,0.8599719915971991,0.579915974791597,0.29985995798599496
1.0,0.4285714285714286,1.0,0.8571428571428572,0.4285714285714286,0.4285714285714286
1.0,0.4398879663887961,1.0,0.8599719915971991,0.2998599579859952,0.5799159747915971
1.0,0.47018705717398246,1.0,0.8675467642934956,0.20528058576097374,0.7350935285869913
1.0,0.5113222225747791,1.0,0.8778305556436947,0.14481388950586338,0.8778305556436947
1.0,0.5555555555555556,1.0,0.8888888888888888,0.11111111111111116,1.0
1.0,0.5184565876569232,1.0,0.7592282938284616,1.0,0.15729902839961563
1.0,0.47018705717398246,1.0,0.7350935285869913,0.8675467642934956,0.20528058576097374
1.0,0.4285714285714286,1.0,0.7142857142857143,0.7142857142857143,0.2857142857142858
1.0,0.40371520600005606,1.0,0.7018576030000281,0.552786404500042,0.40371520600005606
1.0,0.40371520600005606,1.0,0.7018576030000281,0.40371520600005606,0.552786404500042
1.0,0.4285714285714286,1.0,0.7142857142857143,0.2857142857142858,0.7142857142857143
1.0,0.47018705717398246,1.0,0.7350935285869913,0.20528058576097374,0.8675467642934956
1.0,0.5184565876569232,1.0,0.7592282938284616,0.15729902839961563,1.0
1.0,0.4878524802684161,1.0,0.615889360201312,1.0,0.23177872040262415
1.0,0.4398879663887961,1.0,0.5799159747915971,0.8599719915971991,0.2998599579859952
1.0,0.40371520600005606,1.0,0.552786404500042,0.7018576030000281,0.40371520600005606
1.0,0.39000571866958134,1.0,0.5425042890021861,0.5425042890021861,0.5425042890021861
1.0,0.40371520600005606,1.0,0.552786404500042,0.40371520600005606,0.7018576030000281
1.0,0.4398879663887961,1.0,0.5799159747915971,0.2998599579859952,0.8599719915971991
1.0,0.4878524802684161,1.0,0.615889360201312,0.23177872040262415,1.0
1.0,0.47018705717398246,1.0,0.47018705717398246,1.0,0.3377338214674781
1.0,0.4285714285714286,1.0,0.4285714285714286,0.8571428571428572,0.4285714285714286
1.0,0.40371520600005606,1.0,0.40371520600005606,0.7018576030000281,0.552786404500042
1.0,0.40371520600005606,1.0,0.40371520600005606,0.552786404500042,0.7018576030000281
1.0,0.4285714285714285,1.0,0.4285714285714285,0.4285714285714285,0.8571428571428571
1.0,0.47018705717398246,1.0,0.47018705717398246,0.3377338214674781,1.0
1.0,0.47018705717398246,1.0,0.3377338214674781,1.0,0.47018705717398246
1.0,0.4398879663887961,1.0,0.2998599579859952,0.8599719915971991,0.5799159747915971
1.0,0.4285714285714286,1.0,0.2857142857142858,0.7142857142857143,0.7142857142857143
1.0,0.439887966388796,1.0,0.29985995798599496,0.579915974791597,0.8599719915971991
1.0,0.47018705717398246,1.0,0.3377338214674781,0.47018705717398246,1.0
1.0,0.4878524802684161,1.0,0.23177872040262415,1.0,0.615889360201312
1.0,0.47018705717398246,1.0,0.20528058576097374,0.8675467642934956,0.7350935285869913
1.0,0.47018705717398246,1.0,0.20528058576097374,0.7350935285869913,0.8675467642934956
1.0,0.4878524802684161,1.0,0.23177872040262415,0.615889360201312,1.0
1.0,0.5184565876569232,1.0,0.15729902839961563,1.0,0.7592282938284616
1.0,0.5113222225747791,1.0,0.14481388950586338,0.8778305556436947,0.8778305556436947
1.0,0.5184565876569232,1.0,0.15729902839961563,0.7592282938284616,1.0
1.0,0.5555555555555556,1.0,0.11111111111111116,1.0,0.8888888888888888
1.0,0.5555555555555556,1.0,0.11111111111111116,0.8888888888888888,1.0
1.0,0.5938615339465523,1.0,0.08618845137974274,1.0,1.0
1.0,0.5555555555555556,0.8888888888888888,1.0,1.0,0.11111111111111116
1.0,0.5113222225747791,0.8778305556436947,1.0,0.8778305556436947,0.1448138895058636
1.0,0.47018705717398246,0.8675467642934956,1.0,0.7350935285869913,0.20528058576097374
1.0,0.439887966388796,0.8599719915971991,1.0,0.579915974791597,0.29985995798599496
1.0,0.4285714285714286,0.8571428571428572,1.0,0.4285714285714286,0.4285714285714286
1.0,0.4398879663887961,0.8599719915971991,1.0,0.2998599579859952,0.5799159747915971
1.0,0.47018705717398246,0.8675467642934956,1.0,0.20528058576097374,0.7350935285869913
1.0,0.5113222225747791,0.8778305556436947,1.0,0.14481388950586338,0.8778305556436947
1.0,0.5555555555555556,0.8888888888888888,1.0,0.11111111111111116,1.0
1.0,0.5113222225747791,0.8778305556436947,0.8778305556436947,1.0,0.1448138895058636
1.0,0.4606401100294063,0.8651600275073515,0.8651600275073515,0.8651600275073515,0.1909601650441095
1.0,0.41654003400842177,0.8541350085021054,0.8541350085021054,0.7082700170042109,0.2706750425105272
1.0,0.39000571866958145,0.8475014296673954,0.8475014296673954,0.5425042890021861,0.39000571866958145
1.0,0.39000571866958134,0.8475014296673953,0.8475014296673953,0.39000571866958134,0.5425042890021861
1.0,0.41654003400842177,0.8541350085021054,0.8541350085021054,0.2706750425105272,0.7082700170042109
1.0,0.4606401100294063,0.8651600275073515,0.8651600275073515,0.1909601650441095,0.8651600275073515
1.0,0.5113222225747791,0.8778305556436947,0.8778305556436947,0.1448138895058636,1.0
1.0,0.47018705717398246,0.8675467642934956,0.7350935285869913,1.0,0.20528058576097374
1.0,0.41654003400842177,0.8541350085021054,0.7082700170042109,0.8541350085021054,0.2706750425105272
1.0,0.3753049524455758,0.8438262381113939,0.6876524762227879,0.6876524762227879,0.3753049524455758
1.0,0.3594873847796515,0.8398718461949128,0.6797436923898257,0.5196155385847385,0.5196155385847385
1.0,0.3753049524455758,0.8438262381113939,0.6876524762227879,0.3753049524455758,0.6876524762227879
1.0,0.41654003400842177,0.8541350085021054,0.7082700170042109,0.2706750425105272,0.8541350085021054
1.0,0.47018705717398246,0.8675467642934956,0.7350935285869913,0.20528058576097374,1.0
1.0,0.439887966388796,0.8599719915971991,0.579915974791597,1.0,0.29985995798599496
1.0,0.39000571866958134,0.8475014296673953,0.5425042890021861,0.8475014296673953,0.39000571866958134
1.0,0.3594873847796515,0.8398718461949128,0.5196155385847385,0.6797436923898257,0.5196155385847385
1.0,0.3594873847796515,0.8398718461949128,0.5196155385847385,0.5196155385847385,0.6797436923898257
1.0,0.39000571866958134,0.8475014296673953,0.5425042890021861,0.39000571866958134,0.8475014296673953
1.0,0.439887966388796,0.8599719915971991,0.579915974791597,0.29985995798599496,1.0
1.0,0.4285714285714286,0.8571428571428572,0.4285714285714286,1.0,0.4285714285714286
1.0,0.39000571866958134,0.8475014296673953,0.39000571866958134,0.8475014296673953,0.5425042890021861
1.0,0.3753049524455758,0.8438262381113939,0.3753049524455758,0.6876524762227879,0.6876524762227879
1.0,0.39000571866958134,0.8475014296673953,0.39000571866958134,0.5425042890021861,0.8475014296673953
1.0,0.4285714285714286,0.8571428571428572,0.4285714285714286,0.4285714285714286,1.0
1.0,0.4398879663887961,0.8599719915971991,0.2998599579859952,1.0,0.5799159747915971
1.0,0.41654003400842177,0.8541350085021054,0.2706750425105272,0.8541350085021054,0.7082700170042109
1.0,0.41654003400842177,0.8541350085021054,0.2706750425105272,0.7082700170042109,0.8541350085021054
1.0,0.4398879663887961,0.8599719915971991,0.2998599579859952,0.5799159747915971,1.0
1.0,0.47018705717398246,0.8675467642934956,0.20528058576097374,1.0,0.7350935285869913
1.0,0.4606401100294063,0.8651600275073515,0.1909601650441095,0.8651600275073515,0.8651600275073515
1.0,0.47018705717398246,0.8675467642934956,0.20528058576097374,0.7350935285869913,1.0
1.0,0.5113222225747791,0.8778305556436947,0.14481388950586338,1.0,0.8778305556436947
1.0,0.5113222225747791,0.8778305556436947,0.14481388950586338,0.8778305556436947,1.0
1.0,0.5555555555555556,0.8888888888888888,0.11111111111111116,1.0,1.0
1.0,0.5184565876569232,0.7592282938284616,1.0,1.0,0.15729902839961563
1.0,0.47018705717398246,0.7350935285869913,1.0,0.8675467642934956,0.20528058576097374
1.0,0.4285714285714286,0.7142857142857143,1.0,0.7142857142857143,0.2857142857142858
1.0,0.40371520600005606,0.7018576030000281,1.0,0.552786404500042,0.40371520600005606
1.0,0.40371520600005606,0.7018576030000281,1.0,0.40371520600005606,0.552786404500042
1.0,0.4285714285714286,0.7142857142857143,1.0,0.2857142857142858,0.7142857142857143
1.0,0.47018705717398246,0.7350935285869913,1.0,0.20528058576097374,0.8675467642934956
1.0,0.5184565876569232,0.7592282938284616,1.0,0.15729902839961563,1.0
1.0,0.47018705717398246,0.7350935285869913,0.8675467642934956,1.0,0.20528058576097374
1.0,0.41654003400842177,0.7082700170042109,0.8541350085021054,0.8541350085021054,0.2706750425105272
1.0,0.3753049524455758,0.6876524762227879,0.8438262381113939,0.6876524762227879,0.3753049524455758
1.0,0.3594873847796515,0.6797436923898257,0.8398718461949128,0.5196155385847385,0.5196155385847385
1.0,0.3753049524455758,0.6876524762227879,0.8438262381113939,0.3753049524455758,0.6876524762227879
1.0,0.41654003400842177,0.7082700170042109,0.8541350085021054,0.2706750425105272,0.8541350085021054
1.0,0.47018705717398246,0.7350935285869913,0.8675467642934956,0.20528058576097374,1.0
1.0,0.4285714285714286,0.7142857142857143,0.7142857142857143,1.0,0.2857142857142858
1.0,0.3753049524455758,0.6876524762227879,0.6876524762227879,0.8438262381113939,0.3753049524455758
1.0,0.34240405077857095,0.6712020253892854,0.6712020253892854,0.6712020253892854,0.5068030380839281
1.0,0.34240405077857095,0.6712020253892854,0.6712020253892854,0.5068030380839281,0.6712020253892854
1.0,0.3753049524455758,0.6876524762227879,0.6876524762227879,0.3753049524455758,0.8438262381113939
1.0,0.4285714285714286,0.7142857142857143,0.7142857142857143,0.2857142857142858,1.0
1.0,0.40371520600005606,0.7018576030000281,0.552786404500042,1.0,0.40371520600005606
1.0,0.3594873847796516,0.6797436923898258,0.5196155385847386,0.8398718461949128,0.5196155385847386
1.0,0.34240405077857095,0.6712020253892854,0.5068030380839281,0.6712020253892854,0.6712020253892854
1.0,0.3594873847796515,0.6797436923898257,0.5196155385847385,0.5196155385847385,0.8398718461949128
1.0,0.40371520600005606,0.7018576030000281,0.552786404500042,0.40371520600005606,1.0
1.0,0.40371520600005606,0.7018576030000281,0.40371520600005606,1.0,0.552786404500042
1.0,0.3753049524455758,0.6876524762227879,0.3753049524455758,0.8438262381113939,0.6876524762227879
1.0,0.3753049524455758,0.6876524762227879,0.3753049524455758,0.6876524762227879,0.8438262381113939
1.0,0.40371520600005606,0.7018576030000281,0.40371520600005606,0.552786404500042,1.0
1.0,0.4285714285714286,0.7142857142857143,0.2857142857142858,1.0,0.7142857142857143
1.0,0.41654003400842177,0.7082700170042109,0.2706750425105272,0.8541350085021054,0.8541350085021054
1.0,0.4285714285714286,0.7142857142857143,0.2857142857142858,0.7142857142857143,1.0
1.0,0.47018705717398246,0.7350935285869913,0.20528058576097374,1.0,0.8675467642934956
1.0,0.47018705717398246,0.7350935285869913,0.20528058576097374,0.8675467642934956,1.0
1.0,0.5184565876569232,0.7592282938284616,0.15729902839961563,1.0,1.0
1.0,0.4878524802684161,0.615889360201312,1.0,1.0,0.23177872040262415
1.0,0.4398879663887961,0.5799159747915971,1.0,0.8599719915971991,0.2998599579859952
1.0,0.40371520600005606,0.552786404500042,1.0,0.7018576030000281,0.40371520600005606
1.0,0.39000571866958134,0.5425042890021861,1.0,0.5425042890021861,0.5425042890021861
1.0,0.40371520600005606,0.552786404500042,1.0,0.40371520600005606,0.7018576030000281
1.0,0.4398879663887961,0.5799159747915971,1.0,0.2998599579859952,0.8599719915971991
1.0,0.4878524802684161,0.615889360201312,1.0,0.23177872040262415,1.0
1.0,0.4398879663887961,0.5799159747915971,0.8599719915971991,1.0,0.2998599579859952
1.0,0.39000571866958145,0.5425042890021861,0.8475014296673954,0.8475014296673954,0.39000571866958145
1.0,0.3594873847796516,0.5196155385847386,0.8398718461949128,0.6797436923898258,0.5196155385847386
1.0,0.3594873847796516,0.5196155385847386,0.8398718461949128,0.5196155385847386,0.6797436923898258
1.0,0.39000571866958134,0.5425042890021861,0.8475014296673953,0.39000571866958134,0.8475014296673953
1.0,0.4398879663887961,0.5799159747915971,0.8599719915971991,0.2998599579859952,1.0
1.0,0.40371520600005606,0.552786404500042,0.7018576030000281,1.0,0.40371520600005606
1.0,0.3594873847796516,0.5196155385847386,0.6797436923898258,0.8398718461949128,0.5196155385847386
1.0,0.34240405077857095,0.5068030380839281,0.6712020253892854,0.6712020253892854,0.6712020253892854
1.0,0.3594873847796515,0.5196155385847385,0.6797436923898257,0.5196155385847385,0.8398718461949128
1.0,0.40371520600005606,0.552786404500042,0.7018576030000281,0.40371520600005606,1.0
1.0,0.39000571866958134,0.5425042890021861,0.5425042890021861,1.0,0.5425042890021861
1.0,0.3594873847796515,0.5196155385847385,0.5196155385847385,0.8398718461949128,0.6797436923898257
1.0,0.3594873847796515,0.5196155385847385,0.5196155385847385,0.6797436923898257,0.8398718461949128
1.0,0.39000571866958134,0.5425042890021861,0.5425042890021861,0.5425042890021861,1.0
1.0,0.40371520600005606,0.552786404500042,0.40371520600005606,1.0,0.7018576030000281
1.0,0.39000571866958134,0.5425042890021861,0.39000571866958134,0.8475014296673953,0.8475014296673953
1.0,0.40371520600005606,0.552786404500042,0.40371520600005606,0.7018576030000281,1.0
1.0,0.4398879663887961,0.5799159747915971,0.2998599579859952,1.0,0.8599719915971991
1.0,0.4398879663887961,0.5799159747915971,0.2998599579859952,0.8599719915971991,1.0
1.0,0.4878524802684161,0.615889360201312,0.23177872040262415,1.0,1.0
1.0,0.47018705717398246,0.47018705717398246,1.0,1.0,0.3377338214674781
1.0,0.4285714285714286,0.4285714285714286,1.0,0.8571428571428572,0.4285714285714286
1.0,0.40371520600005606,0.40371520600005606,1.0,0.7018576030000281,0.552786404500042
1.0,0.40371520600005606,0.40371520600005606,1.0,0.552786404500042,0.7018576030000281
1.0,0.4285714285714285,0.4285714285714285,1.0,0.4285714285714285,0.8571428571428571
1.0,0.47018705717398246,0.47018705717398246,1.0,0.3377338214674781,1.0
1.0,0.4285714285714286,0.4285714285714286,0.8571428571428572,1.0,0.4285714285714286
1.0,0.39000571866958134,0.39000571866958134,0.8475014296673953,0.8475014296673953,0.5425042890021861
1.0,0.3753049524455758,0.3753049524455758,0.8438262381113939,0.6876524762227879,0.6876524762227879
1.0,0.39000571866958134,0.39000571866958134,0.8475014296673953,0.5425042890021861,0.8475014296673953
1.0,0.4285714285714286,0.4285714285714286,0.8571428571428572,0.4285714285714286,1.0
1.0,0.40371520600005606,0.40371520600005606,0.7018576030000281,1.0,0.552786404500042
1.0,0.3753049524455758,0.3753049524455758,0.6876524762227879,0.8438262381113939,0.6876524762227879
1.0,0.3753049524455758,0.3753049524455758,0.6876524762227879,0.6876524762227879,0.8438262381113939
1.0,0.40371520600005606,0.40371520600005606,0.7018576030000281,0.552786404500042,1.0
1.0,0.40371520600005606,0.40371520600005606,0.552786404500042,1.0,0.7018576030000281
1.0,0.39000571866958134,0.39000571866958134,0.5425042890021861,0.8475014296673953,0.8475014296673953
1.0,0.40371520600005606,0.40371520600005606,0.552786404500042,0.7018576030000281,1.0
1.0,0.4285714285714285,0.4285714285714285,0.4285714285714285,1.0,0.8571428571428571
1.0,0.4285714285714285,0.4285714285714285,0.4285714285714285,0.8571428571428571,1.0
1.0,0.47018705717398246,0.47018705717398246,0.3377338214674781,1.0,1.0
1.0,0.47018705717398246,0.3377338214674781,1.0,1.0,0.47018705717398246
1.0,0.4398879663887961,0.2998599579859952,1.0,0.8599719915971991,0.5799159747915971
1.0,0.4285714285714286,0.2857142857142858,1.0,0.7142857142857143,0.7142857142857143
1.0,0.439887966388796,0.29985995798599496,1.0,0.579915974791597,0.8599719915971991
1.0,0.47018705717398246,0.3377338214674781,1.0,0.47018705717398246,1.0
1.0,0.4398879663887961,0.2998599579859952,0.8599719915971991,1.0,0.5799159747915971
1.0,0.41654003400842177,0.2706750425105272,0.8541350085021054,0.8541350085021054,0.7082700170042109
1.0,0.41654003400842177,0.2706750425105272,0.8541350085021054,0.7082700170042109,0.8541350085021054
1.0,0.4398879663887961,0.2998599579859952,0.8599719915971991,0.5799159747915971,1.0
1.0,0.4285714285714286,0.2857142857142858,0.7142857142857143,1.0,0.7142857142857143
1.0,0.41654003400842177,0.2706750425105272,0.7082700170042109,0.8541350085021054,0.8541350085021054
1.0,0.4285714285714286,0.2857142857142858,0.7142857142857143,0.7142857142857143,1.0
1.0,0.439887966388796,0.29985995798599496,0.579915974791597,1.0,0.8599719915971991
1.0,0.439887966388796,0.29985995798599496,0.579915974791597,0.8599719915971991,1.0
1.0,0.47018705717398246,0.3377338214674781,0.47018705717398246,1.0,1.0
1.0,0.4878524802684161,0.23177872040262415,1.0,1.0,0.615889360201312
1.0,0.47018705717398246,0.20528058576097374,1.0,0.8675467642934956,0.7350935285869913
1.0,0.47018705717398246,0.20528058576097374,1.0,0.7350935285869913,0.8675467642934956
1.0,0.4878524802684161,0.23177872040262415,1.0,0.615889360201312,1.0
1.0,0.47018705717398246,0.20528058576097374,0.8675467642934956,1.0,0.7350935285869913
1.0,0.4606401100294063,0.1909601650441095,0.8651600275073515,0.8651600275073515,0.8651600275073515
1.0,0.47018705717398246,0.20528058576097374,0.8675467642934956,0.7350935285869913,1.0
1.0,0.47018705717398246,0.20528058576097374,0.7350935285869913,1.0,0.8675467642934956
1.0,0.47018705717398246,0.20528058576097374,0.7350935285869913,0.8675467642934956,1.0
1.0,0.4878524802684161,0.23177872040262415,0.615889360201312,1.0,1.0
1.0,0.5184565876569232,0.15729902839961563,1.0,1.0,0.7592282938284616
1.0,0.5113222225747791,0.14481388950586338,1.0,0.8778305556436947,0.8778305556436947
1.0,0.5184565876569232,0.15729902839961563,1.0,0.7592282938284616,1.0
1.0,0.5113222225747791,0.14481388950586338,0.8778305556436947,1.0,0.8778305556436947
1.0,0.5113222225747791,0.14481388950586338,0.8778305556436947,0.8778305556436947,1.0
1.0,0.5184565876569232,0.15729902839961563,0.7592282938284616,1.0,1.0
1.0,0.5555555555555556,0.11111111111111116,1.0,1.0,0.8888888888888888
1.0,0.5555555555555556,0.11111111111111116,1.0,0.8888888888888888,1.0
1.0,0.5555555555555556,0.11111111111111116,0.8888888888888888,1.0,1.0
1.0,0.5938615339465523,0.08618845137974274,1.0,1.0,1.0
1.0,0.47000105999681996,1.0,1.0,1.0,0.15200169599491198
1.0,0.42264973081037416,1.0,1.0,0.8845299461620748,0.1917096231345239
1.0,0.3798263270539577,1.0,1.0,0.7519305308215831,0.25579159246474925
1.0,0.3490554450958806,1.0,1.0,0.6094332670575284,0.3490554450958806
1.0,0.3377338214674781,1.0,1.0,0.47018705717398246,0.47018705717398246
1.0,0.3490554450958806,1.0,1.0,0.3490554450958806,0.6094332670575284
1.0,0.3798263270539577,1.0,1.0,0.25579159246474925,0.7519305308215831
1.0,0.42264973081037416,1.0,1.0,0.1917096231345239,0.8845299461620748
1.0,0.47000105999681996,1.0,1.0,0.15200169599491198,1.0
1.0,0.42264973081037416,1.0,0.8845299461620748,1.0,0.1917096231345239
1.0,0.37005921165128786,1.0,0.8740118423302576,0.8740118423302576,0.2440710539815455
1.0,0.32580013753675785,1.0,0.8651600275073515,0.7303200550147031,0.32580013753675785
1.0,0.29985995798599496,1.0,0.8599719915971991,0.579915974791597,0.439887966388796
1.0,0.2998599579859952,1.0,0.8599719915971991,0.4398879663887961,0.5799159747915971
1.0,0.32580013753675785,1.0,0.8651600275073515,0.32580013753675785,0.7303200550147031
1.0,0.37005921165128786,1.0,0.8740118423302576,0.2440710539815455,0.8740118423302576
1.0,0.42264973081037416,1.0,0.8845299461620748,0.1917096231345239,1.0
1.0,0.3798263270539577,1.0,0.7519305308215831,1.0,0.25579159246474925
1.0,0.32580013753675785,1.0,0.7303200550147031,0.8651600275073515,0.32580013753675785
1.0,0.2857142857142858,1.0,0.7142857142857143,0.7142857142857143,0.4285714285714286
1.0,0.2706750425105272,1.0,0.7082700170042109,0.5624050255063163,0.5624050255063163
1.0,0.2857142857142858,1.0,0.7142857142857143,0.4285714285714286,0.7142857142857143
1.0,0.32580013753675785,1.0,0.7303200550147031,0.32580013753675785,0.8651600275073515
1.0,0.3798263270539577,1.0,0.7519305308215831,0.25579159246474925,1.0
1.0,0.3490554450958806,1.0,0.6094332670575284,1.0,0.3490554450958806
1.0,0.2998599579859952,1.0,0.5799159747915971,0.8599719915971991,0.4398879663887961
1.0,0.2706750425105272,1.0,0.5624050255063163,0.7082700170042109,0.5624050255063163
1.0,0.2706750425105272,1.0,0.5624050255063163,0.5624050255063163,0.7082700170042109
1.0,0.2998599579859952,1.0,0.5799159747915971,0.4398879663887961,0.8599719915971991
1.0,0.3490554450958806,1.0,0.6094332670575284,0.3490554450958806,1.0
1.0,0.3377338214674781,1.0,0.47018705717398246,1.0,0.47018705717398246
1.0,0.2998599579859952,1.0,0.4398879663887961,0.8599719915971991,0.5799159747915971
1.0,0.2857142857142858,1.0,0.4285714285714286,0.7142857142857143,0.7142857142857143
1.0,0.29985995798599496,1.0,0.439887966388796,0.579915974791597,0.8599719915971991
1.0,0.3377338214674781,1.0,0.47018705717398246,0.47018705717398246,1.0
1.0,0.3490554450958806,1.0,0.3490554450958806,1.0,0.6094332670575284
1.0,0.32580013753675785,1.0,0.32580013753675785,0.8651600275073515,0.7303200550147031
1.0,0.32580013753675785,1.0,0.32580013753675785,0.7303200550147031,0.8651600275073515
1.0,0.3490554450958806,1.0,0.3490554450958806,0.6094332670575284,1.0
1.0,0.3798263270539577,1.0,0.25579159246474925,1.0,0.7519305308215831
1.0,0.37005921165128786,1.0,0.2440710539815455,0.8740118423302576,0.8740118423302576
1.0,0.3798263270539577,1.0,0.25579159246474925,0.7519305308215831,1.0
1.0,0.42264973081037416,1.0,0.1917096231345239,1.0,0.8845299461620748
1.0,0.42264973081037416,1.0,0.1917096231345239,0.8845299461620748,1.0
1.0,0.47000105999681996,1.0,0.15200169599491198,1.0,1.0
1.0,0.42264973081037416,0.8845299461620748,1.0,1.0,0.1917096231345239
1.0,0.37005921165128786,0.8740118423302576,1.0,0.8740118423302576,0.2440710539815455
1.0,0.32580013753675785,0.8651600275073515,1.0,0.7303200550147031,0.32580013753675785
1.0,0.29985995798599496,0.8599719915971991,1.0,0.579915974791597,0.439887966388796
1.0,0.2998599579859952,0.8599719915971991,1.0,0.4398879663887961,0.5799159747915971
1.0,0.32580013753675785,0.8651600275073515,1.0,0.32580013753675785,0.7303200550147031
1.0,0.37005921165128786,0.8740118423302576,1.0,0.2440710539815455,0.8740118423302576
1.0,0.42264973081037416,0.8845299461620748,1.0,0.1917096231345239,1.0
1.0,0.37005921165128786,0.8740118423302576,0.8740118423302576,1.0,0.2440710539815455
1.0,0.31319718025655496,0.862639436051311,0.862639436051311,0.862639436051311,0.31319718025655496
1.0,0.2706750425105272,0.8541350085021054,0.8541350085021054,0.7082700170042109,0.41654003400842177
1.0,0.2546440075000701,0.850928801500014,0.850928801500014,0.552786404500042,0.552786404500042
1.0,0.2706750425105272,0.8541350085021054,0.8541350085021054,0.41654003400842177,0.7082700170042109
1.0,0.31319718025655485,0.862639436051311,0.862639436051311,0.31319718025655485,0.862639436051311
1.0,0.37005921165128786,0.8740118423302576,0.8740118423302576,0.2440710539815455,1.0
1.0,0.32580013753675785,0.8651600275073515,0.7303200550147031,1.0,0.32580013753675785
1.0,0.2706750425105272,0.8541350085021054,0.7082700170042109,0.8541350085021054,0.41654003400842177
1.0,0.23750714833697661,0.8475014296673953,0.6950028593347907,0.6950028593347907,0.5425042890021861
1.0,0.23750714833697661,0.8475014296673953,0.6950028593347907,0.5425042890021861,0.6950028593347907
1.0,0.2706750425105272,0.8541350085021054,0.7082700170042109,0.41654003400842177,0.8541350085021054
1.0,0.32580013753675785,0.8651600275073515,0.7303200550147031,0.32580013753675785,1.0
1.0,0.29985995798599496,0.8599719915971991,0.579915974791597,1.0,0.439887966388796
1.0,0.2546440075000701,0.850928801500014,0.552786404500042,0.850928801500014,0.552786404500042
1.0,0.23750714833697661,0.8475014296673953,0.5425042890021861,0.6950028593347907,0.6950028593347907
1.0,0.2546440075000701,0.850928801500014,0.552786404500042,0.552786404500042,0.850928801500014
1.0,0.29985995798599496,0.8599719915971991,0.579915974791597,0.439887966388796,1.0
1.0,0.2998599579859952,0.8599719915971991,0.4398879663887961,1.0,0.5799159747915971
1.0,0.2706750425105272,0.8541350085021054,0.41654003400842177,0.8541350085021054,0.7082700170042109
1.0,0.2706750425105272,0.8541350085021054,0.41654003400842177,0.7082700170042109,0.8541350085021054
1.0,0.2998599579859952,0.8599719915971991,0.4398879663887961,0.5799159747915971,1.0
1.0,0.32580013753675785,0.8651600275073515,0.32580013753675785,1.0,0.7303200550147031
1.0,0.31319718025655485,0.862639436051311,0.31319718025655485,0.862639436051311,0.862639436051311
1.0,0.32580013753675785,0.8651600275073515,0.32580013753675785,0.7303200550147031,1.0
1.0,0.37005921165128786,0.8740118423302576,0.2440710539815455,1.0,0.8740118423302576
1.0,0.37005921165128786,0.8740118423302576,0.2440710539815455,0.8740118423302576,1.0
1.0,0.42264973081037416,0.8845299461620748,0.1917096231345239,1.0,1.0
1.0,0.3798263270539577,0.7519305308215831,1.0,1.0,0.25579159246474925
1.0,0.32580013753675785,0.7303200550147031,1.0,0.8651600275073515,0.32580013753675785
1.0,0.2857142857142858,0.7142857142857143,1.0,0.7142857142857143,0.4285714285714286
1.0,0.2706750425105272,0.7082700170042109,1.0,0.5624050255063163,0.5624050255063163
1.0,0.2857142857142858,0.7142857142857143,1.0,0.4285714285714286,0.7142857142857143
1.0,0.32580013753675785,0.7303200550147031,1.0,0.32580013753675785,0.8651600275073515
1.0,0.3798263270539577,0.7519305308215831,1.0,0.25579159246474925,1.0
1.0,0.32580013753675785,0.7303200550147031,0.8651600275073515,1.0,0.32580013753675785
1.0,0.2706750425105272,0.7082700170042109,0.8541350085021054,0.8541350085021054,0.41654003400842177
1.0,0.23750714833697661,0.6950028593347907,0.8475014296673953,0.6950028593347907,0.5425042890021861
1.0,0.23750714833697661,0.6950028593347907,0.8475014296673953,0.5425042890021861,0.6950028593347907
1.0,0.2706750425105272,0.7082700170042109,0.8541350085021054,0.41654003400842177,0.8541350085021054
1.0,0.32580013753675785,0.7303200550147031,0.8651600275073515,0.32580013753675785,1.0
1.0,0.2857142857142858,0.7142857142857143,0.7142857142857143,1.0,0.4285714285714286
1.0,0.23750714833697661,0.6950028593347907,0.6950028593347907,0.8475014296673953,0.5425042890021861
1.0,0.21913119055696972,0.6876524762227879,0.6876524762227879,0.6876524762227879,0.6876524762227879
1.0,0.23750714833697661,0.6950028593347907,0.6950028593347907,0.5425042890021861,0.8475014296673953
1.0,0.2857142857142858,0.7142857142857143,0.7142857142857143,0.4285714285714286,1.0
1.0,0.2706750425105272,0.7082700170042109,0.5624050255063163,1.0,0.5624050255063163
1.0,0.23750714833697661,0.6950028593347907,0.5425042890021861,0.8475014296673953,0.6950028593347907
1.0,0.23750714833697661,0.6950028593347907,0.5425042890021861,0.6950028593347907,0.8475014296673953
1.0,0.2706750425105272,0.7082700170042109,0.5624050255063163,0.5624050255063163,1.0
1.0,0.2857142857142858,0.7142857142857143,0.4285714285714286,1.0,0.7142857142857143
1.0,0.2706750425105272,0.7082700170042109,0.41654003400842177,0.8541350085021054,0.8541350085021054
1.0,0.2857142857142858,0.7142857142857143,0.4285714285714286,0.7142857142857143,1.0
1.0,0.32580013753675785,0.7303200550147031,0.32580013753675785,1.0,0.8651600275073515
1.0,0.32580013753675785,0.7303200550147031,0.32580013753675785,0.8651600275073515,1.0
1.0,0.3798263270539577,0.7519305308215831,0.25579159246474925,1.0,1.0
1.0,0.3490554450958806,0.6094332670575284,1.0,1.0,0.3490554450958806
1.0,0.2998599579859952,0.5799159747915971,1.0,0.8599719915971991,0.4398879663887961
1.0,0.2706750425105272,0.5624050255063163,1.0,0.7082700170042109,0.5624050255063163
1.0,0.2706750425105272,0.5624050255063163,1.0,0.5624050255063163,0.7082700170042109
1.0,0.2998599579859952,0.5799159747915971,1.0,0.4398879663887961,0.8599719915971991
1.0,0.3490554450958806,0.6094332670575284,1.0,0.3490554450958806,1.0
1.0,0.2998599579859952,0.5799159747915971,0.8599719915971991,1.0,0.4398879663887961
1.0,0.2546440075000701,0.552786404500042,0.850928801500014,0.850928801500014,0.552786404500042
1.0,0.23750714833697661,0.5425042890021861,0.8475014296673953,0.6950028593347907,0.6950028593347907
1.0,0.2546440075000701,0.552786404500042,0.850928801500014,0.552786404500042,0.850928801500014
1.0,0.2998599579859952,0.5799159747915971,0.8599719915971991,0.4398879663887961,1.0
1.0,0.2706750425105272,0.5624050255063163,0.7082700170042109,1.0,0.5624050255063163
1.0,0.23750714833697661,0.5425042890021861,0.6950028593347907,0.8475014296673953,0.6950028593347907
1.0,0.23750714833697661,0.5425042890021861,0.6950028593347907,0.6950028593347907,0.8475014296673953
1.0,0.2706750425105272,0.5624050255063163,0.7082700170042109,0.5624050255063163,1.0
1.0,0.2706750425105272,0.5624050255063163,0.5624050255063163,1.0,0.7082700170042109
1.0,0.2546440075000701,0.552786404500042,0.552786404500042,0.850928801500014,0.850928801500014
1.0,0.2706750425105272,0.5624050255063163,0.5624050255063163,0.7082700170042109,1.0
1.0,0.2998599579859952,0.5799159747915971,0.4398879663887961,1.0,0.8599719915971991
1.0,0.2998599579859952,0.5799159747915971,0.4398879663887961,0.8599719915971991,1.0
1.0,0.3490554450958806,0.6094332670575284,0.3490554450958806,1.0,1.0
1.0,0.3377338214674781,0.47018705717398246,1.0,1.0,0.47018705717398246
1.0,0.2998599579859952,0.4398879663887961,1.0,0.8599719915971991,0.5799159747915971
1.0,0.2857142857142858,0.4285714285714286,1.0,0.7142857142857143,0.7142857142857143
1.0,0.29985995798599496,0.439887966388796,1.0,0.579915974791597,0.8599719915971991
1.0,0.3377338214674781,0.47018705717398246,1.0,0.47018705717398246,1.0
1.0,0.2998599579859952,0.4398879663887961,0.8599719915971991,1.0,0.5799159747915971
1.0,0.2706750425105272,0.41654003400842177,0.8541350085021054,0.8541350085021054,0.7082700170042109
1.0,0.2706750425105272,0.41654003400842177,0.8541350085021054,0.7082700170042109,0.8541350085021054
1.0,0.2998599579859952,0.4398879663887961,0.8599719915971991,0.5799159747915971,1.0
1.0,0.2857142857142858,0.4285714285714286,0.7142857142857143,1.0,0.7142857142857143
1.0,0.2706750425105272,0.41654003400842177,0.7082700170042109,0.8541350085021054,0.8541350085021054
1.0,0.2857142857142858,0.4285714285714286,0.7142857142857143,0.7142857142857143,1.0
1.0,0.29985995798599496,0.439887966388796,0.579915974791597,1.0,0.8599719915971991
1.0,0.29985995798599496,0.439887966388796,0.579915974791597,0.8599719915971991,1.0
1.0,0.3377338214674781,0.47018705717398246,0.47018705717398246,1.0,1.0
1.0,0.3490554450958806,0.3490554450958806,1.0,1.0,0.6094332670575284
1.0,0.32580013753675785,0.32580013753675785,1.0,0.8651600275073515,0.7303200550147031
1.0,0.32580013753675785,0.32580013753675785,1.0,0.7303200550147031,0.8651600275073515
1.0,0.3490554450958806,0.3490554450958806,1.0,0.6094332670575284,1.0
1.0,0.32580013753675785,0.32580013753675785,0.8651600275073515,1.0,0.7303200550147031
1.0,0.31319718025655485,0.31319718025655485,0.862639436051311,0.862639436051311,0.862639436051311
1.0,0.32580013753675785,0.32580013753675785,0.8651600275073515,0.7303200550147031,1.0
1.0,0.32580013753675785,0.32580013753675785,0.7303200550147031,1.0,0.8651600275073515
1.0,0.32580013753675785,0.32580013753675785,0.7303200550147031,0.8651600275073515,1.0
1.0,0.3490554450958806,0.3490554450958806,0.6094332670575284,1.0,1.0
1.0,0.3798263270539577,0.25579159246474925,1.0,1.0,0.7519305308215831
1.0,0.37005921165128786,0.2440710539815455,1.0,0.8740118423302576,0.8740118423302576
1.0,0.3798263270539577,0.25579159246474925,1.0,0.7519305308215831,1.0
1.0,0.37005921165128786,0.2440710539815455,0.8740118423302576,1.0,0.8740118423302576
1.0,0.37005921165128786,0.2440710539815455,0.8740118423302576,0.8740118423302576,1.0
1.0,0.3798263270539577,0.25579159246474925,0.7519305308215831,1.0,1.0
1.0,0.42264973081037416,0.1917096231345239,1.0,1.0,0.8845299461620748
1.0,0.42264973081037416,0.1917096231345239,1.0,0.8845299461620748,1.0
1.0,0.42264973081037416,0.1917096231345239,0.8845299461620748,1.0,1.0
1.0,0.47000105999681996,0.15200169599491198,1.0,1.0,1.0
1.0,0.3492086265440314,1.0,1.0,1.0,0.24074339763470343
1.0,0.2977531168232166,1.0,1.0,0.8829588528038694,0.2977531168232166
1.0,0.25579159246474925,1.0,1.0,0.7519305308215831,0.3798263270539577
1.0,0.23177872040262415,1.0,1.0,0.615889360201312,0.4878524802684161
1.0,0.23177872040262415,1.0,1.0,0.4878524802684161,0.615889360201312
1.0,0.25579159246474925,1.0,1.0,0.3798263270539577,0.7519305308215831
1.0,0.2977531168232166,1.0,1.0,0.2977531168232166,0.8829588528038694
1.0,0.3492086265440314,1.0,1.0,0.24074339763470343,1.0
1.0,0.2977531168232166,1.0,0.8829588528038694,1.0,0.2977531168232166
1.0,0.2440710539815455,1.0,0.8740118423302576,0.8740118423302576,0.37005921165128786
1.0,0.20528058576097374,1.0,0.8675467642934956,0.7350935285869913,0.47018705717398246
1.0,0.1909601650441095,1.0,0.8651600275073515,0.5954800825220548,0.5954800825220548
1.0,0.20528058576097374,1.0,0.8675467642934956,0.47018705717398246,0.7350935285869913
1.0,0.2440710539815455,1.0,0.8740118423302576,0.37005921165128786,0.8740118423302576
1.0,0.2977531168232166,1.0,0.8829588528038694,0.2977531168232166,1.0
1.0,0.25579159246474925,1.0,0.7519305308215831,1.0,0.3798263270539577
1.0,0.20528058576097374,1.0,0.7350935285869913,0.8675467642934956,0.47018705717398246
1.0,0.17583661630786596,1.0,0.725278872102622,0.725278872102622,0.587918308153933
1.0,0.17583661630786596,1.0,0.725278872102622,0.587918308153933,0.725278872102622
1.0,0.20528058576097374,1.0,0.7350935285869913,0.47018705717398246,0.8675467642934956
1.0,0.25579159246474925,1.0,0.7519305308215831,0.3798263270539577,1.0
1.0,0.23177872040262415,1.0,0.615889360201312,1.0,0.4878524802684161
1.0,0.1909601650441095,1.0,0.5954800825220548,0.8651600275073515,0.5954800825220548
1.0,0.17583661630786596,1.0,0.587918308153933,0.725278872102622,0.725278872102622
1.0,0.1909601650441095,1.0,0.5954800825220548,0.5954800825220548,0.8651600275073515
1.0,0.23177872040262415,1.0,0.615889360201312,0.4878524802684161,1.0
1.0,0.23177872040262415,1.0,0.4878524802684161,1.0,0.615889360201312
1.0,0.20528058576097374,1.0,0.47018705717398246,0.8675467642934956,0.7350935285869913
1.0,0.20528058576097374,1.0,0.47018705717398246,0.7350935285869913,0.8675467642934956
1.0,0.23177872040262415,1.0,0.4878524802684161,0.615889360201312,1.0
1.0,0.25579159246474925,1.0,0.3798263270539577,1.0,0.7519305308215831
1.0,0.2440710539815455,1.0,0.37005921165128786,0.8740118423302576,0.8740118423302576
1.0,0.25579159246474925,1.0,0.3798263270539577,0.7519305308215831,1.0
1.0,0.2977531168232166,1.0,0.2977531168232166,1.0,0.8829588528038694
1.0,0.2977531168232166,1.0,0.2977531168232166,0.8829588528038694,1.0
1.0,0.3492086265440314,1.0,0.24074339763470343,1.0,1.0
1.0,0.2977531168232166,0.8829588528038694,1.0,1.0,0.2977531168232166
1.0,0.2440710539815455,0.8740118423302576,1.0,0.8740118423302576,0.37005921165128786
1.0,0.20528058576097374,0.8675467642934956,1.0,0.7350935285869913,0.47018705717398246
1.0,0.1909601650441095,0.8651600275073515,1.0,0.5954800825220548,0.5954800825220548
1.0,0.20528058576097374,0.8675467642934956,1.0,0.47018705717398246,0.7350935285869913
1.0,0.2440710539815455,0.8740118423302576,1.0,0.37005921165128786,0.8740118423302576
1.0,0.2977531168232166,0.8829588528038694,1.0,0.2977531168232166,1.0
1.0,0.2440710539815455,0.8740118423302576,0.8740118423302576,1.0,0.37005921165128786
1.0,0.1909601650441095,0.8651600275073515,0.8651600275073515,0.8651600275073515,0.4606401100294063
1.0,0.15983194958319413,0.8599719915971991,0.8599719915971991,0.7199439831943981,0.5799159747915971
1.0,0.15983194958319413,0.8599719915971991,0.8599719915971991,0.5799159747915971,0.7199439831943981
1.0,0.1909601650441095,0.8651600275073515,0.8651600275073515,0.4606401100294063,0.8651600275073515
1.0,0.2440710539815455,0.8740118423302576,0.8740118423302576,0.37005921165128786,1.0
1.0,0.20528058576097374,0.8675467642934956,0.7350935285869913,1.0,0.47018705717398246
1.0,0.15983194958319413,0.8599719915971991,0.7199439831943981,0.8599719915971991,0.5799159747915971
1.0,0.1428571428571429,0.8571428571428572,0.7142857142857143,0.7142857142857143,0.7142857142857143
1.0,0.15983194958319413,0.8599719915971991,0.7199439831943981,0.5799159747915971,0.8599719915971991
1.0,0.20528058576097374,0.8675467642934956,0.7350935285869913,0.47018705717398246,1.0
1.0,0.1909601650441095,0.8651600275073515,0.5954800825220548,1.0,0.5954800825220548
1.0,0.15983194958319413,0.8599719915971991,0.5799159747915971,0.8599719915971991,0.7199439831943981
1.0,0.15983194958319413,0.8599719915971991,0.5799159747915971,0.7199439831943981,0.8599719915971991
1.0,0.1909601650441095,0.8651600275073515,0.5954800825220548,0.5954800825220548,1.0
1.0,0.20528058576097374,0.8675467642934956,0.47018705717398246,1.0,0.7350935285869913
1.0,0.1909601650441095,0.8651600275073515,0.4606401100294063,0.8651600275073515,0.8651600275073515
1.0,0.20528058576097374,0.8675467642934956,0.47018705717398246,0.7350935285869913,1.0
1.0,0.2440710539815455,0.8740118423302576,0.37005921165128786,1.0,0.8740118423302576
1.0,0.2440710539815455,0.8740118423302576,0.37005921165128786,0.8740118423302576,1.0
1.0,0.2977531168232166,0.8829588528038694,0.2977531168232166,1.0,1.0
1.0,0.25579159246474925,0.7519305308215831,1.0,1.0,0.3798263270539577
1.0,0.20528058576097374,0.7350935285869913,1.0,0.8675467642934956,0.47018705717398246
1.0,0.17583661630786596,0.725278872102622,1.0,0.725278872102622,0.587918308153933
1.0,0.17583661630786596,0.725278872102622,1.0,0.587918308153933,0.725278872102622
1.0,0.20528058576097374,0.7350935285869913,1.0,0.47018705717398246,0.8675467642934956
1.0,0.25579159246474925,0.7519305308215831,1.0,0.3798263270539577,1.0
1.0,0.20528058576097374,0.7350935285869913,0.8675467642934956,1.0,0.47018705717398246
1.0,0.15983194958319413,0.7199439831943981,0.8599719915971991,0.8599719915971991,0.5799159747915971
1.0,0.1428571428571429,0.7142857142857143,0.8571428571428572,0.7142857142857143,0.7142857142857143
1.0,0.15983194958319413,0.7199439831943981,0.8599719915971991,0.5799159747915971,0.8599719915971991
1.0,0.20528058576097374,0.7350935285869913,0.8675467642934956,0.47018705717398246,1.0
1.0,0.17583661630786596,0.725278872102622,0.725278872102622,1.0,0.587918308153933
1.0,0.1428571428571429,0.7142857142857143,0.7142857142857143,0.8571428571428572,0.7142857142857143
1.0,0.1428571428571429,0.7142857142857143,0.7142857142857143,0.7142857142857143,0.8571428571428572
1.0,0.17583661630786596,0.725278872102622,0.725278872102622,0.587918308153933,1.0
1.0,0.17583661630786596,0.725278872102622,0.587918308153933,1.0,0.725278872102622
1.0,0.15983194958319402,0.719943983194398,0.579915974791597,0.8599719915971991,0.8599719915971991
1.0,0.17583661630786596,0.725278872102622,0.587918308153933,0.725278872102622,1.0
1.0,0.20528058576097374,0.7350935285869913,0.47018705717398246,1.0,0.8675467642934956
1.0,0.20528058576097374,0.7350935285869913,0.47018705717398246,0.8675467642934956,1.0
1.0,0.25579159246474925,0.7519305308215831,0.3798263270539577,1.0,1.0
1.0,0.23177872040262415,0.615889360201312,1.0,1.0,0.4878524802684161
1.0,0.1909601650441095,0.5954800825220548,1.0,0.8651600275073515,0.5954800825220548
1.0,0.17583661630786596,0.587918308153933,1.0,0.725278872102622,0.725278872102622
1.0,0.1909601650441095,0.5954800825220548,1.0,0.5954800825220548,0.8651600275073515
1.0,0.23177872040262415,0.615889360201312,1.0,0.4878524802684161,1.0
1.0,0.1909601650441095,0.5954800825220548,0.8651600275073515,1.0,0.5954800825220548
1.0,0.15983194958319402,0.579915974791597,0.8599719915971991,0.8599719915971991,0.719943983194398
1.0,0.15983194958319402,0.579915974791597,0.8599719915971991,0.719943983194398,0.8599719915971991
1.0,0.1909601650441095,0.5954800825220548,0.8651600275073515,0.5954800825220548,1.0
1.0,0.17583661630786596,0.587918308153933,0.725278872102622,1.0,0.725278872102622
1.0,0.15983194958319402,0.579915974791597,0.719943983194398,0.8599719915971991,0.8599719915971991
1.0,0.17583661630786596,0.587918308153933,0.725278872102622,0.725278872102622,1.0
1.0,0.1909601650441095,0.5954800825220548,0.5954800825220548,1.0,0.8651600275073515
1.0,0.1909601650441095,0.5954800825220548,0.5954800825220548,0.8651600275073515,1.0
1.0,0.23177872040262415,0.615889360201312,0.4878524802684161,1.0,1.0
1.0,0.23177872040262415,0.4878524802684161,1.0,1.0,0.615889360201312
1.0,0.20528058576097374,0.47018705717398246,1.0,0.8675467642934956,0.7350935285869913
1.0,0.20528058576097374,0.47018705717398246,1.0,0.7350935285869913,0.8675467642934956
1.0,0.23177872040262415,0.4878524802684161,1.0,0.615889360201312,1.0
1.0,0.20528058576097374,0.47018705717398246,0.8675467642934956,1.0,0.7350935285869913
1.0,0.1909601650441095,0.4606401100294063,0.8651600275073515,0.8651600275073515,0.8651600275073515
1.0,0.20528058576097374,0.47018705717398246,0.8675467642934956,0.7350935285869913,1.0
1.0,0.20528058576097374,0.47018705717398246,0.7350935285869913,1.0,0.8675467642934956
1.0,0.20528058576097374,0.47018705717398246,0.7350935285869913,0.8675467642934956,1.0
1.0,0.23177872040262415,0.4878524802684161,0.615889360201312,1.0,1.0
1.0,0.25579159246474925,0.3798263270539577,1.0,1.0,0.7519305308215831
1.0,0.2440710539815455,0.37005921165128786,1.0,0.8740118423302576,0.8740118423302576
1.0,0.25579159246474925,0.3798263270539577,1.0,0.7519305308215831,1.0
1.0,0.2440710539815455,0.37005921165128786,0.8740118423302576,1.0,0.8740118423302576
1.0,0.2440710539815455,0.37005921165128786,0.8740118423302576,0.8740118423302576,1.0
1.0,0.25579159246474925,0.3798263270539577,0.7519305308215831,1.0,1.0
1.0,0.2977531168232166,0.2977531168232166,1.0,1.0,0.8829588528038694
1.0,0.2977531168232166,0.2977531168232166,1.0,0.8829588528038694,1.0
1.0,0.2977531168232166,0.2977531168232166,0.8829588528038694,1.0,1.0
1.0,0.3492086265440314,0.24074339763470343,1.0,1.0,1.0
1.0,0.24074339763470343,1.0,1.0,1.0,0.3492086265440314
1.0,0.1917096231345239,1.0,1.0,0.8845299461620748,0.42264973081037416
1.0,0.15729902839961563,1.0,1.0,0.7592282938284616,0.5184565876569232
1.0,0.14481388950586338,1.0,1.0,0.6334916669310843,0.6334916669310843
1.0,0.15729902839961563,1.0,1.0,0.5184565876569232,0.7592282938284616
1.0,0.1917096231345239,1.0,1.0,0.42264973081037416,0.8845299461620748
1.0,0.24074339763470343,1.0,1.0,0.3492086265440314,1.0
1.0,0.1917096231345239,1.0,0.8845299461620748,1.0,0.42264973081037416
1.0,0.14481388950586338,1.0,0.8778305556436947,0.8778305556436947,0.5113222225747791
1.0,0.11808289631180313,1.0,0.8740118423302576,0.7480236846605152,0.6220355269907727
1.0,0.11808289631180313,1.0,0.8740118423302576,0.6220355269907727,0.7480236846605152
1.0,0.14481388950586338,1.0,0.8778305556436947,0.5113222225747791,0.8778305556436947
1.0,0.1917096231345239,1.0,0.8845299461620748,0.42264973081037416,1.0
1.0,0.15729902839961563,1.0,0.7592282938284616,1.0,0.5184565876569232
1.0,0.11808289631180313,1.0,0.7480236846605152,0.8740118423302576,0.6220355269907727
1.0,0.10374184046972834,1.0,0.743926240134208,0.743926240134208,0.743926240134208
1.0,0.11808289631180313,1.0,0.7480236846605152,0.6220355269907727,0.8740118423302576
1.0,0.15729902839961563,1.0,0.7592282938284616,0.5184565876569232,1.0
1.0,0.14481388950586338,1.0,0.6334916669310843,1.0,0.6334916669310843
1.0,0.11808289631180313,1.0,0.6220355269907727,0.8740118423302576,0.7480236846605152
1.0,0.11808289631180313,1.0,0.6220355269907727,0.7480236846605152,0.8740118423302576
1.0,0.14481388950586338,1.0,0.6334916669310843,0.6334916669310843,1.0
1.0,0.15729902839961563,1.0,0.5184565876569232,1.0,0.7592282938284616
1.0,0.14481388950586338,1.0,0.5113222225747791,0.8778305556436947,0.8778305556436947
1.0,0.15729902839961563,1.0,0.5184565876569232,0.7592282938284616,1.0
1.0,0.1917096231345239,1.0,0.42264973081037416,1.0,0.8845299461620748
1.0,0.1917096231345239,1.0,0.42264973081037416,0.8845299461620748,1.0
1.0,0.24074339763470343,1.0,0.3492086265440314,1.0,1.0
1.0,0.1917096231345239,0.8845299461620748,1.0,1.0,0.42264973081037416
1.0,0.14481388950586338,0.8778305556436947,1.0,0.8778305556436947,0.5113222225747791
1.0,0.11808289631180313,0.8740118423302576,1.0,0.7480236846605152,0.6220355269907727
1.0,0.11808289631180313,0.8740118423302576,1.0,0.6220355269907727,0.7480236846605152
1.0,0.14481388950586338,0.8778305556436947,1.0,0.5113222225747791,0.8778305556436947
1.0,0.1917096231345239,0.8845299461620748,1.0,0.42264973081037416,1.0
1.0,0.14481388950586338,0.8778305556436947,0.8778305556436947,1.0,0.5113222225747791
1.0,0.10374184046972812,0.871963120067104,0.871963120067104,0.871963120067104,0.615889360201312
1.0,0.08867762313423289,0.8698110890191761,0.8698110890191761,0.7396221780383523,0.7396221780383523
1.0,0.10374184046972812,0.871963120067104,0.871963120067104,0.615889360201312,0.871963120067104
1.0,0.14481388950586338,0.8778305556436947,0.8778305556436947,0.5113222225747791,1.0
1.0,0.11808289631180313,0.8740118423302576,0.7480236846605152,1.0,0.6220355269907727
1.0,0.08867762313423289,0.8698110890191761,0.7396221780383523,0.8698110890191761,0.7396221780383523
1.0,0.08867762313423289,0.8698110890191761,0.7396221780383523,0.7396221780383523,0.8698110890191761
1.0,0.11808289631180313,0.8740118423302576,0.7480236846605152,0.6220355269907727,1.0
1.0,0.11808289631180313,0.8740118423302576,0.6220355269907727,1.0,0.7480236846605152
1.0,0.10374184046972812,0.871963120067104,0.615889360201312,0.871963120067104,0.871963120067104
1.0,0.11808289631180313,0.8740118423302576,0.6220355269907727,0.7480236846605152,1.0
1.0,0.14481388950586338,0.8778305556436947,0.5113222225747791,1.0,0.8778305556436947
1.0,0.14481388950586338,0.8778305556436947,0.5113222225747791,0.8778305556436947,1.0
1.0,0.1917096231345239,0.8845299461620748,0.42264973081037416,1.0,1.0
1.0,0.15729902839961563,0.7592282938284616,1.0,1.0,0.5184565876569232
1.0,0.11808289631180313,0.7480236846605152,1.0,0.8740118423302576,0.6220355269907727
1.0,0.10374184046972834,0.743926240134208,1.0,0.743926240134208,0.743926240134208
1.0,0.11808289631180313,0.7480236846605152,1.0,0.6220355269907727,0.8740118423302576
1.0,0.15729902839961563,0.7592282938284616,1.0,0.5184565876569232,1.0
1.0,0.11808289631180313,0.7480236846605152,0.8740118423302576,1.0,0.6220355269907727
1.0,0.08867762313423289,0.7396221780383523,0.8698110890191761,0.8698110890191761,0.7396221780383523
1.0,0.08867762313423289,0.7396221780383523,0.8698110890191761,0.7396221780383523,0.8698110890191761
1.0,0.11808289631180313,0.7480236846605152,0.8740118423302576,0.6220355269907727,1.0
1.0,0.10374184046972834,0.743926240134208,0.743926240134208,1.0,0.743926240134208
1.0,0.08867762313423289,0.7396221780383523,0.7396221780383523,0.8698110890191761,0.8698110890191761
1.0,0.10374184046972834,0.743926240134208,0.743926240134208,0.743926240134208,1.0
1.0,0.11808289631180313,0.7480236846605152,0.6220355269907727,1.0,0.8740118423302576
1.0,0.11808289631180313,0.7480236846605152,0.6220355269907727,0.8740118423302576,1.0
1.0,0.15729902839961563,0.7592282938284616,0.5184565876569232,1.0,1.0
1.0,0.14481388950586338,0.6334916669310843,1.0,1.0,0.6334916669310843
1.0,0.11808289631180313,0.6220355269907727,1.0,0.8740118423302576,0.7480236846605152
1.0,0.11808289631180313,0.6220355269907727,1.0,0.7480236846605152,0.8740118423302576
1.0,0.14481388950586338,0.6334916669310843,1.0,0.6334916669310843,1.0
1.0,0.11808289631180313,0.6220355269907727,0.8740118423302576,1.0,0.7480236846605152
1.0,0.10374184046972812,0.615889360201312,0.871963120067104,0.871963120067104,0.871963120067104
1.0,0.11808289631180313,0.6220355269907727,0.8740118423302576,0.7480236846605152,1.0
1.0,0.11808289631180313,0.6220355269907727,0.7480236846605152,1.0,0.8740118423302576
1.0,0.11808289631180313,0.6220355269907727,0.7480236846605152,0.8740118423302576,1.0
1.0,0.14481388950586338,0.6334916669310843,0.6334916669310843,1.0,1.0
1.0,0.15729902839961563,0.5184565876569232,1.0,1.0,0.7592282938284616
1.0,0.14481388950586338,0.5113222225747791,1.0,0.8778305556436947,0.8778305556436947
1.0,0.15729902839961563,0.5184565876569232,1.0,0.7592282938284616,1.0
1.0,0.14481388950586338,0.5113222225747791,0.8778305556436947,1.0,0.8778305556436947
1.0,0.14481388950586338,0.5113222225747791,0.8778305556436947,0.8778305556436947,1.0
1.0,0.15729902839961563,0.5184565876569232,0.7592282938284616,1.0,1.0
1.0,0.1917096231345239,0.42264973081037416,1.0,1.0,0.8845299461620748
1.0,0.1917096231345239,0.42264973081037416,1.0,0.8845299461620748,1.0
1.0,0.1917096231345239,0.42264973081037416,0.8845299461620748,1.0,1.0
1.0,0.24074339763470343,0.3492086265440314,1.0,1.0,1.0
1.0,0.15200169599491198,1.0,1.0,1.0,0.47000105999681996
1.0,0.11111111111111105,1.0,1.0,0.8888888888888888,0.5555555555555556
1.0,0.08831538832289643,1.0,1.0,0.772078847080724,0.6581182706210862
1.0,0.08831538832289643,1.0,1.0,0.6581182706210862,0.772078847080724
1.0,0.11111111111111116,1.0,1.0,0.5555555555555556,0.8888888888888888
1.0,0.15200169599491198,1.0,1.0,0.47000105999681996,1.0
1.0,0.11111111111111105,1.0,0.8888888888888888,1.0,0.5555555555555556
1.0,0.0762395692965987,1.0,0.8845299461620748,0.8845299461620748,0.6535898384862244
1.0,0.06367082243095556,1.0,0.8829588528038694,0.7659177056077389,0.7659177056077389
1.0,0.0762395692965987,1.0,0.8845299461620748,0.6535898384862244,0.8845299461620748
1.0,0.11111111111111105,1.0,0.8888888888888888,0.5555555555555556,1.0
1.0,0.08831538832289643,1.0,0.772078847080724,1.0,0.6581182706210862
1.0,0.06367082243095556,1.0,0.7659177056077389,0.8829588528038694,0.7659177056077389
1.0,0.06367082243095556,1.0,0.7659177056077389,0.7659177056077389,0.8829588528038694
1.0,0.08831538832289643,1.0,0.772078847080724,0.6581182706210862,1.0
1.0,0.08831538832289643,1.0,0.6581182706210862,1.0,0.772078847080724
1.0,0.0762395692965987,1.0,0.6535898384862244,0.8845299461620748,0.8845299461620748
1.0,0.08831538832289643,1.0,0.6581182706210862,0.772078847080724,1.0
1.0,0.11111111111111116,1.0,0.5555555555555556,1.0,0.8888888888888888
1.0,0.11111111111111116,1.0,0.5555555555555556,0.8888888888888888,1.0
1.0,0.15200169599491198,1.0,0.47000105999681996,1.0,1.0
1.0,0.11111111111111105,0.8888888888888888,1.0,1.0,0.5555555555555556
1.0,0.0762395692965987,0.8845299461620748,1.0,0.8845299461620748,0.6535898384862244
1.0,0.06367082243095556,0.8829588528038694,1.0,0.7659177056077389,0.7659177056077389
1.0,0.0762395692965987,0.8845299461620748,1.0,0.6535898384862244,0.8845299461620748
1.0,0.11111111111111105,0.8888888888888888,1.0,0.5555555555555556,1.0
1.0,0.0762395692965987,0.8845299461620748,0.8845299461620748,1.0,0.6535898384862244
1.0,0.05057467344491717,0.8813218341806146,0.8813218341806146,0.8813218341806146,0.7626436683612293
1.0,0.05057467344491717,0.8813218341806146,0.8813218341806146,0.7626436683612293,0.8813218341806146
1.0,0.0762395692965987,0.8845299461620748,0.8845299461620748,0.6535898384862244,1.0
1.0,0.06367082243095556,0.8829588528038694,0.7659177056077389,1.0,0.7659177056077389
1.0,0.05057467344491717,0.8813218341806146,0.7626436683612293,0.8813218341806146,0.8813218341806146
1.0,0.06367082243095556,0.8829588528038694,0.7659177056077389,0.7659177056077389,1.0
1.0,0.0762395692965987,0.8845299461620748,0.6535898384862244,1.0,0.8845299461620748
1.0,0.0762395692965987,0.8845299461620748,0.6535898384862244,0.8845299461620748,1.0
1.0,0.11111111111111105,0.8888888888888888,0.5555555555555556,1.0,1.0
1.0,0.08831538832289643,0.772078847080724,1.0,1.0,0.6581182706210862
1.0,0.06367082243095556,0.7659177056077389,1.0,0.8829588528038694,0.7659177056077389
1.0,0.06367082243095556,0.7659177056077389,1.0,0.7659177056077389,0.8829588528038694
1.0,0.08831538832289643,0.772078847080724,1.0,0.6581182706210862,1.0
1.0,0.06367082243095556,0.7659177056077389,0.8829588528038694,1.0,0.7659177056077389
1.0,0.05057467344491717,0.7626436683612293,0.8813218341806146,0.8813218341806146,0.8813218341806146
1.0,0.06367082243095556,0.7659177056077389,0.8829588528038694,0.7659177056077389,1.0
1.0,0.06367082243095556,0.7659177056077389,0.7659177056077389,1.0,0.8829588528038694
1.0,0.06367082243095556,0.7659177056077389,0.7659177056077389,0.8829588528038694,1.0
1.0,0.08831538832289643,0.772078847080724,0.6581182706210862,1.0,1.0
1.0,0.08831538832289643,0.6581182706210862,1.0,1.0,0.772078847080724
1.0,0.0762395692965987,0.6535898384862244,1.0,0.8845299461620748,0.8845299461620748
1.0,0.08831538832289643,0.6581182706210862,1.0,0.772078847080724,1.0
1.0,0.0762395692965987,0.6535898384862244,0.8845299461620748,1.0,0.8845299461620748
1.0,0.0762395692965987,0.6535898384862244,0.8845299461620748,0.8845299461620748,1.0
1.0,0.08831538832289643,0.6581182706210862,0.772078847080724,1.0,1.0
1.0,0.11111111111111116,0.5555555555555556,1.0,1.0,0.8888888888888888
1.0,0.11111111111111116,0.5555555555555556,1.0,0.8888888888888888,1.0
1.0,0.11111111111111116,0.5555555555555556,0.8888888888888888,1.0,1.0
1.0,0.15200169599491198,0.47000105999681996,1.0,1.0,1.0
1.0,0.08618845137974274,1.0,1.0,1.0,0.5938615339465523
1.0,0.056543646950273474,1.0,1.0,0.8951715163278081,0.6855145489834245
1.0,0.04600190799427606,1.0,1.0,0.7880004239987279,0.7880004239987279
1.0,0.056543646950273474,1.0,1.0,0.6855145489834245,0.8951715163278081
1.0,0.08618845137974274,1.0,1.0,0.5938615339465523,1.0
1.0,0.056543646950273474,1.0,0.8951715163278081,1.0,0.6855145489834245
1.0,0.03509871864598457,1.0,0.8927887465162205,0.8927887465162205,0.7855774930324411
1.0,0.03509871864598457,1.0,0.8927887465162205,0.7855774930324411,0.8927887465162205
1.0,0.056543646950273474,1.0,0.8951715163278081,0.6855145489834245,1.0
1.0,0.04600190799427606,1.0,0.7880004239987279,1.0,0.7880004239987279
1.0,0.03509871864598457,1.0,0.7855774930324411,0.8927887465162205,0.8927887465162205
1.0,0.04600190799427606,1.0,0.7880004239987279,0.7880004239987279,1.0
1.0,0.056543646950273474,1.0,0.6855145489834245,1.0,0.8951715163278081
1.0,0.056543646950273474,1.0,0.6855145489834245,0.8951715163278081,1.0
1.0,0.08618845137974274,1.0,0.5938615339465523,1.0,1.0
1.0,0.056543646950273474,0.8951715163278081,1.0,1.0,0.6855145489834245
1.0,0.03509871864598457,0.8927887465162205,1.0,0.8927887465162205,0.7855774930324411
1.0,0.03509871864598457,0.8927887465162205,1.0,0.7855774930324411,0.8927887465162205
1.0,0.056543646950273474,0.8951715163278081,1.0,0.6855145489834245,1.0
1.0,0.03509871864598457,0.8927887465162205,0.8927887465162205,1.0,0.7855774930324411
1.0,0.023812939816047263,0.8915347710906719,0.8915347710906719,0.8915347710906719,0.8915347710906719
1.0,0.03509871864598457,0.8927887465162205,0.8927887465162205,0.7855774930324411,1.0
1.0,0.03509871864598457,0.8927887465162205,0.7855774930324411,1.0,0.8927887465162205
1.0,0.03509871864598457,0.8927887465162205,0.7855774930324411,0.8927887465162205,1.0
1.0,0.056543646950273474,0.8951715163278081,0.6855145489834245,1.0,1.0
1.0,0.04600190799427606,0.7880004239987279,1.0,1.0,0.7880004239987279
1.0,0.03509871864598457,0.7855774930324411,1.0,0.8927887465162205,0.8927887465162205
1.0,0.04600190799427606,0.7880004239987279,1.0,0.7880004239987279,1.0
1.0,0.03509871864598457,0.7855774930324411,0.8927887465162205,1.0,0.8927887465162205
1.0,0.03509871864598457,0.7855774930324411,0.8927887465162205,0.8927887465162205,1.0
1.0,0.04600190799427606,0.7880004239987279,0.7880004239987279,1.0,1.0
1.0,0.056543646950273474,0.6855145489834245,1.0,1.0,0.8951715163278081
1.0,0.056543646950273474,0.6855145489834245,1.0,0.8951715163278081,1.0
1.0,0.056543646950273474,0.6855145489834245,0.8951715163278081,1.0,1.0
1.0,0.08618845137974274,0.5938615339465523,1.0,1.0,1.0
1.0,0.04217371477884857,1.0,1.0,1.0,0.7126521144336546
1.0,0.024099927051466796,1.0,1.0,0.9024099927051467,0.8048199854102933
1.0,0.024099927051466796,1.0,1.0,0.8048199854102933,0.9024099927051467
1.0,0.04217371477884857,1.0,1.0,0.7126521144336546,1.0
1.0,0.024099927051466796,1.0,0.9024099927051467,1.0,0.8048199854102933
1.0,0.014670721835706835,1.0,0.9014670721835707,0.9014670721835707,0.9014670721835707
1.0,0.024099927051466796,1.0,0.9024099927051467,0.8048199854102933,1.0
1.0,0.024099927051466796,1.0,0.8048199854102933,1.0,0.9024099927051467
1.0,0.024099927051466796,1.0,0.8048199854102933,0.9024099927051467,1.0
1.0,0.04217371477884857,1.0,0.7126521144336546,1.0,1.0
1.0,0.024099927051466796,0.9024099927051467,1.0,1.0,0.8048199854102933
1.0,0.014670721835706835,0.9014670721835707,1.0,0.9014670721835707,0.9014670721835707
1.0,0.024099927051466796,0.9024099927051467,1.0,0.8048199854102933,1.0
1.0,0.014670721835706835,0.9014670721835707,0.9014670721835707,1.0,0.9014670721835707
1.0,0.014670721835706835,0.9014670721835707,0.9014670721835707,0.9014670721835707,1.0
1.0,0.024099927051466796,0.9024099927051467,0.8048199854102933,1.0,1.0
1.0,0.024099927051466796,0.8048199854102933,1.0,1.0,0.9024099927051467
1.0,0.024099927051466796,0.8048199854102933,1.0,0.9024099927051467,1.0
1.0,0.024099927051466796,0.8048199854102933,0.9024099927051467,1.0,1.0
1.0,0.04217371477884857,0.7126521144336546,1.0,1.0,1.0
1.0,0.01613008990009246,1.0,1.0,1.0,0.8211145618000169
1.0,0.008163401865824538,1.0,1.0,0.9098330365332568,0.9098330365332568
1.0,0.01613008990009246,1.0,1.0,0.8211145618000169,1.0
1.0,0.008163401865824538,1.0,0.9098330365332568,1.0,0.9098330365332568
1.0,0.008163401865824538,1.0,0.9098330365332568,0.9098330365332568,1.0
1.0,0.01613008990009246,1.0,0.8211145618000169,1.0,1.0
1.0,0.008163401865824538,0.9098330365332568,1.0,1.0,0.9098330365332568
1.0,0.008163401865824538,0.9098330365332568,1.0,0.9098330365332568,1.0
1.0,0.008163401865824538,0.9098330365332568,0.9098330365332568,1.0,1.0
1.0,0.01613008990009246,0.8211145618000169,1.0,1.0,1.0
1.0,0.003454241755120435,1.0,1.0,1.0,0.91695452014626
1.0,0.003454241755120435,1.0,1.0,0.91695452014626,1.0
1.0,0.003454241755120435,1.0,0.91695452014626,1.0,1.0
1.0,0.003454241755120435,0.91695452014626,1.0,1.0,1.0
1.0,0.0,1.0,1.0,1.0,1.0
0.91695452014626,1.0,1.0,1.0,1.0,0.003454241755120435
0.9098330365332568,1.0,1.0,1.0,0.9098330365332568,0.008163401865824427
0.9024099927051467,1.0,1.0,1.0,0.8048199854102933,0.024099927051466796
0.8951715163278081,1.0,1.0,1.0,0.6855145489834245,0.056543646950273474
0.8888888888888888,1.0,1.0,1.0,0.5555555555555556,0.11111111111111116
0.8845299461620748,1.0,1.0,1.0,0.42264973081037416,0.1917096231345239
0.8829588528038694,1.0,1.0,1.0,0.2977531168232166,0.2977531168232166
0.8845299461620748,1.0,1.0,1.0,0.1917096231345239,0.42264973081037416
0.8888888888888888,1.0,1.0,1.0,0.11111111111111105,0.5555555555555556
0.8951715163278081,1.0,1.0,1.0,0.056543646950273474,0.6855145489834245
0.9024099927051467,1.0,1.0,1.0,0.024099927051466796,0.8048199854102933
0.9098330365332568,1.0,1.0,1.0,0.008163401865824538,0.9098330365332568
0.91695452014626,1.0,1.0,1.0,0.003454241755120435,1.0
0.9098330365332568,1.0,1.0,0.9098330365332568,1.0,0.008163401865824427
0.9014670721835707,1.0,1.0,0.9014670721835707,0.9014670721835707,0.014670721835706835
0.8927887465162205,1.0,1.0,0.8927887465162205,0.7855774930324411,0.03509871864598457
0.8845299461620748,1.0,1.0,0.8845299461620748,0.6535898384862247,0.07623956929659881
0.8778305556436947,1.0,1.0,0.8778305556436947,0.5113222225747791,0.1448138895058636
0.8740118423302576,1.0,1.0,0.8740118423302576,0.37005921165128786,0.2440710539815455
0.8740118423302576,1.0,1.0,0.8740118423302576,0.2440710539815455,0.37005921165128786
0.8778305556436947,1.0,1.0,0.8778305556436947,0.1448138895058636,0.5113222225747791
0.8845299461620748,1.0,1.0,0.8845299461620748,0.07623956929659881,0.6535898384862247
0.8927887465162205,1.0,1.0,0.8927887465162205,0.03509871864598457,0.7855774930324411
0.9014670721835707,1.0,1.0,0.9014670721835707,0.014670721835706835,0.9014670721835707
0.9098330365332568,1.0,1.0,0.9098330365332568,0.008163401865824427,1.0
0.9024099927051467,1.0,1.0,0.8048199854102933,1.0,0.024099927051466796
0.8927887465162205,1.0,1.0,0.7855774930324411,0.8927887465162205,0.03509871864598457
0.8829588528038694,1.0,1.0,0.7659177056077389,0.7659177056077389,0.06367082243095556
0.8740118423302576,1.0,1.0,0.7480236846605152,0.6220355269907727,0.11808289631180313
0.8675467642934956,1.0,1.0,0.7350935285869913,0.47018705717398246,0.20528058576097374
0.8651600275073515,1.0,1.0,0.7303200550147031,0.32580013753675785,0.32580013753675785
0.8675467642934956,1.0,1.0,0.7350935285869913,0.20528058576097374,0.47018705717398246
0.8740118423302576,1.0,1.0,0.7480236846605152,0.11808289631180313,0.6220355269907727
0.8829588528038694,1.0,1.0,0.7659177056077389,0.06367082243095556,0.7659177056077389
0.8927887465162205,1.0,1.0,0.7855774930324411,0.03509871864598457,0.8927887465162205
0.9024099927051467,1.0,1.0,0.8048199854102933,0.024099927051466796,1.0
0.8951715163278081,1.0,1.0,0.6855145489834245,1.0,0.056543646950273474
0.8845299461620748,1.0,1.0,0.6535898384862247,0.8845299461620748,0.07623956929659881
0.8740118423302576,1.0,1.0,0.6220355269907727,0.7480236846605152,0.11808289631180313
0.8651600275073515,1.0,1.0,0.5954800825220548,0.5954800825220548,0.1909601650441095
0.8599719915971991,1.0,1.0,0.579915974791597,0.439887966388796,0.29985995798599496
0.8599719915971991,1.0,1.0,0.579915974791597,0.29985995798599496,0.439887966388796
0.8651600275073515,1.0,1.0,0.5954800825220548,0.1909601650441095,0.5954800825220548
0.8740118423302576,1.0,1.0,0.6220355269907727,0.11808289631180313,0.7480236846605152
0.8845299461620748,1.0,1.0,0.6535898384862247,0.07623956929659881,0.8845299461620748
0.8951715163278081,1.0,1.0,0.6855145489834245,0.056543646950273474,1.0
0.8888888888888888,1.0,1.0,0.5555555555555556,1.0,0.11111111111111116
0.8778305556436947,1.0,1.0,0.5113222225747791,0.8778305556436947,0.1448138895058636
0.8675467642934956,1.0,1.0,0.47018705717398246,0.7350935285869913,0.20528058576097374
0.8599719915971991,1.0,1.0,0.439887966388796,0.579915974791597,0.29985995798599496
0.8571428571428572,1.0,1.0,0.4285714285714286,0.4285714285714286,0.4285714285714286
0.8599719915971991,1.0,1.0,0.4398879663887961,0.2998599579859952,0.5799159747915971
0.8675467642934956,1.0,1.0,0.47018705717398246,0.20528058576097374,0.7350935285869913
0.8778305556436947,1.0,1.0,0.5113222225747791,0.14481388950586338,0.8778305556436947
0.8888888888888888,1.0,1.0,0.5555555555555556,0.11111111111111116,1.0
0.8845299461620748,1.0,1.0,0.42264973081037416,1.0,0.1917096231345239
0.8740118423302576,1.0,1.0,0.37005921165128786,0.8740118423302576,0.2440710539815455
0.8651600275073515,1.0,1.0,0.32580013753675785,0.7303200550147031,0.32580013753675785
0.8599719915971991,1.0,1.0,0.29985995798599496,0.579915974791597,0.439887966388796
0.8599719915971991,1.0,1.0,0.2998599579859952,0.4398879663887961,0.5799159747915971
0.8651600275073515,1.0,1.0,0.32580013753675785,0.32580013753675785,0.7303200550147031
0.8740118423302576,1.0,1.0,0.37005921165128786,0.2440710539815455,0.8740118423302576
0.8845299461620748,1.0,1.0,0.42264973081037416,0.1917096231345239,1.0
0.8829588528038694,1.0,1.0,0.2977531168232166,1.0,0.2977531168232166
0.8740118423302576,1.0,1.0,0.2440710539815455,0.8740118423302576,0.37005921165128786
0.8675467642934956,1.0,1.0,0.20528058576097374,0.7350935285869913,0.47018705717398246
0.8651600275073515,1.0,1.0,0.1909601650441095,0.5954800825220548,0.5954800825220548
0.8675467642934956,1.0,1.0,0.20528058576097374,0.47018705717398246,0.7350935285869913
0.8740118423302576,1.0,1.0,0.2440710539815455,0.37005921165128786,0.8740118423302576
0.8829588528038694,1.0,1.0,0.2977531168232166,0.2977531168232166,1.0
0.8845299461620748,1.0,1.0,0.1917096231345239,1.0,0.42264973081037416
0.8778305556436947,1.0,1.0,0.14481388950586338,0.8778305556436947,0.5113222225747791
0.8740118423302576,1.0,1.0,0.11808289631180313,0.7480236846605152,0.6220355269907727
0.8740118423302576,1.0,1.0,0.11808289631180313,0.6220355269907727,0.7480236846605152
0.8778305556436947,1.0,1.0,0.14481388950586338,0.5113222225747791,0.8778305556436947
0.8845299461620748,1.0,1.0,0.1917096231345239,0.42264973081037416,1.0
0.8888888888888888,1.0,1.0,0.11111111111111105,1.0,0.5555555555555556
0.8845299461620748,1.0,1.0,0.0762395692965987,0.8845299461620748,0.6535898384862244
0.8829588528038694,1.0,1.0,0.06367082243095556,0.7659177056077389,0.7659177056077389
0.8845299461620748,1.0,1.0,0.0762395692965987,0.6535898384862244,0.8845299461620748
0.8888888888888888,1.0,1.0,0.11111111111111105,0.5555555555555556,1.0
0.8951715163278081,1.0,1.0,0.056543646950273474,1.0,0.6855145489834245
0.8927887465162205,1.0,1.0,0.03509871864598457,0.8927887465162205,0.7855774930324411
0.8927887465162205,1.0,1.0,0.03509871864598457,0.7855774930324411,0.8927887465162205
0.8951715163278081,1.0,1.0,0.056543646950273474,0.6855145489834245,1.0
0.9024099927051467,1.0,1.0,0.024099927051466796,1.0,0.8048199854102933
0.9014670721835707,1.0,1.0,0.014670721835706835,0.9014670721835707,0.9014670721835707
0.9024099927051467,1.0,1.0,0.024099927051466796,0.8048199854102933,1.0
0.9098330365332568,1.0,1.0,0.008163401865824538,1.0,0.9098330365332568
0.9098330365332568,1.0,1.0,0.008163401865824538,0.9098330365332568,1.0
0.91695452014626,1.0,1.0,0.003454241755120435,1.0,1.0
0.9098330365332568,1.0,0.9098330365332568,1.0,1.0,0.008163401865824427
0.9014670721835707,1.0,0.9014670721835707,1.0,0.9014670721835707,0.014670721835706835
0.8927887465162205,1.0,0.8927887465162205,1.0,0.7855774930324411,0.03509871864598457
0.8845299461620748,1.0,0.8845299461620748,1.0,0.6535898384862247,0.07623956929659881
0.8778305556436947,1.0,0.8778305556436947,1.0,0.5113222225747791,0.1448138895058636
0.8740118423302576,1.0,0.8740118423302576,1.0,0.37005921165128786,0.2440710539815455
0.8740118423302576,1.0,0.8740118423302576,1.0,0.2440710539815455,0.37005921165128786
0.8778305556436947,1.0,0.8778305556436947,1.0,0.1448138895058636,0.5113222225747791
0.8845299461620748,1.0,0.8845299461620748,1.0,0.07623956929659881,0.6535898384862247
0.8927887465162205,1.0,0.8927887465162205,1.0,0.03509871864598457,0.7855774930324411
0.9014670721835707,1.0,0.9014670721835707,1.0,0.014670721835706835,0.9014670721835707
0.9098330365332568,1.0,0.9098330365332568,1.0,0.008163401865824427,1.0
0.9014670721835707,1.0,0.9014670721835707,0.9014670721835707,1.0,0.014670721835706835
0.8915347710906719,1.0,0.8915347710906719,0.8915347710906719,0.8915347710906719,0.023812939816047263
0.8813218341806147,1.0,0.8813218341806147,0.8813218341806147,0.7626436683612293,0.050574673444917395
0.871963120067104,1.0,0.871963120067104,0.871963120067104,0.615889360201312,0.10374184046972812
0.8651600275073515,1.0,0.8651600275073515,0.8651600275073515,0.4606401100294063,0.1909601650441095
0.862639436051311,1.0,0.862639436051311,0.862639436051311,0.31319718025655496,0.31319718025655496
0.8651600275073515,1.0,0.8651600275073515,0.8651600275073515,0.1909601650441095,0.4606401100294063
0.871963120067104,1.0,0.871963120067104,0.871963120067104,0.10374184046972812,0.615889360201312
0.8813218341806147,1.0,0.8813218341806147,0.8813218341806147,0.050574673444917395,0.7626436683612293
0.8915347710906719,1.0,0.8915347710906719,0.8915347710906719,0.023812939816047263,0.8915347710906719
0.9014670721835707,1.0,0.9014670721835707,0.9014670721835707,0.014670721835706835,1.0
0.8927887465162205,1.0,0.8927887465162205,0.7855774930324411,1.0,0.03509871864598457
0.8813218341806147,1.0,0.8813218341806147,0.7626436683612293,0.8813218341806147,0.050574673444917395
0.8698110890191761,1.0,0.8698110890191761,0.7396221780383523,0.7396221780383523,0.08867762313423289
0.8599719915971991,1.0,0.8599719915971991,0.7199439831943981,0.5799159747915971,0.15983194958319413
0.8541350085021054,1.0,0.8541350085021054,0.7082700170042109,0.41654003400842177,0.2706750425105272
0.8541350085021054,1.0,0.8541350085021054,0.7082700170042109,0.2706750425105272,0.41654003400842177
0.8599719915971991,1.0,0.8599719915971991,0.7199439831943981,0.15983194958319413,0.5799159747915971
0.8698110890191761,1.0,0.8698110890191761,0.7396221780383523,0.08867762313423289,0.7396221780383523
0.8813218341806147,1.0,0.8813218341806147,0.7626436683612293,0.050574673444917395,0.8813218341806147
0.8927887465162205,1.0,0.8927887465162205,0.7855774930324411,0.03509871864598457,1.0
0.8845299461620748,1.0,0.8845299461620748,0.6535898384862247,1.0,0.07623956929659881
0.8719631200671041,1.0,0.8719631200671041,0.615889360201312,0.8719631200671041,0.10374184046972834
0.8599719915971991,1.0,0.8599719915971991,0.5799159747915971,0.7199439831943981,0.15983194958319413
0.850928801500014,1.0,0.850928801500014,0.552786404500042,0.552786404500042,0.2546440075000701
0.8475014296673954,1.0,0.8475014296673954,0.5425042890021861,0.39000571866958145,0.39000571866958145
0.850928801500014,1.0,0.850928801500014,0.552786404500042,0.2546440075000701,0.552786404500042
0.8599719915971991,1.0,0.8599719915971991,0.5799159747915971,0.15983194958319413,0.7199439831943981
0.871963120067104,1.0,0.871963120067104,0.615889360201312,0.10374184046972812,0.871963120067104
0.8845299461620748,1.0,0.8845299461620748,0.6535898384862247,0.07623956929659881,1.0
0.8778305556436947,1.0,0.8778305556436947,0.5113222225747791,1.0,0.1448138895058636
0.8651600275073515,1.0,0.8651600275073515,0.4606401100294063,0.8651600275073515,0.1909601650441095
0.8541350085021054,1.0,0.8541350085021054,0.41654003400842177,0.7082700170042109,0.2706750425105272
0.8475014296673954,1.0,0.8475014296673954,0.39000571866958145,0.5425042890021861,0.39000571866958145
0.8475014296673953,1.0,0.8475014296673953,0.39000571866958134,0.39000571866958134,0.5425042890021861
0.8541350085021054,1.0,0.8541350085021054,0.41654003400842177,0.2706750425105272,0.7082700170042109
0.8651600275073515,1.0,0.8651600275073515,0.4606401100294063,0.1909601650441095,0.8651600275073515
0.8778305556436947,1.0,0.8778305556436947,0.5113222225747791,0.1448138895058636,1.0
0.8740118423302576,1.0,0.8740118423302576,0.37005921165128786,1.0,0.2440710539815455
0.862639436051311,1.0,0.862639436051311,0.31319718025655496,0.862639436051311,0.31319718025655496
0.8541350085021054,1.0,0.8541350085021054,0.2706750425105272,0.7082700170042109,0.41654003400842177
0.850928801500014,1.0,0.850928801500014,0.2546440075000701,0.552786404500042,0.552786404500042
0.8541350085021054,1.0,0.8541350085021054,0.2706750425105272,0.41654003400842177,0.7082700170042109
0.862639436051311,1.0,0.862639436051311,0.31319718025655485,0.31319718025655485,0.862639436051311
0.8740118423302576,1.0,0.8740118423302576,0.37005921165128786,0.2440710539815455,1.0
0.8740118423302576,1.0,0.8740118423302576,0.2440710539815455,1.0,0.37005921165128786
0.8651600275073515,1.0,0.8651600275073515,0.1909601650441095,0.8651600275073515,0.4606401100294063
0.8599719915971991,1.0,0.8599719915971991,0.15983194958319413,0.7199439831943981,0.5799159747915971
0.8599719915971991,1.0,0.8599719915971991,0.15983194958319413,0.5799159747915971,0.7199439831943981
0.8651600275073515,1.0,0.8651600275073515,0.1909601650441095,0.4606401100294063,0.8651600275073515
0.8740118423302576,1.0,0.8740118423302576,0.2440710539815455,0.37005921165128786,1.0
0.8778305556436947,1.0,0.8778305556436947,0.1448138895058636,1.0,0.5113222225747791
0.871963120067104,1.0,0.871963120067104,0.10374184046972812,0.871963120067104,0.615889360201312
0.8698110890191761,1.0,0.8698110890191761,0.08867762313423289,0.7396221780383523,0.7396221780383523
0.871963120067104,1.0,0.871963120067104,0.10374184046972812,0.615889360201312,0.871963120067104
0.8778305556436947,1.0,0.8778305556436947,0.1448138895058636,0.5113222225747791,1.0
0.8845299461620748,1.0,0.8845299461620748,0.07623956929659881,1.0,0.6535898384862247
0.8813218341806147,1.0,0.8813218341806147,0.050574673444917395,0.8813218341806147,0.7626436683612293
0.8813218341806147,1.0,0.8813218341806147,0.050574673444917395,0.7626436683612293,0.8813218341806147
0.8845299461620748,1.0,0.8845299461620748,0.07623956929659881,0.6535898384862247,1.0
0.8927887465162205,1.0,0.8927887465162205,0.03509871864598457,1.0,0.7855774930324411
0.8915347710906719,1.0,0.8915347710906719,0.023812939816047263,0.8915347710906719,0.8915347710906719
0.8927887465162205,1.0,0.8927887465162205,0.03509871864598457,0.7855774930324411,1.0
0.9014670721835707,1.0,0.9014670721835707,0.014670721835706835,1.0,0.9014670721835707
0.9014670721835707,1.0,0.9014670721835707,0.014670721835706835,0.9014670721835707,1.0
0.9098330365332568,1.0,0.9098330365332568,0.008163401865824427,1.0,1.0
0.9024099927051467,1.0,0.8048199854102933,1.0,1.0,0.024099927051466796
0.8927887465162205,1.0,0.7855774930324411,1.0,0.8927887465162205,0.03509871864598457
0.8829588528038694,1.0,0.7659177056077389,1.0,0.7659177056077389,0.06367082243095556
0.8740118423302576,1.0,0.7480236846605152,1.0,0.6220355269907727,0.11808289631180313
0.8675467642934956,1.0,0.7350935285869913,1.0,0.47018705717398246,0.20528058576097374
0.8651600275073515,1.0,0.7303200550147031,1.0,0.32580013753675785,0.32580013753675785
0.8675467642934956,1.0,0.7350935285869913,1.0,0.20528058576097374,0.47018705717398246
0.8740118423302576,1.0,0.7480236846605152,1.0,0.11808289631180313,0.6220355269907727
0.8829588528038694,1.0,0.7659177056077389,1.0,0.06367082243095556,0.7659177056077389
0.8927887465162205,1.0,0.7855774930324411,1.0,0.03509871864598457,0.8927887465162205
0.9024099927051467,1.0,0.8048199854102933,1.0,0.024099927051466796,1.0
0.8927887465162205,1.0,0.7855774930324411,0.8927887465162205,1.0,0.03509871864598457
0.8813218341806147,1.0,0.7626436683612293,0.8813218341806147,0.8813218341806147,0.050574673444917395
0.8698110890191761,1.0,0.7396221780383523,0.8698110890191761,0.7396221780383523,0.08867762313423289
0.8599719915971991,1.0,0.7199439831943981,0.8599719915971991,0.5799159747915971,0.15983194958319413
0.8541350085021054,1.0,0.7082700170042109,0.8541350085021054,0.41654003400842177,0.2706750425105272
0.8541350085021054,1.0,0.7082700170042109,0.8541350085021054,0.2706750425105272,0.41654003400842177
0.8599719915971991,1.0,0.7199439831943981,0.8599719915971991,0.15983194958319413,0.5799159747915971
0.8698110890191761,1.0,0.7396221780383523,0.8698110890191761,0.08867762313423289,0.7396221780383523
0.8813218341806147,1.0,0.7626436683612293,0.8813218341806147,0.050574673444917395,0.8813218341806147
0.8927887465162205,1.0,0.7855774930324411,0.8927887465162205,0.03509871864598457,1.0
0.8829588528038694,1.0,0.7659177056077389,0.7659177056077389,1.0,0.06367082243095556
0.8698110890191761,1.0,0.7396221780383523,0.7396221780383523,0.8698110890191761,0.08867762313423289
0.8571428571428572,1.0,0.7142857142857143,0.7142857142857143,0.7142857142857143,0.1428571428571429
0.8475014296673953,1.0,0.6950028593347907,0.6950028593347907,0.5425042890021861,0.23750714833697661
0.8438262381113939,1.0,0.6876524762227879,0.6876524762227879,0.3753049524455758,0.3753049524455758
0.8475014296673953,1.0,0.6950028593347907,0.6950028593347907,0.23750714833697661,0.5425042890021861
0.8571428571428572,1.0,0.7142857142857143,0.7142857142857143,0.1428571428571429,0.7142857142857143
0.8698110890191761,1.0,0.7396221780383523,0.7396221780383523,0.08867762313423289,0.8698110890191761
0.8829588528038694,1.0,0.7659177056077389,0.7659177056077389,0.06367082243095556,1.0
0.8740118423302576,1.0,0.7480236846605152,0.6220355269907727,1.0,0.11808289631180313
0.8599719915971991,1.0,0.7199439831943981,0.5799159747915971,0.8599719915971991,0.15983194958319413
0.8475014296673953,1.0,0.6950028593347907,0.5425042890021861,0.6950028593347907,0.23750714833697661
0.8398718461949128,1.0,0.6797436923898257,0.5196155385847385,0.5196155385847385,0.3594873847796515
0.8398718461949128,1.0,0.6797436923898257,0.5196155385847385,0.3594873847796515,0.5196155385847385
0.8475014296673953,1.0,0.6950028593347907,0.5425042890021861,0.23750714833697661,0.6950028593347907
0.8599719915971991,1.0,0.7199439831943981,0.5799159747915971,0.15983194958319413,0.8599719915971991
0.8740118423302576,1.0,0.7480236846605152,0.6220355269907727,0.11808289631180313,1.0
0.8675467642934956,1.0,0.7350935285869913,0.47018705717398246,1.0,0.20528058576097374
0.8541350085021054,1.0,0.7082700170042109,0.41654003400842177,0.8541350085021054,0.2706750425105272
0.8438262381113939,1.0,0.6876524762227879,0.3753049524455758,0.6876524762227879,0.3753049524455758
0.8398718461949128,1.0,0.6797436923898257,0.3594873847796515,0.5196155385847385,0.5196155385847385
0.8438262381113939,1.0,0.6876524762227879,0.3753049524455758,0.3753049524455758,0.6876524762227879
0.8541350085021054,1.0,0.7082700170042109,0.41654003400842177,0.2706750425105272,0.8541350085021054
0.8675467642934956,1.0,0.7350935285869913,0.47018705717398246,0.20528058576097374,1.0
0.8651600275073515,1.0,0.7303200550147031,0.32580013753675785,1.0,0.32580013753675785
0.8541350085021054,1.0,0.7082700170042109,0.2706750425105272,0.8541350085021054,0.41654003400842177
0.8475014296673953,1.0,0.6950028593347907,0.23750714833697661,0.6950028593347907,0.5425042890021861
0.8475014296673953,1.0,0.6950028593347907,0.23750714833697661,0.5425042890021861,0.6950028593347907
0.8541350085021054,1.0,0.7082700170042109,0.2706750425105272,0.41654003400842177,0.8541350085021054
0.8651600275073515,1.0,0.7303200550147031,0.32580013753675785,0.32580013753675785,1.0
0.8675467642934956,1.0,0.7350935285869913,0.20528058576097374,1.0,0.47018705717398246
0.8599719915971991,1.0,0.7199439831943981,0.15983194958319413,0.8599719915971991,0.5799159747915971
0.8571428571428572,1.0,0.7142857142857143,0.1428571428571429,0.7142857142857143,0.7142857142857143
0.8599719915971991,1.0,0.7199439831943981,0.15983194958319413,0.5799159747915971,0.8599719915971991
0.8675467642934956,1.0,0.7350935285869913,0.20528058576097374,0.47018705717398246,1.0
0.8740118423302576,1.0,0.7480236846605152,0.11808289631180313,1.0,0.6220355269907727
0.8698110890191761,1.0,0.7396221780383523,0.08867762313423289,0.8698110890191761,0.7396221780383523
0.8698110890191761,1.0,0.7396221780383523,0.08867762313423289,0.7396221780383523,0.8698110890191761
0.8740118423302576,1.0,0.7480236846605152,0.11808289631180313,0.6220355269907727,1.0
0.8829588528038694,1.0,0.7659177056077389,0.06367082243095556,1.0,0.7659177056077389
0.8813218341806146,1.0,0.7626436683612293,0.05057467344491717,0.8813218341806146,0.8813218341806146
0.8829588528038694,1.0,0.7659177056077389,0.06367082243095556,0.7659177056077389,1.0
0.8927887465162205,1.0,0.7855774930324411,0.03509871864598457,1.0,0.8927887465162205
0.8927887465162205,1.0,0.7855774930324411,0.03509871864598457,0.8927887465162205,1.0
0.9024099927051467,1.0,0.8048199854102933,0.024099927051466796,1.0,1.0
0.8951715163278081,1.0,0.6855145489834245,1.0,1.0,0.056543646950273474
0.8845299461620748,1.0,0.6535898384862247,1.0,0.8845299461620748,0.07623956929659881
0.8740118423302576,1.0,0.6220355269907727,1.0,0.7480236846605152,0.11808289631180313
0.8651600275073515,1.0,0.5954800825220548,1.0,0.5954800825220548,0.1909601650441095
0.8599719915971991,1.0,0.579915974791597,1.0,0.439887966388796,0.29985995798599496
0.8599719915971991,1.0,0.579915974791597,1.0,0.29985995798599496,0.439887966388796
0.8651600275073515,1.0,0.5954800825220548,1.0,0.1909601650441095,0.5954800825220548
0.8740118423302576,1.0,0.6220355269907727,1.0,0.11808289631180313,0.7480236846605152
0.8845299461620748,1.0,0.6535898384862247,1.0,0.07623956929659881,0.8845299461620748
0.8951715163278081,1.0,0.6855145489834245,1.0,0.056543646950273474,1.0
0.8845299461620748,1.0,0.6535898384862247,0.8845299461620748,1.0,0.07623956929659881
0.8719631200671041,1.0,0.615889360201312,0.8719631200671041,0.8719631200671041,0.10374184046972834
0.8599719915971991,1.0,0.5799159747915971,0.8599719915971991,0.7199439831943981,0.15983194958319413
0.850928801500014,1.0,0.552786404500042,0.850928801500014,0.552786404500042,0.2546440075000701
0.8475014296673954,1.0,0.5425042890021861,0.8475014296673954,0.39000571866958145,0.39000571866958145
0.850928801500014,1.0,0.552786404500042,0.850928801500014,0.2546440075000701,0.552786404500042
0.8599719915971991,1.0,0.5799159747915971,0.8599719915971991,0.15983194958319413,0.7199439831943981
0.871963120067104,1.0,0.615889360201312,0.871963120067104,0.10374184046972812,0.871963120067104
0.8845299461620748,1.0,0.6535898384862247,0.8845299461620748,0.07623956929659881,1.0
0.8740118423302576,1.0,0.6220355269907727,0.7480236846605152,1.0,0.11808289631180313
0.8599719915971991,1.0,0.5799159747915971,0.7199439831943981,0.8599719915971991,0.15983194958319413
0.8475014296673953,1.0,0.5425042890021861,0.6950028593347907,0.6950028593347907,0.23750714833697661
0.8398718461949128,1.0,0.5196155385847385,0.6797436923898257,0.5196155385847385,0.3594873847796515
0.8398718461949128,1.0,0.5196155385847385,0.6797436923898257,0.3594873847796515,0.5196155385847385
0.8475014296673953,1.0,0.5425042890021861,0.6950028593347907,0.23750714833697661,0.6950028593347907
0.8599719915971991,1.0,0.5799159747915971,0.7199439831943981,0.15983194958319413,0.8599719915971991
0.8740118423302576,1.0,0.6220355269907727,0.7480236846605152,0.11808289631180313,1.0
0.8651600275073515,1.0,0.5954800825220548,0.5954800825220548,1.0,0.1909601650441095
0.850928801500014,1.0,0.552786404500042,0.552786404500042,0.850928801500014,0.2546440075000701
0.8398718461949128,1.0,0.5196155385847385,0.5196155385847385,0.6797436923898257,0.3594873847796515
0.8356010126946427,1.0,0.5068030380839281,0.5068030380839281,0.5068030380839281,0.5068030380839281
0.8398718461949128,1.0,0.5196155385847385,0.5196155385847385,0.3594873847796515,0.6797436923898257
0.850928801500014,1.0,0.552786404500042,0.552786404500042,0.2546440075000701,0.850928801500014
0.8651600275073515,1.0,0.5954800825220548,0.5954800825220548,0.1909601650441095,1.0
0.8599719915971991,1.0,0.579915974791597,0.439887966388796,1.0,0.29985995798599496
0.8475014296673953,1.0,0.5425042890021861,0.39000571866958134,0.8475014296673953,0.39000571866958134
0.8398718461949128,1.0,0.5196155385847385,0.3594873847796515,0.6797436923898257,0.5196155385847385
0.8398718461949128,1.0,0.5196155385847385,0.3594873847796515,0.5196155385847385,0.6797436923898257
0.8475014296673953,1.0,0.5425042890021861,0.39000571866958134,0.39000571866958134,0.8475014296673953
0.8599719915971991,1.0,0.579915974791597,0.439887966388796,0.29985995798599496,1.0
0.8599719915971991,1.0,0.579915974791597,0.29985995798599496,1.0,0.439887966388796
0.850928801500014,1.0,0.552786404500042,0.2546440075000701,0.850928801500014,0.552786404500042
0.8475014296673953,1.0,0.5425042890021861,0.23750714833697661,0.6950028593347907,0.6950028593347907
0.850928801500014,1.0,0.552786404500042,0.2546440075000701,0.552786404500042,0.850928801500014
0.8599719915971991,1.0,0.579915974791597,0.29985995798599496,0.439887966388796,1.0
0.8651600275073515,1.0,0.5954800825220548,0.1909601650441095,1.0,0.5954800825220548
0.8599719915971991,1.0,0.5799159747915971,0.15983194958319413,0.8599719915971991,0.7199439831943981
0.8599719915971991,1.0,0.5799159747915971,0.15983194958319413,0.7199439831943981,0.8599719915971991
0.8651600275073515,1.0,0.5954800825220548,0.1909601650441095,0.5954800825220548,1.0
0.8740118423302576,1.0,0.6220355269907727,0.11808289631180313,1.0,0.7480236846605152
0.871963120067104,1.0,0.615889360201312,0.10374184046972812,0.871963120067104,0.871963120067104
0.8740118423302576,1.0,0.6220355269907727,0.11808289631180313,0.7480236846605152,1.0
0.8845299461620748,1.0,0.6535898384862247,0.07623956929659881,1.0,0.8845299461620748
0.8845299461620748,1.0,0.6535898384862247,0.07623956929659881,0.8845299461620748,1.0
0.8951715163278081,1.0,0.6855145489834245,0.056543646950273474,1.0,1.0
0.8888888888888888,1.0,0.5555555555555556,1.0,1.0,0.11111111111111116
0.8778305556436947,1.0,0.5113222225747791,1.0,0.8778305556436947,0.1448138895058636
0.8675467642934956,1.0,0.47018705717398246,1.0,0.7350935285869913,0.20528058576097374
0.8599719915971991,1.0,0.439887966388796,1.0,0.579915974791597,0.29985995798599496
0.8571428571428572,1.0,0.4285714285714286,1.0,0.4285714285714286,0.4285714285714286
0.8599719915971991,1.0,0.4398879663887961,1.0,0.2998599579859952,0.5799159747915971
0.8675467642934956,1.0,0.47018705717398246,1.0,0.20528058576097374,0.7350935285869913
0.8778305556436947,1.0,0.5113222225747791,1.0,0.14481388950586338,0.8778305556436947
0.8888888888888888,1.0,0.5555555555555556,1.0,0.11111111111111116,1.0
0.8778305556436947,1.0,0.5113222225747791,0.8778305556436947,1.0,0.1448138895058636
0.8651600275073515,1.0,0.4606401100294063,0.8651600275073515,0.8651600275073515,0.1909601650441095
0.8541350085021054,1.0,0.41654003400842177,0.8541350085021054,0.7082700170042109,0.2706750425105272
0.8475014296673954,1.0,0.39000571866958145,0.8475014296673954,0.5425042890021861,0.39000571866958145
0.8475014296673953,1.0,0.39000571866958134,0.8475014296673953,0.39000571866958134,0.5425042890021861
0.8541350085021054,1.0,0.41654003400842177,0.8541350085021054,0.2706750425105272,0.7082700170042109
0.8651600275073515,1.0,0.4606401100294063,0.8651600275073515,0.1909601650441095,0.8651600275073515
0.8778305556436947,1.0,0.5113222225747791,0.8778305556436947,0.1448138895058636,1.0
0.8675467642934956,1.0,0.47018705717398246,0.7350935285869913,1.0,0.20528058576097374
0.8541350085021054,1.0,0.41654003400842177,0.7082700170042109,0.8541350085021054,0.2706750425105272
0.8438262381113939,1.0,0.3753049524455758,0.6876524762227879,0.6876524762227879,0.3753049524455758
0.8398718461949128,1.0,0.3594873847796515,0.6797436923898257,0.5196155385847385,0.5196155385847385
0.8438262381113939,1.0,0.3753049524455758,0.6876524762227879,0.3753049524455758,0.6876524762227879
0.8541350085021054,1.0,0.41654003400842177,0.7082700170042109,0.2706750425105272,0.8541350085021054
0.8675467642934956,1.0,0.47018705717398246,0.7350935285869913,0.20528058576097374,1.0
0.8599719915971991,1.0,0.439887966388796,0.579915974791597,1.0,0.29985995798599496
0.8475014296673953,1.0,0.39000571866958134,0.5425042890021861,0.8475014296673953,0.39000571866958134
0.8398718461949128,1.0,0.3594873847796515,0.5196155385847385,0.6797436923898257,0.5196155385847385
0.8398718461949128,1.0,0.3594873847796515,0.5196155385847385,0.5196155385847385,0.6797436923898257
0.8475014296673953,1.0,0.39000571866958134,0.5425042890021861,0.39000571866958134,0.8475014296673953
0.8599719915971991,1.0,0.439887966388796,0.579915974791597,0.29985995798599496,1.0
0.8571428571428572,1.0,0.4285714285714286,0.4285714285714286,1.0,0.4285714285714286
0.8475014296673953,1.0,0.39000571866958134,0.39000571866958134,0.8475014296673953,0.5425042890021861
0.8438262381113939,1.0,0.3753049524455758,0.3753049524455758,0.6876524762227879,0.6876524762227879
0.8475014296673953,1.0,0.39000571866958134,0.39000571866958134,0.5425042890021861,0.8475014296673953
0.8571428571428572,1.0,0.4285714285714286,0.4285714285714286,0.4285714285714286,1.0
0.8599719915971991,1.0,0.4398879663887961,0.2998599579859952,1.0,0.5799159747915971
0.8541350085021054,1.0,0.41654003400842177,0.2706750425105272,0.8541350085021054,0.7082700170042109
0.8541350085021054,1.0,0.41654003400842177,0.2706750425105272,0.7082700170042109,0.8541350085021054
0.8599719915971991,1.0,0.4398879663887961,0.2998599579859952,0.5799159747915971,1.0
0.8675467642934956,1.0,0.47018705717398246,0.20528058576097374,1.0,0.7350935285869913
0.8651600275073515,1.0,0.4606401100294063,0.1909601650441095,0.8651600275073515,0.8651600275073515
0.8675467642934956,1.0,0.47018705717398246,0.20528058576097374,0.7350935285869913,1.0
0.8778305556436947,1.0,0.5113222225747791,0.14481388950586338,1.0,0.8778305556436947
0.8778305556436947,1.0,0.5113222225747791,0.14481388950586338,0.8778305556436947,1.0
0.8888888888888888,1.0,0.5555555555555556,0.11111111111111116,1.0,1.0
0.8845299461620748,1.0,0.42264973081037416,1.0,1.0,0.1917096231345239
0.8740118423302576,1.0,0.37005921165128786,1.0,0.8740118423302576,0.2440710539815455
0.8651600275073515,1.0,0.32580013753675785,1.0,0.7303200550147031,0.32580013753675785
0.8599719915971991,1.0,0.29985995798599496,1.0,0.579915974791597,0.439887966388796
0.8599719915971991,1.0,0.2998599579859952,1.0,0.4398879663887961,0.5799159747915971
0.8651600275073515,1.0,0.32580013753675785,1.0,0.32580013753675785,0.7303200550147031
0.8740118423302576,1.0,0.37005921165128786,1.0,0.2440710539815455,0.8740118423302576
0.8845299461620748,1.0,0.42264973081037416,1.0,0.1917096231345239,1.0
0.8740118423302576,1.0,0.37005921165128786,0.8740118423302576,1.0,0.2440710539815455
0.862639436051311,1.0,0.31319718025655496,0.862639436051311,0.862639436051311,0.31319718025655496
0.8541350085021054,1.0,0.2706750425105272,0.8541350085021054,0.7082700170042109,0.41654003400842177
0.850928801500014,1.0,0.2546440075000701,0.850928801500014,0.552786404500042,0.552786404500042
0.8541350085021054,1.0,0.2706750425105272,0.8541350085021054,0.41654003400842177,0.7082700170042109
0.862639436051311,1.0,0.31319718025655485,0.862639436051311,0.31319718025655485,0.862639436051311
0.8740118423302576,1.0,0.37005921165128786,0.8740118423302576,0.2440710539815455,1.0
0.8651600275073515,1.0,0.32580013753675785,0.7303200550147031,1.0,0.32580013753675785
0.8541350085021054,1.0,0.2706750425105272,0.7082700170042109,0.8541350085021054,0.41654003400842177
0.8475014296673953,1.0,0.23750714833697661,0.6950028593347907,0.6950028593347907,0.5425042890021861
0.8475014296673953,1.0,0.23750714833697661,0.6950028593347907,0.5425042890021861,0.6950028593347907
0.8541350085021054,1.0,0.2706750425105272,0.7082700170042109,0.41654003400842177,0.8541350085021054
0.8651600275073515,1.0,0.32580013753675785,0.7303200550147031,0.32580013753675785,1.0
0.8599719915971991,1.0,0.29985995798599496,0.579915974791597,1.0,0.439887966388796
0.850928801500014,1.0,0.2546440075000701,0.552786404500042,0.850928801500014,0.552786404500042
0.8475014296673953,1.0,0.23750714833697661,0.5425042890021861,0.6950028593347907,0.6950028593347907
0.850928801500014,1.0,0.2546440075000701,0.552786404500042,0.552786404500042,0.850928801500014
0.8599719915971991,1.0,0.29985995798599496,0.579915974791597,0.439887966388796,1.0
0.8599719915971991,1.0,0.2998599579859952,0.4398879663887961,1.0,0.5799159747915971
0.8541350085021054,1.0,0.2706750425105272,0.41654003400842177,0.8541350085021054,0.7082700170042109
0.8541350085021054,1.0,0.2706750425105272,0.41654003400842177,0.7082700170042109,0.8541350085021054
0.8599719915971991,1.0,0.2998599579859952,0.4398879663887961,0.5799159747915971,1.0
0.8651600275073515,1.0,0.32580013753675785,0.32580013753675785,1.0,0.7303200550147031
0.862639436051311,1.0,0.31319718025655485,0.31319718025655485,0.862639436051311,0.862639436051311
0.8651600275073515,1.0,0.32580013753675785,0.32580013753675785,0.7303200550147031,1.0
0.8740118423302576,1.0,0.37005921165128786,0.2440710539815455,1.0,0.8740118423302576
0.8740118423302576,1.0,0.37005921165128786,0.2440710539815455,0.8740118423302576,1.0
0.8845299461620748,1.0,0.42264973081037416,0.1917096231345239,1.0,1.0
0.8829588528038694,1.0,0.2977531168232166,1.0,1.0,0.2977531168232166
0.8740118423302576,1.0,0.2440710539815455,1.0,0.8740118423302576,0.37005921165128786
0.8675467642934956,1.0,0.20528058576097374,1.0,0.7350935285869913,0.47018705717398246
0.8651600275073515,1.0,0.1909601650441095,1.0,0.5954800825220548,0.5954800825220548
0.8675467642934956,1.0,0.20528058576097374,1.0,0.47018705717398246,0.7350935285869913
0.8740118423302576,1.0,0.2440710539815455,1.0,0.37005921165128786,0.8740118423302576
0.8829588528038694,1.0,0.2977531168232166,1.0,0.2977531168232166,1.0
0.8740118423302576,1.0,0.2440710539815455,0.8740118423302576,1.0,0.37005921165128786
0.8651600275073515,1.0,0.1909601650441095,0.8651600275073515,0.8651600275073515,0.4606401100294063
0.8599719915971991,1.0,0.15983194958319413,0.8599719915971991,0.7199439831943981,0.5799159747915971
0.8599719915971991,1.0,0.15983194958319413,0.8599719915971991,0.5799159747915971,0.7199439831943981
0.8651600275073515,1.0,0.1909601650441095,0.8651600275073515,0.4606401100294063,0.8651600275073515
0.8740118423302576,1.0,0.2440710539815455,0.8740118423302576,0.37005921165128786,1.0
0.8675467642934956,1.0,0.20528058576097374,0.7350935285869913,1.0,0.47018705717398246
0.8599719915971991,1.0,0.15983194958319413,0.7199439831943981,0.8599719915971991,0.5799159747915971
0.8571428571428572,1.0,0.1428571428571429,0.7142857142857143,0.7142857142857143,0.7142857142857143
0.8599719915971991,1.0,0.15983194958319413,0.7199439831943981,0.5799159747915971,0.8599719915971991
0.8675467642934956,1.0,0.20528058576097374,0.7350935285869913,0.47018705717398246,1.0
0.8651600275073515,1.0,0.1909601650441095,0.5954800825220548,1.0,0.5954800825220548
0.8599719915971991,1.0,0.15983194958319413,0.5799159747915971,0.8599719915971991,0.7199439831943981
0.8599719915971991,1.0,0.15983194958319413,0.5799159747915971,0.7199439831943981,0.8599719915971991
0.8651600275073515,1.0,0.1909601650441095,0.5954800825220548,0.5954800825220548,1.0
0.8675467642934956,1.0,0.20528058576097374,0.47018705717398246,1.0,0.7350935285869913
0.8651600275073515,1.0,0.1909601650441095,0.4606401100294063,0.8651600275073515,0.8651600275073515
0.8675467642934956,1.0,0.20528058576097374,0.47018705717398246,0.7350935285869913,1.0
0.8740118423302576,1.0,0.2440710539815455,0.37005921165128786,1.0,0.8740118423302576
0.8740118423302576,1.0,0.2440710539815455,0.37005921165128786,0.8740118423302576,1.0
0.8829588528038694,1.0,0.2977531168232166,0.2977531168232166,1.0,1.0
0.8845299461620748,1.0,0.1917096231345239,1.0,1.0,0.42264973081037416
0.8778305556436947,1.0,0.14481388950586338,1.0,0.8778305556436947,0.5113222225747791
0.8740118423302576,1.0,0.11808289631180313,1.0,0.7480236846605152,0.6220355269907727
0.8740118423302576,1.0,0.11808289631180313,1.0,0.6220355269907727,0.7480236846605152
0.8778305556436947,1.0,0.14481388950586338,1.0,0.5113222225747791,0.8778305556436947
0.8845299461620748,1.0,0.1917096231345239,1.0,0.42264973081037416,1.0
0.8778305556436947,1.0,0.14481388950586338,0.8778305556436947,1.0,0.5113222225747791
0.871963120067104,1.0,0.10374184046972812,0.871963120067104,0.871963120067104,0.615889360201312
0.8698110890191761,1.0,0.08867762313423289,0.8698110890191761,0.7396221780383523,0.7396221780383523
0.871963120067104,1.0,0.10374184046972812,0.871963120067104,0.615889360201312,0.871963120067104
0.8778305556436947,1.0,0.14481388950586338,0.8778305556436947,0.5113222225747791,1.0
0.8740118423302576,1.0,0.11808289631180313,0.7480236846605152,1.0,0.6220355269907727
0.8698110890191761,1.0,0.08867762313423289,0.7396221780383523,0.8698110890191761,0.7396221780383523
0.8698110890191761,1.0,0.08867762313423289,0.7396221780383523,0.7396221780383523,0.8698110890191761
0.8740118423302576,1.0,0.11808289631180313,0.7480236846605152,0.6220355269907727,1.0
0.8740118423302576,1.0,0.11808289631180313,0.6220355269907727,1.0,0.7480236846605152
0.871963120067104,1.0,0.10374184046972812,0.615889360201312,0.871963120067104,0.871963120067104
0.8740118423302576,1.0,0.11808289631180313,0.6220355269907727,0.7480236846605152,1.0
0.8778305556436947,1.0,0.14481388950586338,0.5113222225747791,1.0,0.8778305556436947
0.8778305556436947,1.0,0.14481388950586338,0.5113222225747791,0.8778305556436947,1.0
0.8845299461620748,1.0,0.1917096231345239,0.42264973081037416,1.0,1.0
0.8888888888888888,1.0,0.11111111111111105,1.0,1.0,0.5555555555555556
0.8845299461620748,1.0,0.0762395692965987,1.0,0.8845299461620748,0.6535898384862244
0.8829588528038694,1.0,0.06367082243095556,1.0,0.7659177056077389,0.7659177056077389
0.8845299461620748,1.0,0.0762395692965987,1.0,0.6535898384862244,0.8845299461620748
0.8888888888888888,1.0,0.11111111111111105,1.0,0.5555555555555556,1.0
0.8845299461620748,1.0,0.0762395692965987,0.8845299461620748,1.0,0.6535898384862244
0.8813218341806146,1.0,0.05057467344491717,0.8813218341806146,0.8813218341806146,0.7626436683612293
0.8813218341806146,1.0,0.05057467344491717,0.8813218341806146,0.7626436683612293,0.8813218341806146
0.8845299461620748,1.0,0.0762395692965987,0.8845299461620748,0.6535898384862244,1.0
0.8829588528038694,1.0,0.06367082243095556,0.7659177056077389,1.0,0.7659177056077389
0.8813218341806146,1.0,0.05057467344491717,0.7626436683612293,0.8813218341806146,0.8813218341806146
0.8829588528038694,1.0,0.06367082243095556,0.7659177056077389,0.7659177056077389,1.0
0.8845299461620748,1.0,0.0762395692965987,0.6535898384862244,1.0,0.8845299461620748
0.8845299461620748,1.0,0.0762395692965987,0.6535898384862244,0.8845299461620748,1.0
0.8888888888888888,1.0,0.11111111111111105,0.5555555555555556,1.0,1.0
0.8951715163278081,1.0,0.056543646950273474,1.0,1.0,0.6855145489834245
0.8927887465162205,1.0,0.03509871864598457,1.0,0.8927887465162205,0.7855774930324411
0.8927887465162205,1.0,0.03509871864598457,1.0,0.7855774930324411,0.8927887465162205
0.8951715163278081,1.0,0.056543646950273474,1.0,0.6855145489834245,1.0
0.8927887465162205,1.0,0.03509871864598457,0.8927887465162205,1.0,0.7855774930324411
0.8915347710906719,1.0,0.023812939816047263,0.8915347710906719,0.8915347710906719,0.8915347710906719
0.8927887465162205,1.0,0.03509871864598457,0.8927887465162205,0.7855774930324411,1.0
0.8927887465162205,1.0,0.03509871864598457,0.7855774930324411,1.0,0.8927887465162205
0.8927887465162205,1.0,0.03509871864598457,0.7855774930324411,0.8927887465162205,1.0
0.8951715163278081,1.0,0.056543646950273474,0.6855145489834245,1.0,1.0
0.9024099927051467,1.0,0.024099927051466796,1.0,1.0,0.8048199854102933
0.9014670721835707,1.0,0.014670721835706835,1.0,0.9014670721835707,0.9014670721835707
0.9024099927051467,1.0,0.024099927051466796,1.0,0.8048199854102933,1.0
0.9014670721835707,1.0,0.014670721835706835,0.9014670721835707,1.0,0.9014670721835707
0.9014670721835707,1.0,0.014670721835706835,0.9014670721835707,0.9014670721835707,1.0
0.9024099927051467,1.0,0.024099927051466796,0.8048199854102933,1.0,1.0
0.9098330365332568,1.0,0.008163401865824538,1.0,1.0,0.9098330365332568
0.9098330365332568,1.0,0.008163401865824538,1.0,0.9098330365332568,1.0
0.9098330365332568,1.0,0.008163401865824538,0.9098330365332568,1.0,1.0
0.91695452014626,1.0,0.003454241755120435,1.0,1.0,1.0
0.9098330365332568,0.9098330365332568,1.0,1.0,1.0,0.008163401865824427
0.9014670721835707,0.9014670721835707,1.0,1.0,0.9014670721835707,0.014670721835706835
0.8927887465162205,0.8927887465162205,1.0,1.0,0.7855774930324411,0.03509871864598457
0.8845299461620748,0.8845299461620748,1.0,1.0,0.6535898384862247,0.07623956929659881
0.8778305556436947,0.8778305556436947,1.0,1.0,0.5113222225747791,0.1448138895058636
0.8740118423302576,0.8740118423302576,1.0,1.0,0.37005921165128786,0.2440710539815455
0.8740118423302576,0.8740118423302576,1.0,1.0,0.2440710539815455,0.37005921165128786
0.8778305556436947,0.8778305556436947,1.0,1.0,0.1448138895058636,0.5113222225747791
0.8845299461620748,0.8845299461620748,1.0,1.0,0.07623956929659881,0.6535898384862247
0.8927887465162205,0.8927887465162205,1.0,1.0,0.03509871864598457,0.7855774930324411
0.9014670721835707,0.9014670721835707,1.0,1.0,0.014670721835706835,0.9014670721835707
0.9098330365332568,0.9098330365332568,1.0,1.0,0.008163401865824427,1.0
0.9014670721835707,0.9014670721835707,1.0,0.9014670721835707,1.0,0.014670721835706835
0.8915347710906719,0.8915347710906719,1.0,0.8915347710906719,0.8915347710906719,0.023812939816047263
0.8813218341806147,0.8813218341806147,1.0,0.8813218341806147,0.7626436683612293,0.050574673444917395
0.871963120067104,0.871963120067104,1.0,0.871963120067104,0.615889360201312,0.10374184046972812
0.8651600275073515,0.8651600275073515,1.0,0.8651600275073515,0.4606401100294063,0.1909601650441095
0.862639436051311,0.862639436051311,1.0,0.862639436051311,0.31319718025655496,0.31319718025655496
0.8651600275073515,0.8651600275073515,1.0,0.8651600275073515,0.1909601650441095,0.4606401100294063
0.871963120067104,0.871963120067104,1.0,0.871963120067104,0.10374184046972812,0.615889360201312
0.8813218341806147,0.8813218341806147,1.0,0.8813218341806147,0.050574673444917395,0.7626436683612293
0.8915347710906719,0.8915347710906719,1.0,0.8915347710906719,0.023812939816047263,0.8915347710906719
0.9014670721835707,0.9014670721835707,1.0,0.9014670721835707,0.014670721835706835,1.0
0.8927887465162205,0.8927887465162205,1.0,0.7855774930324411,1.0,0.03509871864598457
0.8813218341806147,0.8813218341806147,1.0,0.7626436683612293,0.8813218341806147,0.050574673444917395
0.8698110890191761,0.8698110890191761,1.0,0.7396221780383523,0.7396221780383523,0.08867762313423289
0.8599719915971991,0.8599719915971991,1.0,0.7199439831943981,0.5799159747915971,0.15983194958319413
0.8541350085021054,0.8541350085021054,1.0,0.7082700170042109,0.41654003400842177,0.2706750425105272
0.8541350085021054,0.8541350085021054,1.0,0.7082700170042109,0.2706750425105272,0.41654003400842177
0.8599719915971991,0.8599719915971991,1.0,0.7199439831943981,0.15983194958319413,0.5799159747915971
0.8698110890191761,0.8698110890191761,1.0,0.7396221780383523,0.08867762313423289,0.7396221780383523
0.8813218341806147,0.8813218341806147,1.0,0.7626436683612293,0.050574673444917395,0.8813218341806147
0.8927887465162205,0.8927887465162205,1.0,0.7855774930324411,0.03509871864598457,1.0
0.8845299461620748,0.8845299461620748,1.0,0.6535898384862247,1.0,0.07623956929659881
0.8719631200671041,0.8719631200671041,1.0,0.615889360201312,0.8719631200671041,0.10374184046972834
0.8599719915971991,0.8599719915971991,1.0,0.5799159747915971,0.7199439831943981,0.15983194958319413
0.850928801500014,0.850928801500014,1.0,0.552786404500042,0.552786404500042,0.2546440075000701
0.8475014296673954,0.8475014296673954,1.0,0.5425042890021861,0.39000571866958145,0.39000571866958145
0.850928801500014,0.850928801500014,1.0,0.552786404500042,0.2546440075000701,0.552786404500042
0.8599719915971991,0.8599719915971991,1.0,0.5799159747915971,0.15983194958319413,0.7199439831943981
0.871963120067104,0.871963120067104,1.0,0.615889360201312,0.10374184046972812,0.871963120067104
0.8845299461620748,0.8845299461620748,1.0,0.6535898384862247,0.07623956929659881,1.0
0.8778305556436947,0.8778305556436947,1.0,0.5113222225747791,1.0,0.1448138895058636
0.8651600275073515,0.8651600275073515,1.0,0.4606401100294063,0.8651600275073515,0.1909601650441095
0.8541350085021054,0.8541350085021054,1.0,0.41654003400842177,0.7082700170042109,0.2706750425105272
0.8475014296673954,0.8475014296673954,1.0,0.39000571866958145,0.5425042890021861,0.39000571866958145
0.8475014296673953,0.8475014296673953,1.0,0.39000571866958134,0.39000571866958134,0.5425042890021861
0.8541350085021054,0.8541350085021054,1.0,0.41654003400842177,0.2706750425105272,0.7082700170042109
0.8651600275073515,0.8651600275073515,1.0,0.4606401100294063,0.1909601650441095,0.8651600275073515
0.8778305556436947,0.8778305556436947,1.0,0.5113222225747791,0.1448138895058636,1.0
0.8740118423302576,0.8740118423302576,1.0,0.37005921165128786,1.0,0.2440710539815455
0.862639436051311,0.862639436051311,1.0,0.31319718025655496,0.862639436051311,0.31319718025655496
0.8541350085021054,0.8541350085021054,1.0,0.2706750425105272,0.7082700170042109,0.41654003400842177
0.850928801500014,0.850928801500014,1.0,0.2546440075000701,0.552786404500042,0.552786404500042
0.8541350085021054,0.8541350085021054,1.0,0.2706750425105272,0.41654003400842177,0.7082700170042109
0.862639436051311,0.862639436051311,1.0,0.31319718025655485,0.31319718025655485,0.862639436051311
0.8740118423302576,0.8740118423302576,1.0,0.37005921165128786,0.2440710539815455,1.0
0.8740118423302576,0.8740118423302576,1.0,0.2440710539815455,1.0,0.37005921165128786
0.8651600275073515,0.8651600275073515,1.0,0.1909601650441095,0.8651600275073515,0.4606401100294063
0.8599719915971991,0.8599719915971991,1.0,0.15983194958319413,0.7199439831943981,0.5799159747915971
0.8599719915971991,0.8599719915971991,1.0,0.15983194958319413,0.5799159747915971,0.7199439831943981
0.8651600275073515,0.8651600275073515,1.0,0.1909601650441095,0.4606401100294063,0.8651600275073515
0.8740118423302576,0.8740118423302576,1.0,0.2440710539815455,0.37005921165128786,1.0
0.8778305556436947,0.8778305556436947,1.0,0.1448138895058636,1.0,0.5113222225747791
0.871963120067104,0.871963120067104,1.0,0.10374184046972812,0.871963120067104,0.615889360201312
0.8698110890191761,0.8698110890191761,1.0,0.08867762313423289,0.7396221780383523,0.7396221780383523
0.871963120067104,0.871963120067104,1.0,0.10374184046972812,0.615889360201312,0.871963120067104
0.8778305556436947,0.8778305556436947,1.0,0.1448138895058636,0.5113222225747791,1.0
0.8845299461620748,0.8845299461620748,1.0,0.07623956929659881,1.0,0.6535898384862247
0.8813218341806147,0.8813218341806147,1.0,0.050574673444917395,0.8813218341806147,0.7626436683612293
0.8813218341806147,0.8813218341806147,1.0,0.050574673444917395,0.7626436683612293,0.8813218341806147
0.8845299461620748,0.8845299461620748,1.0,0.07623956929659881,0.6535898384862247,1.0
0.8927887465162205,0.8927887465162205,1.0,0.03509871864598457,1.0,0.7855774930324411
0.8915347710906719,0.8915347710906719,1.0,0.023812939816047263,0.8915347710906719,0.8915347710906719
0.8927887465162205,0.8927887465162205,1.0,0.03509871864598457,0.7855774930324411,1.0
0.9014670721835707,0.9014670721835707,1.0,0.014670721835706835,1.0,0.9014670721835707
0.9014670721835707,0.9014670721835707,1.0,0.014670721835706835,0.9014670721835707,1.0
0.9098330365332568,0.9098330365332568,1.0,0.008163401865824427,1.0,1.0
0.9014670721835707,0.9014670721835707,0.9014670721835707,1.0,1.0,0.014670721835706835
0.8915347710906719,0.8915347710906719,0.8915347710906719,1.0,0.8915347710906719,0.023812939816047263
0.8813218341806147,0.8813218341806147,0.8813218341806147,1.0,0.7626436683612293,0.050574673444917395
0.871963120067104,0.871963120067104,0.871963120067104,1.0,0.615889360201312,0.10374184046972812
0.8651600275073515,0.8651600275073515,0.8651600275073515,1.0,0.4606401100294063,0.1909601650441095
0.862639436051311,0.862639436051311,0.862639436051311,1.0,0.31319718025655496,0.31319718025655496
0.8651600275073515,0.8651600275073515,0.8651600275073515,1.0,0.1909601650441095,0.4606401100294063
0.871963120067104,0.871963120067104,0.871963120067104,1.0,0.10374184046972812,0.615889360201312
0.8813218341806147,0.8813218341806147,0.8813218341806147,1.0,0.050574673444917395,0.7626436683612293
0.8915347710906719,0.8915347710906719,0.8915347710906719,1.0,0.023812939816047263,0.8915347710906719
0.9014670721835707,0.9014670721835707,0.9014670721835707,1.0,0.014670721835706835,1.0
0.8915347710906719,0.8915347710906719,0.8915347710906719,0.8915347710906719,1.0,0.023812939816047263
0.8796141469142308,0.8796141469142308,0.8796141469142308,0.8796141469142308,0.8796141469142308,0.036913175313846414
0.8675467642934956,0.8675467642934956,0.8675467642934956,0.8675467642934956,0.7350935285869913,0.07282735005446939
0.8571428571428572,0.8571428571428572,0.8571428571428572,0.8571428571428572,0.5714285714285714,0.1428571428571429
0.850928801500014,0.850928801500014,0.850928801500014,0.850928801500014,0.40371520600005606,0.2546440075000701
0.850928801500014,0.850928801500014,0.850928801500014,0.850928801500014,0.2546440075000701,0.40371520600005606
0.8571428571428572,0.8571428571428572,0.8571428571428572,0.8571428571428572,0.1428571428571429,0.5714285714285714
0.8675467642934956,0.8675467642934956,0.8675467642934956,0.8675467642934956,0.07282735005446939,0.7350935285869913
0.8796141469142308,0.8796141469142308,0.8796141469142308,0.8796141469142308,0.036913175313846414,0.8796141469142308
0.8915347710906719,0.8915347710906719,0.8915347710906719,0.8915347710906719,0.023812939816047263,1.0
0.8813218341806147,0.8813218341806147,0.8813218341806147,0.7626436683612293,1.0,0.050574673444917395
0.8675467642934956,0.8675467642934956,0.8675467642934956,0.7350935285869913,0.8675467642934956,0.07282735005446939
0.8541350085021054,0.8541350085021054,0.8541350085021054,0.7082700170042109,0.7082700170042109,0.12481005101263265
0.8438262381113939,0.8438262381113939,0.8438262381113939,0.6876524762227878,0.5314787143341818,0.2191311905569696
0.8398718461949128,0.8398718461949128,0.8398718461949128,0.6797436923898257,0.3594873847796515,0.3594873847796515
0.8438262381113939,0.8438262381113939,0.8438262381113939,0.6876524762227878,0.2191311905569696,0.5314787143341818
0.8541350085021054,0.8541350085021054,0.8541350085021054,0.7082700170042109,0.12481005101263265,0.7082700170042109
0.8675467642934955,0.8675467642934955,0.8675467642934955,0.7350935285869912,0.07282735005446928,0.8675467642934955
0.8813218341806147,0.8813218341806147,0.8813218341806147,0.7626436683612293,0.050574673444917395,1.0
0.871963120067104,0.871963120067104,0.871963120067104,0.615889360201312,1.0,0.10374184046972812
0.8571428571428572,0.8571428571428572,0.8571428571428572,0.5714285714285714,0.8571428571428572,0.1428571428571429
0.8438262381113939,0.8438262381113939,0.8438262381113939,0.5314787143341818,0.6876524762227878,0.2191311905569696
0.8356010126946427,0.8356010126946427,0.8356010126946427,0.5068030380839281,0.5068030380839281,0.34240405077857083
0.8356010126946427,0.8356010126946427,0.8356010126946427,0.5068030380839281,0.34240405077857083,0.5068030380839281
0.8438262381113939,0.8438262381113939,0.8438262381113939,0.5314787143341818,0.2191311905569696,0.6876524762227878
0.8571428571428571,0.8571428571428571,0.8571428571428571,0.5714285714285714,0.1428571428571428,0.8571428571428571
0.871963120067104,0.871963120067104,0.871963120067104,0.615889360201312,0.10374184046972812,1.0
0.8651600275073515,0.8651600275073515,0.8651600275073515,0.4606401100294063,1.0,0.1909601650441095
0.850928801500014,0.850928801500014,0.850928801500014,0.40371520600005606,0.850928801500014,0.2546440075000701
0.8398718461949128,0.8398718461949128,0.8398718461949128,0.3594873847796515,0.6797436923898257,0.3594873847796515
0.8356010126946427,0.8356010126946427,0.8356010126946427,0.34240405077857083,0.5068030380839281,0.5068030380839281
0.8398718461949128,0.8398718461949128,0.8398718461949128,0.3594873847796515,0.3594873847796515,0.6797436923898257
0.850928801500014,0.850928801500014,0.850928801500014,0.40371520600005606,0.2546440075000701,0.850928801500014
0.8651600275073515,0.8651600275073515,0.8651600275073515,0.4606401100294063,0.1909601650441095,1.0
0.862639436051311,0.862639436051311,0.862639436051311,0.31319718025655496,1.0,0.31319718025655496
0.850928801500014,0.850928801500014,0.850928801500014,0.2546440075000701,0.850928801500014,0.40371520600005606
0.8438262381113939,0.8438262381113939,0.8438262381113939,0.2191311905569696,0.6876524762227878,0.5314787143341818
0.8438262381113939,0.8438262381113939,0.8438262381113939,0.2191311905569696,0.5314787143341818,0.6876524762227878
0.850928801500014,0.850928801500014,0.850928801500014,0.2546440075000701,0.40371520600005606,0.850928801500014
0.862639436051311,0.862639436051311,0.862639436051311,0.31319718025655496,0.31319718025655496,1.0
0.8651600275073515,0.8651600275073515,0.8651600275073515,0.1909601650441095,1.0,0.4606401100294063
0.8571428571428572,0.8571428571428572,0.8571428571428572,0.1428571428571429,0.8571428571428572,0.5714285714285714
0.8541350085021054,0.8541350085021054,0.8541350085021054,0.12481005101263265,0.7082700170042109,0.7082700170042109
0.8571428571428572,0.8571428571428572,0.8571428571428572,0.1428571428571429,0.5714285714285714,0.8571428571428572
0.8651600275073515,0.8651600275073515,0.8651600275073515,0.1909601650441095,0.4606401100294063,1.0
0.871963120067104,0.871963120067104,0.871963120067104,0.10374184046972812,1.0,0.615889360201312
0.8675467642934955,0.8675467642934955,0.8675467642934955,0.07282735005446928,0.8675467642934955,0.7350935285869912
0.8675467642934955,0.8675467642934955,0.8675467642934955,0.07282735005446928,0.7350935285869912,0.8675467642934955
0.871963120067104,0.871963120067104,0.871963120067104,0.10374184046972812,0.615889360201312,1.0
0.8813218341806147,0.8813218341806147,0.8813218341806147,0.050574673444917395,1.0,0.7626436683612293
0.8796141469142308,0.8796141469142308,0.8796141469142308,0.036913175313846414,0.8796141469142308,0.8796141469142308
0.8813218341806147,0.8813218341806147,0.8813218341806147,0.050574673444917395,0.7626436683612293,1.0
0.8915347710906719,0.8915347710906719,0.8915347710906719,0.023812939816047263,1.0,0.8915347710906719
0.8915347710906719,0.8915347710906719,0.8915347710906719,0.023812939816047263,0.8915347710906719,1.0
0.9014670721835707,0.9014670721835707,0.9014670721835707,0.014670721835706835,1.0,1.0
0.8927887465162205,0.8927887465162205,0.7855774930324411,1.0,1.0,0.03509871864598457
0.8813218341806147,0.8813218341806147,0.7626436683612293,1.0,0.8813218341806147,0.050574673444917395
0.8698110890191761,0.8698110890191761,0.7396221780383523,1.0,0.7396221780383523,0.08867762313423289
0.8599719915971991,0.8599719915971991,0.7199439831943981,1.0,0.5799159747915971,0.15983194958319413
0.8541350085021054,0.8541350085021054,0.7082700170042109,1.0,0.41654003400842177,0.2706750425105272
0.8541350085021054,0.8541350085021054,0.7082700170042109,1.0,0.2706750425105272,0.41654003400842177
0.8599719915971991,0.8599719915971991,0.7199439831943981,1.0,0.15983194958319413,0.5799159747915971
0.8698110890191761,0.8698110890191761,0.7396221780383523,1.0,0.08867762313423289,0.7396221780383523
0.8813218341806147,0.8813218341806147,0.7626436683612293,1.0,0.050574673444917395,0.8813218341806147
0.8927887465162205,0.8927887465162205,0.7855774930324411,1.0,0.03509871864598457,1.0
0.8813218341806147,0.8813218341806147,0.7626436683612293,0.8813218341806147,1.0,0.050574673444917395
0.8675467642934956,0.8675467642934956,0.7350935285869913,0.8675467642934956,0.8675467642934956,0.07282735005446939
0.8541350085021054,0.8541350085021054,0.7082700170042109,0.8541350085021054,0.7082700170042109,0.12481005101263265
0.8438262381113939,0.8438262381113939,0.6876524762227878,0.8438262381113939,0.5314787143341818,0.2191311905569696
0.8398718461949128,0.8398718461949128,0.6797436923898257,0.8398718461949128,0.3594873847796515,0.3594873847796515
0.8438262381113939,0.8438262381113939,0.6876524762227878,0.8438262381113939,0.2191311905569696,0.5314787143341818
0.8541350085021054,0.8541350085021054,0.7082700170042109,0.8541350085021054,0.12481005101263265,0.7082700170042109
0.8675467642934955,0.8675467642934955,0.7350935285869912,0.8675467642934955,0.07282735005446928,0.8675467642934955
0.8813218341806147,0.8813218341806147,0.7626436683612293,0.8813218341806147,0.050574673444917395,1.0
0.8698110890191761,0.8698110890191761,0.7396221780383523,0.7396221780383523,1.0,0.08867762313423289
0.8541350085021054,0.8541350085021054,0.7082700170042109,0.7082700170042109,0.8541350085021054,0.12481005101263265
0.8398718461949128,0.8398718461949128,0.6797436923898257,0.6797436923898257,0.6797436923898257,0.19935923097456432
0.8309691490542968,0.8309691490542968,0.6619382981085934,0.6619382981085934,0.49290744716289003,0.3238765962171868
0.8309691490542966,0.8309691490542966,0.6619382981085933,0.6619382981085933,0.3238765962171867,0.49290744716289003
0.8398718461949128,0.8398718461949128,0.6797436923898257,0.6797436923898257,0.19935923097456432,0.6797436923898257
0.8541350085021054,0.8541350085021054,0.7082700170042109,0.7082700170042109,0.12481005101263265,0.8541350085021054
0.8698110890191761,0.8698110890191761,0.7396221780383523,0.7396221780383523,0.08867762313423289,1.0
0.8599719915971991,0.8599719915971991,0.7199439831943981,0.5799159747915971,1.0,0.15983194958319413
0.8438262381113939,0.8438262381113939,0.6876524762227878,0.5314787143341818,0.8438262381113939,0.2191311905569696
0.8309691490542968,0.8309691490542968,0.6619382981085934,0.49290744716289003,0.6619382981085934,0.3238765962171868
0.8259223440443022,0.8259223440443022,0.6518446880886043,0.4777670321329065,0.4777670321329065,0.4777670321329065
0.8309691490542968,0.8309691490542968,0.6619382981085934,0.49290744716289003,0.3238765962171868,0.6619382981085934
0.8438262381113939,0.8438262381113939,0.6876524762227878,0.5314787143341818,0.2191311905569696,0.8438262381113939
0.8599719915971991,0.8599719915971991,0.7199439831943981,0.5799159747915971,0.15983194958319413,1.0
0.8541350085021054,0.8541350085021054,0.7082700170042109,0.41654003400842177,1.0,0.2706750425105272
0.8398718461949128,0.8398718461949128,0.6797436923898257,0.3594873847796515,0.8398718461949128,0.3594873847796515
0.8309691490542966,0.8309691490542966,0.6619382981085933,0.3238765962171867,0.6619382981085933,0.49290744716289003
0.8309691490542966,0.8309691490542966,0.6619382981085933,0.3238765962171867,0.49290744716289003,0.6619382981085933
0.8398718461949128,0.8398718461949128,0.6797436923898257,0.3594873847796515,0.3594873847796515,0.8398718461949128
0.8541350085021054,0.8541350085021054,0.7082700170042109,0.41654003400842177,0.2706750425105272,1.0
0.8541350085021054,0.8541350085021054,0.7082700170042109,0.2706750425105272,1.0,0.41654003400842177
0.8438262381113939,0.8438262381113939,0.6876524762227878,0.2191311905569696,0.8438262381113939,0.5314787143341818
0.8398718461949128,0.8398718461949128,0.6797436923898257,0.19935923097456432,0.6797436923898257,0.6797436923898257
0.8438262381113939,0.8438262381113939,0.6876524762227878,0.2191311905569696,0.5314787143341817,0.8438262381113939
0.8541350085021054,0.8541350085021054,0.7082700170042109,0.2706750425105272,0.41654003400842177,1.0
0.8599719915971991,0.8599719915971991,0.7199439831943981,0.15983194958319413,1.0,0.5799159747915971
0.8541350085021054,0.8541350085021054,0.7082700170042109,0.12481005101263265,0.8541350085021054,0.7082700170042109
0.8541350085021054,0.8541350085021054,0.7082700170042109,0.12481005101263265,0.7082700170042109,0.8541350085021054
0.8599719915971991,0.8599719915971991,0.7199439831943981,0.15983194958319413,0.5799159747915971,1.0
0.8698110890191761,0.8698110890191761,0.7396221780383523,0.08867762313423289,1.0,0.7396221780383523
0.8675467642934955,0.8675467642934955,0.7350935285869912,0.07282735005446928,0.8675467642934955,0.8675467642934955
0.8698110890191761,0.8698110890191761,0.7396221780383523,0.08867762313423289,0.7396221780383523,1.0
0.8813218341806147,0.8813218341806147,0.7626436683612293,0.050574673444917395,1.0,0.8813218341806147
0.8813218341806147,0.8813218341806147,0.7626436683612293,0.050574673444917395,0.8813218341806147,1.0
0.8927887465162205,0.8927887465162205,0.7855774930324411,0.03509871864598457,1.0,1.0
0.8845299461620748,0.8845299461620748,0.6535898384862247,1.0,1.0,0.07623956929659881
0.8719631200671041,0.8719631200671041,0.615889360201312,1.0,0.8719631200671041,0.10374184046972834
0.8599719915971991,0.8599719915971991,0.5799159747915971,1.0,0.7199439831943981,0.15983194958319413
0.850928801500014,0.850928801500014,0.552786404500042,1.0,0.552786404500042,0.2546440075000701
0.8475014296673954,0.8475014296673954,0.5425042890021861,1.0,0.39000571866958145,0.39000571866958145
0.850928801500014,0.850928801500014,0.552786404500042,1.0,0.2546440075000701,0.552786404500042
0.8599719915971991,0.8599719915971991,0.5799159747915971,1.0,0.15983194958319413,0.7199439831943981
0.871963120067104,0.871963120067104,0.615889360201312,1.0,0.10374184046972812,0.871963120067104
0.8845299461620748,0.8845299461620748,0.6535898384862247,1.0,0.07623956929659881,1.0
0.8719631200671041,0.8719631200671041,0.615889360201312,0.8719631200671041,1.0,0.10374184046972834
0.8571428571428572,0.8571428571428572,0.5714285714285714,0.8571428571428572,0.8571428571428572,0.1428571428571429
0.8438262381113939,0.8438262381113939,0.5314787143341818,0.8438262381113939,0.6876524762227878,0.2191311905569696
0.8356010126946427,0.8356010126946427,0.5068030380839281,0.8356010126946427,0.5068030380839281,0.34240405077857083
0.8356010126946427,0.8356010126946427,0.5068030380839281,0.8356010126946427,0.34240405077857083,0.5068030380839281
0.8438262381113939,0.8438262381113939,0.5314787143341818,0.8438262381113939,0.2191311905569696,0.6876524762227878
0.8571428571428572,0.8571428571428572,0.5714285714285714,0.8571428571428572,0.1428571428571429,0.8571428571428572
0.8719631200671041,0.8719631200671041,0.615889360201312,0.8719631200671041,0.10374184046972834,1.0
0.8599719915971991,0.8599719915971991,0.5799159747915971,0.7199439831943981,1.0,0.15983194958319413
0.8438262381113939,0.8438262381113939,0.5314787143341818,0.6876524762227878,0.8438262381113939,0.2191311905569696
0.8309691490542968,0.8309691490542968,0.49290744716289003,0.6619382981085934,0.6619382981085934,0.3238765962171868
0.8259223440443022,0.8259223440443022,0.4777670321329065,0.6518446880886043,0.4777670321329065,0.4777670321329065
0.8309691490542968,0.8309691490542968,0.49290744716289003,0.6619382981085934,0.3238765962171868,0.6619382981085934
0.8438262381113939,0.8438262381113939,0.5314787143341818,0.6876524762227878,0.2191311905569696,0.8438262381113939
0.8599719915971991,0.8599719915971991,0.5799159747915971,0.7199439831943981,0.15983194958319413,1.0
0.850928801500014,0.850928801500014,0.552786404500042,0.552786404500042,1.0,0.2546440075000701
0.8356010126946427,0.8356010126946427,0.5068030380839281,0.5068030380839281,0.8356010126946427,0.34240405077857083
0.8259223440443022,0.8259223440443022,0.4777670321329065,0.4777670321329065,0.6518446880886044,0.4777670321329065
0.8259223440443022,0.8259223440443022,0.4777670321329065,0.4777670321329065,0.4777670321329065,0.6518446880886044
0.8356010126946427,0.8356010126946427,0.5068030380839281,0.5068030380839281,0.34240405077857083,0.8356010126946427
0.850928801500014,0.850928801500014,0.552786404500042,0.552786404500042,0.2546440075000701,1.0
0.8475014296673954,0.8475014296673954,0.5425042890021861,0.39000571866958145,1.0,0.39000571866958145
0.8356010126946427,0.8356010126946427,0.5068030380839281,0.34240405077857095,0.8356010126946427,0.5068030380839281
0.8309691490542968,0.8309691490542968,0.49290744716289014,0.3238765962171868,0.6619382981085934,0.6619382981085934
0.8356010126946427,0.8356010126946427,0.5068030380839281,0.34240405077857083,0.5068030380839281,0.8356010126946427
0.8475014296673954,0.8475014296673954,0.5425042890021861,0.39000571866958145,0.39000571866958145,1.0
0.850928801500014,0.850928801500014,0.552786404500042,0.2546440075000701,1.0,0.552786404500042
0.8438262381113939,0.8438262381113939,0.5314787143341819,0.21913119055696972,0.8438262381113939,0.6876524762227879
0.8438262381113939,0.8438262381113939,0.5314787143341819,0.21913119055696972,0.6876524762227879,0.8438262381113939
0.850928801500014,0.850928801500014,0.552786404500042,0.2546440075000701,0.552786404500042,1.0
0.8599719915971991,0.8599719915971991,0.5799159747915971,0.15983194958319413,1.0,0.7199439831943981
0.8571428571428571,0.8571428571428571,0.5714285714285714,0.1428571428571428,0.8571428571428571,0.8571428571428571
0.8599719915971991,0.8599719915971991,0.5799159747915971,0.15983194958319413,0.7199439831943981,1.0
0.871963120067104,0.871963120067104,0.615889360201312,0.10374184046972812,1.0,0.871963120067104
0.871963120067104,0.871963120067104,0.615889360201312,0.10374184046972812,0.871963120067104,1.0
0.8845299461620748,0.8845299461620748,0.6535898384862247,0.07623956929659881,1.0,1.0
0.8778305556436947,0.8778305556436947,0.5113222225747791,1.0,1.0,0.1448138895058636
0.8651600275073515,0.8651600275073515,0.4606401100294063,1.0,0.8651600275073515,0.1909601650441095
0.8541350085021054,0.8541350085021054,0.41654003400842177,1.0,0.7082700170042109,0.2706750425105272
0.8475014296673954,0.8475014296673954,0.39000571866958145,1.0,0.5425042890021861,0.39000571866958145
0.8475014296673953,0.8475014296673953,0.39000571866958134,1.0,0.39000571866958134,0.5425042890021861
0.8541350085021054,0.8541350085021054,0.41654003400842177,1.0,0.2706750425105272,0.7082700170042109
0.8651600275073515,0.8651600275073515,0.4606401100294063,1.0,0.1909601650441095,0.8651600275073515
0.8778305556436947,0.8778305556436947,0.5113222225747791,1.0,0.1448138895058636,1.0
0.8651600275073515,0.8651600275073515,0.4606401100294063,0.8651600275073515,1.0,0.1909601650441095
0.850928801500014,0.850928801500014,0.40371520600005606,0.850928801500014,0.850928801500014,0.2546440075000701
0.8398718461949128,0.8398718461949128,0.3594873847796515,0.8398718461949128,0.6797436923898257,0.3594873847796515
0.8356010126946427,0.8356010126946427,0.34240405077857083,0.8356010126946427,0.5068030380839281,0.5068030380839281
0.8398718461949128,0.8398718461949128,0.3594873847796515,0.8398718461949128,0.3594873847796515,0.6797436923898257
0.850928801500014,0.850928801500014,0.40371520600005606,0.850928801500014,0.2546440075000701,0.850928801500014
0.8651600275073515,0.8651600275073515,0.4606401100294063,0.8651600275073515,0.1909601650441095,1.0
0.8541350085021054,0.8541350085021054,0.41654003400842177,0.7082700170042109,1.0,0.2706750425105272
0.8398718461949128,0.8398718461949128,0.3594873847796515,0.6797436923898257,0.8398718461949128,0.3594873847796515
0.8309691490542968,0.8309691490542968,0.3238765962171868,0.6619382981085934,0.6619382981085934,0.49290744716289014
0.8309691490542968,0.8309691490542968,0.3238765962171868,0.6619382981085934,0.49290744716289014,0.6619382981085934
0.8398718461949128,0.8398718461949128,0.3594873847796515,0.6797436923898257,0.3594873847796515,0.8398718461949128
0.8541350085021054,0.8541350085021054,0.41654003400842177,0.7082700170042109,0.2706750425105272,1.0
0.8475014296673954,0.8475014296673954,0.39000571866958145,0.5425042890021861,1.0,0.39000571866958145
0.8356010126946427,0.8356010126946427,0.34240405077857095,0.5068030380839281,0.8356010126946427,0.5068030380839281
0.8309691490542968,0.8309691490542968,0.3238765962171868,0.49290744716289014,0.6619382981085934,0.6619382981085934
0.8356010126946427,0.8356010126946427,0.34240405077857083,0.5068030380839281,0.5068030380839281,0.8356010126946427
0.8475014296673954,0.8475014296673954,0.39000571866958145,0.5425042890021861,0.39000571866958145,1.0
0.8475014296673953,0.8475014296673953,0.39000571866958134,0.39000571866958134,1.0,0.5425042890021861
0.8398718461949128,0.8398718461949128,0.3594873847796515,0.3594873847796515,0.8398718461949128,0.6797436923898257
0.8398718461949128,0.8398718461949128,0.3594873847796515,0.3594873847796515,0.6797436923898257,0.8398718461949128
0.8475014296673953,0.8475014296673953,0.39000571866958134,0.39000571866958134,0.5425042890021861,1.0
0.8541350085021054,0.8541350085021054,0.41654003400842177,0.2706750425105272,1.0,0.7082700170042109
0.850928801500014,0.850928801500014,0.40371520600005606,0.2546440075000701,0.850928801500014,0.850928801500014
0.8541350085021054,0.8541350085021054,0.41654003400842177,0.2706750425105272,0.7082700170042109,1.0
0.8651600275073515,0.8651600275073515,0.4606401100294063,0.1909601650441095,1.0,0.8651600275073515
0.8651600275073515,0.8651600275073515,0.4606401100294063,0.1909601650441095,0.8651600275073515,1.0
0.8778305556436947,0.8778305556436947,0.5113222225747791,0.1448138895058636,1.0,1.0
0.8740118423302576,0.8740118423302576,0.37005921165128786,1.0,1.0,0.2440710539815455
0.862639436051311,0.862639436051311,0.31319718025655496,1.0,0.862639436051311,0.31319718025655496
0.8541350085021054,0.8541350085021054,0.2706750425105272,1.0,0.7082700170042109,0.41654003400842177
0.850928801500014,0.850928801500014,0.2546440075000701,1.0,0.552786404500042,0.552786404500042
0.8541350085021054,0.8541350085021054,0.2706750425105272,1.0,0.41654003400842177,0.7082700170042109
0.862639436051311,0.862639436051311,0.31319718025655485,1.0,0.31319718025655485,0.862639436051311
0.8740118423302576,0.8740118423302576,0.37005921165128786,1.0,0.2440710539815455,1.0
0.862639436051311,0.862639436051311,0.31319718025655496,0.862639436051311,1.0,0.31319718025655496
0.850928801500014,0.850928801500014,0.2546440075000701,0.850928801500014,0.850928801500014,0.40371520600005606
0.8438262381113939,0.8438262381113939,0.2191311905569696,0.8438262381113939,0.6876524762227878,0.5314787143341818
0.8438262381113939,0.8438262381113939,0.2191311905569696,0.8438262381113939,0.5314787143341818,0.6876524762227878
0.850928801500014,0.850928801500014,0.2546440075000701,0.850928801500014,0.40371520600005606,0.850928801500014
0.862639436051311,0.862639436051311,0.31319718025655496,0.862639436051311,0.31319718025655496,1.0
0.8541350085021054,0.8541350085021054,0.2706750425105272,0.7082700170042109,1.0,0.41654003400842177
0.8438262381113939,0.8438262381113939,0.2191311905569696,0.6876524762227878,0.8438262381113939,0.5314787143341818
0.8398718461949128,0.8398718461949128,0.19935923097456432,0.6797436923898257,0.6797436923898257,0.6797436923898257
0.8438262381113939,0.8438262381113939,0.21913119055696972,0.6876524762227879,0.5314787143341819,0.8438262381113939
0.8541350085021054,0.8541350085021054,0.2706750425105272,0.7082700170042109,0.41654003400842177,1.0
0.850928801500014,0.850928801500014,0.2546440075000701,0.552786404500042,1.0,0.552786404500042
0.8438262381113939,0.8438262381113939,0.21913119055696972,0.5314787143341819,0.8438262381113939,0.6876524762227879
0.8438262381113939,0.8438262381113939,0.21913119055696972,0.5314787143341819,0.6876524762227879,0.8438262381113939
0.850928801500014,0.850928801500014,0.2546440075000701,0.552786404500042,0.552786404500042,1.0
0.8541350085021054,0.8541350085021054,0.2706750425105272,0.41654003400842177,1.0,0.7082700170042109
0.850928801500014,0.850928801500014,0.2546440075000701,0.40371520600005606,0.850928801500014,0.850928801500014
0.8541350085021054,0.8541350085021054,0.2706750425105272,0.41654003400842177,0.7082700170042109,1.0
0.862639436051311,0.862639436051311,0.31319718025655485,0.31319718025655485,1.0,0.862639436051311
0.862639436051311,0.862639436051311,0.31319718025655485,0.31319718025655485,0.862639436051311,1.0
0.8740118423302576,0.8740118423302576,0.37005921165128786,0.2440710539815455,1.0,1.0
0.8740118423302576,0.8740118423302576,0.2440710539815455,1.0,1.0,0.37005921165128786
0.8651600275073515,0.8651600275073515,0.1909601650441095,1.0,0.8651600275073515,0.4606401100294063
0.8599719915971991,0.8599719915971991,0.15983194958319413,1.0,0.7199439831943981,0.5799159747915971
0.8599719915971991,0.8599719915971991,0.15983194958319413,1.0,0.5799159747915971,0.7199439831943981
0.8651600275073515,0.8651600275073515,0.1909601650441095,1.0,0.4606401100294063,0.8651600275073515
0.8740118423302576,0.8740118423302576,0.2440710539815455,1.0,0.37005921165128786,1.0
0.8651600275073515,0.8651600275073515,0.1909601650441095,0.8651600275073515,1.0,0.4606401100294063
0.8571428571428572,0.8571428571428572,0.1428571428571429,0.8571428571428572,0.8571428571428572,0.5714285714285714
0.8541350085021054,0.8541350085021054,0.12481005101263265,0.8541350085021054,0.7082700170042109,0.7082700170042109
0.8571428571428572,0.8571428571428572,0.1428571428571429,0.8571428571428572,0.5714285714285714,0.8571428571428572
0.8651600275073515,0.8651600275073515,0.1909601650441095,0.8651600275073515,0.4606401100294063,1.0
0.8599719915971991,0.8599719915971991,0.15983194958319413,0.7199439831943981,1.0,0.5799159747915971
0.8541350085021054,0.8541350085021054,0.12481005101263265,0.7082700170042109,0.8541350085021054,0.7082700170042109
0.8541350085021054,0.8541350085021054,0.12481005101263265,0.7082700170042109,0.7082700170042109,0.8541350085021054
0.8599719915971991,0.8599719915971991,0.15983194958319413,0.7199439831943981,0.5799159747915971,1.0
0.8599719915971991,0.8599719915971991,0.15983194958319413,0.5799159747915971,1.0,0.7199439831943981
0.8571428571428571,0.8571428571428571,0.1428571428571428,0.5714285714285714,0.8571428571428571,0.8571428571428571
0.8599719915971991,0.8599719915971991,0.15983194958319413,0.5799159747915971,0.7199439831943981,1.0
0.8651600275073515,0.8651600275073515,0.1909601650441095,0.4606401100294063,1.0,0.8651600275073515
0.8651600275073515,0.8651600275073515,0.1909601650441095,0.4606401100294063,0.8651600275073515,1.0
0.8740118423302576,0.8740118423302576,0.2440710539815455,0.37005921165128786,1.0,1.0
0.8778305556436947,0.8778305556436947,0.1448138895058636,1.0,1.0,0.5113222225747791
0.871963120067104,0.871963120067104,0.10374184046972812,1.0,0.871963120067104,0.615889360201312
0.8698110890191761,0.8698110890191761,0.08867762313423289,1.0,0.7396221780383523,0.7396221780383523
0.871963120067104,0.871963120067104,0.10374184046972812,1.0,0.615889360201312,0.871963120067104
0.8778305556436947,0.8778305556436947,0.1448138895058636,1.0,0.5113222225747791,1.0
0.871963120067104,0.871963120067104,0.10374184046972812,0.871963120067104,1.0,0.615889360201312
0.8675467642934955,0.8675467642934955,0.07282735005446928,0.8675467642934955,0.8675467642934955,0.7350935285869912
0.8675467642934955,0.8675467642934955,0.07282735005446928,0.8675467642934955,0.7350935285869912,0.8675467642934955
0.871963120067104,0.871963120067104,0.10374184046972812,0.871963120067104,0.615889360201312,1.0
0.8698110890191761,0.8698110890191761,0.08867762313423289,0.7396221780383523,1.0,0.7396221780383523
0.8675467642934955,0.8675467642934955,0.07282735005446928,0.7350935285869912,0.8675467642934955,0.8675467642934955
0.8698110890191761,0.8698110890191761,0.08867762313423289,0.7396221780383523,0.7396221780383523,1.0
0.871963120067104,0.871963120067104,0.10374184046972812,0.615889360201312,1.0,0.871963120067104
0.871963120067104,0.871963120067104,0.10374184046972812,0.615889360201312,0.871963120067104,1.0
0.8778305556436947,0.8778305556436947,0.1448138895058636,0.5113222225747791,1.0,1.0
0.8845299461620748,0.8845299461620748,0.07623956929659881,1.0,1.0,0.6535898384862247
0.8813218341806147,0.8813218341806147,0.050574673444917395,1.0,0.8813218341806147,0.7626436683612293
0.8813218341806147,0.8813218341806147,0.050574673444917395,1.0,0.7626436683612293,0.8813218341806147
0.8845299461620748,0.8845299461620748,0.07623956929659881,1.0,0.6535898384862247,1.0
0.8813218341806147,0.8813218341806147,0.050574673444917395,0.8813218341806147,1.0,0.7626436683612293
0.8796141469142308,0.8796141469142308,0.036913175313846414,0.8796141469142308,0.8796141469142308,0.8796141469142308
0.8813218341806147,0.8813218341806147,0.050574673444917395,0.8813218341806147,0.7626436683612293,1.0
0.8813218341806147,0.8813218341806147,0.050574673444917395,0.7626436683612293,1.0,0.8813218341806147
0.8813218341806147,0.8813218341806147,0.050574673444917395,0.7626436683612293,0.8813218341806147,1.0
0.8845299461620748,0.8845299461620748,0.07623956929659881,0.6535898384862247,1.0,1.0
0.8927887465162205,0.8927887465162205,0.03509871864598457,1.0,1.0,0.7855774930324411
0.8915347710906719,0.8915347710906719,0.023812939816047263,1.0,0.8915347710906719,0.8915347710906719
0.8927887465162205,0.8927887465162205,0.03509871864598457,1.0,0.7855774930324411,1.0
0.8915347710906719,0.8915347710906719,0.023812939816047263,0.8915347710906719,1.0,0.8915347710906719
0.8915347710906719,0.8915347710906719,0.023812939816047263,0.8915347710906719,0.8915347710906719,1.0
0.8927887465162205,0.8927887465162205,0.03509871864598457,0.7855774930324411,1.0,1.0
0.9014670721835707,0.9014670721835707,0.014670721835706835,1.0,1.0,0.9014670721835707
0.9014670721835707,0.9014670721835707,0.014670721835706835,1.0,0.9014670721835707,1.0
0.9014670721835707,0.9014670721835707,0.014670721835706835,0.9014670721835707,1.0,1.0
0.9098330365332568,0.9098330365332568,0.008163401865824427,1.0,1.0,1.0
0.9024099927051467,0.8048199854102933,1.0,1.0,1.0,0.024099927051466796
0.8927887465162205,0.7855774930324411,1.0,1.0,0.8927887465162205,0.03509871864598457
0.8829588528038694,0.7659177056077389,1.0,1.0,0.7659177056077389,0.06367082243095556
0.8740118423302576,0.7480236846605152,1.0,1.0,0.6220355269907727,0.11808289631180313
0.8675467642934956,0.7350935285869913,1.0,1.0,0.47018705717398246,0.20528058576097374
0.8651600275073515,0.7303200550147031,1.0,1.0,0.32580013753675785,0.32580013753675785
0.8675467642934956,0.7350935285869913,1.0,1.0,0.20528058576097374,0.47018705717398246
0.8740118423302576,0.7480236846605152,1.0,1.0,0.11808289631180313,0.6220355269907727
0.8829588528038694,0.7659177056077389,1.0,1.0,0.06367082243095556,0.7659177056077389
0.8927887465162205,0.7855774930324411,1.0,1.0,0.03509871864598457,0.8927887465162205
0.9024099927051467,0.8048199854102933,1.0,1.0,0.024099927051466796,1.0
0.8927887465162205,0.7855774930324411,1.0,0.8927887465162205,1.0,0.03509871864598457
0.8813218341806147,0.7626436683612293,1.0,0.8813218341806147,0.8813218341806147,0.050574673444917395
0.8698110890191761,0.7396221780383523,1.0,0.8698110890191761,0.7396221780383523,0.08867762313423289
0.8599719915971991,0.7199439831943981,1.0,0.8599719915971991,0.5799159747915971,0.15983194958319413
0.8541350085021054,0.7082700170042109,1.0,0.8541350085021054,0.41654003400842177,0.2706750425105272
0.8541350085021054,0.7082700170042109,1.0,0.8541350085021054,0.2706750425105272,0.41654003400842177
0.8599719915971991,0.7199439831943981,1.0,0.8599719915971991,0.15983194958319413,0.5799159747915971
0.8698110890191761,0.7396221780383523,1.0,0.8698110890191761,0.08867762313423289,0.7396221780383523
0.8813218341806147,0.7626436683612293,1.0,0.8813218341806147,0.050574673444917395,0.8813218341806147
0.8927887465162205,0.7855774930324411,1.0,0.8927887465162205,0.03509871864598457,1.0
0.8829588528038694,0.7659177056077389,1.0,0.7659177056077389,1.0,0.06367082243095556
0.8698110890191761,0.7396221780383523,1.0,0.7396221780383523,0.8698110890191761,0.08867762313423289
0.8571428571428572,0.7142857142857143,1.0,0.7142857142857143,0.7142857142857143,0.1428571428571429
0.8475014296673953,0.6950028593347907,1.0,0.6950028593347907,0.5425042890021861,0.23750714833697661
0.8438262381113939,0.6876524762227879,1.0,0.6876524762227879,0.3753049524455758,0.3753049524455758
0.8475014296673953,0.6950028593347907,1.0,0.6950028593347907,0.23750714833697661,0.5425042890021861
0.8571428571428572,0.7142857142857143,1.0,0.7142857142857143,0.1428571428571429,0.7142857142857143
0.8698110890191761,0.7396221780383523,1.0,0.7396221780383523,0.08867762313423289,0.8698110890191761
0.8829588528038694,0.7659177056077389,1.0,0.7659177056077389,0.06367082243095556,1.0
0.8740118423302576,0.7480236846605152,1.0,0.6220355269907727,1.0,0.11808289631180313
0.8599719915971991,0.7199439831943981,1.0,0.5799159747915971,0.8599719915971991,0.15983194958319413
0.8475014296673953,0.6950028593347907,1.0,0.5425042890021861,0.6950028593347907,0.23750714833697661
0.8398718461949128,0.6797436923898257,1.0,0.5196155385847385,0.5196155385847385,0.3594873847796515
0.8398718461949128,0.6797436923898257,1.0,0.5196155385847385,0.3594873847796515,0.5196155385847385
0.8475014296673953,0.6950028593347907,1.0,0.5425042890021861,0.23750714833697661,0.6950028593347907
0.8599719915971991,0.7199439831943981,1.0,0.5799159747915971,0.15983194958319413,0.8599719915971991
0.8740118423302576,0.7480236846605152,1.0,0.6220355269907727,0.11808289631180313,1.0
0.8675467642934956,0.7350935285869913,1.0,0.47018705717398246,1.0,0.20528058576097374
0.8541350085021054,0.7082700170042109,1.0,0.41654003400842177,0.8541350085021054,0.2706750425105272
0.8438262381113939,0.6876524762227879,1.0,0.3753049524455758,0.6876524762227879,0.3753049524455758
0.8398718461949128,0.6797436923898257,1.0,0.3594873847796515,0.5196155385847385,0.5196155385847385
0.8438262381113939,0.6876524762227879,1.0,0.3753049524455758,0.3753049524455758,0.6876524762227879
0.8541350085021054,0.7082700170042109,1.0,0.41654003400842177,0.2706750425105272,0.8541350085021054
0.8675467642934956,0.7350935285869913,1.0,0.47018705717398246,0.20528058576097374,1.0
0.8651600275073515,0.7303200550147031,1.0,0.32580013753675785,1.0,0.32580013753675785
0.8541350085021054,0.7082700170042109,1.0,0.2706750425105272,0.8541350085021054,0.41654003400842177
0.8475014296673953,0.6950028593347907,1.0,0.23750714833697661,0.6950028593347907,0.5425042890021861
0.8475014296673953,0.6950028593347907,1.0,0.23750714833697661,0.5425042890021861,0.6950028593347907
0.8541350085021054,0.7082700170042109,1.0,0.2706750425105272,0.41654003400842177,0.8541350085021054
0.8651600275073515,0.7303200550147031,1.0,0.32580013753675785,0.32580013753675785,1.0
0.8675467642934956,0.7350935285869913,1.0,0.20528058576097374,1.0,0.47018705717398246
0.8599719915971991,0.7199439831943981,1.0,0.15983194958319413,0.8599719915971991,0.5799159747915971
0.8571428571428572,0.7142857142857143,1.0,0.1428571428571429,0.7142857142857143,0.7142857142857143
0.8599719915971991,0.7199439831943981,1.0,0.15983194958319413,0.5799159747915971,0.8599719915971991
0.8675467642934956,0.7350935285869913,1.0,0.20528058576097374,0.47018705717398246,1.0
0.8740118423302576,0.7480236846605152,1.0,0.11808289631180313,1.0,0.6220355269907727
0.8698110890191761,0.7396221780383523,1.0,0.08867762313423289,0.8698110890191761,0.7396221780383523
0.8698110890191761,0.7396221780383523,1.0,0.08867762313423289,0.7396221780383523,0.8698110890191761
0.8740118423302576,0.7480236846605152,1.0,0.11808289631180313,0.6220355269907727,1.0
0.8829588528038694,0.7659177056077389,1.0,0.06367082243095556,1.0,0.7659177056077389
0.8813218341806146,0.7626436683612293,1.0,0.05057467344491717,0.8813218341806146,0.8813218341806146
0.8829588528038694,0.7659177056077389,1.0,0.06367082243095556,0.7659177056077389,1.0
0.8927887465162205,0.7855774930324411,1.0,0.03509871864598457,1.0,0.8927887465162205
0.8927887465162205,0.7855774930324411,1.0,0.03509871864598457,0.8927887465162205,1.0
0.9024099927051467,0.8048199854102933,1.0,0.024099927051466796,1.0,1.0
0.8927887465162205,0.7855774930324411,0.8927887465162205,1.0,1.0,0.03509871864598457
0.8813218341806147,0.7626436683612293,0.8813218341806147,1.0,0.8813218341806147,0.050574673444917395
0.8698110890191761,0.7396221780383523,0.8698110890191761,1.0,0.7396221780383523,0.08867762313423289
0.8599719915971991,0.7199439831943981,0.8599719915971991,1.0,0.5799159747915971,0.15983194958319413
0.8541350085021054,0.7082700170042109,0.8541350085021054,1.0,0.41654003400842177,0.2706750425105272
0.8541350085021054,0.7082700170042109,0.8541350085021054,1.0,0.2706750425105272,0.41654003400842177
0.8599719915971991,0.7199439831943981,0.8599719915971991,1.0,0.15983194958319413,0.5799159747915971
0.8698110890191761,0.7396221780383523,0.8698110890191761,1.0,0.08867762313423289,0.7396221780383523
0.8813218341806147,0.7626436683612293,0.8813218341806147,1.0,0.050574673444917395,0.8813218341806147
0.8927887465162205,0.7855774930324411,0.8927887465162205,1.0,0.03509871864598457,1.0
0.8813218341806147,0.7626436683612293,0.8813218341806147,0.8813218341806147,1.0,0.050574673444917395
0.8675467642934956,0.7350935285869913,0.8675467642934956,0.8675467642934956,0.8675467642934956,0.07282735005446939
0.8541350085021054,0.7082700170042109,0.8541350085021054,0.8541350085021054,0.7082700170042109,0.12481005101263265
0.8438262381113939,0.6876524762227878,0.8438262381113939,0.8438262381113939,0.5314787143341818,0.2191311905569696
0.8398718461949128,0.6797436923898257,0.8398718461949128,0.8398718461949128,0.3594873847796515,0.3594873847796515
0.8438262381113939,0.6876524762227878,0.8438262381113939,0.8438262381113939,0.2191311905569696,0.5314787143341818
0.8541350085021054,0.7082700170042109,0.8541350085021054,0.8541350085021054,0.12481005101263265,0.7082700170042109
0.8675467642934955,0.7350935285869912,0.8675467642934955,0.8675467642934955,0.07282735005446928,0.8675467642934955
0.8813218341806147,0.7626436683612293,0.8813218341806147,0.8813218341806147,0.050574673444917395,1.0
0.8698110890191761,0.7396221780383523,0.8698110890191761,0.7396221780383523,1.0,0.08867762313423289
0.8541350085021054,0.7082700170042109,0.8541350085021054,0.7082700170042109,0.8541350085021054,0.12481005101263265
0.8398718461949128,0.6797436923898257,0.8398718461949128,0.6797436923898257,0.6797436923898257,0.19935923097456432
0.8309691490542968,0.6619382981085934,0.8309691490542968,0.6619382981085934,0.49290744716289003,0.3238765962171868
0.8309691490542966,0.6619382981085933,0.8309691490542966,0.6619382981085933,0.3238765962171867,0.49290744716289003
0.8398718461949128,0.6797436923898257,0.8398718461949128,0.6797436923898257,0.19935923097456432,0.6797436923898257
0.8541350085021054,0.7082700170042109,0.8541350085021054,0.7082700170042109,0.12481005101263265,0.8541350085021054
0.8698110890191761,0.7396221780383523,0.8698110890191761,0.7396221780383523,0.08867762313423289,1.0
0.8599719915971991,0.7199439831943981,0.8599719915971991,0.5799159747915971,1.0,0.15983194958319413
0.8438262381113939,0.6876524762227878,0.8438262381113939,0.5314787143341818,0.8438262381113939,0.2191311905569696
0.8309691490542968,0.6619382981085934,0.8309691490542968,0.49290744716289003,0.6619382981085934,0.3238765962171868
0.8259223440443022,0.6518446880886043,0.8259223440443022,0.4777670321329065,0.4777670321329065,0.4777670321329065
0.8309691490542968,0.6619382981085934,0.8309691490542968,0.49290744716289003,0.3238765962171868,0.6619382981085934
0.8438262381113939,0.6876524762227878,0.8438262381113939,0.5314787143341818,0.2191311905569696,0.8438262381113939
0.8599719915971991,0.7199439831943981,0.8599719915971991,0.5799159747915971,0.15983194958319413,1.0
0.8541350085021054,0.7082700170042109,0.8541350085021054,0.41654003400842177,1.0,0.2706750425105272
0.8398718461949128,0.6797436923898257,0.8398718461949128,0.3594873847796515,0.8398718461949128,0.3594873847796515
0.8309691490542968,0.6619382981085934,0.8309691490542968,0.3238765962171868,0.6619382981085934,0.49290744716289014
0.8309691490542968,0.6619382981085934,0.8309691490542968,0.3238765962171868,0.49290744716289014,0.6619382981085934
0.8398718461949128,0.6797436923898257,0.8398718461949128,0.3594873847796515,0.3594873847796515,0.8398718461949128
0.8541350085021054,0.7082700170042109,0.8541350085021054,0.41654003400842177,0.2706750425105272,1.0
0.8541350085021054,0.7082700170042109,0.8541350085021054,0.2706750425105272,1.0,0.41654003400842177
0.8438262381113939,0.6876524762227878,0.8438262381113939,0.2191311905569696,0.8438262381113939,0.5314787143341818
0.8398718461949128,0.6797436923898257,0.8398718461949128,0.19935923097456432,0.6797436923898257,0.6797436923898257
0.8438262381113939,0.6876524762227879,0.8438262381113939,0.21913119055696972,0.5314787143341819,0.8438262381113939
0.8541350085021054,0.7082700170042109,0.8541350085021054,0.2706750425105272,0.41654003400842177,1.0
0.8599719915971991,0.7199439831943981,0.8599719915971991,0.15983194958319413,1.0,0.5799159747915971
0.8541350085021054,0.7082700170042109,0.8541350085021054,0.12481005101263265,0.8541350085021054,0.7082700170042109
0.8541350085021054,0.7082700170042109,0.8541350085021054,0.12481005101263265,0.7082700170042109,0.8541350085021054
0.8599719915971991,0.7199439831943981,0.8599719915971991,0.15983194958319413,0.5799159747915971,1.0
0.8698110890191761,0.7396221780383523,0.8698110890191761,0.08867762313423289,1.0,0.7396221780383523
0.8675467642934955,0.7350935285869912,0.8675467642934955,0.07282735005446928,0.8675467642934955,0.8675467642934955
0.8698110890191761,0.7396221780383523,0.8698110890191761,0.08867762313423289,0.7396221780383523,1.0
0.8813218341806147,0.7626436683612293,0.8813218341806147,0.050574673444917395,1.0,0.8813218341806147
0.8813218341806147,0.7626436683612293,0.8813218341806147,0.050574673444917395,0.8813218341806147,1.0
0.8927887465162205,0.7855774930324411,0.8927887465162205,0.03509871864598457,1.0,1.0
0.8829588528038694,0.7659177056077389,0.7659177056077389,1.0,1.0,0.06367082243095556
0.8698110890191761,0.7396221780383523,0.7396221780383523,1.0,0.8698110890191761,0.08867762313423289
0.8571428571428572,0.7142857142857143,0.7142857142857143,1.0,0.7142857142857143,0.1428571428571429
0.8475014296673953,0.6950028593347907,0.6950028593347907,1.0,0.5425042890021861,0.23750714833697661
0.8438262381113939,0.6876524762227879,0.6876524762227879,1.0,0.3753049524455758,0.3753049524455758
0.8475014296673953,0.6950028593347907,0.6950028593347907,1.0,0.23750714833697661,0.5425042890021861
0.8571428571428572,0.7142857142857143,0.7142857142857143,1.0,0.1428571428571429,0.7142857142857143
0.8698110890191761,0.7396221780383523,0.7396221780383523,1.0,0.08867762313423289,0.8698110890191761
0.8829588528038694,0.7659177056077389,0.7659177056077389,1.0,0.06367082243095556,1.0
0.8698110890191761,0.7396221780383523,0.7396221780383523,0.8698110890191761,1.0,0.08867762313423289
0.8541350085021054,0.7082700170042109,0.7082700170042109,0.8541350085021054,0.8541350085021054,0.12481005101263265
0.8398718461949128,0.6797436923898257,0.6797436923898257,0.8398718461949128,0.6797436923898257,0.19935923097456432
0.8309691490542968,0.6619382981085934,0.6619382981085934,0.8309691490542968,0.49290744716289003,0.3238765962171868
0.8309691490542966,0.6619382981085933,0.6619382981085933,0.8309691490542966,0.3238765962171867,0.49290744716289003
0.8398718461949128,0.6797436923898257,0.6797436923898257,0.8398718461949128,0.19935923097456432,0.6797436923898257
0.8541350085021054,0.7082700170042109,0.7082700170042109,0.8541350085021054,0.12481005101263265,0.8541350085021054
0.8698110890191761,0.7396221780383523,0.7396221780383523,0.8698110890191761,0.08867762313423289,1.0
0.8571428571428572,0.7142857142857143,0.7142857142857143,0.7142857142857143,1.0,0.1428571428571429
0.8398718461949128,0.6797436923898257,0.6797436923898257,0.6797436923898257,0.8398718461949128,0.19935923097456432
0.8259223440443022,0.6518446880886044,0.6518446880886044,0.6518446880886044,0.6518446880886044,0.3036893761772087
0.8203946979732251,0.6407893959464501,0.6407893959464501,0.6407893959464501,0.4611840939196753,0.4611840939196753
0.8259223440443022,0.6518446880886044,0.6518446880886044,0.6518446880886044,0.3036893761772087,0.6518446880886044
0.8398718461949128,0.6797436923898257,0.6797436923898257,0.6797436923898257,0.19935923097456432,0.8398718461949128
0.8571428571428572,0.7142857142857143,0.7142857142857143,0.7142857142857143,0.1428571428571429,1.0
0.8475014296673953,0.6950028593347907,0.6950028593347907,0.5425042890021861,1.0,0.23750714833697661
0.8309691490542968,0.6619382981085934,0.6619382981085934,0.49290744716289003,0.8309691490542968,0.3238765962171868
0.8203946979732251,0.6407893959464502,0.6407893959464502,0.4611840939196753,0.6407893959464502,0.4611840939196753
0.8203946979732251,0.6407893959464502,0.6407893959464502,0.4611840939196753,0.4611840939196753,0.6407893959464502
0.8309691490542968,0.6619382981085934,0.6619382981085934,0.49290744716289003,0.3238765962171868,0.8309691490542968
0.8475014296673953,0.6950028593347907,0.6950028593347907,0.5425042890021861,0.23750714833697661,1.0
0.8438262381113939,0.6876524762227879,0.6876524762227879,0.3753049524455758,1.0,0.3753049524455758
0.8309691490542968,0.6619382981085934,0.6619382981085934,0.3238765962171868,0.8309691490542968,0.49290744716289014
0.8259223440443022,0.6518446880886044,0.6518446880886044,0.3036893761772087,0.6518446880886044,0.6518446880886044
0.8309691490542968,0.6619382981085934,0.6619382981085934,0.3238765962171868,0.49290744716289003,0.8309691490542968
0.8438262381113939,0.6876524762227879,0.6876524762227879,0.3753049524455758,0.3753049524455758,1.0
0.8475014296673953,0.6950028593347907,0.6950028593347907,0.23750714833697661,1.0,0.5425042890021861
0.8398718461949128,0.6797436923898257,0.6797436923898257,0.19935923097456432,0.8398718461949128,0.6797436923898257
0.8398718461949128,0.6797436923898257,0.6797436923898257,0.19935923097456432,0.6797436923898257,0.8398718461949128
0.8475014296673953,0.6950028593347907,0.6950028593347907,0.23750714833697661,0.5425042890021861,1.0
0.8571428571428572,0.7142857142857143,0.7142857142857143,0.1428571428571429,1.0,0.7142857142857143
0.8541350085021054,0.7082700170042109,0.7082700170042109,0.12481005101263265,0.8541350085021054,0.8541350085021054
0.8571428571428572,0.7142857142857143,0.7142857142857143,0.1428571428571429,0.7142857142857143,1.0
0.8698110890191761,0.7396221780383523,0.7396221780383523,0.08867762313423289,1.0,0.8698110890191761
0.8698110890191761,0.7396221780383523,0.7396221780383523,0.08867762313423289,0.8698110890191761,1.0
0.8829588528038694,0.7659177056077389,0.7659177056077389,0.06367082243095556,1.0,1.0
0.8740118423302576,0.7480236846605152,0.6220355269907727,1.0,1.0,0.11808289631180313
0.8599719915971991,0.7199439831943981,0.5799159747915971,1.0,0.8599719915971991,0.15983194958319413
0.8475014296673953,0.6950028593347907,0.5425042890021861,1.0,0.6950028593347907,0.23750714833697661
0.8398718461949128,0.6797436923898257,0.5196155385847385,1.0,0.5196155385847385,0.3594873847796515
0.8398718461949128,0.6797436923898257,0.5196155385847385,1.0,0.3594873847796515,0.5196155385847385
0.8475014296673953,0.6950028593347907,0.5425042890021861,1.0,0.23750714833697661,0.6950028593347907
0.8599719915971991,0.7199439831943981,0.5799159747915971,1.0,0.15983194958319413,0.8599719915971991
0.8740118423302576,0.7480236846605152,0.6220355269907727,1.0,0.11808289631180313,1.0
0.8599719915971991,0.7199439831943981,0.5799159747915971,0.8599719915971991,1.0,0.15983194958319413
0.8438262381113939,0.6876524762227878,0.5314787143341818,0.8438262381113939,0.8438262381113939,0.2191311905569696
0.8309691490542968,0.6619382981085934,0.49290744716289003,0.8309691490542968,0.6619382981085934,0.3238765962171868
0.8259223440443022,0.6518446880886043,0.4777670321329065,0.8259223440443022,0.4777670321329065,0.4777670321329065
0.8309691490542968,0.6619382981085934,0.49290744716289003,0.8309691490542968,0.3238765962171868,0.6619382981085934
0.8438262381113939,0.6876524762227878,0.5314787143341818,0.8438262381113939,0.2191311905569696,0.8438262381113939
0.8599719915971991,0.7199439831943981,0.5799159747915971,0.8599719915971991,0.15983194958319413,1.0
0.8475014296673953,0.6950028593347907,0.5425042890021861,0.6950028593347907,1.0,0.23750714833697661
0.8309691490542968,0.6619382981085934,0.49290744716289003,0.6619382981085934,0.8309691490542968,0.3238765962171868
0.8203946979732251,0.6407893959464502,0.4611840939196753,0.6407893959464502,0.6407893959464502,0.4611840939196753
0.8203946979732251,0.6407893959464502,0.4611840939196753,0.6407893959464502,0.4611840939196753,0.6407893959464502
0.8309691490542968,0.6619382981085934,0.49290744716289003,0.6619382981085934,0.3238765962171868,0.8309691490542968
0.8475014296673953,0.6950028593347907,0.5425042890021861,0.6950028593347907,0.23750714833697661,1.0
0.8398718461949128,0.6797436923898257,0.5196155385847385,0.5196155385847385,1.0,0.3594873847796515
0.8259223440443022,0.6518446880886044,0.4777670321329065,0.4777670321329065,0.8259223440443022,0.4777670321329065
0.8203946979732251,0.6407893959464502,0.4611840939196753,0.4611840939196753,0.6407893959464502,0.6407893959464502
0.8259223440443022,0.6518446880886044,0.4777670321329065,0.4777670321329065,0.4777670321329065,0.8259223440443022
0.8398718461949128,0.6797436923898257,0.5196155385847385,0.5196155385847385,0.3594873847796515,1.0
0.8398718461949128,0.6797436923898257,0.5196155385847385,0.3594873847796515,1.0,0.5196155385847385
0.8309691490542968,0.6619382981085934,0.49290744716289003,0.3238765962171868,0.8309691490542968,0.6619382981085934
0.8309691490542968,0.6619382981085934,0.49290744716289003,0.3238765962171868,0.6619382981085934,0.8309691490542968
0.8398718461949128,0.6797436923898257,0.5196155385847385,0.3594873847796515,0.5196155385847385,1.0
0.8475014296673953,0.6950028593347907,0.5425042890021861,0.23750714833697661,1.0,0.6950028593347907
0.8438262381113939,0.6876524762227878,0.5314787143341818,0.2191311905569696,0.8438262381113939,0.8438262381113939
0.8475014296673953,0.6950028593347907,0.5425042890021861,0.23750714833697661,0.6950028593347907,1.0
0.8599719915971991,0.7199439831943981,0.5799159747915971,0.15983194958319413,1.0,0.8599719915971991
0.8599719915971991,0.7199439831943981,0.5799159747915971,0.15983194958319413,0.8599719915971991,1.0
0.8740118423302576,0.7480236846605152,0.6220355269907727,0.11808289631180313,1.0,1.0
0.8675467642934956,0.7350935285869913,0.47018705717398246,1.0,1.0,0.20528058576097374
0.8541350085021054,0.7082700170042109,0.41654003400842177,1.0,0.8541350085021054,0.2706750425105272
0.8438262381113939,0.6876524762227879,0.3753049524455758,1.0,0.6876524762227879,0.3753049524455758
0.8398718461949128,0.6797436923898257,0.3594873847796515,1.0,0.5196155385847385,0.5196155385847385
0.8438262381113939,0.6876524762227879,0.3753049524455758,1.0,0.3753049524455758,0.6876524762227879
0.8541350085021054,0.7082700170042109,0.41654003400842177,1.0,0.2706750425105272,0.8541350085021054
0.8675467642934956,0.7350935285869913,0.47018705717398246,1.0,0.20528058576097374,1.0
0.8541350085021054,0.7082700170042109,0.41654003400842177,0.8541350085021054,1.0,0.2706750425105272
0.8398718461949128,0.6797436923898257,0.3594873847796515,0.8398718461949128,0.8398718461949128,0.3594873847796515
0.8309691490542968,0.6619382981085934,0.3238765962171868,0.8309691490542968,0.6619382981085934,0.49290744716289014
0.8309691490542968,0.6619382981085934,0.3238765962171868,0.8309691490542968,0.49290744716289014,0.6619382981085934
0.8398718461949128,0.6797436923898257,0.3594873847796515,0.8398718461949128,0.3594873847796515,0.8398718461949128
0.8541350085021054,0.7082700170042109,0.41654003400842177,0.8541350085021054,0.2706750425105272,1.0
0.8438262381113939,0.6876524762227879,0.3753049524455758,0.6876524762227879,1.0,0.3753049524455758
0.8309691490542968,0.6619382981085934,0.3238765962171868,0.6619382981085934,0.8309691490542968,0.49290744716289014
0.8259223440443022,0.6518446880886044,0.3036893761772087,0.6518446880886044,0.6518446880886044,0.6518446880886044
0.8309691490542968,0.6619382981085934,0.3238765962171868,0.6619382981085934,0.49290744716289003,0.8309691490542968
0.8438262381113939,0.6876524762227879,0.3753049524455758,0.6876524762227879,0.3753049524455758,1.0
0.8398718461949128,0.6797436923898257,0.3594873847796515,0.5196155385847385,1.0,0.5196155385847385
0.8309691490542968,0.6619382981085934,0.3238765962171868,0.49290744716289003,0.8309691490542968,0.6619382981085934
0.8309691490542968,0.6619382981085934,0.3238765962171868,0.49290744716289003,0.6619382981085934,0.8309691490542968
0.8398718461949128,0.6797436923898257,0.3594873847796515,0.5196155385847385,0.5196155385847385,1.0
0.8438262381113939,0.6876524762227879,0.3753049524455758,0.3753049524455758,1.0,0.6876524762227879
0.8398718461949128,0.6797436923898257,0.3594873847796515,0.3594873847796515,0.8398718461949128,0.8398718461949128
0.8438262381113939,0.6876524762227879,0.3753049524455758,0.3753049524455758,0.6876524762227879,1.0
0.8541350085021054,0.7082700170042109,0.41654003400842177,0.2706750425105272,1.0,0.8541350085021054
0.8541350085021054,0.7082700170042109,0.41654003400842177,0.2706750425105272,0.8541350085021054,1.0
0.8675467642934956,0.7350935285869913,0.47018705717398246,0.20528058576097374,1.0,1.0
0.8651600275073515,0.7303200550147031,0.32580013753675785,1.0,1.0,0.32580013753675785
0.8541350085021054,0.7082700170042109,0.2706750425105272,1.0,0.8541350085021054,0.41654003400842177
0.8475014296673953,0.6950028593347907,0.23750714833697661,1.0,0.6950028593347907,0.5425042890021861
0.8475014296673953,0.6950028593347907,0.23750714833697661,1.0,0.5425042890021861,0.6950028593347907
0.8541350085021054,0.7082700170042109,0.2706750425105272,1.0,0.41654003400842177,0.8541350085021054
0.8651600275073515,0.7303200550147031,0.32580013753675785,1.0,0.32580013753675785,1.0
0.8541350085021054,0.7082700170042109,0.2706750425105272,0.8541350085021054,1.0,0.41654003400842177
0.8438262381113939,0.6876524762227878,0.2191311905569696,0.8438262381113939,0.8438262381113939,0.5314787143341818
0.8398718461949128,0.6797436923898257,0.19935923097456432,0.8398718461949128,0.6797436923898257,0.6797436923898257
0.8438262381113939,0.6876524762227879,0.21913119055696972,0.8438262381113939,0.5314787143341819,0.8438262381113939
0.8541350085021054,0.7082700170042109,0.2706750425105272,0.8541350085021054,0.41654003400842177,1.0
0.8475014296673953,0.6950028593347907,0.23750714833697661,0.6950028593347907,1.0,0.5425042890021861
0.8398718461949128,0.6797436923898257,0.19935923097456432,0.6797436923898257,0.8398718461949128,0.6797436923898257
0.8398718461949128,0.6797436923898257,0.19935923097456432,0.6797436923898257,0.6797436923898257,0.8398718461949128
0.8475014296673953,0.6950028593347907,0.23750714833697661,0.6950028593347907,0.5425042890021861,1.0
0.8475014296673953,0.6950028593347907,0.23750714833697661,0.5425042890021861,1.0,0.6950028593347907
0.8438262381113939,0.6876524762227878,0.2191311905569696,0.5314787143341818,0.8438262381113939,0.8438262381113939
0.8475014296673953,0.6950028593347907,0.23750714833697661,0.5425042890021861,0.6950028593347907,1.0
0.8541350085021054,0.7082700170042109,0.2706750425105272,0.41654003400842177,1.0,0.8541350085021054
0.8541350085021054,0.7082700170042109,0.2706750425105272,0.41654003400842177,0.8541350085021054,1.0
0.8651600275073515,0.7303200550147031,0.32580013753675785,0.32580013753675785,1.0,1.0
0.8675467642934956,0.7350935285869913,0.20528058576097374,1.0,1.0,0.47018705717398246
0.8599719915971991,0.7199439831943981,0.15983194958319413,1.0,0.8599719915971991,0.5799159747915971
0.8571428571428572,0.7142857142857143,0.1428571428571429,1.0,0.7142857142857143,0.7142857142857143
0.8599719915971991,0.7199439831943981,0.15983194958319413,1.0,0.5799159747915971,0.8599719915971991
0.8675467642934956,0.7350935285869913,0.20528058576097374,1.0,0.47018705717398246,1.0
0.8599719915971991,0.7199439831943981,0.15983194958319413,0.8599719915971991,1.0,0.5799159747915971
0.8541350085021054,0.7082700170042109,0.12481005101263265,0.8541350085021054,0.8541350085021054,0.7082700170042109
0.8541350085021054,0.7082700170042109,0.12481005101263265,0.8541350085021054,0.7082700170042109,0.8541350085021054
0.8599719915971991,0.7199439831943981,0.15983194958319413,0.8599719915971991,0.5799159747915971,1.0
0.8571428571428572,0.7142857142857143,0.1428571428571429,0.7142857142857143,1.0,0.7142857142857143
0.8541350085021054,0.7082700170042109,0.12481005101263265,0.7082700170042109,0.8541350085021054,0.8541350085021054
0.8571428571428572,0.7142857142857143,0.1428571428571429,0.7142857142857143,0.7142857142857143,1.0
0.8599719915971991,0.7199439831943981,0.15983194958319413,0.5799159747915971,1.0,0.8599719915971991
0.8599719915971991,0.7199439831943981,0.15983194958319413,0.5799159747915971,0.8599719915971991,1.0
0.8675467642934956,0.7350935285869913,0.20528058576097374,0.47018705717398246,1.0,1.0
0.8740118423302576,0.7480236846605152,0.11808289631180313,1.0,1.0,0.6220355269907727
0.8698110890191761,0.7396221780383523,0.08867762313423289,1.0,0.8698110890191761,0.7396221780383523
0.8698110890191761,0.7396221780383523,0.08867762313423289,1.0,0.7396221780383523,0.8698110890191761
0.8740118423302576,0.7480236846605152,0.11808289631180313,1.0,0.6220355269907727,1.0
0.8698110890191761,0.7396221780383523,0.08867762313423289,0.8698110890191761,1.0,0.7396221780383523
0.8675467642934955,0.7350935285869912,0.07282735005446928,0.8675467642934955,0.8675467642934955,0.8675467642934955
0.8698110890191761,0.7396221780383523,0.08867762313423289,0.8698110890191761,0.7396221780383523,1.0
0.8698110890191761,0.7396221780383523,0.08867762313423289,0.7396221780383523,1.0,0.8698110890191761
0.8698110890191761,0.7396221780383523,0.08867762313423289,0.7396221780383523,0.8698110890191761,1.0
0.8740118423302576,0.7480236846605152,0.11808289631180313,0.6220355269907727,1.0,1.0
0.8829588528038694,0.7659177056077389,0.06367082243095556,1.0,1.0,0.7659177056077389
0.8813218341806146,0.7626436683612293,0.05057467344491717,1.0,0.8813218341806146,0.8813218341806146
0.8829588528038694,0.7659177056077389,0.06367082243095556,1.0,0.7659177056077389,1.0
0.8813218341806146,0.7626436683612293,0.05057467344491717,0.8813218341806146,1.0,0.8813218341806146
0.8813218341806146,0.7626436683612293,0.05057467344491717,0.8813218341806146,0.8813218341806146,1.0
0.8829588528038694,0.7659177056077389,0.06367082243095556,0.7659177056077389,1.0,1.0
0.8927887465162205,0.7855774930324411,0.03509871864598457,1.0,1.0,0.8927887465162205
0.8927887465162205,0.7855774930324411,0.03509871864598457,1.0,0.8927887465162205,1.0
0.8927887465162205,0.7855774930324411,0.03509871864598457,0.8927887465162205,1.0,1.0
0.9024099927051467,0.8048199854102933,0.024099927051466796,1.0,1.0,1.0
0.8951715163278081,0.6855145489834245,1.0,1.0,1.0,0.056543646950273474
0.8845299461620748,0.6535898384862247,1.0,1.0,0.8845299461620748,0.07623956929659881
0.8740118423302576,0.6220355269907727,1.0,1.0,0.7480236846605152,0.11808289631180313
0.8651600275073515,0.5954800825220548,1.0,1.0,0.5954800825220548,0.1909601650441095
0.8599719915971991,0.579915974791597,1.0,1.0,0.439887966388796,0.29985995798599496
0.8599719915971991,0.579915974791597,1.0,1.0,0.29985995798599496,0.439887966388796
0.8651600275073515,0.5954800825220548,1.0,1.0,0.1909601650441095,0.5954800825220548
0.8740118423302576,0.6220355269907727,1.0,1.0,0.11808289631180313,0.7480236846605152
0.8845299461620748,0.6535898384862247,1.0,1.0,0.07623956929659881,0.8845299461620748
0.8951715163278081,0.6855145489834245,1.0,1.0,0.056543646950273474,1.0
0.8845299461620748,0.6535898384862247,1.0,0.8845299461620748,1.0,0.07623956929659881
0.8719631200671041,0.615889360201312,1.0,0.8719631200671041,0.8719631200671041,0.10374184046972834
0.8599719915971991,0.5799159747915971,1.0,0.8599719915971991,0.7199439831943981,0.15983194958319413
0.850928801500014,0.552786404500042,1.0,0.850928801500014,0.552786404500042,0.2546440075000701
0.8475014296673954,0.5425042890021861,1.0,0.8475014296673954,0.39000571866958145,0.39000571866958145
0.850928801500014,0.552786404500042,1.0,0.850928801500014,0.2546440075000701,0.552786404500042
0.8599719915971991,0.5799159747915971,1.0,0.8599719915971991,0.15983194958319413,0.7199439831943981
0.871963120067104,0.615889360201312,1.0,0.871963120067104,0.10374184046972812,0.871963120067104
0.8845299461620748,0.6535898384862247,1.0,0.8845299461620748,0.07623956929659881,1.0
0.8740118423302576,0.6220355269907727,1.0,0.7480236846605152,1.0,0.11808289631180313
0.8599719915971991,0.5799159747915971,1.0,0.7199439831943981,0.8599719915971991,0.15983194958319413
0.8475014296673953,0.5425042890021861,1.0,0.6950028593347907,0.6950028593347907,0.23750714833697661
0.8398718461949128,0.5196155385847385,1.0,0.6797436923898257,0.5196155385847385,0.3594873847796515
0.8398718461949128,0.5196155385847385,1.0,0.6797436923898257,0.3594873847796515,0.5196155385847385
0.8475014296673953,0.5425042890021861,1.0,0.6950028593347907,0.23750714833697661,0.6950028593347907
0.8599719915971991,0.5799159747915971,1.0,0.7199439831943981,0.15983194958319413,0.8599719915971991
0.8740118423302576,0.6220355269907727,1.0,0.7480236846605152,0.11808289631180313,1.0
0.8651600275073515,0.5954800825220548,1.0,0.5954800825220548,1.0,0.1909601650441095
0.850928801500014,0.552786404500042,1.0,0.552786404500042,0.850928801500014,0.2546440075000701
0.8398718461949128,0.5196155385847385,1.0,0.5196155385847385,0.6797436923898257,0.3594873847796515
0.8356010126946427,0.5068030380839281,1.0,0.5068030380839281,0.5068030380839281,0.5068030380839281
0.8398718461949128,0.5196155385847385,1.0,0.5196155385847385,0.3594873847796515,0.6797436923898257
0.850928801500014,0.552786404500042,1.0,0.552786404500042,0.2546440075000701,0.850928801500014
0.8651600275073515,0.5954800825220548,1.0,0.5954800825220548,0.1909601650441095,1.0
0.8599719915971991,0.579915974791597,1.0,0.439887966388796,1.0,0.29985995798599496
0.8475014296673953,0.5425042890021861,1.0,0.39000571866958134,0.8475014296673953,0.39000571866958134
0.8398718461949128,0.5196155385847385,1.0,0.3594873847796515,0.6797436923898257,0.5196155385847385
0.8398718461949128,0.5196155385847385,1.0,0.3594873847796515,0.5196155385847385,0.6797436923898257
0.8475014296673953,0.5425042890021861,1.0,0.39000571866958134,0.39000571866958134,0.8475014296673953
0.8599719915971991,0.579915974791597,1.0,0.439887966388796,0.29985995798599496,1.0
0.8599719915971991,0.579915974791597,1.0,0.29985995798599496,1.0,0.439887966388796
0.850928801500014,0.552786404500042,1.0,0.2546440075000701,0.850928801500014,0.552786404500042
0.8475014296673953,0.5425042890021861,1.0,0.23750714833697661,0.6950028593347907,0.6950028593347907
0.850928801500014,0.552786404500042,1.0,0.2546440075000701,0.552786404500042,0.850928801500014
0.8599719915971991,0.579915974791597,1.0,0.29985995798599496,0.439887966388796,1.0
0.8651600275073515,0.5954800825220548,1.0,0.1909601650441095,1.0,0.5954800825220548
0.8599719915971991,0.5799159747915971,1.0,0.15983194958319413,0.8599719915971991,0.7199439831943981
0.8599719915971991,0.5799159747915971,1.0,0.15983194958319413,0.7199439831943981,0.8599719915971991
0.8651600275073515,0.5954800825220548,1.0,0.1909601650441095,0.5954800825220548,1.0
0.8740118423302576,0.6220355269907727,1.0,0.11808289631180313,1.0,0.7480236846605152
0.871963120067104,0.615889360201312,1.0,0.10374184046972812,0.871963120067104,0.871963120067104
0.8740118423302576,0.6220355269907727,1.0,0.11808289631180313,0.7480236846605152,1.0
0.8845299461620748,0.6535898384862247,1.0,0.07623956929659881,1.0,0.8845299461620748
0.8845299461620748,0.6535898384862247,1.0,0.07623956929659881,0.8845299461620748,1.0
0.8951715163278081,0.6855145489834245,1.0,0.056543646950273474,1.0,1.0
0.8845299461620748,0.6535898384862247,0.8845299461620748,1.0,1.0,0.07623956929659881
0.8719631200671041,0.615889360201312,0.8719631200671041,1.0,0.8719631200671041,0.10374184046972834
0.8599719915971991,0.5799159747915971,0.8599719915971991,1.0,0.7199439831943981,0.15983194958319413
0.850928801500014,0.552786404500042,0.850928801500014,1.0,0.552786404500042,0.2546440075000701
0.8475014296673954,0.5425042890021861,0.8475014296673954,1.0,0.39000571866958145,0.39000571866958145
0.850928801500014,0.552786404500042,0.850928801500014,1.0,0.2546440075000701,0.552786404500042
0.8599719915971991,0.5799159747915971,0.8599719915971991,1.0,0.15983194958319413,0.7199439831943981
0.871963120067104,0.615889360201312,0.871963120067104,1.0,0.10374184046972812,0.871963120067104
0.8845299461620748,0.6535898384862247,0.8845299461620748,1.0,0.07623956929659881,1.0
0.8719631200671041,0.615889360201312,0.8719631200671041,0.8719631200671041,1.0,0.10374184046972834
0.8571428571428572,0.5714285714285714,0.8571428571428572,0.8571428571428572,0.8571428571428572,0.1428571428571429
0.8438262381113939,0.5314787143341818,0.8438262381113939,0.8438262381113939,0.6876524762227878,0.2191311905569696
0.8356010126946427,0.5068030380839281,0.8356010126946427,0.8356010126946427,0.5068030380839281,0.34240405077857083
0.8356010126946427,0.5068030380839281,0.8356010126946427,0.8356010126946427,0.34240405077857083,0.5068030380839281
0.8438262381113939,0.5314787143341818,0.8438262381113939,0.8438262381113939,0.2191311905569696,0.6876524762227878
0.8571428571428572,0.5714285714285714,0.8571428571428572,0.8571428571428572,0.1428571428571429,0.8571428571428572
0.8719631200671041,0.615889360201312,0.8719631200671041,0.8719631200671041,0.10374184046972834,1.0
0.8599719915971991,0.5799159747915971,0.8599719915971991,0.7199439831943981,1.0,0.15983194958319413
0.8438262381113939,0.5314787143341818,0.8438262381113939,0.6876524762227878,0.8438262381113939,0.2191311905569696
0.8309691490542968,0.49290744716289003,0.8309691490542968,0.6619382981085934,0.6619382981085934,0.3238765962171868
0.8259223440443022,0.4777670321329065,0.8259223440443022,0.6518446880886043,0.4777670321329065,0.4777670321329065
0.8309691490542968,0.49290744716289003,0.8309691490542968,0.6619382981085934,0.3238765962171868,0.6619382981085934
0.8438262381113939,0.5314787143341818,0.8438262381113939,0.6876524762227878,0.2191311905569696,0.8438262381113939
0.8599719915971991,0.5799159747915971,0.8599719915971991,0.7199439831943981,0.15983194958319413,1.0
0.850928801500014,0.552786404500042,0.850928801500014,0.552786404500042,1.0,0.2546440075000701
0.8356010126946427,0.5068030380839281,0.8356010126946427,0.5068030380839281,0.8356010126946427,0.34240405077857083
0.8259223440443022,0.4777670321329065,0.8259223440443022,0.4777670321329065,0.6518446880886044,0.4777670321329065
0.8259223440443022,0.4777670321329065,0.8259223440443022,0.4777670321329065,0.4777670321329065,0.6518446880886044
0.8356010126946427,0.5068030380839281,0.8356010126946427,0.5068030380839281,0.34240405077857083,0.8356010126946427
0.850928801500014,0.552786404500042,0.850928801500014,0.552786404500042,0.2546440075000701,1.0
0.8475014296673954,0.5425042890021861,0.8475014296673954,0.39000571866958145,1.0,0.39000571866958145
0.8356010126946427,0.5068030380839281,0.8356010126946427,0.34240405077857095,0.8356010126946427,0.5068030380839281
0.8309691490542968,0.49290744716289014,0.8309691490542968,0.3238765962171868,0.6619382981085934,0.6619382981085934
0.8356010126946427,0.5068030380839281,0.8356010126946427,0.34240405077857083,0.5068030380839281,0.8356010126946427
0.8475014296673954,0.5425042890021861,0.8475014296673954,0.39000571866958145,0.39000571866958145,1.0
0.850928801500014,0.552786404500042,0.850928801500014,0.2546440075000701,1.0,0.552786404500042
0.8438262381113939,0.5314787143341819,0.8438262381113939,0.21913119055696972,0.8438262381113939,0.6876524762227879
0.8438262381113939,0.5314787143341819,0.8438262381113939,0.21913119055696972,0.6876524762227879,0.8438262381113939
0.850928801500014,0.552786404500042,0.850928801500014,0.2546440075000701,0.552786404500042,1.0
0.8599719915971991,0.5799159747915971,0.8599719915971991,0.15983194958319413,1.0,0.7199439831943981
0.8571428571428571,0.5714285714285714,0.8571428571428571,0.1428571428571428,0.8571428571428571,0.8571428571428571
0.8599719915971991,0.5799159747915971,0.8599719915971991,0.15983194958319413,0.7199439831943981,1.0
0.871963120067104,0.615889360201312,0.871963120067104,0.10374184046972812,1.0,0.871963120067104
0.871963120067104,0.615889360201312,0.871963120067104,0.10374184046972812,0.871963120067104,1.0
0.8845299461620748,0.6535898384862247,0.8845299461620748,0.07623956929659881,1.0,1.0
0.8740118423302576,0.6220355269907727,0.7480236846605152,1.0,1.0,0.11808289631180313
0.8599719915971991,0.5799159747915971,0.7199439831943981,1.0,0.8599719915971991,0.15983194958319413
0.8475014296673953,0.5425042890021861,0.6950028593347907,1.0,0.6950028593347907,0.23750714833697661
0.8398718461949128,0.5196155385847385,0.6797436923898257,1.0,0.5196155385847385,0.3594873847796515
0.8398718461949128,0.5196155385847385,0.6797436923898257,1.0,0.3594873847796515,0.5196155385847385
0.8475014296673953,0.5425042890021861,0.6950028593347907,1.0,0.23750714833697661,0.6950028593347907
0.8599719915971991,0.5799159747915971,0.7199439831943981,1.0,0.15983194958319413,0.8599719915971991
0.8740118423302576,0.6220355269907727,0.7480236846605152,1.0,0.11808289631180313,1.0
0.8599719915971991,0.5799159747915971,0.7199439831943981,0.8599719915971991,1.0,0.15983194958319413
0.8438262381113939,0.5314787143341818,0.6876524762227878,0.8438262381113939,0.8438262381113939,0.2191311905569696
0.8309691490542968,0.49290744716289003,0.6619382981085934,0.8309691490542968,0.6619382981085934,0.3238765962171868
0.8259223440443022,0.4777670321329065,0.6518446880886043,0.8259223440443022,0.4777670321329065,0.4777670321329065
0.8309691490542968,0.49290744716289003,0.6619382981085934,0.8309691490542968,0.3238765962171868,0.6619382981085934
0.8438262381113939,0.5314787143341818,0.6876524762227878,0.8438262381113939,0.2191311905569696,0.8438262381113939
0.8599719915971991,0.5799159747915971,0.7199439831943981,0.8599719915971991,0.15983194958319413,1.0
0.8475014296673953,0.5425042890021861,0.6950028593347907,0.6950028593347907,1.0,0.23750714833697661
0.8309691490542968,0.49290744716289003,0.6619382981085934,0.6619382981085934,0.8309691490542968,0.3238765962171868
0.8203946979732251,0.4611840939196753,0.6407893959464502,0.6407893959464502,0.6407893959464502,0.4611840939196753
0.8203946979732251,0.4611840939196753,0.6407893959464502,0.6407893959464502,0.4611840939196753,0.6407893959464502
0.8309691490542968,0.49290744716289003,0.6619382981085934,0.6619382981085934,0.3238765962171868,0.8309691490542968
0.8475014296673953,0.5425042890021861,0.6950028593347907,0.6950028593347907,0.23750714833697661,1.0
0.8398718461949128,0.5196155385847385,0.6797436923898257,0.5196155385847385,1.0,0.3594873847796515
0.8259223440443022,0.4777670321329065,0.6518446880886044,0.4777670321329065,0.8259223440443022,0.4777670321329065
0.8203946979732251,0.4611840939196753,0.6407893959464502,0.4611840939196753,0.6407893959464502,0.6407893959464502
0.8259223440443022,0.4777670321329065,0.6518446880886044,0.4777670321329065,0.4777670321329065,0.8259223440443022
0.8398718461949128,0.5196155385847385,0.6797436923898257,0.5196155385847385,0.3594873847796515,1.0
0.8398718461949128,0.5196155385847385,0.6797436923898257,0.3594873847796515,1.0,0.5196155385847385
0.8309691490542968,0.49290744716289003,0.6619382981085934,0.3238765962171868,0.8309691490542968,0.6619382981085934
0.8309691490542968,0.49290744716289003,0.6619382981085934,0.3238765962171868,0.6619382981085934,0.8309691490542968
0.8398718461949128,0.5196155385847385,0.6797436923898257,0.3594873847796515,0.5196155385847385,1.0
0.8475014296673953,0.5425042890021861,0.6950028593347907,0.23750714833697661,1.0,0.6950028593347907
0.8438262381113939,0.5314787143341818,0.6876524762227878,0.2191311905569696,0.8438262381113939,0.8438262381113939
0.8475014296673953,0.5425042890021861,0.6950028593347907,0.23750714833697661,0.6950028593347907,1.0
0.8599719915971991,0.5799159747915971,0.7199439831943981,0.15983194958319413,1.0,0.8599719915971991
0.8599719915971991,0.5799159747915971,0.7199439831943981,0.15983194958319413,0.8599719915971991,1.0
0.8740118423302576,0.6220355269907727,0.7480236846605152,0.11808289631180313,1.0,1.0
0.8651600275073515,0.5954800825220548,0.5954800825220548,1.0,1.0,0.1909601650441095
0.850928801500014,0.552786404500042,0.552786404500042,1.0,0.850928801500014,0.2546440075000701
0.8398718461949128,0.5196155385847385,0.5196155385847385,1.0,0.6797436923898257,0.3594873847796515
0.8356010126946427,0.5068030380839281,0.5068030380839281,1.0,0.5068030380839281,0.5068030380839281
0.8398718461949128,0.5196155385847385,0.5196155385847385,1.0,0.3594873847796515,0.6797436923898257
0.850928801500014,0.552786404500042,0.552786404500042,1.0,0.2546440075000701,0.850928801500014
0.8651600275073515,0.5954800825220548,0.5954800825220548,1.0,0.1909601650441095,1.0
0.850928801500014,0.552786404500042,0.552786404500042,0.850928801500014,1.0,0.2546440075000701
0.8356010126946427,0.5068030380839281,0.5068030380839281,0.8356010126946427,0.8356010126946427,0.34240405077857083
0.8259223440443022,0.4777670321329065,0.4777670321329065,0.8259223440443022,0.6518446880886044,0.4777670321329065
0.8259223440443022,0.4777670321329065,0.4777670321329065,0.8259223440443022,0.4777670321329065,0.6518446880886044
0.8356010126946427,0.5068030380839281,0.5068030380839281,0.8356010126946427,0.34240405077857083,0.8356010126946427
0.850928801500014,0.552786404500042,0.552786404500042,0.850928801500014,0.2546440075000701,1.0
0.8398718461949128,0.5196155385847385,0.5196155385847385,0.6797436923898257,1.0,0.3594873847796515
0.8259223440443022,0.4777670321329065,0.4777670321329065,0.6518446880886044,0.8259223440443022,0.4777670321329065
0.8203946979732251,0.4611840939196753,0.4611840939196753,0.6407893959464502,0.6407893959464502,0.6407893959464502
0.8259223440443022,0.4777670321329065,0.4777670321329065,0.6518446880886044,0.4777670321329065,0.8259223440443022
0.8398718461949128,0.5196155385847385,0.5196155385847385,0.6797436923898257,0.3594873847796515,1.0
0.8356010126946427,0.5068030380839281,0.5068030380839281,0.5068030380839281,1.0,0.5068030380839281
0.8259223440443022,0.4777670321329065,0.4777670321329065,0.4777670321329065,0.8259223440443022,0.6518446880886044
0.8259223440443022,0.4777670321329065,0.4777670321329065,0.4777670321329065,0.6518446880886044,0.8259223440443022
0.8356010126946427,0.5068030380839281,0.5068030380839281,0.5068030380839281,0.5068030380839281,1.0
0.8398718461949128,0.5196155385847385,0.5196155385847385,0.3594873847796515,1.0,0.6797436923898257
0.8356010126946427,0.5068030380839281,0.5068030380839281,0.34240405077857083,0.8356010126946427,0.8356010126946427
0.8398718461949128,0.5196155385847385,0.5196155385847385,0.3594873847796515,0.6797436923898257,1.0
0.850928801500014,0.552786404500042,0.552786404500042,0.2546440075000701,1.0,0.850928801500014
0.850928801500014,0.552786404500042,0.552786404500042,0.2546440075000701,0.850928801500014,1.0
0.8651600275073515,0.5954800825220548,0.5954800825220548,0.1909601650441095,1.0,1.0
0.8599719915971991,0.579915974791597,0.439887966388796,1.0,1.0,0.29985995798599496
0.8475014296673953,0.5425042890021861,0.39000571866958134,1.0,0.8475014296673953,0.39000571866958134
0.8398718461949128,0.5196155385847385,0.3594873847796515,1.0,0.6797436923898257,0.5196155385847385
0.8398718461949128,0.5196155385847385,0.3594873847796515,1.0,0.5196155385847385,0.6797436923898257
0.8475014296673953,0.5425042890021861,0.39000571866958134,1.0,0.39000571866958134,0.8475014296673953
0.8599719915971991,0.579915974791597,0.439887966388796,1.0,0.29985995798599496,1.0
0.8475014296673953,0.5425042890021861,0.39000571866958134,0.8475014296673953,1.0,0.39000571866958134
0.8356010126946427,0.5068030380839281,0.34240405077857083,0.8356010126946427,0.8356010126946427,0.5068030380839281
0.8309691490542968,0.49290744716289003,0.3238765962171868,0.8309691490542968,0.6619382981085934,0.6619382981085934
0.8356010126946427,0.5068030380839281,0.34240405077857083,0.8356010126946427,0.5068030380839281,0.8356010126946427
0.8475014296673953,0.5425042890021861,0.39000571866958134,0.8475014296673953,0.39000571866958134,1.0
0.8398718461949128,0.5196155385847385,0.3594873847796515,0.6797436923898257,1.0,0.5196155385847385
0.8309691490542968,0.49290744716289003,0.3238765962171868,0.6619382981085934,0.8309691490542968,0.6619382981085934
0.8309691490542968,0.49290744716289003,0.3238765962171868,0.6619382981085934,0.6619382981085934,0.8309691490542968
0.8398718461949128,0.5196155385847385,0.3594873847796515,0.6797436923898257,0.5196155385847385,1.0
0.8398718461949128,0.5196155385847385,0.3594873847796515,0.5196155385847385,1.0,0.6797436923898257
0.8356010126946427,0.5068030380839281,0.34240405077857083,0.5068030380839281,0.8356010126946427,0.8356010126946427
0.8398718461949128,0.5196155385847385,0.3594873847796515,0.5196155385847385,0.6797436923898257,1.0
0.8475014296673953,0.5425042890021861,0.39000571866958134,0.39000571866958134,1.0,0.8475014296673953
0.8475014296673953,0.5425042890021861,0.39000571866958134,0.39000571866958134,0.8475014296673953,1.0
0.8599719915971991,0.579915974791597,0.439887966388796,0.29985995798599496,1.0,1.0
0.8599719915971991,0.579915974791597,0.29985995798599496,1.0,1.0,0.439887966388796
0.850928801500014,0.552786404500042,0.2546440075000701,1.0,0.850928801500014,0.552786404500042
0.8475014296673953,0.5425042890021861,0.23750714833697661,1.0,0.6950028593347907,0.6950028593347907
0.850928801500014,0.552786404500042,0.2546440075000701,1.0,0.552786404500042,0.850928801500014
0.8599719915971991,0.579915974791597,0.29985995798599496,1.0,0.439887966388796,1.0
0.850928801500014,0.552786404500042,0.2546440075000701,0.850928801500014,1.0,0.552786404500042
0.8438262381113939,0.5314787143341818,0.2191311905569696,0.8438262381113939,0.8438262381113939,0.6876524762227878
0.8438262381113939,0.5314787143341818,0.2191311905569696,0.8438262381113939,0.6876524762227878,0.8438262381113939
0.850928801500014,0.552786404500042,0.2546440075000701,0.850928801500014,0.552786404500042,1.0
0.8475014296673953,0.5425042890021861,0.23750714833697661,0.6950028593347907,1.0,0.6950028593347907
0.8438262381113939,0.5314787143341818,0.2191311905569696,0.6876524762227878,0.8438262381113939,0.8438262381113939
0.8475014296673953,0.5425042890021861,0.23750714833697661,0.6950028593347907,0.6950028593347907,1.0
0.850928801500014,0.552786404500042,0.2546440075000701,0.552786404500042,1.0,0.850928801500014
0.850928801500014,0.552786404500042,0.2546440075000701,0.552786404500042,0.850928801500014,1.0
0.8599719915971991,0.579915974791597,0.29985995798599496,0.439887966388796,1.0,1.0
0.8651600275073515,0.5954800825220548,0.1909601650441095,1.0,1.0,0.5954800825220548
0.8599719915971991,0.5799159747915971,0.15983194958319413,1.0,0.8599719915971991,0.7199439831943981
0.8599719915971991,0.5799159747915971,0.15983194958319413,1.0,0.7199439831943981,0.8599719915971991
0.8651600275073515,0.5954800825220548,0.1909601650441095,1.0,0.5954800825220548,1.0
0.8599719915971991,0.5799159747915971,0.15983194958319413,0.8599719915971991,1.0,0.7199439831943981
0.8571428571428571,0.5714285714285714,0.1428571428571428,0.8571428571428571,0.8571428571428571,0.8571428571428571
0.8599719915971991,0.5799159747915971,0.15983194958319413,0.8599719915971991,0.7199439831943981,1.0
0.8599719915971991,0.5799159747915971,0.15983194958319413,0.7199439831943981,1.0,0.8599719915971991
0.8599719915971991,0.5799159747915971,0.15983194958319413,0.7199439831943981,0.8599719915971991,1.0
0.8651600275073515,0.5954800825220548,0.1909601650441095,0.5954800825220548,1.0,1.0
0.8740118423302576,0.6220355269907727,0.11808289631180313,1.0,1.0,0.7480236846605152
0.871963120067104,0.615889360201312,0.10374184046972812,1.0,0.871963120067104,0.871963120067104
0.8740118423302576,0.6220355269907727,0.11808289631180313,1.0,0.7480236846605152,1.0
0.871963120067104,0.615889360201312,0.10374184046972812,0.871963120067104,1.0,0.871963120067104
0.871963120067104,0.615889360201312,0.10374184046972812,0.871963120067104,0.871963120067104,1.0
0.8740118423302576,0.6220355269907727,0.11808289631180313,0.7480236846605152,1.0,1.0
0.8845299461620748,0.6535898384862247,0.07623956929659881,1.0,1.0,0.8845299461620748
0.8845299461620748,0.6535898384862247,0.07623956929659881,1.0,0.8845299461620748,1.0
0.8845299461620748,0.6535898384862247,0.07623956929659881,0.8845299461620748,1.0,1.0
0.8951715163278081,0.6855145489834245,0.056543646950273474,1.0,1.0,1.0
0.8888888888888888,0.5555555555555556,1.0,1.0,1.0,0.11111111111111116
0.8778305556436947,0.5113222225747791,1.0,1.0,0.8778305556436947,0.1448138895058636
0.8675467642934956,0.47018705717398246,1.0,1.0,0.7350935285869913,0.20528058576097374
0.8599719915971991,0.439887966388796,1.0,1.0,0.579915974791597,0.29985995798599496
0.8571428571428572,0.4285714285714286,1.0,1.0,0.4285714285714286,0.4285714285714286
0.8599719915971991,0.4398879663887961,1.0,1.0,0.2998599579859952,0.5799159747915971
0.8675467642934956,0.47018705717398246,1.0,1.0,0.20528058576097374,0.7350935285869913
0.8778305556436947,0.5113222225747791,1.0,1.0,0.14481388950586338,0.8778305556436947
0.8888888888888888,0.5555555555555556,1.0,1.0,0.11111111111111116,1.0
0.8778305556436947,0.5113222225747791,1.0,0.8778305556436947,1.0,0.1448138895058636
0.8651600275073515,0.4606401100294063,1.0,0.8651600275073515,0.8651600275073515,0.1909601650441095
0.8541350085021054,0.41654003400842177,1.0,0.8541350085021054,0.7082700170042109,0.2706750425105272
0.8475014296673954,0.39000571866958145,1.0,0.8475014296673954,0.5425042890021861,0.39000571866958145
0.8475014296673953,0.39000571866958134,1.0,0.8475014296673953,0.39000571866958134,0.5425042890021861
0.8541350085021054,0.41654003400842177,1.0,0.8541350085021054,0.2706750425105272,0.7082700170042109
0.8651600275073515,0.4606401100294063,1.0,0.8651600275073515,0.1909601650441095,0.8651600275073515
0.8778305556436947,0.5113222225747791,1.0,0.8778305556436947,0.1448138895058636,1.0
0.8675467642934956,0.47018705717398246,1.0,0.7350935285869913,1.0,0.20528058576097374
0.8541350085021054,0.41654003400842177,1.0,0.7082700170042109,0.8541350085021054,0.2706750425105272
0.8438262381113939,0.3753049524455758,1.0,0.6876524762227879,0.6876524762227879,0.3753049524455758
0.8398718461949128,0.3594873847796515,1.0,0.6797436923898257,0.5196155385847385,0.5196155385847385
0.8438262381113939,0.3753049524455758,1.0,0.6876524762227879,0.3753049524455758,0.6876524762227879
0.8541350085021054,0.41654003400842177,1.0,0.7082700170042109,0.2706750425105272,0.8541350085021054
0.8675467642934956,0.47018705717398246,1.0,0.7350935285869913,0.20528058576097374,1.0
0.8599719915971991,0.439887966388796,1.0,0.579915974791597,1.0,0.29985995798599496
0.8475014296673953,0.39000571866958134,1.0,0.5425042890021861,0.8475014296673953,0.39000571866958134
0.8398718461949128,0.3594873847796515,1.0,0.5196155385847385,0.6797436923898257,0.5196155385847385
0.8398718461949128,0.3594873847796515,1.0,0.5196155385847385,0.5196155385847385,0.6797436923898257
0.8475014296673953,0.39000571866958134,1.0,0.5425042890021861,0.39000571866958134,0.8475014296673953
0.8599719915971991,0.439887966388796,1.0,0.579915974791597,0.29985995798599496,1.0
0.8571428571428572,0.4285714285714286,1.0,0.4285714285714286,1.0,0.4285714285714286
0.8475014296673953,0.39000571866958134,1.0,0.39000571866958134,0.8475014296673953,0.5425042890021861
0.8438262381113939,0.3753049524455758,1.0,0.3753049524455758,0.6876524762227879,0.6876524762227879
0.8475014296673953,0.39000571866958134,1.0,0.39000571866958134,0.5425042890021861,0.8475014296673953
0.8571428571428572,0.4285714285714286,1.0,0.4285714285714286,0.4285714285714286,1.0
0.8599719915971991,0.4398879663887961,1.0,0.2998599579859952,1.0,0.5799159747915971
0.8541350085021054,0.41654003400842177,1.0,0.2706750425105272,0.8541350085021054,0.7082700170042109
0.8541350085021054,0.41654003400842177,1.0,0.2706750425105272,0.7082700170042109,0.8541350085021054
0.8599719915971991,0.4398879663887961,1.0,0.2998599579859952,0.5799159747915971,1.0
0.8675467642934956,0.47018705717398246,1.0,0.20528058576097374,1.0,0.7350935285869913
0.8651600275073515,0.4606401100294063,1.0,0.1909601650441095,0.8651600275073515,0.8651600275073515
0.8675467642934956,0.47018705717398246,1.0,0.20528058576097374,0.7350935285869913,1.0
0.8778305556436947,0.5113222225747791,1.0,0.14481388950586338,1.0,0.8778305556436947
0.8778305556436947,0.5113222225747791,1.0,0.14481388950586338,0.8778305556436947,1.0
0.8888888888888888,0.5555555555555556,1.0,0.11111111111111116,1.0,1.0
0.8778305556436947,0.5113222225747791,0.8778305556436947,1.0,1.0,0.1448138895058636
0.8651600275073515,0.4606401100294063,0.8651600275073515,1.0,0.8651600275073515,0.1909601650441095
0.8541350085021054,0.41654003400842177,0.8541350085021054,1.0,0.7082700170042109,0.2706750425105272
0.8475014296673954,0.39000571866958145,0.8475014296673954,1.0,0.5425042890021861,0.39000571866958145
0.8475014296673953,0.39000571866958134,0.8475014296673953,1.0,0.39000571866958134,0.5425042890021861
0.8541350085021054,0.41654003400842177,0.8541350085021054,1.0,0.2706750425105272,0.7082700170042109
0.8651600275073515,0.4606401100294063,0.8651600275073515,1.0,0.1909601650441095,0.8651600275073515
0.8778305556436947,0.5113222225747791,0.8778305556436947,1.0,0.1448138895058636,1.0
0.8651600275073515,0.4606401100294063,0.8651600275073515,0.8651600275073515,1.0,0.1909601650441095
0.850928801500014,0.40371520600005606,0.850928801500014,0.850928801500014,0.850928801500014,0.2546440075000701
0.8398718461949128,0.3594873847796515,0.8398718461949128,0.8398718461949128,0.6797436923898257,0.3594873847796515
0.8356010126946427,0.34240405077857083,0.8356010126946427,0.8356010126946427,0.5068030380839281,0.5068030380839281
0.8398718461949128,0.3594873847796515,0.8398718461949128,0.8398718461949128,0.3594873847796515,0.6797436923898257
0.850928801500014,0.40371520600005606,0.850928801500014,0.850928801500014,0.2546440075000701,0.850928801500014
0.8651600275073515,0.4606401100294063,0.8651600275073515,0.8651600275073515,0.1909601650441095,1.0
0.8541350085021054,0.41654003400842177,0.8541350085021054,0.7082700170042109,1.0,0.2706750425105272
0.8398718461949128,0.3594873847796515,0.8398718461949128,0.6797436923898257,0.8398718461949128,0.3594873847796515
0.8309691490542968,0.3238765962171868,0.8309691490542968,0.6619382981085934,0.6619382981085934,0.49290744716289014
0.8309691490542968,0.3238765962171868,0.8309691490542968,0.6619382981085934,0.49290744716289014,0.6619382981085934
0.8398718461949128,0.3594873847796515,0.8398718461949128,0.6797436923898257,0.3594873847796515,0.8398718461949128
0.8541350085021054,0.41654003400842177,0.8541350085021054,0.7082700170042109,0.2706750425105272,1.0
0.8475014296673954,0.39000571866958145,0.8475014296673954,0.5425042890021861,1.0,0.39000571866958145
0.8356010126946427,0.34240405077857095,0.8356010126946427,0.5068030380839281,0.8356010126946427,0.5068030380839281
0.8309691490542968,0.3238765962171868,0.8309691490542968,0.49290744716289014,0.6619382981085934,0.6619382981085934
0.8356010126946427,0.34240405077857083,0.8356010126946427,0.5068030380839281,0.5068030380839281,0.8356010126946427
0.8475014296673954,0.39000571866958145,0.8475014296673954,0.5425042890021861,0.39000571866958145,1.0
0.8475014296673953,0.39000571866958134,0.8475014296673953,0.39000571866958134,1.0,0.5425042890021861
0.8398718461949128,0.3594873847796515,0.8398718461949128,0.3594873847796515,0.8398718461949128,0.6797436923898257
0.8398718461949128,0.3594873847796515,0.8398718461949128,0.3594873847796515,0.6797436923898257,0.8398718461949128
0.8475014296673953,0.39000571866958134,0.8475014296673953,0.39000571866958134,0.5425042890021861,1.0
0.8541350085021054,0.41654003400842177,0.8541350085021054,0.2706750425105272,1.0,0.7082700170042109
0.850928801500014,0.40371520600005606,0.850928801500014,0.2546440075000701,0.850928801500014,0.850928801500014
0.8541350085021054,0.41654003400842177,0.8541350085021054,0.2706750425105272,0.7082700170042109,1.0
0.8651600275073515,0.4606401100294063,0.8651600275073515,0.1909601650441095,1.0,0.8651600275073515
0.8651600275073515,0.4606401100294063,0.8651600275073515,0.1909601650441095,0.8651600275073515,1.0
0.8778305556436947,0.5113222225747791,0.8778305556436947,0.1448138895058636,1.0,1.0
0.8675467642934956,0.47018705717398246,0.7350935285869913,1.0,1.0,0.20528058576097374
0.8541350085021054,0.41654003400842177,0.7082700170042109,1.0,0.8541350085021054,0.2706750425105272
0.8438262381113939,0.3753049524455758,0.6876524762227879,1.0,0.6876524762227879,0.3753049524455758
0.8398718461949128,0.3594873847796515,0.6797436923898257,1.0,0.5196155385847385,0.5196155385847385
0.8438262381113939,0.3753049524455758,0.6876524762227879,1.0,0.3753049524455758,0.6876524762227879
0.8541350085021054,0.41654003400842177,0.7082700170042109,1.0,0.2706750425105272,0.8541350085021054
0.8675467642934956,0.47018705717398246,0.7350935285869913,1.0,0.20528058576097374,1.0
0.8541350085021054,0.41654003400842177,0.7082700170042109,0.8541350085021054,1.0,0.2706750425105272
0.8398718461949128,0.3594873847796515,0.6797436923898257,0.8398718461949128,0.8398718461949128,0.3594873847796515
0.8309691490542968,0.3238765962171868,0.6619382981085934,0.8309691490542968,0.6619382981085934,0.49290744716289014
0.8309691490542968,0.3238765962171868,0.6619382981085934,0.8309691490542968,0.49290744716289014,0.6619382981085934
0.8398718461949128,0.3594873847796515,0.6797436923898257,0.8398718461949128,0.3594873847796515,0.8398718461949128
0.8541350085021054,0.41654003400842177,0.7082700170042109,0.8541350085021054,0.2706750425105272,1.0
0.8438262381113939,0.3753049524455758,0.6876524762227879,0.6876524762227879,1.0,0.3753049524455758
0.8309691490542968,0.3238765962171868,0.6619382981085934,0.6619382981085934,0.8309691490542968,0.49290744716289014
0.8259223440443022,0.3036893761772087,0.6518446880886044,0.6518446880886044,0.6518446880886044,0.6518446880886044
0.8309691490542968,0.3238765962171868,0.6619382981085934,0.6619382981085934,0.49290744716289003,0.8309691490542968
0.8438262381113939,0.3753049524455758,0.6876524762227879,0.6876524762227879,0.3753049524455758,1.0
0.8398718461949128,0.3594873847796515,0.6797436923898257,0.5196155385847385,1.0,0.5196155385847385
0.8309691490542968,0.3238765962171868,0.6619382981085934,0.49290744716289003,0.8309691490542968,0.6619382981085934
0.8309691490542968,0.3238765962171868,0.6619382981085934,0.49290744716289003,0.6619382981085934,0.8309691490542968
0.8398718461949128,0.3594873847796515,0.6797436923898257,0.5196155385847385,0.5196155385847385,1.0
0.8438262381113939,0.3753049524455758,0.6876524762227879,0.3753049524455758,1.0,0.6876524762227879
0.8398718461949128,0.3594873847796515,0.6797436923898257,0.3594873847796515,0.8398718461949128,0.8398718461949128
0.8438262381113939,0.3753049524455758,0.6876524762227879,0.3753049524455758,0.6876524762227879,1.0
0.8541350085021054,0.41654003400842177,0.7082700170042109,0.2706750425105272,1.0,0.8541350085021054
0.8541350085021054,0.41654003400842177,0.7082700170042109,0.2706750425105272,0.8541350085021054,1.0
0.8675467642934956,0.47018705717398246,0.7350935285869913,0.20528058576097374,1.0,1.0
0.8599719915971991,0.439887966388796,0.579915974791597,1.0,1.0,0.29985995798599496
0.8475014296673953,0.39000571866958134,0.5425042890021861,1.0,0.8475014296673953,0.39000571866958134
0.8398718461949128,0.3594873847796515,0.5196155385847385,1.0,0.6797436923898257,0.5196155385847385
0.8398718461949128,0.3594873847796515,0.5196155385847385,1.0,0.5196155385847385,0.6797436923898257
0.8475014296673953,0.39000571866958134,0.5425042890021861,1.0,0.39000571866958134,0.8475014296673953
0.8599719915971991,0.439887966388796,0.579915974791597,1.0,0.29985995798599496,1.0
0.8475014296673953,0.39000571866958134,0.5425042890021861,0.8475014296673953,1.0,0.39000571866958134
0.8356010126946427,0.34240405077857083,0.5068030380839281,0.8356010126946427,0.8356010126946427,0.5068030380839281
0.8309691490542968,0.3238765962171868,0.49290744716289003,0.8309691490542968,0.6619382981085934,0.6619382981085934
0.8356010126946427,0.34240405077857083,0.5068030380839281,0.8356010126946427,0.5068030380839281,0.8356010126946427
0.8475014296673953,0.39000571866958134,0.5425042890021861,0.8475014296673953,0.39000571866958134,1.0
0.8398718461949128,0.3594873847796515,0.5196155385847385,0.6797436923898257,1.0,0.5196155385847385
0.8309691490542968,0.3238765962171868,0.49290744716289003,0.6619382981085934,0.8309691490542968,0.6619382981085934
0.8309691490542968,0.3238765962171868,0.49290744716289003,0.6619382981085934,0.6619382981085934,0.8309691490542968
0.8398718461949128,0.3594873847796515,0.5196155385847385,0.6797436923898257,0.5196155385847385,1.0
0.8398718461949128,0.3594873847796515,0.5196155385847385,0.5196155385847385,1.0,0.6797436923898257
0.8356010126946427,0.34240405077857083,0.5068030380839281,0.5068030380839281,0.8356010126946427,0.8356010126946427
0.8398718461949128,0.3594873847796515,0.5196155385847385,0.5196155385847385,0.6797436923898257,1.0
0.8475014296673953,0.39000571866958134,0.5425042890021861,0.39000571866958134,1.0,0.8475014296673953
0.8475014296673953,0.39000571866958134,0.5425042890021861,0.39000571866958134,0.8475014296673953,1.0
0.8599719915971991,0.439887966388796,0.579915974791597,0.29985995798599496,1.0,1.0
0.8571428571428572,0.4285714285714286,0.4285714285714286,1.0,1.0,0.4285714285714286
0.8475014296673953,0.39000571866958134,0.39000571866958134,1.0,0.8475014296673953,0.5425042890021861
0.8438262381113939,0.3753049524455758,0.3753049524455758,1.0,0.6876524762227879,0.6876524762227879
0.8475014296673953,0.39000571866958134,0.39000571866958134,1.0,0.5425042890021861,0.8475014296673953
0.8571428571428572,0.4285714285714286,0.4285714285714286,1.0,0.4285714285714286,1.0
0.8475014296673953,0.39000571866958134,0.39000571866958134,0.8475014296673953,1.0,0.5425042890021861
0.8398718461949128,0.3594873847796515,0.3594873847796515,0.8398718461949128,0.8398718461949128,0.6797436923898257
0.8398718461949128,0.3594873847796515,0.3594873847796515,0.8398718461949128,0.6797436923898257,0.8398718461949128
0.8475014296673953,0.39000571866958134,0.39000571866958134,0.8475014296673953,0.5425042890021861,1.0
0.8438262381113939,0.3753049524455758,0.3753049524455758,0.6876524762227879,1.0,0.6876524762227879
0.8398718461949128,0.3594873847796515,0.3594873847796515,0.6797436923898257,0.8398718461949128,0.8398718461949128
0.8438262381113939,0.3753049524455758,0.3753049524455758,0.6876524762227879,0.6876524762227879,1.0
0.8475014296673953,0.39000571866958134,0.39000571866958134,0.5425042890021861,1.0,0.8475014296673953
0.8475014296673953,0.39000571866958134,0.39000571866958134,0.5425042890021861,0.8475014296673953,1.0
0.8571428571428572,0.4285714285714286,0.4285714285714286,0.4285714285714286,1.0,1.0
0.8599719915971991,0.4398879663887961,0.2998599579859952,1.0,1.0,0.5799159747915971
0.8541350085021054,0.41654003400842177,0.2706750425105272,1.0,0.8541350085021054,0.7082700170042109
0.8541350085021054,0.41654003400842177,0.2706750425105272,1.0,0.7082700170042109,0.8541350085021054
0.8599719915971991,0.4398879663887961,0.2998599579859952,1.0,0.5799159747915971,1.0
0.8541350085021054,0.41654003400842177,0.2706750425105272,0.8541350085021054,1.0,0.7082700170042109
0.850928801500014,0.40371520600005606,0.2546440075000701,0.850928801500014,0.850928801500014,0.850928801500014
0.8541350085021054,0.41654003400842177,0.2706750425105272,0.8541350085021054,0.7082700170042109,1.0
0.8541350085021054,0.41654003400842177,0.2706750425105272,0.7082700170042109,1.0,0.8541350085021054
0.8541350085021054,0.41654003400842177,0.2706750425105272,0.7082700170042109,0.8541350085021054,1.0
0.8599719915971991,0.4398879663887961,0.2998599579859952,0.5799159747915971,1.0,1.0
0.8675467642934956,0.47018705717398246,0.20528058576097374,1.0,1.0,0.7350935285869913
0.8651600275073515,0.4606401100294063,0.1909601650441095,1.0,0.8651600275073515,0.8651600275073515
0.8675467642934956,0.47018705717398246,0.20528058576097374,1.0,0.7350935285869913,1.0
0.8651600275073515,0.4606401100294063,0.1909601650441095,0.8651600275073515,1.0,0.8651600275073515
0.8651600275073515,0.4606401100294063,0.1909601650441095,0.8651600275073515,0.8651600275073515,1.0
0.8675467642934956,0.47018705717398246,0.20528058576097374,0.7350935285869913,1.0,1.0
0.8778305556436947,0.5113222225747791,0.14481388950586338,1.0,1.0,0.8778305556436947
0.8778305556436947,0.5113222225747791,0.14481388950586338,1.0,0.8778305556436947,1.0
0.8778305556436947,0.5113222225747791,0.14481388950586338,0.8778305556436947,1.0,1.0
0.8888888888888888,0.5555555555555556,0.11111111111111116,1.0,1.0,1.0
0.8845299461620748,0.42264973081037416,1.0,1.0,1.0,0.1917096231345239
0.8740118423302576,0.37005921165128786,1.0,1.0,0.8740118423302576,0.2440710539815455
0.8651600275073515,0.32580013753675785,1.0,1.0,0.7303200550147031,0.32580013753675785
0.8599719915971991,0.29985995798599496,1.0,1.0,0.579915974791597,0.439887966388796
0.8599719915971991,0.2998599579859952,1.0,1.0,0.4398879663887961,0.5799159747915971
0.8651600275073515,0.32580013753675785,1.0,1.0,0.32580013753675785,0.7303200550147031
0.8740118423302576,0.37005921165128786,1.0,1.0,0.2440710539815455,0.8740118423302576
0.8845299461620748,0.42264973081037416,1.0,1.0,0.1917096231345239,1.0
0.8740118423302576,0.37005921165128786,1.0,0.8740118423302576,1.0,0.2440710539815455
0.862639436051311,0.31319718025655496,1.0,0.862639436051311,0.862639436051311,0.31319718025655496
0.8541350085021054,0.2706750425105272,1.0,0.8541350085021054,0.7082700170042109,0.41654003400842177
0.850928801500014,0.2546440075000701,1.0,0.850928801500014,0.552786404500042,0.552786404500042
0.8541350085021054,0.2706750425105272,1.0,0.8541350085021054,0.41654003400842177,0.7082700170042109
0.862639436051311,0.31319718025655485,1.0,0.862639436051311,0.31319718025655485,0.862639436051311
0.8740118423302576,0.37005921165128786,1.0,0.8740118423302576,0.2440710539815455,1.0
0.8651600275073515,0.32580013753675785,1.0,0.7303200550147031,1.0,0.32580013753675785
0.8541350085021054,0.2706750425105272,1.0,0.7082700170042109,0.8541350085021054,0.41654003400842177
0.8475014296673953,0.23750714833697661,1.0,0.6950028593347907,0.6950028593347907,0.5425042890021861
0.8475014296673953,0.23750714833697661,1.0,0.6950028593347907,0.5425042890021861,0.6950028593347907
0.8541350085021054,0.2706750425105272,1.0,0.7082700170042109,0.41654003400842177,0.8541350085021054
0.8651600275073515,0.32580013753675785,1.0,0.7303200550147031,0.32580013753675785,1.0
0.8599719915971991,0.29985995798599496,1.0,0.579915974791597,1.0,0.439887966388796
0.850928801500014,0.2546440075000701,1.0,0.552786404500042,0.850928801500014,0.552786404500042
0.8475014296673953,0.23750714833697661,1.0,0.5425042890021861,0.6950028593347907,0.6950028593347907
0.850928801500014,0.2546440075000701,1.0,0.552786404500042,0.552786404500042,0.850928801500014
0.8599719915971991,0.29985995798599496,1.0,0.579915974791597,0.439887966388796,1.0
0.8599719915971991,0.2998599579859952,1.0,0.4398879663887961,1.0,0.5799159747915971
0.8541350085021054,0.2706750425105272,1.0,0.41654003400842177,0.8541350085021054,0.7082700170042109
0.8541350085021054,0.2706750425105272,1.0,0.41654003400842177,0.7082700170042109,0.8541350085021054
0.8599719915971991,0.2998599579859952,1.0,0.4398879663887961,0.5799159747915971,1.0
0.8651600275073515,0.32580013753675785,1.0,0.32580013753675785,1.0,0.7303200550147031
0.862639436051311,0.31319718025655485,1.0,0.31319718025655485,0.862639436051311,0.862639436051311
0.8651600275073515,0.32580013753675785,1.0,0.32580013753675785,0.7303200550147031,1.0
0.8740118423302576,0.37005921165128786,1.0,0.2440710539815455,1.0,0.8740118423302576
0.8740118423302576,0.37005921165128786,1.0,0.2440710539815455,0.8740118423302576,1.0
0.8845299461620748,0.42264973081037416,1.0,0.1917096231345239,1.0,1.0
0.8740118423302576,0.37005921165128786,0.8740118423302576,1.0,1.0,0.2440710539815455
0.862639436051311,0.31319718025655496,0.862639436051311,1.0,0.862639436051311,0.31319718025655496
0.8541350085021054,0.2706750425105272,0.8541350085021054,1.0,0.7082700170042109,0.41654003400842177
0.850928801500014,0.2546440075000701,0.850928801500014,1.0,0.552786404500042,0.552786404500042
0.8541350085021054,0.2706750425105272,0.8541350085021054,1.0,0.41654003400842177,0.7082700170042109
0.862639436051311,0.31319718025655485,0.862639436051311,1.0,0.31319718025655485,0.862639436051311
0.8740118423302576,0.37005921165128786,0.8740118423302576,1.0,0.2440710539815455,1.0
0.862639436051311,0.31319718025655496,0.862639436051311,0.862639436051311,1.0,0.31319718025655496
0.850928801500014,0.2546440075000701,0.850928801500014,0.850928801500014,0.850928801500014,0.40371520600005606
0.8438262381113939,0.2191311905569696,0.8438262381113939,0.8438262381113939,0.6876524762227878,0.5314787143341818
0.8438262381113939,0.2191311905569696,0.8438262381113939,0.8438262381113939,0.5314787143341818,0.6876524762227878
0.850928801500014,0.2546440075000701,0.850928801500014,0.850928801500014,0.40371520600005606,0.850928801500014
0.862639436051311,0.31319718025655496,0.862639436051311,0.862639436051311,0.31319718025655496,1.0
0.8541350085021054,0.2706750425105272,0.8541350085021054,0.7082700170042109,1.0,0.41654003400842177
0.8438262381113939,0.2191311905569696,0.8438262381113939,0.6876524762227878,0.8438262381113939,0.5314787143341818
0.8398718461949128,0.19935923097456432,0.8398718461949128,0.6797436923898257,0.6797436923898257,0.6797436923898257
0.8438262381113939,0.21913119055696972,0.8438262381113939,0.6876524762227879,0.5314787143341819,0.8438262381113939
0.8541350085021054,0.2706750425105272,0.8541350085021054,0.7082700170042109,0.41654003400842177,1.0
0.850928801500014,0.2546440075000701,0.850928801500014,0.552786404500042,1.0,0.552786404500042
0.8438262381113939,0.21913119055696972,0.8438262381113939,0.5314787143341819,0.8438262381113939,0.6876524762227879
0.8438262381113939,0.21913119055696972,0.8438262381113939,0.5314787143341819,0.6876524762227879,0.8438262381113939
0.850928801500014,0.2546440075000701,0.850928801500014,0.552786404500042,0.552786404500042,1.0
0.8541350085021054,0.2706750425105272,0.8541350085021054,0.41654003400842177,1.0,0.7082700170042109
0.850928801500014,0.2546440075000701,0.850928801500014,0.40371520600005606,0.850928801500014,0.850928801500014
0.8541350085021054,0.2706750425105272,0.8541350085021054,0.41654003400842177,0.7082700170042109,1.0
0.862639436051311,0.31319718025655485,0.862639436051311,0.31319718025655485,1.0,0.862639436051311
0.862639436051311,0.31319718025655485,0.862639436051311,0.31319718025655485,0.862639436051311,1.0
0.8740118423302576,0.37005921165128786,0.8740118423302576,0.2440710539815455,1.0,1.0
0.8651600275073515,0.32580013753675785,0.7303200550147031,1.0,1.0,0.32580013753675785
0.8541350085021054,0.2706750425105272,0.7082700170042109,1.0,0.8541350085021054,0.41654003400842177
0.8475014296673953,0.23750714833697661,0.6950028593347907,1.0,0.6950028593347907,0.5425042890021861
0.8475014296673953,0.23750714833697661,0.6950028593347907,1.0,0.5425042890021861,0.6950028593347907
0.8541350085021054,0.2706750425105272,0.7082700170042109,1.0,0.41654003400842177,0.8541350085021054
0.8651600275073515,0.32580013753675785,0.7303200550147031,1.0,0.32580013753675785,1.0
0.8541350085021054,0.2706750425105272,0.7082700170042109,0.8541350085021054,1.0,0.41654003400842177
0.8438262381113939,0.2191311905569696,0.6876524762227878,0.8438262381113939,0.8438262381113939,0.5314787143341818
0.8398718461949128,0.19935923097456432,0.6797436923898257,0.8398718461949128,0.6797436923898257,0.6797436923898257
0.8438262381113939,0.21913119055696972,0.6876524762227879,0.8438262381113939,0.5314787143341819,0.8438262381113939
0.8541350085021054,0.2706750425105272,0.7082700170042109,0.8541350085021054,0.41654003400842177,1.0
0.8475014296673953,0.23750714833697661,0.6950028593347907,0.6950028593347907,1.0,0.5425042890021861
0.8398718461949128,0.19935923097456432,0.6797436923898257,0.6797436923898257,0.8398718461949128,0.6797436923898257
0.8398718461949128,0.19935923097456432,0.6797436923898257,0.6797436923898257,0.6797436923898257,0.8398718461949128
0.8475014296673953,0.23750714833697661,0.6950028593347907,0.6950028593347907,0.5425042890021861,1.0
0.8475014296673953,0.23750714833697661,0.6950028593347907,0.5425042890021861,1.0,0.6950028593347907
0.8438262381113939,0.2191311905569696,0.6876524762227878,0.5314787143341818,0.8438262381113939,0.8438262381113939
0.8475014296673953,0.23750714833697661,0.6950028593347907,0.5425042890021861,0.6950028593347907,1.0
0.8541350085021054,0.2706750425105272,0.7082700170042109,0.41654003400842177,1.0,0.8541350085021054
0.8541350085021054,0.2706750425105272,0.7082700170042109,0.41654003400842177,0.8541350085021054,1.0
0.8651600275073515,0.32580013753675785,0.7303200550147031,0.32580013753675785,1.0,1.0
0.8599719915971991,0.29985995798599496,0.579915974791597,1.0,1.0,0.439887966388796
0.850928801500014,0.2546440075000701,0.552786404500042,1.0,0.850928801500014,0.552786404500042
0.8475014296673953,0.23750714833697661,0.5425042890021861,1.0,0.6950028593347907,0.6950028593347907
0.850928801500014,0.2546440075000701,0.552786404500042,1.0,0.552786404500042,0.850928801500014
0.8599719915971991,0.29985995798599496,0.579915974791597,1.0,0.439887966388796,1.0
0.850928801500014,0.2546440075000701,0.552786404500042,0.850928801500014,1.0,0.552786404500042
0.8438262381113939,0.2191311905569696,0.5314787143341818,0.8438262381113939,0.8438262381113939,0.6876524762227878
0.8438262381113939,0.2191311905569696,0.5314787143341818,0.8438262381113939,0.6876524762227878,0.8438262381113939
0.850928801500014,0.2546440075000701,0.552786404500042,0.850928801500014,0.552786404500042,1.0
0.8475014296673953,0.23750714833697661,0.5425042890021861,0.6950028593347907,1.0,0.6950028593347907
0.8438262381113939,0.2191311905569696,0.5314787143341818,0.6876524762227878,0.8438262381113939,0.8438262381113939
0.8475014296673953,0.23750714833697661,0.5425042890021861,0.6950028593347907,0.6950028593347907,1.0
0.850928801500014,0.2546440075000701,0.552786404500042,0.552786404500042,1.0,0.850928801500014
0.850928801500014,0.2546440075000701,0.552786404500042,0.552786404500042,0.850928801500014,1.0
0.8599719915971991,0.29985995798599496,0.579915974791597,0.439887966388796,1.0,1.0
0.8599719915971991,0.2998599579859952,0.4398879663887961,1.0,1.0,0.5799159747915971
0.8541350085021054,0.2706750425105272,0.41654003400842177,1.0,0.8541350085021054,0.7082700170042109
0.8541350085021054,0.2706750425105272,0.41654003400842177,1.0,0.7082700170042109,0.8541350085021054
0.8599719915971991,0.2998599579859952,0.4398879663887961,1.0,0.5799159747915971,1.0
0.8541350085021054,0.2706750425105272,0.41654003400842177,0.8541350085021054,1.0,0.7082700170042109
0.850928801500014,0.2546440075000701,0.40371520600005606,0.850928801500014,0.850928801500014,0.850928801500014
0.8541350085021054,0.2706750425105272,0.41654003400842177,0.8541350085021054,0.7082700170042109,1.0
0.8541350085021054,0.2706750425105272,0.41654003400842177,0.7082700170042109,1.0,0.8541350085021054
0.8541350085021054,0.2706750425105272,0.41654003400842177,0.7082700170042109,0.8541350085021054,1.0
0.8599719915971991,0.2998599579859952,0.4398879663887961,0.5799159747915971,1.0,1.0
0.8651600275073515,0.32580013753675785,0.32580013753675785,1.0,1.0,0.7303200550147031
0.862639436051311,0.31319718025655485,0.31319718025655485,1.0,0.862639436051311,0.862639436051311
0.8651600275073515,0.32580013753675785,0.32580013753675785,1.0,0.7303200550147031,1.0
0.862639436051311,0.31319718025655485,0.31319718025655485,0.862639436051311,1.0,0.862639436051311
0.862639436051311,0.31319718025655485,0.31319718025655485,0.862639436051311,0.862639436051311,1.0
0.8651600275073515,0.32580013753675785,0.32580013753675785,0.7303200550147031,1.0,1.0
0.8740118423302576,0.37005921165128786,0.2440710539815455,1.0,1.0,0.8740118423302576
0.8740118423302576,0.37005921165128786,0.2440710539815455,1.0,0.8740118423302576,1.0
0.8740118423302576,0.37005921165128786,0.2440710539815455,0.8740118423302576,1.0,1.0
0.8845299461620748,0.42264973081037416,0.1917096231345239,1.0,1.0,1.0
0.8829588528038694,0.2977531168232166,1.0,1.0,1.0,0.2977531168232166
0.8740118423302576,0.2440710539815455,1.0,1.0,0.8740118423302576,0.37005921165128786
0.8675467642934956,0.20528058576097374,1.0,1.0,0.7350935285869913,0.47018705717398246
0.8651600275073515,0.1909601650441095,1.0,1.0,0.5954800825220548,0.5954800825220548
0.8675467642934956,0.20528058576097374,1.0,1.0,0.47018705717398246,0.7350935285869913
0.8740118423302576,0.2440710539815455,1.0,1.0,0.37005921165128786,0.8740118423302576
0.8829588528038694,0.2977531168232166,1.0,1.0,0.2977531168232166,1.0
0.8740118423302576,0.2440710539815455,1.0,0.8740118423302576,1.0,0.37005921165128786
0.8651600275073515,0.1909601650441095,1.0,0.8651600275073515,0.8651600275073515,0.4606401100294063
0.8599719915971991,0.15983194958319413,1.0,0.8599719915971991,0.7199439831943981,0.5799159747915971
0.8599719915971991,0.15983194958319413,1.0,0.8599719915971991,0.5799159747915971,0.7199439831943981
0.8651600275073515,0.1909601650441095,1.0,0.8651600275073515,0.4606401100294063,0.8651600275073515
0.8740118423302576,0.2440710539815455,1.0,0.8740118423302576,0.37005921165128786,1.0
0.8675467642934956,0.20528058576097374,1.0,0.7350935285869913,1.0,0.47018705717398246
0.8599719915971991,0.15983194958319413,1.0,0.7199439831943981,0.8599719915971991,0.5799159747915971
0.8571428571428572,0.1428571428571429,1.0,0.7142857142857143,0.7142857142857143,0.7142857142857143
0.8599719915971991,0.15983194958319413,1.0,0.7199439831943981,0.5799159747915971,0.8599719915971991
0.8675467642934956,0.20528058576097374,1.0,0.7350935285869913,0.47018705717398246,1.0
0.8651600275073515,0.1909601650441095,1.0,0.5954800825220548,1.0,0.5954800825220548
0.8599719915971991,0.15983194958319413,1.0,0.5799159747915971,0.8599719915971991,0.7199439831943981
0.8599719915971991,0.15983194958319413,1.0,0.5799159747915971,0.7199439831943981,0.8599719915971991
0.8651600275073515,0.1909601650441095,1.0,0.5954800825220548,0.5954800825220548,1.0
0.8675467642934956,0.20528058576097374,1.0,0.47018705717398246,1.0,0.7350935285869913
0.8651600275073515,0.1909601650441095,1.0,0.4606401100294063,0.8651600275073515,0.8651600275073515
0.8675467642934956,0.20528058576097374,1.0,0.47018705717398246,0.7350935285869913,1.0
0.8740118423302576,0.2440710539815455,1.0,0.37005921165128786,1.0,0.8740118423302576
0.8740118423302576,0.2440710539815455,1.0,0.37005921165128786,0.8740118423302576,1.0
0.8829588528038694,0.2977531168232166,1.0,0.2977531168232166,1.0,1.0
0.8740118423302576,0.2440710539815455,0.8740118423302576,1.0,1.0,0.37005921165128786
0.8651600275073515,0.1909601650441095,0.8651600275073515,1.0,0.8651600275073515,0.4606401100294063
0.8599719915971991,0.15983194958319413,0.8599719915971991,1.0,0.7199439831943981,0.5799159747915971
0.8599719915971991,0.15983194958319413,0.8599719915971991,1.0,0.5799159747915971,0.7199439831943981
0.8651600275073515,0.1909601650441095,0.8651600275073515,1.0,0.4606401100294063,0.8651600275073515
0.8740118423302576,0.2440710539815455,0.8740118423302576,1.0,0.37005921165128786,1.0
0.8651600275073515,0.1909601650441095,0.8651600275073515,0.8651600275073515,1.0,0.4606401100294063
0.8571428571428572,0.1428571428571429,0.8571428571428572,0.8571428571428572,0.8571428571428572,0.5714285714285714
0.8541350085021054,0.12481005101263265,0.8541350085021054,0.8541350085021054,0.7082700170042109,0.7082700170042109
0.8571428571428572,0.1428571428571429,0.8571428571428572,0.8571428571428572,0.5714285714285714,0.8571428571428572
0.8651600275073515,0.1909601650441095,0.8651600275073515,0.8651600275073515,0.4606401100294063,1.0
0.8599719915971991,0.15983194958319413,0.8599719915971991,0.7199439831943981,1.0,0.5799159747915971
0.8541350085021054,0.12481005101263265,0.8541350085021054,0.7082700170042109,0.8541350085021054,0.7082700170042109
0.8541350085021054,0.12481005101263265,0.8541350085021054,0.7082700170042109,0.7082700170042109,0.8541350085021054
0.8599719915971991,0.15983194958319413,0.8599719915971991,0.7199439831943981,0.5799159747915971,1.0
0.8599719915971991,0.15983194958319413,0.8599719915971991,0.5799159747915971,1.0,0.7199439831943981
0.8571428571428571,0.1428571428571428,0.8571428571428571,0.5714285714285714,0.8571428571428571,0.8571428571428571
0.8599719915971991,0.15983194958319413,0.8599719915971991,0.5799159747915971,0.7199439831943981,1.0
0.8651600275073515,0.1909601650441095,0.8651600275073515,0.4606401100294063,1.0,0.8651600275073515
0.8651600275073515,0.1909601650441095,0.8651600275073515,0.4606401100294063,0.8651600275073515,1.0
0.8740118423302576,0.2440710539815455,0.8740118423302576,0.37005921165128786,1.0,1.0
0.8675467642934956,0.20528058576097374,0.7350935285869913,1.0,1.0,0.47018705717398246
0.8599719915971991,0.15983194958319413,0.7199439831943981,1.0,0.8599719915971991,0.5799159747915971
0.8571428571428572,0.1428571428571429,0.7142857142857143,1.0,0.7142857142857143,0.7142857142857143
0.8599719915971991,0.15983194958319413,0.7199439831943981,1.0,0.5799159747915971,0.8599719915971991
0.8675467642934956,0.20528058576097374,0.7350935285869913,1.0,0.47018705717398246,1.0
0.8599719915971991,0.15983194958319413,0.7199439831943981,0.8599719915971991,1.0,0.5799159747915971
0.8541350085021054,0.12481005101263265,0.7082700170042109,0.8541350085021054,0.8541350085021054,0.7082700170042109
0.8541350085021054,0.12481005101263265,0.7082700170042109,0.8541350085021054,0.7082700170042109,0.8541350085021054
0.8599719915971991,0.15983194958319413,0.7199439831943981,0.8599719915971991,0.5799159747915971,1.0
0.8571428571428572,0.1428571428571429,0.7142857142857143,0.7142857142857143,1.0,0.7142857142857143
0.8541350085021054,0.12481005101263265,0.7082700170042109,0.7082700170042109,0.8541350085021054,0.8541350085021054
0.8571428571428572,0.1428571428571429,0.7142857142857143,0.7142857142857143,0.7142857142857143,1.0
0.8599719915971991,0.15983194958319413,0.7199439831943981,0.5799159747915971,1.0,0.8599719915971991
0.8599719915971991,0.15983194958319413,0.7199439831943981,0.5799159747915971,0.8599719915971991,1.0
0.8675467642934956,0.20528058576097374,0.7350935285869913,0.47018705717398246,1.0,1.0
0.8651600275073515,0.1909601650441095,0.5954800825220548,1.0,1.0,0.5954800825220548
0.8599719915971991,0.15983194958319413,0.5799159747915971,1.0,0.8599719915971991,0.7199439831943981
0.8599719915971991,0.15983194958319413,0.5799159747915971,1.0,0.7199439831943981,0.8599719915971991
0.8651600275073515,0.1909601650441095,0.5954800825220548,1.0,0.5954800825220548,1.0
0.8599719915971991,0.15983194958319413,0.5799159747915971,0.8599719915971991,1.0,0.7199439831943981
0.8571428571428571,0.1428571428571428,0.5714285714285714,0.8571428571428571,0.8571428571428571,0.8571428571428571
0.8599719915971991,0.15983194958319413,0.5799159747915971,0.8599719915971991,0.7199439831943981,1.0
0.8599719915971991,0.15983194958319413,0.5799159747915971,0.7199439831943981,1.0,0.8599719915971991
0.8599719915971991,0.15983194958319413,0.5799159747915971,0.7199439831943981,0.8599719915971991,1.0
0.8651600275073515,0.1909601650441095,0.5954800825220548,0.5954800825220548,1.0,1.0
0.8675467642934956,0.20528058576097374,0.47018705717398246,1.0,1.0,0.7350935285869913
0.8651600275073515,0.1909601650441095,0.4606401100294063,1.0,0.8651600275073515,0.8651600275073515
0.8675467642934956,0.20528058576097374,0.47018705717398246,1.0,0.7350935285869913,1.0
0.8651600275073515,0.1909601650441095,0.4606401100294063,0.8651600275073515,1.0,0.8651600275073515
0.8651600275073515,0.1909601650441095,0.4606401100294063,0.8651600275073515,0.8651600275073515,1.0
0.8675467642934956,0.20528058576097374,0.47018705717398246,0.7350935285869913,1.0,1.0
0.8740118423302576,0.2440710539815455,0.37005921165128786,1.0,1.0,0.8740118423302576
0.8740118423302576,0.2440710539815455,0.37005921165128786,1.0,0.8740118423302576,1.0
0.8740118423302576,0.2440710539815455,0.37005921165128786,0.8740118423302576,1.0,1.0
0.8829588528038694,0.2977531168232166,0.2977531168232166,1.0,1.0,1.0
0.8845299461620748,0.1917096231345239,1.0,1.0,1.0,0.42264973081037416
0.8778305556436947,0.14481388950586338,1.0,1.0,0.8778305556436947,0.5113222225747791
0.8740118423302576,0.11808289631180313,1.0,1.0,0.7480236846605152,0.6220355269907727
0.8740118423302576,0.11808289631180313,1.0,1.0,0.6220355269907727,0.7480236846605152
0.8778305556436947,0.14481388950586338,1.0,1.0,0.5113222225747791,0.8778305556436947
0.8845299461620748,0.1917096231345239,1.0,1.0,0.42264973081037416,1.0
0.8778305556436947,0.14481388950586338,1.0,0.8778305556436947,1.0,0.5113222225747791
0.871963120067104,0.10374184046972812,1.0,0.871963120067104,0.871963120067104,0.615889360201312
0.8698110890191761,0.08867762313423289,1.0,0.8698110890191761,0.7396221780383523,0.7396221780383523
0.871963120067104,0.10374184046972812,1.0,0.871963120067104,0.615889360201312,0.871963120067104
0.8778305556436947,0.14481388950586338,1.0,0.8778305556436947,0.5113222225747791,1.0
0.8740118423302576,0.11808289631180313,1.0,0.7480236846605152,1.0,0.6220355269907727
0.8698110890191761,0.08867762313423289,1.0,0.7396221780383523,0.8698110890191761,0.7396221780383523
0.8698110890191761,0.08867762313423289,1.0,0.7396221780383523,0.7396221780383523,0.8698110890191761
0.8740118423302576,0.11808289631180313,1.0,0.7480236846605152,0.6220355269907727,1.0
0.8740118423302576,0.11808289631180313,1.0,0.6220355269907727,1.0,0.7480236846605152
0.871963120067104,0.10374184046972812,1.0,0.615889360201312,0.871963120067104,0.871963120067104
0.8740118423302576,0.11808289631180313,1.0,0.6220355269907727,0.7480236846605152,1.0
0.8778305556436947,0.14481388950586338,1.0,0.5113222225747791,1.0,0.8778305556436947
0.8778305556436947,0.14481388950586338,1.0,0.5113222225747791,0.8778305556436947,1.0
0.8845299461620748,0.1917096231345239,1.0,0.42264973081037416,1.0,1.0
0.8778305556436947,0.14481388950586338,0.8778305556436947,1.0,1.0,0.5113222225747791
0.871963120067104,0.10374184046972812,0.871963120067104,1.0,0.871963120067104,0.615889360201312
0.8698110890191761,0.08867762313423289,0.8698110890191761,1.0,0.7396221780383523,0.7396221780383523
0.871963120067104,0.10374184046972812,0.871963120067104,1.0,0.615889360201312,0.871963120067104
0.8778305556436947,0.14481388950586338,0.8778305556436947,1.0,0.5113222225747791,1.0
0.871963120067104,0.10374184046972812,0.871963120067104,0.871963120067104,1.0,0.615889360201312
0.8675467642934955,0.07282735005446928,0.8675467642934955,0.8675467642934955,0.8675467642934955,0.7350935285869912
0.8675467642934955,0.07282735005446928,0.8675467642934955,0.8675467642934955,0.7350935285869912,0.8675467642934955
0.871963120067104,0.10374184046972812,0.871963120067104,0.871963120067104,0.615889360201312,1.0
0.8698110890191761,0.08867762313423289,0.8698110890191761,0.7396221780383523,1.0,0.7396221780383523
0.8675467642934955,0.07282735005446928,0.8675467642934955,0.7350935285869912,0.8675467642934955,0.8675467642934955
0.8698110890191761,0.08867762313423289,0.8698110890191761,0.7396221780383523,0.7396221780383523,1.0
0.871963120067104,0.10374184046972812,0.871963120067104,0.615889360201312,1.0,0.871963120067104
0.871963120067104,0.10374184046972812,0.871963120067104,0.615889360201312,0.871963120067104,1.0
0.8778305556436947,0.14481388950586338,0.8778305556436947,0.5113222225747791,1.0,1.0
0.8740118423302576,0.11808289631180313,0.7480236846605152,1.0,1.0,0.6220355269907727
0.8698110890191761,0.08867762313423289,0.7396221780383523,1.0,0.8698110890191761,0.7396221780383523
0.8698110890191761,0.08867762313423289,0.7396221780383523,1.0,0.7396221780383523,0.8698110890191761
0.8740118423302576,0.11808289631180313,0.7480236846605152,1.0,0.6220355269907727,1.0
0.8698110890191761,0.08867762313423289,0.7396221780383523,0.8698110890191761,1.0,0.7396221780383523
0.8675467642934955,0.07282735005446928,0.7350935285869912,0.8675467642934955,0.8675467642934955,0.8675467642934955
0.8698110890191761,0.08867762313423289,0.7396221780383523,0.8698110890191761,0.7396221780383523,1.0
0.8698110890191761,0.08867762313423289,0.7396221780383523,0.7396221780383523,1.0,0.8698110890191761
0.8698110890191761,0.08867762313423289,0.7396221780383523,0.7396221780383523,0.8698110890191761,1.0
0.8740118423302576,0.11808289631180313,0.7480236846605152,0.6220355269907727,1.0,1.0
0.8740118423302576,0.11808289631180313,0.6220355269907727,1.0,1.0,0.7480236846605152
0.871963120067104,0.10374184046972812,0.615889360201312,1.0,0.871963120067104,0.871963120067104
0.8740118423302576,0.11808289631180313,0.6220355269907727,1.0,0.7480236846605152,1.0
0.871963120067104,0.10374184046972812,0.615889360201312,0.871963120067104,1.0,0.871963120067104
0.871963120067104,0.10374184046972812,0.615889360201312,0.871963120067104,0.871963120067104,1.0
0.8740118423302576,0.11808289631180313,0.6220355269907727,0.7480236846605152,1.0,1.0
0.8778305556436947,0.14481388950586338,0.5113222225747791,1.0,1.0,0.8778305556436947
0.8778305556436947,0.14481388950586338,0.5113222225747791,1.0,0.8778305556436947,1.0
0.8778305556436947,0.14481388950586338,0.5113222225747791,0.8778305556436947,1.0,1.0
0.8845299461620748,0.1917096231345239,0.42264973081037416,1.0,1.0,1.0
0.8888888888888888,0.11111111111111105,1.0,1.0,1.0,0.5555555555555556
0.8845299461620748,0.0762395692965987,1.0,1.0,0.8845299461620748,0.6535898384862244
0.8829588528038694,0.06367082243095556,1.0,1.0,0.7659177056077389,0.7659177056077389
0.8845299461620748,0.0762395692965987,1.0,1.0,0.6535898384862244,0.8845299461620748
0.8888888888888888,0.11111111111111105,1.0,1.0,0.5555555555555556,1.0
0.8845299461620748,0.0762395692965987,1.0,0.8845299461620748,1.0,0.6535898384862244
0.8813218341806146,0.05057467344491717,1.0,0.8813218341806146,0.8813218341806146,0.7626436683612293
0.8813218341806146,0.05057467344491717,1.0,0.8813218341806146,0.7626436683612293,0.8813218341806146
0.8845299461620748,0.0762395692965987,1.0,0.8845299461620748,0.6535898384862244,1.0
0.8829588528038694,0.06367082243095556,1.0,0.7659177056077389,1.0,0.7659177056077389
0.8813218341806146,0.05057467344491717,1.0,0.7626436683612293,0.8813218341806146,0.8813218341806146
0.8829588528038694,0.06367082243095556,1.0,0.7659177056077389,0.7659177056077389,1.0
0.8845299461620748,0.0762395692965987,1.0,0.6535898384862244,1.0,0.8845299461620748
0.8845299461620748,0.0762395692965987,1.0,0.6535898384862244,0.8845299461620748,1.0
0.8888888888888888,0.11111111111111105,1.0,0.5555555555555556,1.0,1.0
0.8845299461620748,0.0762395692965987,0.8845299461620748,1.0,1.0,0.6535898384862244
0.8813218341806146,0.05057467344491717,0.8813218341806146,1.0,0.8813218341806146,0.7626436683612293
0.8813218341806146,0.05057467344491717,0.8813218341806146,1.0,0.7626436683612293,0.8813218341806146
0.8845299461620748,0.0762395692965987,0.8845299461620748,1.0,0.6535898384862244,1.0
0.8813218341806146,0.05057467344491717,0.8813218341806146,0.8813218341806146,1.0,0.7626436683612293
0.8796141469142308,0.03691317531384619,0.8796141469142308,0.8796141469142308,0.8796141469142308,0.8796141469142308
0.8813218341806146,0.05057467344491717,0.8813218341806146,0.8813218341806146,0.7626436683612293,1.0
0.8813218341806146,0.05057467344491717,0.8813218341806146,0.7626436683612293,1.0,0.8813218341806146
0.8813218341806146,0.05057467344491717,0.8813218341806146,0.7626436683612293,0.8813218341806146,1.0
0.8845299461620748,0.0762395692965987,0.8845299461620748,0.6535898384862244,1.0,1.0
0.8829588528038694,0.06367082243095556,0.7659177056077389,1.0,1.0,0.7659177056077389
0.8813218341806146,0.05057467344491717,0.7626436683612293,1.0,0.8813218341806146,0.8813218341806146
0.8829588528038694,0.06367082243095556,0.7659177056077389,1.0,0.7659177056077389,1.0
0.8813218341806146,0.05057467344491717,0.7626436683612293,0.8813218341806146,1.0,0.8813218341806146
0.8813218341806146,0.05057467344491717,0.7626436683612293,0.8813218341806146,0.8813218341806146,1.0
0.8829588528038694,0.06367082243095556,0.7659177056077389,0.7659177056077389,1.0,1.0
0.8845299461620748,0.0762395692965987,0.6535898384862244,1.0,1.0,0.8845299461620748
0.8845299461620748,0.0762395692965987,0.6535898384862244,1.0,0.8845299461620748,1.0
0.8845299461620748,0.0762395692965987,0.6535898384862244,0.8845299461620748,1.0,1.0
0.8888888888888888,0.11111111111111105,0.5555555555555556,1.0,1.0,1.0
0.8951715163278081,0.056543646950273474,1.0,1.0,1.0,0.6855145489834245
0.8927887465162205,0.03509871864598457,1.0,1.0,0.8927887465162205,0.7855774930324411
0.8927887465162205,0.03509871864598457,1.0,1.0,0.7855774930324411,0.8927887465162205
0.8951715163278081,0.056543646950273474,1.0,1.0,0.6855145489834245,1.0
0.8927887465162205,0.03509871864598457,1.0,0.8927887465162205,1.0,0.7855774930324411
0.8915347710906719,0.023812939816047263,1.0,0.8915347710906719,0.8915347710906719,0.8915347710906719
0.8927887465162205,0.03509871864598457,1.0,0.8927887465162205,0.7855774930324411,1.0
0.8927887465162205,0.03509871864598457,1.0,0.7855774930324411,1.0,0.8927887465162205
0.8927887465162205,0.03509871864598457,1.0,0.7855774930324411,0.8927887465162205,1.0
0.8951715163278081,0.056543646950273474,1.0,0.6855145489834245,1.0,1.0
0.8927887465162205,0.03509871864598457,0.8927887465162205,1.0,1.0,0.7855774930324411
0.8915347710906719,0.023812939816047263,0.8915347710906719,1.0,0.8915347710906719,0.8915347710906719
0.8927887465162205,0.03509871864598457,0.8927887465162205,1.0,0.7855774930324411,1.0
0.8915347710906719,0.023812939816047263,0.8915347710906719,0.8915347710906719,1.0,0.8915347710906719
0.8915347710906719,0.023812939816047263,0.8915347710906719,0.8915347710906719,0.8915347710906719,1.0
0.8927887465162205,0.03509871864598457,0.8927887465162205,0.7855774930324411,1.0,1.0
0.8927887465162205,0.03509871864598457,0.7855774930324411,1.0,1.0,0.8927887465162205
0.8927887465162205,0.03509871864598457,0.7855774930324411,1.0,0.8927887465162205,1.0
0.8927887465162205,0.03509871864598457,0.7855774930324411,0.8927887465162205,1.0,1.0
0.8951715163278081,0.056543646950273474,0.6855145489834245,1.0,1.0,1.0
0.9024099927051467,0.024099927051466796,1.0,1.0,1.0,0.8048199854102933
0.9014670721835707,0.014670721835706835,1.0,1.0,0.9014670721835707,0.9014670721835707
0.9024099927051467,0.024099927051466796,1.0,1.0,0.8048199854102933,1.0
0.9014670721835707,0.014670721835706835,1.0,0.9014670721835707,1.0,0.9014670721835707
0.9014670721835707,0.014670721835706835,1.0,0.9014670721835707,0.9014670721835707,1.0
0.9024099927051467,0.024099927051466796,1.0,0.8048199854102933,1.0,1.0
0.9014670721835707,0.014670721835706835,0.9014670721835707,1.0,1.0,0.9014670721835707
0.9014670721835707,0.014670721835706835,0.9014670721835707,1.0,0.9014670721835707,1.0
0.9014670721835707,0.014670721835706835,0.9014670721835707,0.9014670721835707,1.0,1.0
0.9024099927051467,0.024099927051466796,0.8048199854102933,1.0,1.0,1.0
0.9098330365332568,0.008163401865824538,1.0,1.0,1.0,0.9098330365332568
0.9098330365332568,0.008163401865824538,1.0,1.0,0.9098330365332568,1.0
0.9098330365332568,0.008163401865824538,1.0,0.9098330365332568,1.0,1.0
0.9098330365332568,0.008163401865824538,0.9098330365332568,1.0,1.0,1.0
0.91695452014626,0.003454241755120435,1.0,1.0,1.0,1.0
0.8211145618000169,1.0,1.0,1.0,1.0,0.01613008990009246
0.8048199854102933,1.0,1.0,1.0,0.9024099927051467,0.024099927051466796
0.7880004239987279,1.0,1.0,1.0,0.7880004239987279,0.04600190799427606
0.772078847080724,1.0,1.0,1.0,0.6581182706210862,0.08831538832289643
0.7592282938284616,1.0,1.0,1.0,0.5184565876569232,0.15729902839961563
0.7519305308215831,1.0,1.0,1.0,0.3798263270539577,0.25579159246474925
0.7519305308215831,1.0,1.0,1.0,0.25579159246474925,0.3798263270539577
0.7592282938284616,1.0,1.0,1.0,0.15729902839961563,0.5184565876569232
0.772078847080724,1.0,1.0,1.0,0.08831538832289643,0.6581182706210862
0.7880004239987279,1.0,1.0,1.0,0.04600190799427606,0.7880004239987279
0.8048199854102933,1.0,1.0,1.0,0.024099927051466796,0.9024099927051467
0.8211145618000169,1.0,1.0,1.0,0.01613008990009246,1.0
0.8048199854102933,1.0,1.0,0.9024099927051467,1.0,0.024099927051466796
0.7855774930324411,1.0,1.0,0.8927887465162205,0.8927887465162205,0.03509871864598457
0.7659177056077389,1.0,1.0,0.8829588528038694,0.7659177056077389,0.06367082243095556
0.7480236846605152,1.0,1.0,0.8740118423302576,0.6220355269907727,0.11808289631180313
0.7350935285869913,1.0,1.0,0.8675467642934956,0.47018705717398246,0.20528058576097374
0.7303200550147031,1.0,1.0,0.8651600275073515,0.32580013753675785,0.32580013753675785
0.7350935285869913,1.0,1.0,0.8675467642934956,0.20528058576097374,0.47018705717398246
0.7480236846605152,1.0,1.0,0.8740118423302576,0.11808289631180313,0.6220355269907727
0.7659177056077389,1.0,1.0,0.8829588528038694,0.06367082243095556,0.7659177056077389
0.7855774930324411,1.0,1.0,0.8927887465162205,0.03509871864598457,0.8927887465162205
0.8048199854102933,1.0,1.0,0.9024099927051467,0.024099927051466796,1.0
0.7880004239987279,1.0,1.0,0.7880004239987279,1.0,0.04600190799427606
0.7659177056077389,1.0,1.0,0.7659177056077389,0.8829588528038694,0.06367082243095556
0.7439262401342079,1.0,1.0,0.7439262401342079,0.7439262401342079,0.10374184046972812
0.725278872102622,1.0,1.0,0.725278872102622,0.587918308153933,0.17583661630786596
0.7142857142857143,1.0,1.0,0.7142857142857143,0.4285714285714286,0.2857142857142858
0.7142857142857143,1.0,1.0,0.7142857142857143,0.2857142857142858,0.4285714285714286
0.725278872102622,1.0,1.0,0.725278872102622,0.17583661630786596,0.587918308153933
0.743926240134208,1.0,1.0,0.743926240134208,0.10374184046972834,0.743926240134208
0.7659177056077389,1.0,1.0,0.7659177056077389,0.06367082243095556,0.8829588528038694
0.7880004239987279,1.0,1.0,0.7880004239987279,0.04600190799427606,1.0
0.772078847080724,1.0,1.0,0.6581182706210862,1.0,0.08831538832289643
0.7480236846605152,1.0,1.0,0.6220355269907727,0.8740118423302576,0.11808289631180313
0.725278872102622,1.0,1.0,0.587918308153933,0.725278872102622,0.17583661630786596
0.7082700170042109,1.0,1.0,0.5624050255063163,0.5624050255063163,0.2706750425105272
0.7018576030000281,1.0,1.0,0.552786404500042,0.40371520600005606,0.40371520600005606
0.7082700170042109,1.0,1.0,0.5624050255063163,0.2706750425105272,0.5624050255063163
0.725278872102622,1.0,1.0,0.587918308153933,0.17583661630786596,0.725278872102622
0.7480236846605152,1.0,1.0,0.6220355269907727,0.11808289631180313,0.8740118423302576
0.772078847080724,1.0,1.0,0.6581182706210862,0.08831538832289643,1.0
0.7592282938284616,1.0,1.0,0.5184565876569232,1.0,0.15729902839961563
0.7350935285869913,1.0,1.0,0.47018705717398246,0.8675467642934956,0.20528058576097374
0.7142857142857143,1.0,1.0,0.4285714285714286,0.7142857142857143,0.2857142857142858
0.7018576030000281,1.0,1.0,0.40371520600005606,0.552786404500042,0.40371520600005606
0.7018576030000281,1.0,1.0,0.40371520600005606,0.40371520600005606,0.552786404500042
0.7142857142857143,1.0,1.0,0.4285714285714286,0.2857142857142858,0.7142857142857143
0.7350935285869913,1.0,1.0,0.47018705717398246,0.20528058576097374,0.8675467642934956
0.7592282938284616,1.0,1.0,0.5184565876569232,0.15729902839961563,1.0
0.7519305308215831,1.0,1.0,0.3798263270539577,1.0,0.25579159246474925
0.7303200550147031,1.0,1.0,0.32580013753675785,0.8651600275073515,0.32580013753675785
0.7142857142857143,1.0,1.0,0.2857142857142858,0.7142857142857143,0.4285714285714286
0.7082700170042109,1.0,1.0,0.2706750425105272,0.5624050255063163,0.5624050255063163
0.7142857142857143,1.0,1.0,0.2857142857142858,0.4285714285714286,0.7142857142857143
0.7303200550147031,1.0,1.0,0.32580013753675785,0.32580013753675785,0.8651600275073515
0.7519305308215831,1.0,1.0,0.3798263270539577,0.25579159246474925,1.0
0.7519305308215831,1.0,1.0,0.25579159246474925,1.0,0.3798263270539577
0.7350935285869913,1.0,1.0,0.20528058576097374,0.8675467642934956,0.47018705717398246
0.725278872102622,1.0,1.0,0.17583661630786596,0.725278872102622,0.587918308153933
0.725278872102622,1.0,1.0,0.17583661630786596,0.587918308153933,0.725278872102622
0.7350935285869913,1.0,1.0,0.20528058576097374,0.47018705717398246,0.8675467642934956
0.7519305308215831,1.0,1.0,0.25579159246474925,0.3798263270539577,1.0
0.7592282938284616,1.0,1.0,0.15729902839961563,1.0,0.5184565876569232
0.7480236846605152,1.0,1.0,0.11808289631180313,0.8740118423302576,0.6220355269907727
0.743926240134208,1.0,1.0,0.10374184046972834,0.743926240134208,0.743926240134208
0.7480236846605152,1.0,1.0,0.11808289631180313,0.6220355269907727,0.8740118423302576
0.7592282938284616,1.0,1.0,0.15729902839961563,0.5184565876569232,1.0
0.772078847080724,1.0,1.0,0.08831538832289643,1.0,0.6581182706210862
0.7659177056077389,1.0,1.0,0.06367082243095556,0.8829588528038694,0.7659177056077389
0.7659177056077389,1.0,1.0,0.06367082243095556,0.7659177056077389,0.8829588528038694
0.772078847080724,1.0,1.0,0.08831538832289643,0.6581182706210862,1.0
0.7880004239987279,1.0,1.0,0.04600190799427606,1.0,0.7880004239987279
0.7855774930324411,1.0,1.0,0.03509871864598457,0.8927887465162205,0.8927887465162205
0.7880004239987279,1.0,1.0,0.04600190799427606,0.7880004239987279,1.0
0.8048199854102933,1.0,1.0,0.024099927051466796,1.0,0.9024099927051467
0.8048199854102933,1.0,1.0,0.024099927051466796,0.9024099927051467,1.0
0.8211145618000169,1.0,1.0,0.01613008990009246,1.0,1.0
0.8048199854102933,1.0,0.9024099927051467,1.0,1.0,0.024099927051466796
0.7855774930324411,1.0,0.8927887465162205,1.0,0.8927887465162205,0.03509871864598457
0.7659177056077389,1.0,0.8829588528038694,1.0,0.7659177056077389,0.06367082243095556
0.7480236846605152,1.0,0.8740118423302576,1.0,0.6220355269907727,0.11808289631180313
0.7350935285869913,1.0,0.8675467642934956,1.0,0.47018705717398246,0.20528058576097374
0.7303200550147031,1.0,0.8651600275073515,1.0,0.32580013753675785,0.32580013753675785
0.7350935285869913,1.0,0.8675467642934956,1.0,0.20528058576097374,0.47018705717398246
0.7480236846605152,1.0,0.8740118423302576,1.0,0.11808289631180313,0.6220355269907727
0.7659177056077389,1.0,0.8829588528038694,1.0,0.06367082243095556,0.7659177056077389
0.7855774930324411,1.0,0.8927887465162205,1.0,0.03509871864598457,0.8927887465162205
0.8048199854102933,1.0,0.9024099927051467,1.0,0.024099927051466796,1.0
0.7855774930324411,1.0,0.8927887465162205,0.8927887465162205,1.0,0.03509871864598457
0.7626436683612293,1.0,0.8813218341806147,0.8813218341806147,0.8813218341806147,0.050574673444917395
0.7396221780383523,1.0,0.8698110890191761,0.8698110890191761,0.7396221780383523,0.08867762313423289
0.7199439831943981,1.0,0.8599719915971991,0.8599719915971991,0.5799159747915971,0.15983194958319413
0.7082700170042109,1.0,0.8541350085021054,0.8541350085021054,0.41654003400842177,0.2706750425105272
0.7082700170042109,1.0,0.8541350085021054,0.8541350085021054,0.2706750425105272,0.41654003400842177
0.7199439831943981,1.0,0.8599719915971991,0.8599719915971991,0.15983194958319413,0.5799159747915971
0.7396221780383523,1.0,0.8698110890191761,0.8698110890191761,0.08867762313423289,0.7396221780383523
0.7626436683612293,1.0,0.8813218341806147,0.8813218341806147,0.050574673444917395,0.8813218341806147
0.7855774930324411,1.0,0.8927887465162205,0.8927887465162205,0.03509871864598457,1.0
0.7659177056077389,1.0,0.8829588528038694,0.7659177056077389,1.0,0.06367082243095556
0.7396221780383523,1.0,0.8698110890191761,0.7396221780383523,0.8698110890191761,0.08867762313423289
0.7142857142857143,1.0,0.8571428571428572,0.7142857142857143,0.7142857142857143,0.1428571428571429
0.6950028593347907,1.0,0.8475014296673953,0.6950028593347907,0.5425042890021861,0.23750714833697661
0.6876524762227879,1.0,0.8438262381113939,0.6876524762227879,0.3753049524455758,0.3753049524455758
0.6950028593347907,1.0,0.8475014296673953,0.6950028593347907,0.23750714833697661,0.5425042890021861
0.7142857142857143,1.0,0.8571428571428572,0.7142857142857143,0.1428571428571429,0.7142857142857143
0.7396221780383523,1.0,0.8698110890191761,0.7396221780383523,0.08867762313423289,0.8698110890191761
0.7659177056077389,1.0,0.8829588528038694,0.7659177056077389,0.06367082243095556,1.0
0.7480236846605152,1.0,0.8740118423302576,0.6220355269907727,1.0,0.11808289631180313
0.7199439831943981,1.0,0.8599719915971991,0.5799159747915971,0.8599719915971991,0.15983194958319413
0.6950028593347907,1.0,0.8475014296673953,0.5425042890021861,0.6950028593347907,0.23750714833697661
0.6797436923898257,1.0,0.8398718461949128,0.5196155385847385,0.5196155385847385,0.3594873847796515
0.6797436923898257,1.0,0.8398718461949128,0.5196155385847385,0.3594873847796515,0.5196155385847385
0.6950028593347907,1.0,0.8475014296673953,0.5425042890021861,0.23750714833697661,0.6950028593347907
0.7199439831943981,1.0,0.8599719915971991,0.5799159747915971,0.15983194958319413,0.8599719915971991
0.7480236846605152,1.0,0.8740118423302576,0.6220355269907727,0.11808289631180313,1.0
0.7350935285869913,1.0,0.8675467642934956,0.47018705717398246,1.0,0.20528058576097374
0.7082700170042109,1.0,0.8541350085021054,0.41654003400842177,0.8541350085021054,0.2706750425105272
0.6876524762227879,1.0,0.8438262381113939,0.3753049524455758,0.6876524762227879,0.3753049524455758
0.6797436923898257,1.0,0.8398718461949128,0.3594873847796515,0.5196155385847385,0.5196155385847385
0.6876524762227879,1.0,0.8438262381113939,0.3753049524455758,0.3753049524455758,0.6876524762227879
0.7082700170042109,1.0,0.8541350085021054,0.41654003400842177,0.2706750425105272,0.8541350085021054
0.7350935285869913,1.0,0.8675467642934956,0.47018705717398246,0.20528058576097374,1.0
0.7303200550147031,1.0,0.8651600275073515,0.32580013753675785,1.0,0.32580013753675785
0.7082700170042109,1.0,0.8541350085021054,0.2706750425105272,0.8541350085021054,0.41654003400842177
0.6950028593347907,1.0,0.8475014296673953,0.23750714833697661,0.6950028593347907,0.5425042890021861
0.6950028593347907,1.0,0.8475014296673953,0.23750714833697661,0.5425042890021861,0.6950028593347907
0.7082700170042109,1.0,0.8541350085021054,0.2706750425105272,0.41654003400842177,0.8541350085021054
0.7303200550147031,1.0,0.8651600275073515,0.32580013753675785,0.32580013753675785,1.0
0.7350935285869913,1.0,0.8675467642934956,0.20528058576097374,1.0,0.47018705717398246
0.7199439831943981,1.0,0.8599719915971991,0.15983194958319413,0.8599719915971991,0.5799159747915971
0.7142857142857143,1.0,0.8571428571428572,0.1428571428571429,0.7142857142857143,0.7142857142857143
0.7199439831943981,1.0,0.8599719915971991,0.15983194958319413,0.5799159747915971,0.8599719915971991
0.7350935285869913,1.0,0.8675467642934956,0.20528058576097374,0.47018705717398246,1.0
0.7480236846605152,1.0,0.8740118423302576,0.11808289631180313,1.0,0.6220355269907727
0.7396221780383523,1.0,0.8698110890191761,0.08867762313423289,0.8698110890191761,0.7396221780383523
0.7396221780383523,1.0,0.8698110890191761,0.08867762313423289,0.7396221780383523,0.8698110890191761
0.7480236846605152,1.0,0.8740118423302576,0.11808289631180313,0.6220355269907727,1.0
0.7659177056077389,1.0,0.8829588528038694,0.06367082243095556,1.0,0.7659177056077389
0.7626436683612293,1.0,0.8813218341806146,0.05057467344491717,0.8813218341806146,0.8813218341806146
0.7659177056077389,1.0,0.8829588528038694,0.06367082243095556,0.7659177056077389,1.0
0.7855774930324411,1.0,0.8927887465162205,0.03509871864598457,1.0,0.8927887465162205
0.7855774930324411,1.0,0.8927887465162205,0.03509871864598457,0.8927887465162205,1.0
0.8048199854102933,1.0,0.9024099927051467,0.024099927051466796,1.0,1.0
0.7880004239987279,1.0,0.7880004239987279,1.0,1.0,0.04600190799427606
0.7659177056077389,1.0,0.7659177056077389,1.0,0.8829588528038694,0.06367082243095556
0.7439262401342079,1.0,0.7439262401342079,1.0,0.7439262401342079,0.10374184046972812
0.725278872102622,1.0,0.725278872102622,1.0,0.587918308153933,0.17583661630786596
0.7142857142857143,1.0,0.7142857142857143,1.0,0.4285714285714286,0.2857142857142858
0.7142857142857143,1.0,0.7142857142857143,1.0,0.2857142857142858,0.4285714285714286
0.725278872102622,1.0,0.725278872102622,1.0,0.17583661630786596,0.587918308153933
0.743926240134208,1.0,0.743926240134208,1.0,0.10374184046972834,0.743926240134208
0.7659177056077389,1.0,0.7659177056077389,1.0,0.06367082243095556,0.8829588528038694
0.7880004239987279,1.0,0.7880004239987279,1.0,0.04600190799427606,1.0
0.7659177056077389,1.0,0.7659177056077389,0.8829588528038694,1.0,0.06367082243095556
0.7396221780383523,1.0,0.7396221780383523,0.8698110890191761,0.8698110890191761,0.08867762313423289
0.7142857142857143,1.0,0.7142857142857143,0.8571428571428572,0.7142857142857143,0.1428571428571429
0.6950028593347907,1.0,0.6950028593347907,0.8475014296673953,0.5425042890021861,0.23750714833697661
0.6876524762227879,1.0,0.6876524762227879,0.8438262381113939,0.3753049524455758,0.3753049524455758
0.6950028593347907,1.0,0.6950028593347907,0.8475014296673953,0.23750714833697661,0.5425042890021861
0.7142857142857143,1.0,0.7142857142857143,0.8571428571428572,0.1428571428571429,0.7142857142857143
0.7396221780383523,1.0,0.7396221780383523,0.8698110890191761,0.08867762313423289,0.8698110890191761
0.7659177056077389,1.0,0.7659177056077389,0.8829588528038694,0.06367082243095556,1.0
0.7439262401342079,1.0,0.7439262401342079,0.7439262401342079,1.0,0.10374184046972812
0.7142857142857143,1.0,0.7142857142857143,0.7142857142857143,0.8571428571428572,0.1428571428571429
0.6876524762227878,1.0,0.6876524762227878,0.6876524762227878,0.6876524762227878,0.2191311905569696
0.6712020253892854,1.0,0.6712020253892854,0.6712020253892854,0.5068030380839281,0.34240405077857083
0.6712020253892854,1.0,0.6712020253892854,0.6712020253892854,0.34240405077857083,0.5068030380839281
0.6876524762227878,1.0,0.6876524762227878,0.6876524762227878,0.2191311905569696,0.6876524762227878
0.7142857142857142,1.0,0.7142857142857142,0.7142857142857142,0.1428571428571428,0.8571428571428571
0.7439262401342079,1.0,0.7439262401342079,0.7439262401342079,0.10374184046972812,1.0
0.725278872102622,1.0,0.725278872102622,0.587918308153933,1.0,0.17583661630786596
0.6950028593347907,1.0,0.6950028593347907,0.5425042890021861,0.8475014296673953,0.23750714833697661
0.6712020253892854,1.0,0.6712020253892854,0.5068030380839281,0.6712020253892854,0.34240405077857083
0.6619382981085933,1.0,0.6619382981085933,0.49290744716289003,0.49290744716289003,0.49290744716289003
0.6712020253892854,1.0,0.6712020253892854,0.5068030380839281,0.34240405077857083,0.6712020253892854
0.6950028593347907,1.0,0.6950028593347907,0.5425042890021861,0.23750714833697661,0.8475014296673953
0.725278872102622,1.0,0.725278872102622,0.587918308153933,0.17583661630786596,1.0
0.7142857142857143,1.0,0.7142857142857143,0.4285714285714286,1.0,0.2857142857142858
0.6876524762227878,1.0,0.6876524762227878,0.3753049524455757,0.8438262381113939,0.3753049524455757
0.6712020253892854,1.0,0.6712020253892854,0.34240405077857083,0.6712020253892854,0.5068030380839281
0.6712020253892854,1.0,0.6712020253892854,0.34240405077857083,0.5068030380839281,0.6712020253892854
0.6876524762227878,1.0,0.6876524762227878,0.3753049524455757,0.3753049524455757,0.8438262381113939
0.7142857142857143,1.0,0.7142857142857143,0.4285714285714286,0.2857142857142858,1.0
0.7142857142857143,1.0,0.7142857142857143,0.2857142857142858,1.0,0.4285714285714286
0.6950028593347907,1.0,0.6950028593347907,0.23750714833697661,0.8475014296673953,0.5425042890021861
0.6876524762227878,1.0,0.6876524762227878,0.2191311905569696,0.6876524762227878,0.6876524762227878
0.6950028593347907,1.0,0.6950028593347907,0.23750714833697661,0.5425042890021861,0.8475014296673953
0.7142857142857143,1.0,0.7142857142857143,0.2857142857142858,0.4285714285714286,1.0
0.725278872102622,1.0,0.725278872102622,0.17583661630786596,1.0,0.587918308153933
0.7142857142857143,1.0,0.7142857142857143,0.1428571428571429,0.8571428571428572,0.7142857142857143
0.7142857142857143,1.0,0.7142857142857143,0.1428571428571429,0.7142857142857143,0.8571428571428572
0.725278872102622,1.0,0.725278872102622,0.17583661630786596,0.587918308153933,1.0
0.743926240134208,1.0,0.743926240134208,0.10374184046972834,1.0,0.743926240134208
0.7396221780383523,1.0,0.7396221780383523,0.08867762313423289,0.8698110890191761,0.8698110890191761
0.743926240134208,1.0,0.743926240134208,0.10374184046972834,0.743926240134208,1.0
0.7659177056077389,1.0,0.7659177056077389,0.06367082243095556,1.0,0.8829588528038694
0.7659177056077389,1.0,0.7659177056077389,0.06367082243095556,0.8829588528038694,1.0
0.7880004239987279,1.0,0.7880004239987279,0.04600190799427606,1.0,1.0
0.772078847080724,1.0,0.6581182706210862,1.0,1.0,0.08831538832289643
0.7480236846605152,1.0,0.6220355269907727,1.0,0.8740118423302576,0.11808289631180313
0.725278872102622,1.0,0.587918308153933,1.0,0.725278872102622,0.17583661630786596
0.7082700170042109,1.0,0.5624050255063163,1.0,0.5624050255063163,0.2706750425105272
0.7018576030000281,1.0,0.552786404500042,1.0,0.40371520600005606,0.40371520600005606
0.7082700170042109,1.0,0.5624050255063163,1.0,0.2706750425105272,0.5624050255063163
0.725278872102622,1.0,0.587918308153933,1.0,0.17583661630786596,0.725278872102622
0.7480236846605152,1.0,0.6220355269907727,1.0,0.11808289631180313,0.8740118423302576
0.772078847080724,1.0,0.6581182706210862,1.0,0.08831538832289643,1.0
0.7480236846605152,1.0,0.6220355269907727,0.8740118423302576,1.0,0.11808289631180313
0.7199439831943981,1.0,0.5799159747915971,0.8599719915971991,0.8599719915971991,0.15983194958319413
0.6950028593347907,1.0,0.5425042890021861,0.8475014296673953,0.6950028593347907,0.23750714833697661
0.6797436923898257,1.0,0.5196155385847385,0.8398718461949128,0.5196155385847385,0.3594873847796515
0.6797436923898257,1.0,0.5196155385847385,0.8398718461949128,0.3594873847796515,0.5196155385847385
0.6950028593347907,1.0,0.5425042890021861,0.8475014296673953,0.23750714833697661,0.6950028593347907
0.7199439831943981,1.0,0.5799159747915971,0.8599719915971991,0.15983194958319413,0.8599719915971991
0.7480236846605152,1.0,0.6220355269907727,0.8740118423302576,0.11808289631180313,1.0
0.725278872102622,1.0,0.587918308153933,0.725278872102622,1.0,0.17583661630786596
0.6950028593347907,1.0,0.5425042890021861,0.6950028593347907,0.8475014296673953,0.23750714833697661
0.6712020253892854,1.0,0.5068030380839281,0.6712020253892854,0.6712020253892854,0.34240405077857083
0.6619382981085933,1.0,0.49290744716289003,0.6619382981085933,0.49290744716289003,0.49290744716289003
0.6712020253892854,1.0,0.5068030380839281,0.6712020253892854,0.34240405077857083,0.6712020253892854
0.6950028593347907,1.0,0.5425042890021861,0.6950028593347907,0.23750714833697661,0.8475014296673953
0.725278872102622,1.0,0.587918308153933,0.725278872102622,0.17583661630786596,1.0
0.7082700170042109,1.0,0.5624050255063163,0.5624050255063163,1.0,0.2706750425105272
0.6797436923898257,1.0,0.5196155385847385,0.5196155385847385,0.8398718461949128,0.3594873847796515
0.6619382981085933,1.0,0.49290744716289003,0.49290744716289003,0.6619382981085933,0.49290744716289003
0.6619382981085933,1.0,0.49290744716289003,0.49290744716289003,0.49290744716289003,0.6619382981085933
0.6797436923898257,1.0,0.5196155385847385,0.5196155385847385,0.3594873847796515,0.8398718461949128
0.7082700170042109,1.0,0.5624050255063163,0.5624050255063163,0.2706750425105272,1.0
0.7018576030000281,1.0,0.552786404500042,0.40371520600005606,1.0,0.40371520600005606
0.6797436923898257,1.0,0.5196155385847385,0.3594873847796515,0.8398718461949128,0.5196155385847385
0.6712020253892854,1.0,0.5068030380839281,0.34240405077857083,0.6712020253892854,0.6712020253892854
0.6797436923898257,1.0,0.5196155385847385,0.3594873847796515,0.5196155385847385,0.8398718461949128
0.7018576030000281,1.0,0.552786404500042,0.40371520600005606,0.40371520600005606,1.0
0.7082700170042109,1.0,0.5624050255063163,0.2706750425105272,1.0,0.5624050255063163
0.6950028593347907,1.0,0.5425042890021861,0.23750714833697661,0.8475014296673953,0.6950028593347907
0.6950028593347907,1.0,0.5425042890021861,0.23750714833697661,0.6950028593347907,0.8475014296673953
0.7082700170042109,1.0,0.5624050255063163,0.2706750425105272,0.5624050255063163,1.0
0.725278872102622,1.0,0.587918308153933,0.17583661630786596,1.0,0.725278872102622
0.719943983194398,1.0,0.579915974791597,0.15983194958319402,0.8599719915971991,0.8599719915971991
0.725278872102622,1.0,0.587918308153933,0.17583661630786596,0.725278872102622,1.0
0.7480236846605152,1.0,0.6220355269907727,0.11808289631180313,1.0,0.8740118423302576
0.7480236846605152,1.0,0.6220355269907727,0.11808289631180313,0.8740118423302576,1.0
0.772078847080724,1.0,0.6581182706210862,0.08831538832289643,1.0,1.0
0.7592282938284616,1.0,0.5184565876569232,1.0,1.0,0.15729902839961563
0.7350935285869913,1.0,0.47018705717398246,1.0,0.8675467642934956,0.20528058576097374
0.7142857142857143,1.0,0.4285714285714286,1.0,0.7142857142857143,0.2857142857142858
0.7018576030000281,1.0,0.40371520600005606,1.0,0.552786404500042,0.40371520600005606
0.7018576030000281,1.0,0.40371520600005606,1.0,0.40371520600005606,0.552786404500042
0.7142857142857143,1.0,0.4285714285714286,1.0,0.2857142857142858,0.7142857142857143
0.7350935285869913,1.0,0.47018705717398246,1.0,0.20528058576097374,0.8675467642934956
0.7592282938284616,1.0,0.5184565876569232,1.0,0.15729902839961563,1.0
0.7350935285869913,1.0,0.47018705717398246,0.8675467642934956,1.0,0.20528058576097374
0.7082700170042109,1.0,0.41654003400842177,0.8541350085021054,0.8541350085021054,0.2706750425105272
0.6876524762227879,1.0,0.3753049524455758,0.8438262381113939,0.6876524762227879,0.3753049524455758
0.6797436923898257,1.0,0.3594873847796515,0.8398718461949128,0.5196155385847385,0.5196155385847385
0.6876524762227879,1.0,0.3753049524455758,0.8438262381113939,0.3753049524455758,0.6876524762227879
0.7082700170042109,1.0,0.41654003400842177,0.8541350085021054,0.2706750425105272,0.8541350085021054
0.7350935285869913,1.0,0.47018705717398246,0.8675467642934956,0.20528058576097374,1.0
0.7142857142857143,1.0,0.4285714285714286,0.7142857142857143,1.0,0.2857142857142858
0.6876524762227879,1.0,0.3753049524455758,0.6876524762227879,0.8438262381113939,0.3753049524455758
0.6712020253892854,1.0,0.34240405077857095,0.6712020253892854,0.6712020253892854,0.5068030380839281
0.6712020253892854,1.0,0.34240405077857095,0.6712020253892854,0.5068030380839281,0.6712020253892854
0.6876524762227879,1.0,0.3753049524455758,0.6876524762227879,0.3753049524455758,0.8438262381113939
0.7142857142857143,1.0,0.4285714285714286,0.7142857142857143,0.2857142857142858,1.0
0.7018576030000281,1.0,0.40371520600005606,0.552786404500042,1.0,0.40371520600005606
0.6797436923898258,1.0,0.3594873847796516,0.5196155385847386,0.8398718461949128,0.5196155385847386
0.6712020253892854,1.0,0.34240405077857095,0.5068030380839281,0.6712020253892854,0.6712020253892854
0.6797436923898257,1.0,0.3594873847796515,0.5196155385847385,0.5196155385847385,0.8398718461949128
0.7018576030000281,1.0,0.40371520600005606,0.552786404500042,0.40371520600005606,1.0
0.7018576030000281,1.0,0.40371520600005606,0.40371520600005606,1.0,0.552786404500042
0.6876524762227879,1.0,0.3753049524455758,0.3753049524455758,0.8438262381113939,0.6876524762227879
0.6876524762227879,1.0,0.3753049524455758,0.3753049524455758,0.6876524762227879,0.8438262381113939
0.7018576030000281,1.0,0.40371520600005606,0.40371520600005606,0.552786404500042,1.0
0.7142857142857143,1.0,0.4285714285714286,0.2857142857142858,1.0,0.7142857142857143
0.7082700170042109,1.0,0.41654003400842177,0.2706750425105272,0.8541350085021054,0.8541350085021054
0.7142857142857143,1.0,0.4285714285714286,0.2857142857142858,0.7142857142857143,1.0
0.7350935285869913,1.0,0.47018705717398246,0.20528058576097374,1.0,0.8675467642934956
0.7350935285869913,1.0,0.47018705717398246,0.20528058576097374,0.8675467642934956,1.0
0.7592282938284616,1.0,0.5184565876569232,0.15729902839961563,1.0,1.0
0.7519305308215831,1.0,0.3798263270539577,1.0,1.0,0.25579159246474925
0.7303200550147031,1.0,0.32580013753675785,1.0,0.8651600275073515,0.32580013753675785
0.7142857142857143,1.0,0.2857142857142858,1.0,0.7142857142857143,0.4285714285714286
0.7082700170042109,1.0,0.2706750425105272,1.0,0.5624050255063163,0.5624050255063163
0.7142857142857143,1.0,0.2857142857142858,1.0,0.4285714285714286,0.7142857142857143
0.7303200550147031,1.0,0.32580013753675785,1.0,0.32580013753675785,0.8651600275073515
0.7519305308215831,1.0,0.3798263270539577,1.0,0.25579159246474925,1.0
0.7303200550147031,1.0,0.32580013753675785,0.8651600275073515,1.0,0.32580013753675785
0.7082700170042109,1.0,0.2706750425105272,0.8541350085021054,0.8541350085021054,0.41654003400842177
0.6950028593347907,1.0,0.23750714833697661,0.8475014296673953,0.6950028593347907,0.5425042890021861
0.6950028593347907,1.0,0.23750714833697661,0.8475014296673953,0.5425042890021861,0.6950028593347907
0.7082700170042109,1.0,0.2706750425105272,0.8541350085021054,0.41654003400842177,0.8541350085021054
0.7303200550147031,1.0,0.32580013753675785,0.8651600275073515,0.32580013753675785,1.0
0.7142857142857143,1.0,0.2857142857142858,0.7142857142857143,1.0,0.4285714285714286
0.6950028593347907,1.0,0.23750714833697661,0.6950028593347907,0.8475014296673953,0.5425042890021861
0.6876524762227879,1.0,0.21913119055696972,0.6876524762227879,0.6876524762227879,0.6876524762227879
0.6950028593347907,1.0,0.23750714833697661,0.6950028593347907,0.5425042890021861,0.8475014296673953
0.7142857142857143,1.0,0.2857142857142858,0.7142857142857143,0.4285714285714286,1.0
0.7082700170042109,1.0,0.2706750425105272,0.5624050255063163,1.0,0.5624050255063163
0.6950028593347907,1.0,0.23750714833697661,0.5425042890021861,0.8475014296673953,0.6950028593347907
0.6950028593347907,1.0,0.23750714833697661,0.5425042890021861,0.6950028593347907,0.8475014296673953
0.7082700170042109,1.0,0.2706750425105272,0.5624050255063163,0.5624050255063163,1.0
0.7142857142857143,1.0,0.2857142857142858,0.4285714285714286,1.0,0.7142857142857143
0.7082700170042109,1.0,0.2706750425105272,0.41654003400842177,0.8541350085021054,0.8541350085021054
0.7142857142857143,1.0,0.2857142857142858,0.4285714285714286,0.7142857142857143,1.0
0.7303200550147031,1.0,0.32580013753675785,0.32580013753675785,1.0,0.8651600275073515
0.7303200550147031,1.0,0.32580013753675785,0.32580013753675785,0.8651600275073515,1.0
0.7519305308215831,1.0,0.3798263270539577,0.25579159246474925,1.0,1.0
0.7519305308215831,1.0,0.25579159246474925,1.0,1.0,0.3798263270539577
0.7350935285869913,1.0,0.20528058576097374,1.0,0.8675467642934956,0.47018705717398246
0.725278872102622,1.0,0.17583661630786596,1.0,0.725278872102622,0.587918308153933
0.725278872102622,1.0,0.17583661630786596,1.0,0.587918308153933,0.725278872102622
0.7350935285869913,1.0,0.20528058576097374,1.0,0.47018705717398246,0.8675467642934956
0.7519305308215831,1.0,0.25579159246474925,1.0,0.3798263270539577,1.0
0.7350935285869913,1.0,0.20528058576097374,0.8675467642934956,1.0,0.47018705717398246
0.7199439831943981,1.0,0.15983194958319413,0.8599719915971991,0.8599719915971991,0.5799159747915971
0.7142857142857143,1.0,0.1428571428571429,0.8571428571428572,0.7142857142857143,0.7142857142857143
0.7199439831943981,1.0,0.15983194958319413,0.8599719915971991,0.5799159747915971,0.8599719915971991
0.7350935285869913,1.0,0.20528058576097374,0.8675467642934956,0.47018705717398246,1.0
0.725278872102622,1.0,0.17583661630786596,0.725278872102622,1.0,0.587918308153933
0.7142857142857143,1.0,0.1428571428571429,0.7142857142857143,0.8571428571428572,0.7142857142857143
0.7142857142857143,1.0,0.1428571428571429,0.7142857142857143,0.7142857142857143,0.8571428571428572
0.725278872102622,1.0,0.17583661630786596,0.725278872102622,0.587918308153933,1.0
0.725278872102622,1.0,0.17583661630786596,0.587918308153933,1.0,0.725278872102622
0.719943983194398,1.0,0.15983194958319402,0.579915974791597,0.8599719915971991,0.8599719915971991
0.725278872102622,1.0,0.17583661630786596,0.587918308153933,0.725278872102622,1.0
0.7350935285869913,1.0,0.20528058576097374,0.47018705717398246,1.0,0.8675467642934956
0.7350935285869913,1.0,0.20528058576097374,0.47018705717398246,0.8675467642934956,1.0
0.7519305308215831,1.0,0.25579159246474925,0.3798263270539577,1.0,1.0
0.7592282938284616,1.0,0.15729902839961563,1.0,1.0,0.5184565876569232
0.7480236846605152,1.0,0.11808289631180313,1.0,0.8740118423302576,0.6220355269907727
0.743926240134208,1.0,0.10374184046972834,1.0,0.743926240134208,0.743926240134208
0.7480236846605152,1.0,0.11808289631180313,1.0,0.6220355269907727,0.8740118423302576
0.7592282938284616,1.0,0.15729902839961563,1.0,0.5184565876569232,1.0
0.7480236846605152,1.0,0.11808289631180313,0.8740118423302576,1.0,0.6220355269907727
0.7396221780383523,1.0,0.08867762313423289,0.8698110890191761,0.8698110890191761,0.7396221780383523
0.7396221780383523,1.0,0.08867762313423289,0.8698110890191761,0.7396221780383523,0.8698110890191761
0.7480236846605152,1.0,0.11808289631180313,0.8740118423302576,0.6220355269907727,1.0
0.743926240134208,1.0,0.10374184046972834,0.743926240134208,1.0,0.743926240134208
0.7396221780383523,1.0,0.08867762313423289,0.7396221780383523,0.8698110890191761,0.8698110890191761
0.743926240134208,1.0,0.10374184046972834,0.743926240134208,0.743926240134208,1.0
0.7480236846605152,1.0,0.11808289631180313,0.6220355269907727,1.0,0.8740118423302576
0.7480236846605152,1.0,0.11808289631180313,0.6220355269907727,0.8740118423302576,1.0
0.7592282938284616,1.0,0.15729902839961563,0.5184565876569232,1.0,1.0
0.772078847080724,1.0,0.08831538832289643,1.0,1.0,0.6581182706210862
0.7659177056077389,1.0,0.06367082243095556,1.0,0.8829588528038694,0.7659177056077389
0.7659177056077389,1.0,0.06367082243095556,1.0,0.7659177056077389,0.8829588528038694
0.772078847080724,1.0,0.08831538832289643,1.0,0.6581182706210862,1.0
0.7659177056077389,1.0,0.06367082243095556,0.8829588528038694,1.0,0.7659177056077389
0.7626436683612293,1.0,0.05057467344491717,0.8813218341806146,0.8813218341806146,0.8813218341806146
0.7659177056077389,1.0,0.06367082243095556,0.8829588528038694,0.7659177056077389,1.0
0.7659177056077389,1.0,0.06367082243095556,0.7659177056077389,1.0,0.8829588528038694
0.7659177056077389,1.0,0.06367082243095556,0.7659177056077389,0.8829588528038694,1.0
0.772078847080724,1.0,0.08831538832289643,0.6581182706210862,1.0,1.0
0.7880004239987279,1.0,0.04600190799427606,1.0,1.0,0.7880004239987279
0.7855774930324411,1.0,0.03509871864598457,1.0,0.8927887465162205,0.8927887465162205
0.7880004239987279,1.0,0.04600190799427606,1.0,0.7880004239987279,1.0
0.7855774930324411,1.0,0.03509871864598457,0.8927887465162205,1.0,0.8927887465162205
0.7855774930324411,1.0,0.03509871864598457,0.8927887465162205,0.8927887465162205,1.0
0.7880004239987279,1.0,0.04600190799427606,0.7880004239987279,1.0,1.0
0.8048199854102933,1.0,0.024099927051466796,1.0,1.0,0.9024099927051467
0.8048199854102933,1.0,0.024099927051466796,1.0,0.9024099927051467,1.0
0.8048199854102933,1.0,0.024099927051466796,0.9024099927051467,1.0,1.0
0.8211145618000169,1.0,0.01613008990009246,1.0,1.0,1.0
0.8048199854102933,0.9024099927051467,1.0,1.0,1.0,0.024099927051466796
0.7855774930324411,0.8927887465162205,1.0,1.0,0.8927887465162205,0.03509871864598457
0.7659177056077389,0.8829588528038694,1.0,1.0,0.7659177056077389,0.06367082243095556
0.7480236846605152,0.8740118423302576,1.0,1.0,0.6220355269907727,0.11808289631180313
0.7350935285869913,0.8675467642934956,1.0,1.0,0.47018705717398246,0.20528058576097374
0.7303200550147031,0.8651600275073515,1.0,1.0,0.32580013753675785,0.32580013753675785
0.7350935285869913,0.8675467642934956,1.0,1.0,0.20528058576097374,0.47018705717398246
0.7480236846605152,0.8740118423302576,1.0,1.0,0.11808289631180313,0.6220355269907727
0.7659177056077389,0.8829588528038694,1.0,1.0,0.06367082243095556,0.7659177056077389
0.7855774930324411,0.8927887465162205,1.0,1.0,0.03509871864598457,0.8927887465162205
0.8048199854102933,0.9024099927051467,1.0,1.0,0.024099927051466796,1.0
0.7855774930324411,0.8927887465162205,1.0,0.8927887465162205,1.0,0.03509871864598457
0.7626436683612293,0.8813218341806147,1.0,0.8813218341806147,0.8813218341806147,0.050574673444917395
0.7396221780383523,0.8698110890191761,1.0,0.8698110890191761,0.7396221780383523,0.08867762313423289
0.7199439831943981,0.8599719915971991,1.0,0.8599719915971991,0.5799159747915971,0.15983194958319413
0.7082700170042109,0.8541350085021054,1.0,0.8541350085021054,0.41654003400842177,0.2706750425105272
0.7082700170042109,0.8541350085021054,1.0,0.8541350085021054,0.2706750425105272,0.41654003400842177
0.7199439831943981,0.8599719915971991,1.0,0.8599719915971991,0.15983194958319413,0.5799159747915971
0.7396221780383523,0.8698110890191761,1.0,0.8698110890191761,0.08867762313423289,0.7396221780383523
0.7626436683612293,0.8813218341806147,1.0,0.8813218341806147,0.050574673444917395,0.8813218341806147
0.7855774930324411,0.8927887465162205,1.0,0.8927887465162205,0.03509871864598457,1.0
0.7659177056077389,0.8829588528038694,1.0,0.7659177056077389,1.0,0.06367082243095556
0.7396221780383523,0.8698110890191761,1.0,0.7396221780383523,0.8698110890191761,0.08867762313423289
0.7142857142857143,0.8571428571428572,1.0,0.7142857142857143,0.7142857142857143,0.1428571428571429
0.6950028593347907,0.8475014296673953,1.0,0.6950028593347907,0.5425042890021861,0.23750714833697661
0.6876524762227879,0.8438262381113939,1.0,0.6876524762227879,0.3753049524455758,0.3753049524455758
0.6950028593347907,0.8475014296673953,1.0,0.6950028593347907,0.23750714833697661,0.5425042890021861
0.7142857142857143,0.8571428571428572,1.0,0.7142857142857143,0.1428571428571429,0.7142857142857143
0.7396221780383523,0.8698110890191761,1.0,0.7396221780383523,0.08867762313423289,0.8698110890191761
0.7659177056077389,0.8829588528038694,1.0,0.7659177056077389,0.06367082243095556,1.0
0.7480236846605152,0.8740118423302576,1.0,0.6220355269907727,1.0,0.11808289631180313
0.7199439831943981,0.8599719915971991,1.0,0.5799159747915971,0.8599719915971991,0.15983194958319413
0.6950028593347907,0.8475014296673953,1.0,0.5425042890021861,0.6950028593347907,0.23750714833697661
0.6797436923898257,0.8398718461949128,1.0,0.5196155385847385,0.5196155385847385,0.3594873847796515
0.6797436923898257,0.8398718461949128,1.0,0.5196155385847385,0.3594873847796515,0.5196155385847385
0.6950028593347907,0.8475014296673953,1.0,0.5425042890021861,0.23750714833697661,0.6950028593347907
0.7199439831943981,0.8599719915971991,1.0,0.5799159747915971,0.15983194958319413,0.8599719915971991
0.7480236846605152,0.8740118423302576,1.0,0.6220355269907727,0.11808289631180313,1.0
0.7350935285869913,0.8675467642934956,1.0,0.47018705717398246,1.0,0.20528058576097374
0.7082700170042109,0.8541350085021054,1.0,0.41654003400842177,0.8541350085021054,0.2706750425105272
0.6876524762227879,0.8438262381113939,1.0,0.3753049524455758,0.6876524762227879,0.3753049524455758
0.6797436923898257,0.8398718461949128,1.0,0.3594873847796515,0.5196155385847385,0.5196155385847385
0.6876524762227879,0.8438262381113939,1.0,0.3753049524455758,0.3753049524455758,0.6876524762227879
0.7082700170042109,0.8541350085021054,1.0,0.41654003400842177,0.2706750425105272,0.8541350085021054
0.7350935285869913,0.8675467642934956,1.0,0.47018705717398246,0.20528058576097374,1.0
0.7303200550147031,0.8651600275073515,1.0,0.32580013753675785,1.0,0.32580013753675785
0.7082700170042109,0.8541350085021054,1.0,0.2706750425105272,0.8541350085021054,0.41654003400842177
0.6950028593347907,0.8475014296673953,1.0,0.23750714833697661,0.6950028593347907,0.5425042890021861
0.6950028593347907,0.8475014296673953,1.0,0.23750714833697661,0.5425042890021861,0.6950028593347907
0.7082700170042109,0.8541350085021054,1.0,0.2706750425105272,0.41654003400842177,0.8541350085021054
0.7303200550147031,0.8651600275073515,1.0,0.32580013753675785,0.32580013753675785,1.0
0.7350935285869913,0.8675467642934956,1.0,0.20528058576097374,1.0,0.47018705717398246
0.7199439831943981,0.8599719915971991,1.0,0.15983194958319413,0.8599719915971991,0.5799159747915971
0.7142857142857143,0.8571428571428572,1.0,0.1428571428571429,0.7142857142857143,0.7142857142857143
0.7199439831943981,0.8599719915971991,1.0,0.15983194958319413,0.5799159747915971,0.8599719915971991
0.7350935285869913,0.8675467642934956,1.0,0.20528058576097374,0.47018705717398246,1.0
0.7480236846605152,0.8740118423302576,1.0,0.11808289631180313,1.0,0.6220355269907727
0.7396221780383523,0.8698110890191761,1.0,0.08867762313423289,0.8698110890191761,0.7396221780383523
0.7396221780383523,0.8698110890191761,1.0,0.08867762313423289,0.7396221780383523,0.8698110890191761
0.7480236846605152,0.8740118423302576,1.0,0.11808289631180313,0.6220355269907727,1.0
0.7659177056077389,0.8829588528038694,1.0,0.06367082243095556,1.0,0.7659177056077389
0.7626436683612293,0.8813218341806146,1.0,0.05057467344491717,0.8813218341806146,0.8813218341806146
0.7659177056077389,0.8829588528038694,1.0,0.06367082243095556,0.7659177056077389,1.0
0.7855774930324411,0.8927887465162205,1.0,0.03509871864598457,1.0,0.8927887465162205
0.7855774930324411,0.8927887465162205,1.0,0.03509871864598457,0.8927887465162205,1.0
0.8048199854102933,0.9024099927051467,1.0,0.024099927051466796,1.0,1.0
0.7855774930324411,0.8927887465162205,0.8927887465162205,1.0,1.0,0.03509871864598457
0.7626436683612293,0.8813218341806147,0.8813218341806147,1.0,0.8813218341806147,0.050574673444917395
0.7396221780383523,0.8698110890191761,0.8698110890191761,1.0,0.7396221780383523,0.08867762313423289
0.7199439831943981,0.8599719915971991,0.8599719915971991,1.0,0.5799159747915971,0.15983194958319413
0.7082700170042109,0.8541350085021054,0.8541350085021054,1.0,0.41654003400842177,0.2706750425105272
0.7082700170042109,0.8541350085021054,0.8541350085021054,1.0,0.2706750425105272,0.41654003400842177
0.7199439831943981,0.8599719915971991,0.8599719915971991,1.0,0.15983194958319413,0.5799159747915971
0.7396221780383523,0.8698110890191761,0.8698110890191761,1.0,0.08867762313423289,0.7396221780383523
0.7626436683612293,0.8813218341806147,0.8813218341806147,1.0,0.050574673444917395,0.8813218341806147
0.7855774930324411,0.8927887465162205,0.8927887465162205,1.0,0.03509871864598457,1.0
0.7626436683612293,0.8813218341806147,0.8813218341806147,0.8813218341806147,1.0,0.050574673444917395
0.7350935285869913,0.8675467642934956,0.8675467642934956,0.8675467642934956,0.8675467642934956,0.07282735005446939
0.7082700170042109,0.8541350085021054,0.8541350085021054,0.8541350085021054,0.7082700170042109,0.12481005101263265
0.6876524762227878,0.8438262381113939,0.8438262381113939,0.8438262381113939,0.5314787143341818,0.2191311905569696
0.6797436923898257,0.8398718461949128,0.8398718461949128,0.8398718461949128,0.3594873847796515,0.3594873847796515
0.6876524762227878,0.8438262381113939,0.8438262381113939,0.8438262381113939,0.2191311905569696,0.5314787143341818
0.7082700170042109,0.8541350085021054,0.8541350085021054,0.8541350085021054,0.12481005101263265,0.7082700170042109
0.7350935285869912,0.8675467642934955,0.8675467642934955,0.8675467642934955,0.07282735005446928,0.8675467642934955
0.7626436683612293,0.8813218341806147,0.8813218341806147,0.8813218341806147,0.050574673444917395,1.0
0.7396221780383523,0.8698110890191761,0.8698110890191761,0.7396221780383523,1.0,0.08867762313423289
0.7082700170042109,0.8541350085021054,0.8541350085021054,0.7082700170042109,0.8541350085021054,0.12481005101263265
0.6797436923898257,0.8398718461949128,0.8398718461949128,0.6797436923898257,0.6797436923898257,0.19935923097456432
0.6619382981085934,0.8309691490542968,0.8309691490542968,0.6619382981085934,0.49290744716289003,0.3238765962171868
0.6619382981085933,0.8309691490542966,0.8309691490542966,0.6619382981085933,0.3238765962171867,0.49290744716289003
0.6797436923898257,0.8398718461949128,0.8398718461949128,0.6797436923898257,0.19935923097456432,0.6797436923898257
0.7082700170042109,0.8541350085021054,0.8541350085021054,0.7082700170042109,0.12481005101263265,0.8541350085021054
0.7396221780383523,0.8698110890191761,0.8698110890191761,0.7396221780383523,0.08867762313423289,1.0
0.7199439831943981,0.8599719915971991,0.8599719915971991,0.5799159747915971,1.0,0.15983194958319413
0.6876524762227878,0.8438262381113939,0.8438262381113939,0.5314787143341818,0.8438262381113939,0.2191311905569696
0.6619382981085934,0.8309691490542968,0.8309691490542968,0.49290744716289003,0.6619382981085934,0.3238765962171868
0.6518446880886043,0.8259223440443022,0.8259223440443022,0.4777670321329065,0.4777670321329065,0.4777670321329065
0.6619382981085934,0.8309691490542968,0.8309691490542968,0.49290744716289003,0.3238765962171868,0.6619382981085934
0.6876524762227878,0.8438262381113939,0.8438262381113939,0.5314787143341818,0.2191311905569696,0.8438262381113939
0.7199439831943981,0.8599719915971991,0.8599719915971991,0.5799159747915971,0.15983194958319413,1.0
0.7082700170042109,0.8541350085021054,0.8541350085021054,0.41654003400842177,1.0,0.2706750425105272
0.6797436923898257,0.8398718461949128,0.8398718461949128,0.3594873847796515,0.8398718461949128,0.3594873847796515
0.6619382981085934,0.8309691490542968,0.8309691490542968,0.3238765962171868,0.6619382981085934,0.49290744716289014
0.6619382981085934,0.8309691490542968,0.8309691490542968,0.3238765962171868,0.49290744716289014,0.6619382981085934
0.6797436923898257,0.8398718461949128,0.8398718461949128,0.3594873847796515,0.3594873847796515,0.8398718461949128
0.7082700170042109,0.8541350085021054,0.8541350085021054,0.41654003400842177,0.2706750425105272,1.0
0.7082700170042109,0.8541350085021054,0.8541350085021054,0.2706750425105272,1.0,0.41654003400842177
0.6876524762227878,0.8438262381113939,0.8438262381113939,0.2191311905569696,0.8438262381113939,0.5314787143341818
0.6797436923898257,0.8398718461949128,0.8398718461949128,0.19935923097456432,0.6797436923898257,0.6797436923898257
0.6876524762227879,0.8438262381113939,0.8438262381113939,0.21913119055696972,0.5314787143341819,0.8438262381113939
0.7082700170042109,0.8541350085021054,0.8541350085021054,0.2706750425105272,0.41654003400842177,1.0
0.7199439831943981,0.8599719915971991,0.8599719915971991,0.15983194958319413,1.0,0.5799159747915971
0.7082700170042109,0.8541350085021054,0.8541350085021054,0.12481005101263265,0.8541350085021054,0.7082700170042109
0.7082700170042109,0.8541350085021054,0.8541350085021054,0.12481005101263265,0.7082700170042109,0.8541350085021054
0.7199439831943981,0.8599719915971991,0.8599719915971991,0.15983194958319413,0.5799159747915971,1.0
0.7396221780383523,0.8698110890191761,0.8698110890191761,0.08867762313423289,1.0,0.7396221780383523
0.7350935285869912,0.8675467642934955,0.8675467642934955,0.07282735005446928,0.8675467642934955,0.8675467642934955
0.7396221780383523,0.8698110890191761,0.8698110890191761,0.08867762313423289,0.7396221780383523,1.0
0.7626436683612293,0.8813218341806147,0.8813218341806147,0.050574673444917395,1.0,0.8813218341806147
0.7626436683612293,0.8813218341806147,0.8813218341806147,0.050574673444917395,0.8813218341806147,1.0
0.7855774930324411,0.8927887465162205,0.8927887465162205,0.03509871864598457,1.0,1.0
0.7659177056077389,0.8829588528038694,0.7659177056077389,1.0,1.0,0.06367082243095556
0.7396221780383523,0.8698110890191761,0.7396221780383523,1.0,0.8698110890191761,0.08867762313423289
0.7142857142857143,0.8571428571428572,0.7142857142857143,1.0,0.7142857142857143,0.1428571428571429
0.6950028593347907,0.8475014296673953,0.6950028593347907,1.0,0.5425042890021861,0.23750714833697661
0.6876524762227879,0.8438262381113939,0.6876524762227879,1.0,0.3753049524455758,0.3753049524455758
0.6950028593347907,0.8475014296673953,0.6950028593347907,1.0,0.23750714833697661,0.5425042890021861
0.7142857142857143,0.8571428571428572,0.7142857142857143,1.0,0.1428571428571429,0.7142857142857143
0.7396221780383523,0.8698110890191761,0.7396221780383523,1.0,0.08867762313423289,0.8698110890191761
0.7659177056077389,0.8829588528038694,0.7659177056077389,1.0,0.06367082243095556,1.0
0.7396221780383523,0.8698110890191761,0.7396221780383523,0.8698110890191761,1.0,0.08867762313423289
0.7082700170042109,0.8541350085021054,0.7082700170042109,0.8541350085021054,0.8541350085021054,0.12481005101263265
0.6797436923898257,0.8398718461949128,0.6797436923898257,0.8398718461949128,0.6797436923898257,0.19935923097456432
0.6619382981085934,0.8309691490542968,0.6619382981085934,0.8309691490542968,0.49290744716289003,0.3238765962171868
0.6619382981085933,0.8309691490542966,0.6619382981085933,0.8309691490542966,0.3238765962171867,0.49290744716289003
0.6797436923898257,0.8398718461949128,0.6797436923898257,0.8398718461949128,0.19935923097456432,0.6797436923898257
0.7082700170042109,0.8541350085021054,0.7082700170042109,0.8541350085021054,0.12481005101263265,0.8541350085021054
0.7396221780383523,0.8698110890191761,0.7396221780383523,0.8698110890191761,0.08867762313423289,1.0
0.7142857142857143,0.8571428571428572,0.7142857142857143,0.7142857142857143,1.0,0.1428571428571429
0.6797436923898257,0.8398718461949128,0.6797436923898257,0.6797436923898257,0.8398718461949128,0.19935923097456432
0.6518446880886044,0.8259223440443022,0.6518446880886044,0.6518446880886044,0.6518446880886044,0.3036893761772087
0.6407893959464501,0.8203946979732251,0.6407893959464501,0.6407893959464501,0.4611840939196753,0.4611840939196753
0.6518446880886044,0.8259223440443022,0.6518446880886044,0.6518446880886044,0.3036893761772087,0.6518446880886044
0.6797436923898257,0.8398718461949128,0.6797436923898257,0.6797436923898257,0.19935923097456432,0.8398718461949128
0.7142857142857143,0.8571428571428572,0.7142857142857143,0.7142857142857143,0.1428571428571429,1.0
0.6950028593347907,0.8475014296673953,0.6950028593347907,0.5425042890021861,1.0,0.23750714833697661
0.6619382981085934,0.8309691490542968,0.6619382981085934,0.49290744716289003,0.8309691490542968,0.3238765962171868
0.6407893959464502,0.8203946979732251,0.6407893959464502,0.4611840939196753,0.6407893959464502,0.4611840939196753
0.6407893959464502,0.8203946979732251,0.6407893959464502,0.4611840939196753,0.4611840939196753,0.6407893959464502
0.6619382981085934,0.8309691490542968,0.6619382981085934,0.49290744716289003,0.3238765962171868,0.8309691490542968
0.6950028593347907,0.8475014296673953,0.6950028593347907,0.5425042890021861,0.23750714833697661,1.0
0.6876524762227879,0.8438262381113939,0.6876524762227879,0.3753049524455758,1.0,0.3753049524455758
0.6619382981085934,0.8309691490542968,0.6619382981085934,0.3238765962171868,0.8309691490542968,0.49290744716289014
0.6518446880886044,0.8259223440443022,0.6518446880886044,0.3036893761772087,0.6518446880886044,0.6518446880886044
0.6619382981085934,0.8309691490542968,0.6619382981085934,0.3238765962171868,0.49290744716289003,0.8309691490542968
0.6876524762227879,0.8438262381113939,0.6876524762227879,0.3753049524455758,0.3753049524455758,1.0
0.6950028593347907,0.8475014296673953,0.6950028593347907,0.23750714833697661,1.0,0.5425042890021861
0.6797436923898257,0.8398718461949128,0.6797436923898257,0.19935923097456432,0.8398718461949128,0.6797436923898257
0.6797436923898257,0.8398718461949128,0.6797436923898257,0.19935923097456432,0.6797436923898257,0.8398718461949128
0.6950028593347907,0.8475014296673953,0.6950028593347907,0.23750714833697661,0.5425042890021861,1.0
0.7142857142857143,0.8571428571428572,0.7142857142857143,0.1428571428571429,1.0,0.7142857142857143
0.7082700170042109,0.8541350085021054,0.7082700170042109,0.12481005101263265,0.8541350085021054,0.8541350085021054
0.7142857142857143,0.8571428571428572,0.7142857142857143,0.1428571428571429,0.7142857142857143,1.0
0.7396221780383523,0.8698110890191761,0.7396221780383523,0.08867762313423289,1.0,0.8698110890191761
0.7396221780383523,0.8698110890191761,0.7396221780383523,0.08867762313423289,0.8698110890191761,1.0
0.7659177056077389,0.8829588528038694,0.7659177056077389,0.06367082243095556,1.0,1.0
0.7480236846605152,0.8740118423302576,0.6220355269907727,1.0,1.0,0.11808289631180313
0.7199439831943981,0.8599719915971991,0.5799159747915971,1.0,0.8599719915971991,0.15983194958319413
0.6950028593347907,0.8475014296673953,0.5425042890021861,1.0,0.6950028593347907,0.23750714833697661
0.6797436923898257,0.8398718461949128,0.5196155385847385,1.0,0.5196155385847385,0.3594873847796515
0.6797436923898257,0.8398718461949128,0.5196155385847385,1.0,0.3594873847796515,0.5196155385847385
0.6950028593347907,0.8475014296673953,0.5425042890021861,1.0,0.23750714833697661,0.6950028593347907
0.7199439831943981,0.8599719915971991,0.5799159747915971,1.0,0.15983194958319413,0.8599719915971991
0.7480236846605152,0.8740118423302576,0.6220355269907727,1.0,0.11808289631180313,1.0
0.7199439831943981,0.8599719915971991,0.5799159747915971,0.8599719915971991,1.0,0.15983194958319413
0.6876524762227878,0.8438262381113939,0.5314787143341818,0.8438262381113939,0.8438262381113939,0.2191311905569696
0.6619382981085934,0.8309691490542968,0.49290744716289003,0.8309691490542968,0.6619382981085934,0.3238765962171868
0.6518446880886043,0.8259223440443022,0.4777670321329065,0.8259223440443022,0.4777670321329065,0.4777670321329065
0.6619382981085934,0.8309691490542968,0.49290744716289003,0.8309691490542968,0.3238765962171868,0.6619382981085934
0.6876524762227878,0.8438262381113939,0.5314787143341818,0.8438262381113939,0.2191311905569696,0.8438262381113939
0.7199439831943981,0.8599719915971991,0.5799159747915971,0.8599719915971991,0.15983194958319413,1.0
0.6950028593347907,0.8475014296673953,0.5425042890021861,0.6950028593347907,1.0,0.23750714833697661
0.6619382981085934,0.8309691490542968,0.49290744716289003,0.6619382981085934,0.8309691490542968,0.3238765962171868
0.6407893959464502,0.8203946979732251,0.4611840939196753,0.6407893959464502,0.6407893959464502,0.4611840939196753
0.6407893959464502,0.8203946979732251,0.4611840939196753,0.6407893959464502,0.4611840939196753,0.6407893959464502
0.6619382981085934,0.8309691490542968,0.49290744716289003,0.6619382981085934,0.3238765962171868,0.8309691490542968
0.6950028593347907,0.8475014296673953,0.5425042890021861,0.6950028593347907,0.23750714833697661,1.0
0.6797436923898257,0.8398718461949128,0.5196155385847385,0.5196155385847385,1.0,0.3594873847796515
0.6518446880886044,0.8259223440443022,0.4777670321329065,0.4777670321329065,0.8259223440443022,0.4777670321329065
0.6407893959464502,0.8203946979732251,0.4611840939196753,0.4611840939196753,0.6407893959464502,0.6407893959464502
0.6518446880886044,0.8259223440443022,0.4777670321329065,0.4777670321329065,0.4777670321329065,0.8259223440443022
0.6797436923898257,0.8398718461949128,0.5196155385847385,0.5196155385847385,0.3594873847796515,1.0
0.6797436923898257,0.8398718461949128,0.5196155385847385,0.3594873847796515,1.0,0.5196155385847385
0.6619382981085934,0.8309691490542968,0.49290744716289003,0.3238765962171868,0.8309691490542968,0.6619382981085934
0.6619382981085934,0.8309691490542968,0.49290744716289003,0.3238765962171868,0.6619382981085934,0.8309691490542968
0.6797436923898257,0.8398718461949128,0.5196155385847385,0.3594873847796515,0.5196155385847385,1.0
0.6950028593347907,0.8475014296673953,0.5425042890021861,0.23750714833697661,1.0,0.6950028593347907
0.6876524762227878,0.8438262381113939,0.5314787143341818,0.2191311905569696,0.8438262381113939,0.8438262381113939
0.6950028593347907,0.8475014296673953,0.5425042890021861,0.23750714833697661,0.6950028593347907,1.0
0.7199439831943981,0.8599719915971991,0.5799159747915971,0.15983194958319413,1.0,0.8599719915971991
0.7199439831943981,0.8599719915971991,0.5799159747915971,0.15983194958319413,0.8599719915971991,1.0
0.7480236846605152,0.8740118423302576,0.6220355269907727,0.11808289631180313,1.0,1.0
0.7350935285869913,0.8675467642934956,0.47018705717398246,1.0,1.0,0.20528058576097374
0.7082700170042109,0.8541350085021054,0.41654003400842177,1.0,0.8541350085021054,0.2706750425105272
0.6876524762227879,0.8438262381113939,0.3753049524455758,1.0,0.6876524762227879,0.3753049524455758
0.6797436923898257,0.8398718461949128,0.3594873847796515,1.0,0.5196155385847385,0.5196155385847385
0.6876524762227879,0.8438262381113939,0.3753049524455758,1.0,0.3753049524455758,0.6876524762227879
0.7082700170042109,0.8541350085021054,0.41654003400842177,1.0,0.2706750425105272,0.8541350085021054
0.7350935285869913,0.8675467642934956,0.47018705717398246,1.0,0.20528058576097374,1.0
0.7082700170042109,0.8541350085021054,0.41654003400842177,0.8541350085021054,1.0,0.2706750425105272
0.6797436923898257,0.8398718461949128,0.3594873847796515,0.8398718461949128,0.8398718461949128,0.3594873847796515
0.6619382981085934,0.8309691490542968,0.3238765962171868,0.8309691490542968,0.6619382981085934,0.49290744716289014
0.6619382981085934,0.8309691490542968,0.3238765962171868,0.8309691490542968,0.49290744716289014,0.6619382981085934
0.6797436923898257,0.8398718461949128,0.3594873847796515,0.8398718461949128,0.3594873847796515,0.8398718461949128
0.7082700170042109,0.8541350085021054,0.41654003400842177,0.8541350085021054,0.2706750425105272,1.0
0.6876524762227879,0.8438262381113939,0.3753049524455758,0.6876524762227879,1.0,0.3753049524455758
0.6619382981085934,0.8309691490542968,0.3238765962171868,0.6619382981085934,0.8309691490542968,0.49290744716289014
0.6518446880886044,0.8259223440443022,0.3036893761772087,0.6518446880886044,0.6518446880886044,0.6518446880886044
0.6619382981085934,0.8309691490542968,0.3238765962171868,0.6619382981085934,0.49290744716289003,0.8309691490542968
0.6876524762227879,0.8438262381113939,0.3753049524455758,0.6876524762227879,0.3753049524455758,1.0
0.6797436923898257,0.8398718461949128,0.3594873847796515,0.5196155385847385,1.0,0.5196155385847385
0.6619382981085934,0.8309691490542968,0.3238765962171868,0.49290744716289003,0.8309691490542968,0.6619382981085934
0.6619382981085934,0.8309691490542968,0.3238765962171868,0.49290744716289003,0.6619382981085934,0.8309691490542968
0.6797436923898257,0.8398718461949128,0.3594873847796515,0.5196155385847385,0.5196155385847385,1.0
0.6876524762227879,0.8438262381113939,0.3753049524455758,0.3753049524455758,1.0,0.6876524762227879
0.6797436923898257,0.8398718461949128,0.3594873847796515,0.3594873847796515,0.8398718461949128,0.8398718461949128
0.6876524762227879,0.8438262381113939,0.3753049524455758,0.3753049524455758,0.6876524762227879,1.0
0.7082700170042109,0.8541350085021054,0.41654003400842177,0.2706750425105272,1.0,0.8541350085021054
0.7082700170042109,0.8541350085021054,0.41654003400842177,0.2706750425105272,0.8541350085021054,1.0
0.7350935285869913,0.8675467642934956,0.47018705717398246,0.20528058576097374,1.0,1.0
0.7303200550147031,0.8651600275073515,0.32580013753675785,1.0,1.0,0.32580013753675785
0.7082700170042109,0.8541350085021054,0.2706750425105272,1.0,0.8541350085021054,0.41654003400842177
0.6950028593347907,0.8475014296673953,0.23750714833697661,1.0,0.6950028593347907,0.5425042890021861
0.6950028593347907,0.8475014296673953,0.23750714833697661,1.0,0.5425042890021861,0.6950028593347907
0.7082700170042109,0.8541350085021054,0.2706750425105272,1.0,0.41654003400842177,0.8541350085021054
0.7303200550147031,0.8651600275073515,0.32580013753675785,1.0,0.32580013753675785,1.0
0.7082700170042109,0.8541350085021054,0.2706750425105272,0.8541350085021054,1.0,0.41654003400842177
0.6876524762227878,0.8438262381113939,0.2191311905569696,0.8438262381113939,0.8438262381113939,0.5314787143341818
0.6797436923898257,0.8398718461949128,0.19935923097456432,0.8398718461949128,0.6797436923898257,0.6797436923898257
0.6876524762227879,0.8438262381113939,0.21913119055696972,0.8438262381113939,0.5314787143341819,0.8438262381113939
0.7082700170042109,0.8541350085021054,0.2706750425105272,0.8541350085021054,0.41654003400842177,1.0
0.6950028593347907,0.8475014296673953,0.23750714833697661,0.6950028593347907,1.0,0.5425042890021861
0.6797436923898257,0.8398718461949128,0.19935923097456432,0.6797436923898257,0.8398718461949128,0.6797436923898257
0.6797436923898257,0.8398718461949128,0.19935923097456432,0.6797436923898257,0.6797436923898257,0.8398718461949128
0.6950028593347907,0.8475014296673953,0.23750714833697661,0.6950028593347907,0.5425042890021861,1.0
0.6950028593347907,0.8475014296673953,0.23750714833697661,0.5425042890021861,1.0,0.6950028593347907
0.6876524762227878,0.8438262381113939,0.2191311905569696,0.5314787143341818,0.8438262381113939,0.8438262381113939
0.6950028593347907,0.8475014296673953,0.23750714833697661,0.5425042890021861,0.6950028593347907,1.0
0.7082700170042109,0.8541350085021054,0.2706750425105272,0.41654003400842177,1.0,0.8541350085021054
0.7082700170042109,0.8541350085021054,0.2706750425105272,0.41654003400842177,0.8541350085021054,1.0
0.7303200550147031,0.8651600275073515,0.32580013753675785,0.32580013753675785,1.0,1.0
0.7350935285869913,0.8675467642934956,0.20528058576097374,1.0,1.0,0.47018705717398246
0.7199439831943981,0.8599719915971991,0.15983194958319413,1.0,0.8599719915971991,0.5799159747915971
0.7142857142857143,0.8571428571428572,0.1428571428571429,1.0,0.7142857142857143,0.7142857142857143
0.7199439831943981,0.8599719915971991,0.15983194958319413,1.0,0.5799159747915971,0.8599719915971991
0.7350935285869913,0.8675467642934956,0.20528058576097374,1.0,0.47018705717398246,1.0
0.7199439831943981,0.8599719915971991,0.15983194958319413,0.8599719915971991,1.0,0.5799159747915971
0.7082700170042109,0.8541350085021054,0.12481005101263265,0.8541350085021054,0.8541350085021054,0.7082700170042109
0.7082700170042109,0.8541350085021054,0.12481005101263265,0.8541350085021054,0.7082700170042109,0.8541350085021054
0.7199439831943981,0.8599719915971991,0.15983194958319413,0.8599719915971991,0.5799159747915971,1.0
0.7142857142857143,0.8571428571428572,0.1428571428571429,0.7142857142857143,1.0,0.7142857142857143
0.7082700170042109,0.8541350085021054,0.12481005101263265,0.7082700170042109,0.8541350085021054,0.8541350085021054
0.7142857142857143,0.8571428571428572,0.1428571428571429,0.7142857142857143,0.7142857142857143,1.0
0.7199439831943981,0.8599719915971991,0.15983194958319413,0.5799159747915971,1.0,0.8599719915971991
0.7199439831943981,0.8599719915971991,0.15983194958319413,0.5799159747915971,0.8599719915971991,1.0
0.7350935285869913,0.8675467642934956,0.20528058576097374,0.47018705717398246,1.0,1.0
0.7480236846605152,0.8740118423302576,0.11808289631180313,1.0,1.0,0.6220355269907727
0.7396221780383523,0.8698110890191761,0.08867762313423289,1.0,0.8698110890191761,0.7396221780383523
0.7396221780383523,0.8698110890191761,0.08867762313423289,1.0,0.7396221780383523,0.8698110890191761
0.7480236846605152,0.8740118423302576,0.11808289631180313,1.0,0.6220355269907727,1.0
0.7396221780383523,0.8698110890191761,0.08867762313423289,0.8698110890191761,1.0,0.7396221780383523
0.7350935285869912,0.8675467642934955,0.07282735005446928,0.8675467642934955,0.8675467642934955,0.8675467642934955
0.7396221780383523,0.8698110890191761,0.08867762313423289,0.8698110890191761,0.7396221780383523,1.0
0.7396221780383523,0.8698110890191761,0.08867762313423289,0.7396221780383523,1.0,0.8698110890191761
0.7396221780383523,0.8698110890191761,0.08867762313423289,0.7396221780383523,0.8698110890191761,1.0
0.7480236846605152,0.8740118423302576,0.11808289631180313,0.6220355269907727,1.0,1.0
0.7659177056077389,0.8829588528038694,0.06367082243095556,1.0,1.0,0.7659177056077389
0.7626436683612293,0.8813218341806146,0.05057467344491717,1.0,0.8813218341806146,0.8813218341806146
0.7659177056077389,0.8829588528038694,0.06367082243095556,1.0,0.7659177056077389,1.0
0.7626436683612293,0.8813218341806146,0.05057467344491717,0.8813218341806146,1.0,0.8813218341806146
0.7626436683612293,0.8813218341806146,0.05057467344491717,0.8813218341806146,0.8813218341806146,1.0
0.7659177056077389,0.8829588528038694,0.06367082243095556,0.7659177056077389,1.0,1.0
0.7855774930324411,0.8927887465162205,0.03509871864598457,1.0,1.0,0.8927887465162205
0.7855774930324411,0.8927887465162205,0.03509871864598457,1.0,0.8927887465162205,1.0
0.7855774930324411,0.8927887465162205,0.03509871864598457,0.8927887465162205,1.0,1.0
0.8048199854102933,0.9024099927051467,0.024099927051466796,1.0,1.0,1.0
0.7880004239987279,0.7880004239987279,1.0,1.0,1.0,0.04600190799427606
0.7659177056077389,0.7659177056077389,1.0,1.0,0.8829588528038694,0.06367082243095556
0.7439262401342079,0.7439262401342079,1.0,1.0,0.7439262401342079,0.10374184046972812
0.725278872102622,0.725278872102622,1.0,1.0,0.587918308153933,0.17583661630786596
0.7142857142857143,0.7142857142857143,1.0,1.0,0.4285714285714286,0.2857142857142858
0.7142857142857143,0.7142857142857143,1.0,1.0,0.2857142857142858,0.4285714285714286
0.725278872102622,0.725278872102622,1.0,1.0,0.17583661630786596,0.587918308153933
0.743926240134208,0.743926240134208,1.0,1.0,0.10374184046972834,0.743926240134208
0.7659177056077389,0.7659177056077389,1.0,1.0,0.06367082243095556,0.8829588528038694
0.7880004239987279,0.7880004239987279,1.0,1.0,0.04600190799427606,1.0
0.7659177056077389,0.7659177056077389,1.0,0.8829588528038694,1.0,0.06367082243095556
0.7396221780383523,0.7396221780383523,1.0,0.8698110890191761,0.8698110890191761,0.08867762313423289
0.7142857142857143,0.7142857142857143,1.0,0.8571428571428572,0.7142857142857143,0.1428571428571429
0.6950028593347907,0.6950028593347907,1.0,0.8475014296673953,0.5425042890021861,0.23750714833697661
0.6876524762227879,0.6876524762227879,1.0,0.8438262381113939,0.3753049524455758,0.3753049524455758
0.6950028593347907,0.6950028593347907,1.0,0.8475014296673953,0.23750714833697661,0.5425042890021861
0.7142857142857143,0.7142857142857143,1.0,0.8571428571428572,0.1428571428571429,0.7142857142857143
0.7396221780383523,0.7396221780383523,1.0,0.8698110890191761,0.08867762313423289,0.8698110890191761
0.7659177056077389,0.7659177056077389,1.0,0.8829588528038694,0.06367082243095556,1.0
0.7439262401342079,0.7439262401342079,1.0,0.7439262401342079,1.0,0.10374184046972812
0.7142857142857143,0.7142857142857143,1.0,0.7142857142857143,0.8571428571428572,0.1428571428571429
0.6876524762227878,0.6876524762227878,1.0,0.6876524762227878,0.6876524762227878,0.2191311905569696
0.6712020253892854,0.6712020253892854,1.0,0.6712020253892854,0.5068030380839281,0.34240405077857083
0.6712020253892854,0.6712020253892854,1.0,0.6712020253892854,0.34240405077857083,0.5068030380839281
0.6876524762227878,0.6876524762227878,1.0,0.6876524762227878,0.2191311905569696,0.6876524762227878
0.7142857142857142,0.7142857142857142,1.0,0.7142857142857142,0.1428571428571428,0.8571428571428571
0.7439262401342079,0.7439262401342079,1.0,0.7439262401342079,0.10374184046972812,1.0
0.725278872102622,0.725278872102622,1.0,0.587918308153933,1.0,0.17583661630786596
0.6950028593347907,0.6950028593347907,1.0,0.5425042890021861,0.8475014296673953,0.23750714833697661
0.6712020253892854,0.6712020253892854,1.0,0.5068030380839281,0.6712020253892854,0.34240405077857083
0.6619382981085933,0.6619382981085933,1.0,0.49290744716289003,0.49290744716289003,0.49290744716289003
0.6712020253892854,0.6712020253892854,1.0,0.5068030380839281,0.34240405077857083,0.6712020253892854
0.6950028593347907,0.6950028593347907,1.0,0.5425042890021861,0.23750714833697661,0.8475014296673953
0.725278872102622,0.725278872102622,1.0,0.587918308153933,0.17583661630786596,1.0
0.7142857142857143,0.7142857142857143,1.0,0.4285714285714286,1.0,0.2857142857142858
0.6876524762227878,0.6876524762227878,1.0,0.3753049524455757,0.8438262381113939,0.3753049524455757
0.6712020253892854,0.6712020253892854,1.0,0.34240405077857083,0.6712020253892854,0.5068030380839281
0.6712020253892854,0.6712020253892854,1.0,0.34240405077857083,0.5068030380839281,0.6712020253892854
0.6876524762227878,0.6876524762227878,1.0,0.3753049524455757,0.3753049524455757,0.8438262381113939
0.7142857142857143,0.7142857142857143,1.0,0.4285714285714286,0.2857142857142858,1.0
0.7142857142857143,0.7142857142857143,1.0,0.2857142857142858,1.0,0.4285714285714286
0.6950028593347907,0.6950028593347907,1.0,0.23750714833697661,0.8475014296673953,0.5425042890021861
0.6876524762227878,0.6876524762227878,1.0,0.2191311905569696,0.6876524762227878,0.6876524762227878
0.6950028593347907,0.6950028593347907,1.0,0.23750714833697661,0.5425042890021861,0.8475014296673953
0.7142857142857143,0.7142857142857143,1.0,0.2857142857142858,0.4285714285714286,1.0
0.725278872102622,0.725278872102622,1.0,0.17583661630786596,1.0,0.587918308153933
0.7142857142857143,0.7142857142857143,1.0,0.1428571428571429,0.8571428571428572,0.7142857142857143
0.7142857142857143,0.7142857142857143,1.0,0.1428571428571429,0.7142857142857143,0.8571428571428572
0.725278872102622,0.725278872102622,1.0,0.17583661630786596,0.587918308153933,1.0
0.743926240134208,0.743926240134208,1.0,0.10374184046972834,1.0,0.743926240134208
0.7396221780383523,0.7396221780383523,1.0,0.08867762313423289,0.8698110890191761,0.8698110890191761
0.743926240134208,0.743926240134208,1.0,0.10374184046972834,0.743926240134208,1.0
0.7659177056077389,0.7659177056077389,1.0,0.06367082243095556,1.0,0.8829588528038694
0.7659177056077389,0.7659177056077389,1.0,0.06367082243095556,0.8829588528038694,1.0
0.7880004239987279,0.7880004239987279,1.0,0.04600190799427606,1.0,1.0
0.7659177056077389,0.7659177056077389,0.8829588528038694,1.0,1.0,0.06367082243095556
0.7396221780383523,0.7396221780383523,0.8698110890191761,1.0,0.8698110890191761,0.08867762313423289
0.7142857142857143,0.7142857142857143,0.8571428571428572,1.0,0.7142857142857143,0.1428571428571429
0.6950028593347907,0.6950028593347907,0.8475014296673953,1.0,0.5425042890021861,0.23750714833697661
0.6876524762227879,0.6876524762227879,0.8438262381113939,1.0,0.3753049524455758,0.3753049524455758
0.6950028593347907,0.6950028593347907,0.8475014296673953,1.0,0.23750714833697661,0.5425042890021861
0.7142857142857143,0.7142857142857143,0.8571428571428572,1.0,0.1428571428571429,0.7142857142857143
0.7396221780383523,0.7396221780383523,0.8698110890191761,1.0,0.08867762313423289,0.8698110890191761
0.7659177056077389,0.7659177056077389,0.8829588528038694,1.0,0.06367082243095556,1.0
0.7396221780383523,0.7396221780383523,0.8698110890191761,0.8698110890191761,1.0,0.08867762313423289
0.7082700170042109,0.7082700170042109,0.8541350085021054,0.8541350085021054,0.8541350085021054,0.12481005101263265
0.6797436923898257,0.6797436923898257,0.8398718461949128,0.8398718461949128,0.6797436923898257,0.19935923097456432
0.6619382981085934,0.6619382981085934,0.8309691490542968,0.8309691490542968,0.49290744716289003,0.3238765962171868
0.6619382981085933,0.6619382981085933,0.8309691490542966,0.8309691490542966,0.3238765962171867,0.49290744716289003
0.6797436923898257,0.6797436923898257,0.8398718461949128,0.8398718461949128,0.19935923097456432,0.6797436923898257
0.7082700170042109,0.7082700170042109,0.8541350085021054,0.8541350085021054,0.12481005101263265,0.8541350085021054
0.7396221780383523,0.7396221780383523,0.8698110890191761,0.8698110890191761,0.08867762313423289,1.0
0.7142857142857143,0.7142857142857143,0.8571428571428572,0.7142857142857143,1.0,0.1428571428571429
0.6797436923898257,0.6797436923898257,0.8398718461949128,0.6797436923898257,0.8398718461949128,0.19935923097456432
0.6518446880886044,0.6518446880886044,0.8259223440443022,0.6518446880886044,0.6518446880886044,0.3036893761772087
0.6407893959464501,0.6407893959464501,0.8203946979732251,0.6407893959464501,0.4611840939196753,0.4611840939196753
0.6518446880886044,0.6518446880886044,0.8259223440443022,0.6518446880886044,0.3036893761772087,0.6518446880886044
0.6797436923898257,0.6797436923898257,0.8398718461949128,0.6797436923898257,0.19935923097456432,0.8398718461949128
0.7142857142857143,0.7142857142857143,0.8571428571428572,0.7142857142857143,0.1428571428571429,1.0
0.6950028593347907,0.6950028593347907,0.8475014296673953,0.5425042890021861,1.0,0.23750714833697661
0.6619382981085934,0.6619382981085934,0.8309691490542968,0.49290744716289003,0.8309691490542968,0.3238765962171868
0.6407893959464502,0.6407893959464502,0.8203946979732251,0.4611840939196753,0.6407893959464502,0.4611840939196753
0.6407893959464502,0.6407893959464502,0.8203946979732251,0.4611840939196753,0.4611840939196753,0.6407893959464502
0.6619382981085934,0.6619382981085934,0.8309691490542968,0.49290744716289003,0.3238765962171868,0.8309691490542968
0.6950028593347907,0.6950028593347907,0.8475014296673953,0.5425042890021861,0.23750714833697661,1.0
0.6876524762227879,0.6876524762227879,0.8438262381113939,0.3753049524455758,1.0,0.3753049524455758
0.6619382981085934,0.6619382981085934,0.8309691490542968,0.3238765962171868,0.8309691490542968,0.49290744716289014
0.6518446880886044,0.6518446880886044,0.8259223440443022,0.3036893761772087,0.6518446880886044,0.6518446880886044
0.6619382981085934,0.6619382981085934,0.8309691490542968,0.3238765962171868,0.49290744716289003,0.8309691490542968
0.6876524762227879,0.6876524762227879,0.8438262381113939,0.3753049524455758,0.3753049524455758,1.0
0.6950028593347907,0.6950028593347907,0.8475014296673953,0.23750714833697661,1.0,0.5425042890021861
0.6797436923898257,0.6797436923898257,0.8398718461949128,0.19935923097456432,0.8398718461949128,0.6797436923898257
0.6797436923898257,0.6797436923898257,0.8398718461949128,0.19935923097456432,0.6797436923898257,0.8398718461949128
0.6950028593347907,0.6950028593347907,0.8475014296673953,0.23750714833697661,0.5425042890021861,1.0
0.7142857142857143,0.7142857142857143,0.8571428571428572,0.1428571428571429,1.0,0.7142857142857143
0.7082700170042109,0.7082700170042109,0.8541350085021054,0.12481005101263265,0.8541350085021054,0.8541350085021054
0.7142857142857143,0.7142857142857143,0.8571428571428572,0.1428571428571429,0.7142857142857143,1.0
0.7396221780383523,0.7396221780383523,0.8698110890191761,0.08867762313423289,1.0,0.8698110890191761
0.7396221780383523,0.7396221780383523,0.8698110890191761,0.08867762313423289,0.8698110890191761,1.0
0.7659177056077389,0.7659177056077389,0.8829588528038694,0.06367082243095556,1.0,1.0
0.7439262401342079,0.7439262401342079,0.7439262401342079,1.0,1.0,0.10374184046972812
0.7142857142857143,0.7142857142857143,0.7142857142857143,1.0,0.8571428571428572,0.1428571428571429
0.6876524762227878,0.6876524762227878,0.6876524762227878,1.0,0.6876524762227878,0.2191311905569696
0.6712020253892854,0.6712020253892854,0.6712020253892854,1.0,0.5068030380839281,0.34240405077857083
0.6712020253892854,0.6712020253892854,0.6712020253892854,1.0,0.34240405077857083,0.5068030380839281
0.6876524762227878,0.6876524762227878,0.6876524762227878,1.0,0.2191311905569696,0.6876524762227878
0.7142857142857142,0.7142857142857142,0.7142857142857142,1.0,0.1428571428571428,0.8571428571428571
0.7439262401342079,0.7439262401342079,0.7439262401342079,1.0,0.10374184046972812,1.0
0.7142857142857143,0.7142857142857143,0.7142857142857143,0.8571428571428572,1.0,0.1428571428571429
0.6797436923898257,0.6797436923898257,0.6797436923898257,0.8398718461949128,0.8398718461949128,0.19935923097456432
0.6518446880886044,0.6518446880886044,0.6518446880886044,0.8259223440443022,0.6518446880886044,0.3036893761772087
0.6407893959464501,0.6407893959464501,0.6407893959464501,0.8203946979732251,0.4611840939196753,0.4611840939196753
0.6518446880886044,0.6518446880886044,0.6518446880886044,0.8259223440443022,0.3036893761772087,0.6518446880886044
0.6797436923898257,0.6797436923898257,0.6797436923898257,0.8398718461949128,0.19935923097456432,0.8398718461949128
0.7142857142857143,0.7142857142857143,0.7142857142857143,0.8571428571428572,0.1428571428571429,1.0
0.6876524762227878,0.6876524762227878,0.6876524762227878,0.6876524762227878,1.0,0.2191311905569696
0.6518446880886044,0.6518446880886044,0.6518446880886044,0.6518446880886044,0.8259223440443022,0.3036893761772087
0.6286093236458963,0.6286093236458963,0.6286093236458963,0.6286093236458963,0.6286093236458963,0.44291398546884453
0.6286093236458963,0.6286093236458963,0.6286093236458963,0.6286093236458963,0.44291398546884453,0.6286093236458963
0.6518446880886044,0.6518446880886044,0.6518446880886044,0.6518446880886044,0.3036893761772087,0.8259223440443022
0.6876524762227878,0.6876524762227878,0.6876524762227878,0.6876524762227878,0.2191311905569696,1.0
0.6712020253892854,0.6712020253892854,0.6712020253892854,0.5068030380839281,1.0,0.34240405077857083
0.6407893959464501,0.6407893959464501,0.6407893959464501,0.4611840939196753,0.8203946979732251,0.4611840939196753
0.6286093236458963,0.6286093236458963,0.6286093236458963,0.4429139854688444,0.6286093236458963,0.6286093236458963
0.6407893959464502,0.6407893959464502,0.6407893959464502,0.4611840939196753,0.4611840939196753,0.8203946979732251
0.6712020253892854,0.6712020253892854,0.6712020253892854,0.5068030380839281,0.34240405077857083,1.0
0.6712020253892854,0.6712020253892854,0.6712020253892854,0.34240405077857083,1.0,0.5068030380839281
0.6518446880886044,0.6518446880886044,0.6518446880886044,0.3036893761772087,0.8259223440443022,0.6518446880886044
0.6518446880886044,0.6518446880886044,0.6518446880886044,0.3036893761772087,0.6518446880886044,0.8259223440443022
0.6712020253892854,0.6712020253892854,0.6712020253892854,0.34240405077857083,0.5068030380839281,1.0
0.6876524762227878,0.6876524762227878,0.6876524762227878,0.2191311905569696,1.0,0.6876524762227878
0.6797436923898257,0.6797436923898257,0.6797436923898257,0.19935923097456432,0.8398718461949128,0.8398718461949128
0.6876524762227878,0.6876524762227878,0.6876524762227878,0.2191311905569696,0.6876524762227878,1.0
0.7142857142857142,0.7142857142857142,0.7142857142857142,0.1428571428571428,1.0,0.8571428571428571
0.7142857142857142,0.7142857142857142,0.7142857142857142,0.1428571428571428,0.8571428571428571,1.0
0.7439262401342079,0.7439262401342079,0.7439262401342079,0.10374184046972812,1.0,1.0
0.725278872102622,0.725278872102622,0.587918308153933,1.0,1.0,0.17583661630786596
0.6950028593347907,0.6950028593347907,0.5425042890021861,1.0,0.8475014296673953,0.23750714833697661
0.6712020253892854,0.6712020253892854,0.5068030380839281,1.0,0.6712020253892854,0.34240405077857083
0.6619382981085933,0.6619382981085933,0.49290744716289003,1.0,0.49290744716289003,0.49290744716289003
0.6712020253892854,0.6712020253892854,0.5068030380839281,1.0,0.34240405077857083,0.6712020253892854
0.6950028593347907,0.6950028593347907,0.5425042890021861,1.0,0.23750714833697661,0.8475014296673953
0.725278872102622,0.725278872102622,0.587918308153933,1.0,0.17583661630786596,1.0
0.6950028593347907,0.6950028593347907,0.5425042890021861,0.8475014296673953,1.0,0.23750714833697661
0.6619382981085934,0.6619382981085934,0.49290744716289003,0.8309691490542968,0.8309691490542968,0.3238765962171868
0.6407893959464502,0.6407893959464502,0.4611840939196753,0.8203946979732251,0.6407893959464502,0.4611840939196753
0.6407893959464502,0.6407893959464502,0.4611840939196753,0.8203946979732251,0.4611840939196753,0.6407893959464502
0.6619382981085934,0.6619382981085934,0.49290744716289003,0.8309691490542968,0.3238765962171868,0.8309691490542968
0.6950028593347907,0.6950028593347907,0.5425042890021861,0.8475014296673953,0.23750714833697661,1.0
0.6712020253892854,0.6712020253892854,0.5068030380839281,0.6712020253892854,1.0,0.34240405077857083
0.6407893959464502,0.6407893959464502,0.4611840939196753,0.6407893959464502,0.8203946979732251,0.4611840939196753
0.6286093236458963,0.6286093236458963,0.44291398546884453,0.6286093236458963,0.6286093236458963,0.6286093236458963
0.6407893959464502,0.6407893959464502,0.4611840939196753,0.6407893959464502,0.4611840939196753,0.8203946979732251
0.6712020253892854,0.6712020253892854,0.5068030380839281,0.6712020253892854,0.34240405077857083,1.0
0.6619382981085933,0.6619382981085933,0.49290744716289003,0.49290744716289003,1.0,0.49290744716289003
0.6407893959464502,0.6407893959464502,0.4611840939196753,0.4611840939196753,0.8203946979732251,0.6407893959464502
0.6407893959464502,0.6407893959464502,0.4611840939196753,0.4611840939196753,0.6407893959464502,0.8203946979732251
0.6619382981085933,0.6619382981085933,0.49290744716289003,0.49290744716289003,0.49290744716289003,1.0
0.6712020253892854,0.6712020253892854,0.5068030380839281,0.34240405077857083,1.0,0.6712020253892854
0.6619382981085934,0.6619382981085934,0.49290744716289003,0.3238765962171868,0.8309691490542968,0.8309691490542968
0.6712020253892854,0.6712020253892854,0.5068030380839281,0.34240405077857083,0.6712020253892854,1.0
0.6950028593347907,0.6950028593347907,0.5425042890021861,0.23750714833697661,1.0,0.8475014296673953
0.6950028593347907,0.6950028593347907,0.5425042890021861,0.23750714833697661,0.8475014296673953,1.0
0.725278872102622,0.725278872102622,0.587918308153933,0.17583661630786596,1.0,1.0
0.7142857142857143,0.7142857142857143,0.4285714285714286,1.0,1.0,0.2857142857142858
0.6876524762227878,0.6876524762227878,0.3753049524455757,1.0,0.8438262381113939,0.3753049524455757
0.6712020253892854,0.6712020253892854,0.34240405077857083,1.0,0.6712020253892854,0.5068030380839281
0.6712020253892854,0.6712020253892854,0.34240405077857083,1.0,0.5068030380839281,0.6712020253892854
0.6876524762227878,0.6876524762227878,0.3753049524455757,1.0,0.3753049524455757,0.8438262381113939
0.7142857142857143,0.7142857142857143,0.4285714285714286,1.0,0.2857142857142858,1.0
0.6876524762227878,0.6876524762227878,0.3753049524455757,0.8438262381113939,1.0,0.3753049524455757
0.6619382981085933,0.6619382981085933,0.3238765962171867,0.8309691490542966,0.8309691490542966,0.49290744716289003
0.6518446880886044,0.6518446880886044,0.3036893761772087,0.8259223440443022,0.6518446880886044,0.6518446880886044
0.6619382981085934,0.6619382981085934,0.3238765962171868,0.8309691490542968,0.49290744716289003,0.8309691490542968
0.6876524762227878,0.6876524762227878,0.3753049524455757,0.8438262381113939,0.3753049524455757,1.0
0.6712020253892854,0.6712020253892854,0.34240405077857083,0.6712020253892854,1.0,0.5068030380839281
0.6518446880886044,0.6518446880886044,0.3036893761772087,0.6518446880886044,0.8259223440443022,0.6518446880886044
0.6518446880886044,0.6518446880886044,0.3036893761772087,0.6518446880886044,0.6518446880886044,0.8259223440443022
0.6712020253892854,0.6712020253892854,0.34240405077857083,0.6712020253892854,0.5068030380839281,1.0
0.6712020253892854,0.6712020253892854,0.34240405077857083,0.5068030380839281,1.0,0.6712020253892854
0.6619382981085933,0.6619382981085933,0.3238765962171867,0.49290744716289003,0.8309691490542966,0.8309691490542966
0.6712020253892854,0.6712020253892854,0.34240405077857083,0.5068030380839281,0.6712020253892854,1.0
0.6876524762227878,0.6876524762227878,0.3753049524455757,0.3753049524455757,1.0,0.8438262381113939
0.6876524762227878,0.6876524762227878,0.3753049524455757,0.3753049524455757,0.8438262381113939,1.0
0.7142857142857143,0.7142857142857143,0.4285714285714286,0.2857142857142858,1.0,1.0
0.7142857142857143,0.7142857142857143,0.2857142857142858,1.0,1.0,0.4285714285714286
0.6950028593347907,0.6950028593347907,0.23750714833697661,1.0,0.8475014296673953,0.5425042890021861
0.6876524762227878,0.6876524762227878,0.2191311905569696,1.0,0.6876524762227878,0.6876524762227878
0.6950028593347907,0.6950028593347907,0.23750714833697661,1.0,0.5425042890021861,0.8475014296673953
0.7142857142857143,0.7142857142857143,0.2857142857142858,1.0,0.4285714285714286,1.0
0.6950028593347907,0.6950028593347907,0.23750714833697661,0.8475014296673953,1.0,0.5425042890021861
0.6797436923898257,0.6797436923898257,0.19935923097456432,0.8398718461949128,0.8398718461949128,0.6797436923898257
0.6797436923898257,0.6797436923898257,0.19935923097456432,0.8398718461949128,0.6797436923898257,0.8398718461949128
0.6950028593347907,0.6950028593347907,0.23750714833697661,0.8475014296673953,0.5425042890021861,1.0
0.6876524762227878,0.6876524762227878,0.2191311905569696,0.6876524762227878,1.0,0.6876524762227878
0.6797436923898257,0.6797436923898257,0.19935923097456432,0.6797436923898257,0.8398718461949128,0.8398718461949128
0.6876524762227878,0.6876524762227878,0.2191311905569696,0.6876524762227878,0.6876524762227878,1.0
0.6950028593347907,0.6950028593347907,0.23750714833697661,0.5425042890021861,1.0,0.8475014296673953
0.6950028593347907,0.6950028593347907,0.23750714833697661,0.5425042890021861,0.8475014296673953,1.0
0.7142857142857143,0.7142857142857143,0.2857142857142858,0.4285714285714286,1.0,1.0
0.725278872102622,0.725278872102622,0.17583661630786596,1.0,1.0,0.587918308153933
0.7142857142857143,0.7142857142857143,0.1428571428571429,1.0,0.8571428571428572,0.7142857142857143
0.7142857142857143,0.7142857142857143,0.1428571428571429,1.0,0.7142857142857143,0.8571428571428572
0.725278872102622,0.725278872102622,0.17583661630786596,1.0,0.587918308153933,1.0
0.7142857142857143,0.7142857142857143,0.1428571428571429,0.8571428571428572,1.0,0.7142857142857143
0.7082700170042109,0.7082700170042109,0.12481005101263265,0.8541350085021054,0.8541350085021054,0.8541350085021054
0.7142857142857143,0.7142857142857143,0.1428571428571429,0.8571428571428572,0.7142857142857143,1.0
0.7142857142857143,0.7142857142857143,0.1428571428571429,0.7142857142857143,1.0,0.8571428571428572
0.7142857142857143,0.7142857142857143,0.1428571428571429,0.7142857142857143,0.8571428571428572,1.0
0.725278872102622,0.725278872102622,0.17583661630786596,0.587918308153933,1.0,1.0
0.743926240134208,0.743926240134208,0.10374184046972834,1.0,1.0,0.743926240134208
0.7396221780383523,0.7396221780383523,0.08867762313423289,1.0,0.8698110890191761,0.8698110890191761
0.743926240134208,0.743926240134208,0.10374184046972834,1.0,0.743926240134208,1.0
0.7396221780383523,0.7396221780383523,0.08867762313423289,0.8698110890191761,1.0,0.8698110890191761
0.7396221780383523,0.7396221780383523,0.08867762313423289,0.8698110890191761,0.8698110890191761,1.0
0.743926240134208,0.743926240134208,0.10374184046972834,0.743926240134208,1.0,1.0
0.7659177056077389,0.7659177056077389,0.06367082243095556,1.0,1.0,0.8829588528038694
0.7659177056077389,0.7659177056077389,0.06367082243095556,1.0,0.8829588528038694,1.0
0.7659177056077389,0.7659177056077389,0.06367082243095556,0.8829588528038694,1.0,1.0
0.7880004239987279,0.7880004239987279,0.04600190799427606,1.0,1.0,1.0
0.772078847080724,0.6581182706210862,1.0,1.0,1.0,0.08831538832289643
0.7480236846605152,0.6220355269907727,1.0,1.0,0.8740118423302576,0.11808289631180313
0.725278872102622,0.587918308153933,1.0,1.0,0.725278872102622,0.17583661630786596
0.7082700170042109,0.5624050255063163,1.0,1.0,0.5624050255063163,0.2706750425105272
0.7018576030000281,0.552786404500042,1.0,1.0,0.40371520600005606,0.40371520600005606
0.7082700170042109,0.5624050255063163,1.0,1.0,0.2706750425105272,0.5624050255063163
0.725278872102622,0.587918308153933,1.0,1.0,0.17583661630786596,0.725278872102622
0.7480236846605152,0.6220355269907727,1.0,1.0,0.11808289631180313,0.8740118423302576
0.772078847080724,0.6581182706210862,1.0,1.0,0.08831538832289643,1.0
0.7480236846605152,0.6220355269907727,1.0,0.8740118423302576,1.0,0.11808289631180313
0.7199439831943981,0.5799159747915971,1.0,0.8599719915971991,0.8599719915971991,0.15983194958319413
0.6950028593347907,0.5425042890021861,1.0,0.8475014296673953,0.6950028593347907,0.23750714833697661
0.6797436923898257,0.5196155385847385,1.0,0.8398718461949128,0.5196155385847385,0.3594873847796515
0.6797436923898257,0.5196155385847385,1.0,0.8398718461949128,0.3594873847796515,0.5196155385847385
0.6950028593347907,0.5425042890021861,1.0,0.8475014296673953,0.23750714833697661,0.6950028593347907
0.7199439831943981,0.5799159747915971,1.0,0.8599719915971991,0.15983194958319413,0.8599719915971991
0.7480236846605152,0.6220355269907727,1.0,0.8740118423302576,0.11808289631180313,1.0
0.725278872102622,0.587918308153933,1.0,0.725278872102622,1.0,0.17583661630786596
0.6950028593347907,0.5425042890021861,1.0,0.6950028593347907,0.8475014296673953,0.23750714833697661
0.6712020253892854,0.5068030380839281,1.0,0.6712020253892854,0.6712020253892854,0.34240405077857083
0.6619382981085933,0.49290744716289003,1.0,0.6619382981085933,0.49290744716289003,0.49290744716289003
0.6712020253892854,0.5068030380839281,1.0,0.6712020253892854,0.34240405077857083,0.6712020253892854
0.6950028593347907,0.5425042890021861,1.0,0.6950028593347907,0.23750714833697661,0.8475014296673953
0.725278872102622,0.587918308153933,1.0,0.725278872102622,0.17583661630786596,1.0
0.7082700170042109,0.5624050255063163,1.0,0.5624050255063163,1.0,0.2706750425105272
0.6797436923898257,0.5196155385847385,1.0,0.5196155385847385,0.8398718461949128,0.3594873847796515
0.6619382981085933,0.49290744716289003,1.0,0.49290744716289003,0.6619382981085933,0.49290744716289003
0.6619382981085933,0.49290744716289003,1.0,0.49290744716289003,0.49290744716289003,0.6619382981085933
0.6797436923898257,0.5196155385847385,1.0,0.5196155385847385,0.3594873847796515,0.8398718461949128
0.7082700170042109,0.5624050255063163,1.0,0.5624050255063163,0.2706750425105272,1.0
0.7018576030000281,0.552786404500042,1.0,0.40371520600005606,1.0,0.40371520600005606
0.6797436923898257,0.5196155385847385,1.0,0.3594873847796515,0.8398718461949128,0.5196155385847385
0.6712020253892854,0.5068030380839281,1.0,0.34240405077857083,0.6712020253892854,0.6712020253892854
0.6797436923898257,0.5196155385847385,1.0,0.3594873847796515,0.5196155385847385,0.8398718461949128
0.7018576030000281,0.552786404500042,1.0,0.40371520600005606,0.40371520600005606,1.0
0.7082700170042109,0.5624050255063163,1.0,0.2706750425105272,1.0,0.5624050255063163
0.6950028593347907,0.5425042890021861,1.0,0.23750714833697661,0.8475014296673953,0.6950028593347907
0.6950028593347907,0.5425042890021861,1.0,0.23750714833697661,0.6950028593347907,0.8475014296673953
0.7082700170042109,0.5624050255063163,1.0,0.2706750425105272,0.5624050255063163,1.0
0.725278872102622,0.587918308153933,1.0,0.17583661630786596,1.0,0.725278872102622
0.719943983194398,0.579915974791597,1.0,0.15983194958319402,0.8599719915971991,0.8599719915971991
0.725278872102622,0.587918308153933,1.0,0.17583661630786596,0.725278872102622,1.0
0.7480236846605152,0.6220355269907727,1.0,0.11808289631180313,1.0,0.8740118423302576
0.7480236846605152,0.6220355269907727,1.0,0.11808289631180313,0.8740118423302576,1.0
0.772078847080724,0.6581182706210862,1.0,0.08831538832289643,1.0,1.0
0.7480236846605152,0.6220355269907727,0.8740118423302576,1.0,1.0,0.11808289631180313
0.7199439831943981,0.5799159747915971,0.8599719915971991,1.0,0.8599719915971991,0.15983194958319413
0.6950028593347907,0.5425042890021861,0.8475014296673953,1.0,0.6950028593347907,0.23750714833697661
0.6797436923898257,0.5196155385847385,0.8398718461949128,1.0,0.5196155385847385,0.3594873847796515
0.6797436923898257,0.5196155385847385,0.8398718461949128,1.0,0.3594873847796515,0.5196155385847385
0.6950028593347907,0.5425042890021861,0.8475014296673953,1.0,0.23750714833697661,0.6950028593347907
0.7199439831943981,0.5799159747915971,0.8599719915971991,1.0,0.15983194958319413,0.8599719915971991
0.7480236846605152,0.6220355269907727,0.8740118423302576,1.0,0.11808289631180313,1.0
0.7199439831943981,0.5799159747915971,0.8599719915971991,0.8599719915971991,1.0,0.15983194958319413
0.6876524762227878,0.5314787143341818,0.8438262381113939,0.8438262381113939,0.8438262381113939,0.2191311905569696
0.6619382981085934,0.49290744716289003,0.8309691490542968,0.8309691490542968,0.6619382981085934,0.3238765962171868
0.6518446880886043,0.4777670321329065,0.8259223440443022,0.8259223440443022,0.4777670321329065,0.4777670321329065
0.6619382981085934,0.49290744716289003,0.8309691490542968,0.8309691490542968,0.3238765962171868,0.6619382981085934
0.6876524762227878,0.5314787143341818,0.8438262381113939,0.8438262381113939,0.2191311905569696,0.8438262381113939
0.7199439831943981,0.5799159747915971,0.8599719915971991,0.8599719915971991,0.15983194958319413,1.0
0.6950028593347907,0.5425042890021861,0.8475014296673953,0.6950028593347907,1.0,0.23750714833697661
0.6619382981085934,0.49290744716289003,0.8309691490542968,0.6619382981085934,0.8309691490542968,0.3238765962171868
0.6407893959464502,0.4611840939196753,0.8203946979732251,0.6407893959464502,0.6407893959464502,0.4611840939196753
0.6407893959464502,0.4611840939196753,0.8203946979732251,0.6407893959464502,0.4611840939196753,0.6407893959464502
0.6619382981085934,0.49290744716289003,0.8309691490542968,0.6619382981085934,0.3238765962171868,0.8309691490542968
0.6950028593347907,0.5425042890021861,0.8475014296673953,0.6950028593347907,0.23750714833697661,1.0
0.6797436923898257,0.5196155385847385,0.8398718461949128,0.5196155385847385,1.0,0.3594873847796515
0.6518446880886044,0.4777670321329065,0.8259223440443022,0.4777670321329065,0.8259223440443022,0.4777670321329065
0.6407893959464502,0.4611840939196753,0.8203946979732251,0.4611840939196753,0.6407893959464502,0.6407893959464502
0.6518446880886044,0.4777670321329065,0.8259223440443022,0.4777670321329065,0.4777670321329065,0.8259223440443022
0.6797436923898257,0.5196155385847385,0.8398718461949128,0.5196155385847385,0.3594873847796515,1.0
0.6797436923898257,0.5196155385847385,0.8398718461949128,0.3594873847796515,1.0,0.5196155385847385
0.6619382981085934,0.49290744716289003,0.8309691490542968,0.3238765962171868,0.8309691490542968,0.6619382981085934
0.6619382981085934,0.49290744716289003,0.8309691490542968,0.3238765962171868,0.6619382981085934,0.8309691490542968
0.6797436923898257,0.5196155385847385,0.8398718461949128,0.3594873847796515,0.5196155385847385,1.0
0.6950028593347907,0.5425042890021861,0.8475014296673953,0.23750714833697661,1.0,0.6950028593347907
0.6876524762227878,0.5314787143341818,0.8438262381113939,0.2191311905569696,0.8438262381113939,0.8438262381113939
0.6950028593347907,0.5425042890021861,0.8475014296673953,0.23750714833697661,0.6950028593347907,1.0
0.7199439831943981,0.5799159747915971,0.8599719915971991,0.15983194958319413,1.0,0.8599719915971991
0.7199439831943981,0.5799159747915971,0.8599719915971991,0.15983194958319413,0.8599719915971991,1.0
0.7480236846605152,0.6220355269907727,0.8740118423302576,0.11808289631180313,1.0,1.0
0.725278872102622,0.587918308153933,0.725278872102622,1.0,1.0,0.17583661630786596
0.6950028593347907,0.5425042890021861,0.6950028593347907,1.0,0.8475014296673953,0.23750714833697661
0.6712020253892854,0.5068030380839281,0.6712020253892854,1.0,0.6712020253892854,0.34240405077857083
0.6619382981085933,0.49290744716289003,0.6619382981085933,1.0,0.49290744716289003,0.49290744716289003
0.6712020253892854,0.5068030380839281,0.6712020253892854,1.0,0.34240405077857083,0.6712020253892854
0.6950028593347907,0.5425042890021861,0.6950028593347907,1.0,0.23750714833697661,0.8475014296673953
0.725278872102622,0.587918308153933,0.725278872102622,1.0,0.17583661630786596,1.0
0.6950028593347907,0.5425042890021861,0.6950028593347907,0.8475014296673953,1.0,0.23750714833697661
0.6619382981085934,0.49290744716289003,0.6619382981085934,0.8309691490542968,0.8309691490542968,0.3238765962171868
0.6407893959464502,0.4611840939196753,0.6407893959464502,0.8203946979732251,0.6407893959464502,0.4611840939196753
0.6407893959464502,0.4611840939196753,0.6407893959464502,0.8203946979732251,0.4611840939196753,0.6407893959464502
0.6619382981085934,0.49290744716289003,0.6619382981085934,0.8309691490542968,0.3238765962171868,0.8309691490542968
0.6950028593347907,0.5425042890021861,0.6950028593347907,0.8475014296673953,0.23750714833697661,1.0
0.6712020253892854,0.5068030380839281,0.6712020253892854,0.6712020253892854,1.0,0.34240405077857083
0.6407893959464502,0.4611840939196753,0.6407893959464502,0.6407893959464502,0.8203946979732251,0.4611840939196753
0.6286093236458963,0.44291398546884453,0.6286093236458963,0.6286093236458963,0.6286093236458963,0.6286093236458963
0.6407893959464502,0.4611840939196753,0.6407893959464502,0.6407893959464502,0.4611840939196753,0.8203946979732251
0.6712020253892854,0.5068030380839281,0.6712020253892854,0.6712020253892854,0.34240405077857083,1.0
0.6619382981085933,0.49290744716289003,0.6619382981085933,0.49290744716289003,1.0,0.49290744716289003
0.6407893959464502,0.4611840939196753,0.6407893959464502,0.4611840939196753,0.8203946979732251,0.6407893959464502
0.6407893959464502,0.4611840939196753,0.6407893959464502,0.4611840939196753,0.6407893959464502,0.8203946979732251
0.6619382981085933,0.49290744716289003,0.6619382981085933,0.49290744716289003,0.49290744716289003,1.0
0.6712020253892854,0.5068030380839281,0.6712020253892854,0.34240405077857083,1.0,0.6712020253892854
0.6619382981085934,0.49290744716289003,0.6619382981085934,0.3238765962171868,0.8309691490542968,0.8309691490542968
0.6712020253892854,0.5068030380839281,0.6712020253892854,0.34240405077857083,0.6712020253892854,1.0
0.6950028593347907,0.5425042890021861,0.6950028593347907,0.23750714833697661,1.0,0.8475014296673953
0.6950028593347907,0.5425042890021861,0.6950028593347907,0.23750714833697661,0.8475014296673953,1.0
0.725278872102622,0.587918308153933,0.725278872102622,0.17583661630786596,1.0,1.0
0.7082700170042109,0.5624050255063163,0.5624050255063163,1.0,1.0,0.2706750425105272
0.6797436923898257,0.5196155385847385,0.5196155385847385,1.0,0.8398718461949128,0.3594873847796515
0.6619382981085933,0.49290744716289003,0.49290744716289003,1.0,0.6619382981085933,0.49290744716289003
0.6619382981085933,0.49290744716289003,0.49290744716289003,1.0,0.49290744716289003,0.6619382981085933
0.6797436923898257,0.5196155385847385,0.5196155385847385,1.0,0.3594873847796515,0.8398718461949128
0.7082700170042109,0.5624050255063163,0.5624050255063163,1.0,0.2706750425105272,1.0
0.6797436923898257,0.5196155385847385,0.5196155385847385,0.8398718461949128,1.0,0.3594873847796515
0.6518446880886043,0.4777670321329065,0.4777670321329065,0.8259223440443022,0.8259223440443022,0.4777670321329065
0.6407893959464502,0.4611840939196753,0.4611840939196753,0.8203946979732251,0.6407893959464502,0.6407893959464502
0.6518446880886044,0.4777670321329065,0.4777670321329065,0.8259223440443022,0.4777670321329065,0.8259223440443022
0.6797436923898257,0.5196155385847385,0.5196155385847385,0.8398718461949128,0.3594873847796515,1.0
0.6619382981085933,0.49290744716289003,0.49290744716289003,0.6619382981085933,1.0,0.49290744716289003
0.6407893959464502,0.4611840939196753,0.4611840939196753,0.6407893959464502,0.8203946979732251,0.6407893959464502
0.6407893959464502,0.4611840939196753,0.4611840939196753,0.6407893959464502,0.6407893959464502,0.8203946979732251
0.6619382981085933,0.49290744716289003,0.49290744716289003,0.6619382981085933,0.49290744716289003,1.0
0.6619382981085933,0.49290744716289003,0.49290744716289003,0.49290744716289003,1.0,0.6619382981085933
0.6518446880886043,0.4777670321329065,0.4777670321329065,0.4777670321329065,0.8259223440443022,0.8259223440443022
0.6619382981085933,0.49290744716289003,0.49290744716289003,0.49290744716289003,0.6619382981085933,1.0
0.6797436923898257,0.5196155385847385,0.5196155385847385,0.3594873847796515,1.0,0.8398718461949128
0.6797436923898257,0.5196155385847385,0.5196155385847385,0.3594873847796515,0.8398718461949128,1.0
0.7082700170042109,0.5624050255063163,0.5624050255063163,0.2706750425105272,1.0,1.0
0.7018576030000281,0.552786404500042,0.40371520600005606,1.0,1.0,0.40371520600005606
0.6797436923898257,0.5196155385847385,0.3594873847796515,1.0,0.8398718461949128,0.5196155385847385
0.6712020253892854,0.5068030380839281,0.34240405077857083,1.0,0.6712020253892854,0.6712020253892854
0.6797436923898257,0.5196155385847385,0.3594873847796515,1.0,0.5196155385847385,0.8398718461949128
0.7018576030000281,0.552786404500042,0.40371520600005606,1.0,0.40371520600005606,1.0
0.6797436923898257,0.5196155385847385,0.3594873847796515,0.8398718461949128,1.0,0.5196155385847385
0.6619382981085934,0.49290744716289003,0.3238765962171868,0.8309691490542968,0.8309691490542968,0.6619382981085934
0.6619382981085934,0.49290744716289003,0.3238765962171868,0.8309691490542968,0.6619382981085934,0.8309691490542968
0.6797436923898257,0.5196155385847385,0.3594873847796515,0.8398718461949128,0.5196155385847385,1.0
0.6712020253892854,0.5068030380839281,0.34240405077857083,0.6712020253892854,1.0,0.6712020253892854
0.6619382981085934,0.49290744716289003,0.3238765962171868,0.6619382981085934,0.8309691490542968,0.8309691490542968
0.6712020253892854,0.5068030380839281,0.34240405077857083,0.6712020253892854,0.6712020253892854,1.0
0.6797436923898257,0.5196155385847385,0.3594873847796515,0.5196155385847385,1.0,0.8398718461949128
0.6797436923898257,0.5196155385847385,0.3594873847796515,0.5196155385847385,0.8398718461949128,1.0
0.7018576030000281,0.552786404500042,0.40371520600005606,0.40371520600005606,1.0,1.0
0.7082700170042109,0.5624050255063163,0.2706750425105272,1.0,1.0,0.5624050255063163
0.6950028593347907,0.5425042890021861,0.23750714833697661,1.0,0.8475014296673953,0.6950028593347907
0.6950028593347907,0.5425042890021861,0.23750714833697661,1.0,0.6950028593347907,0.8475014296673953
0.7082700170042109,0.5624050255063163,0.2706750425105272,1.0,0.5624050255063163,1.0
0.6950028593347907,0.5425042890021861,0.23750714833697661,0.8475014296673953,1.0,0.6950028593347907
0.6876524762227878,0.5314787143341818,0.2191311905569696,0.8438262381113939,0.8438262381113939,0.8438262381113939
0.6950028593347907,0.5425042890021861,0.23750714833697661,0.8475014296673953,0.6950028593347907,1.0
0.6950028593347907,0.5425042890021861,0.23750714833697661,0.6950028593347907,1.0,0.8475014296673953
0.6950028593347907,0.5425042890021861,0.23750714833697661,0.6950028593347907,0.8475014296673953,1.0
0.7082700170042109,0.5624050255063163,0.2706750425105272,0.5624050255063163,1.0,1.0
0.725278872102622,0.587918308153933,0.17583661630786596,1.0,1.0,0.725278872102622
0.719943983194398,0.579915974791597,0.15983194958319402,1.0,0.8599719915971991,0.8599719915971991
0.725278872102622,0.587918308153933,0.17583661630786596,1.0,0.725278872102622,1.0
0.719943983194398,0.579915974791597,0.15983194958319402,0.8599719915971991,1.0,0.8599719915971991
0.719943983194398,0.579915974791597,0.15983194958319402,0.8599719915971991,0.8599719915971991,1.0
0.725278872102622,0.587918308153933,0.17583661630786596,0.725278872102622,1.0,1.0
0.7480236846605152,0.6220355269907727,0.11808289631180313,1.0,1.0,0.8740118423302576
0.7480236846605152,0.6220355269907727,0.11808289631180313,1.0,0.8740118423302576,1.0
0.7480236846605152,0.6220355269907727,0.11808289631180313,0.8740118423302576,1.0,1.0
0.772078847080724,0.6581182706210862,0.08831538832289643,1.0,1.0,1.0
0.7592282938284616,0.5184565876569232,1.0,1.0,1.0,0.15729902839961563
0.7350935285869913,0.47018705717398246,1.0,1.0,0.8675467642934956,0.20528058576097374
0.7142857142857143,0.4285714285714286,1.0,1.0,0.7142857142857143,0.2857142857142858
0.7018576030000281,0.40371520600005606,1.0,1.0,0.552786404500042,0.40371520600005606
0.7018576030000281,0.40371520600005606,1.0,1.0,0.40371520600005606,0.552786404500042
0.7142857142857143,0.4285714285714286,1.0,1.0,0.2857142857142858,0.7142857142857143
0.7350935285869913,0.47018705717398246,1.0,1.0,0.20528058576097374,0.8675467642934956
0.7592282938284616,0.5184565876569232,1.0,1.0,0.15729902839961563,1.0
0.7350935285869913,0.47018705717398246,1.0,0.8675467642934956,1.0,0.20528058576097374
0.7082700170042109,0.41654003400842177,1.0,0.8541350085021054,0.8541350085021054,0.2706750425105272
0.6876524762227879,0.3753049524455758,1.0,0.8438262381113939,0.6876524762227879,0.3753049524455758
0.6797436923898257,0.3594873847796515,1.0,0.8398718461949128,0.5196155385847385,0.5196155385847385
0.6876524762227879,0.3753049524455758,1.0,0.8438262381113939,0.3753049524455758,0.6876524762227879
0.7082700170042109,0.41654003400842177,1.0,0.8541350085021054,0.2706750425105272,0.8541350085021054
0.7350935285869913,0.47018705717398246,1.0,0.8675467642934956,0.20528058576097374,1.0
0.7142857142857143,0.4285714285714286,1.0,0.7142857142857143,1.0,0.2857142857142858
0.6876524762227879,0.3753049524455758,1.0,0.6876524762227879,0.8438262381113939,0.3753049524455758
0.6712020253892854,0.34240405077857095,1.0,0.6712020253892854,0.6712020253892854,0.5068030380839281
0.6712020253892854,0.34240405077857095,1.0,0.6712020253892854,0.5068030380839281,0.6712020253892854
0.6876524762227879,0.3753049524455758,1.0,0.6876524762227879,0.3753049524455758,0.8438262381113939
0.7142857142857143,0.4285714285714286,1.0,0.7142857142857143,0.2857142857142858,1.0
0.7018576030000281,0.40371520600005606,1.0,0.552786404500042,1.0,0.40371520600005606
0.6797436923898258,0.3594873847796516,1.0,0.5196155385847386,0.8398718461949128,0.5196155385847386
0.6712020253892854,0.34240405077857095,1.0,0.5068030380839281,0.6712020253892854,0.6712020253892854
0.6797436923898257,0.3594873847796515,1.0,0.5196155385847385,0.5196155385847385,0.8398718461949128
0.7018576030000281,0.40371520600005606,1.0,0.552786404500042,0.40371520600005606,1.0
0.7018576030000281,0.40371520600005606,1.0,0.40371520600005606,1.0,0.552786404500042
0.6876524762227879,0.3753049524455758,1.0,0.3753049524455758,0.8438262381113939,0.6876524762227879
0.6876524762227879,0.3753049524455758,1.0,0.3753049524455758,0.6876524762227879,0.8438262381113939
0.7018576030000281,0.40371520600005606,1.0,0.40371520600005606,0.552786404500042,1.0
0.7142857142857143,0.4285714285714286,1.0,0.2857142857142858,1.0,0.7142857142857143
0.7082700170042109,0.41654003400842177,1.0,0.2706750425105272,0.8541350085021054,0.8541350085021054
0.7142857142857143,0.4285714285714286,1.0,0.2857142857142858,0.7142857142857143,1.0
0.7350935285869913,0.47018705717398246,1.0,0.20528058576097374,1.0,0.8675467642934956
0.7350935285869913,0.47018705717398246,1.0,0.20528058576097374,0.8675467642934956,1.0
0.7592282938284616,0.5184565876569232,1.0,0.15729902839961563,1.0,1.0
0.7350935285869913,0.47018705717398246,0.8675467642934956,1.0,1.0,0.20528058576097374
0.7082700170042109,0.41654003400842177,0.8541350085021054,1.0,0.8541350085021054,0.2706750425105272
0.6876524762227879,0.3753049524455758,0.8438262381113939,1.0,0.6876524762227879,0.3753049524455758
0.6797436923898257,0.3594873847796515,0.8398718461949128,1.0,0.5196155385847385,0.5196155385847385
0.6876524762227879,0.3753049524455758,0.8438262381113939,1.0,0.3753049524455758,0.6876524762227879
0.7082700170042109,0.41654003400842177,0.8541350085021054,1.0,0.2706750425105272,0.8541350085021054
0.7350935285869913,0.47018705717398246,0.8675467642934956,1.0,0.20528058576097374,1.0
0.7082700170042109,0.41654003400842177,0.8541350085021054,0.8541350085021054,1.0,0.2706750425105272
0.6797436923898257,0.3594873847796515,0.8398718461949128,0.8398718461949128,0.8398718461949128,0.3594873847796515
0.6619382981085934,0.3238765962171868,0.8309691490542968,0.8309691490542968,0.6619382981085934,0.49290744716289014
0.6619382981085934,0.3238765962171868,0.8309691490542968,0.8309691490542968,0.49290744716289014,0.6619382981085934
0.6797436923898257,0.3594873847796515,0.8398718461949128,0.8398718461949128,0.3594873847796515,0.8398718461949128
0.7082700170042109,0.41654003400842177,0.8541350085021054,0.8541350085021054,0.2706750425105272,1.0
0.6876524762227879,0.3753049524455758,0.8438262381113939,0.6876524762227879,1.0,0.3753049524455758
0.6619382981085934,0.3238765962171868,0.8309691490542968,0.6619382981085934,0.8309691490542968,0.49290744716289014
0.6518446880886044,0.3036893761772087,0.8259223440443022,0.6518446880886044,0.6518446880886044,0.6518446880886044
0.6619382981085934,0.3238765962171868,0.8309691490542968,0.6619382981085934,0.49290744716289003,0.8309691490542968
0.6876524762227879,0.3753049524455758,0.8438262381113939,0.6876524762227879,0.3753049524455758,1.0
0.6797436923898257,0.3594873847796515,0.8398718461949128,0.5196155385847385,1.0,0.5196155385847385
0.6619382981085934,0.3238765962171868,0.8309691490542968,0.49290744716289003,0.8309691490542968,0.6619382981085934
0.6619382981085934,0.3238765962171868,0.8309691490542968,0.49290744716289003,0.6619382981085934,0.8309691490542968
0.6797436923898257,0.3594873847796515,0.8398718461949128,0.5196155385847385,0.5196155385847385,1.0
0.6876524762227879,0.3753049524455758,0.8438262381113939,0.3753049524455758,1.0,0.6876524762227879
0.6797436923898257,0.3594873847796515,0.8398718461949128,0.3594873847796515,0.8398718461949128,0.8398718461949128
0.6876524762227879,0.3753049524455758,0.8438262381113939,0.3753049524455758,0.6876524762227879,1.0
0.7082700170042109,0.41654003400842177,0.8541350085021054,0.2706750425105272,1.0,0.8541350085021054
0.7082700170042109,0.41654003400842177,0.8541350085021054,0.2706750425105272,0.8541350085021054,1.0
0.7350935285869913,0.47018705717398246,0.8675467642934956,0.20528058576097374,1.0,1.0
0.7142857142857143,0.4285714285714286,0.7142857142857143,1.0,1.0,0.2857142857142858
0.6876524762227879,0.3753049524455758,0.6876524762227879,1.0,0.8438262381113939,0.3753049524455758
0.6712020253892854,0.34240405077857095,0.6712020253892854,1.0,0.6712020253892854,0.5068030380839281
0.6712020253892854,0.34240405077857095,0.6712020253892854,1.0,0.5068030380839281,0.6712020253892854
0.6876524762227879,0.3753049524455758,0.6876524762227879,1.0,0.3753049524455758,0.8438262381113939
0.7142857142857143,0.4285714285714286,0.7142857142857143,1.0,0.2857142857142858,1.0
0.6876524762227879,0.3753049524455758,0.6876524762227879,0.8438262381113939,1.0,0.3753049524455758
0.6619382981085934,0.3238765962171868,0.6619382981085934,0.8309691490542968,0.8309691490542968,0.49290744716289014
0.6518446880886044,0.3036893761772087,0.6518446880886044,0.8259223440443022,0.6518446880886044,0.6518446880886044
0.6619382981085934,0.3238765962171868,0.6619382981085934,0.8309691490542968,0.49290744716289003,0.8309691490542968
0.6876524762227879,0.3753049524455758,0.6876524762227879,0.8438262381113939,0.3753049524455758,1.0
0.6712020253892854,0.34240405077857095,0.6712020253892854,0.6712020253892854,1.0,0.5068030380839281
0.6518446880886044,0.3036893761772087,0.6518446880886044,0.6518446880886044,0.8259223440443022,0.6518446880886044
0.6518446880886044,0.3036893761772087,0.6518446880886044,0.6518446880886044,0.6518446880886044,0.8259223440443022
0.6712020253892854,0.34240405077857095,0.6712020253892854,0.6712020253892854,0.5068030380839281,1.0
0.6712020253892854,0.34240405077857095,0.6712020253892854,0.5068030380839281,1.0,0.6712020253892854
0.6619382981085934,0.3238765962171868,0.6619382981085934,0.49290744716289014,0.8309691490542968,0.8309691490542968
0.6712020253892854,0.34240405077857095,0.6712020253892854,0.5068030380839281,0.6712020253892854,1.0
0.6876524762227879,0.3753049524455758,0.6876524762227879,0.3753049524455758,1.0,0.8438262381113939
0.6876524762227879,0.3753049524455758,0.6876524762227879,0.3753049524455758,0.8438262381113939,1.0
0.7142857142857143,0.4285714285714286,0.7142857142857143,0.2857142857142858,1.0,1.0
0.7018576030000281,0.40371520600005606,0.552786404500042,1.0,1.0,0.40371520600005606
0.6797436923898258,0.3594873847796516,0.5196155385847386,1.0,0.8398718461949128,0.5196155385847386
0.6712020253892854,0.34240405077857095,0.5068030380839281,1.0,0.6712020253892854,0.6712020253892854
0.6797436923898257,0.3594873847796515,0.5196155385847385,1.0,0.5196155385847385,0.8398718461949128
0.7018576030000281,0.40371520600005606,0.552786404500042,1.0,0.40371520600005606,1.0
0.6797436923898258,0.3594873847796516,0.5196155385847386,0.8398718461949128,1.0,0.5196155385847386
0.6619382981085934,0.3238765962171868,0.49290744716289014,0.8309691490542968,0.8309691490542968,0.6619382981085934
0.6619382981085934,0.3238765962171868,0.49290744716289014,0.8309691490542968,0.6619382981085934,0.8309691490542968
0.6797436923898258,0.3594873847796516,0.5196155385847386,0.8398718461949128,0.5196155385847386,1.0
0.6712020253892854,0.34240405077857095,0.5068030380839281,0.6712020253892854,1.0,0.6712020253892854
0.6619382981085934,0.3238765962171868,0.49290744716289014,0.6619382981085934,0.8309691490542968,0.8309691490542968
0.6712020253892854,0.34240405077857095,0.5068030380839281,0.6712020253892854,0.6712020253892854,1.0
0.6797436923898257,0.3594873847796515,0.5196155385847385,0.5196155385847385,1.0,0.8398718461949128
0.6797436923898257,0.3594873847796515,0.5196155385847385,0.5196155385847385,0.8398718461949128,1.0
0.7018576030000281,0.40371520600005606,0.552786404500042,0.40371520600005606,1.0,1.0
0.7018576030000281,0.40371520600005606,0.40371520600005606,1.0,1.0,0.552786404500042
0.6876524762227879,0.3753049524455758,0.3753049524455758,1.0,0.8438262381113939,0.6876524762227879
0.6876524762227879,0.3753049524455758,0.3753049524455758,1.0,0.6876524762227879,0.8438262381113939
0.7018576030000281,0.40371520600005606,0.40371520600005606,1.0,0.552786404500042,1.0
0.6876524762227879,0.3753049524455758,0.3753049524455758,0.8438262381113939,1.0,0.6876524762227879
0.6797436923898257,0.3594873847796515,0.3594873847796515,0.8398718461949128,0.8398718461949128,0.8398718461949128
0.6876524762227879,0.3753049524455758,0.3753049524455758,0.8438262381113939,0.6876524762227879,1.0
0.6876524762227879,0.3753049524455758,0.3753049524455758,0.6876524762227879,1.0,0.8438262381113939
0.6876524762227879,0.3753049524455758,0.3753049524455758,0.6876524762227879,0.8438262381113939,1.0
0.7018576030000281,0.40371520600005606,0.40371520600005606,0.552786404500042,1.0,1.0
0.7142857142857143,0.4285714285714286,0.2857142857142858,1.0,1.0,0.7142857142857143
0.7082700170042109,0.41654003400842177,0.2706750425105272,1.0,0.8541350085021054,0.8541350085021054
0.7142857142857143,0.4285714285714286,0.2857142857142858,1.0,0.7142857142857143,1.0
0.7082700170042109,0.41654003400842177,0.2706750425105272,0.8541350085021054,1.0,0.8541350085021054
0.7082700170042109,0.41654003400842177,0.2706750425105272,0.8541350085021054,0.8541350085021054,1.0
0.7142857142857143,0.4285714285714286,0.2857142857142858,0.7142857142857143,1.0,1.0
0.7350935285869913,0.47018705717398246,0.20528058576097374,1.0,1.0,0.8675467642934956
0.7350935285869913,0.47018705717398246,0.20528058576097374,1.0,0.8675467642934956,1.0
0.7350935285869913,0.47018705717398246,0.20528058576097374,0.8675467642934956,1.0,1.0
0.7592282938284616,0.5184565876569232,0.15729902839961563,1.0,1.0,1.0
0.7519305308215831,0.3798263270539577,1.0,1.0,1.0,0.25579159246474925
0.7303200550147031,0.32580013753675785,1.0,1.0,0.8651600275073515,0.32580013753675785
0.7142857142857143,0.2857142857142858,1.0,1.0,0.7142857142857143,0.4285714285714286
0.7082700170042109,0.2706750425105272,1.0,1.0,0.5624050255063163,0.5624050255063163
0.7142857142857143,0.2857142857142858,1.0,1.0,0.4285714285714286,0.7142857142857143
0.7303200550147031,0.32580013753675785,1.0,1.0,0.32580013753675785,0.8651600275073515
0.7519305308215831,0.3798263270539577,1.0,1.0,0.25579159246474925,1.0
0.7303200550147031,0.32580013753675785,1.0,0.8651600275073515,1.0,0.32580013753675785
0.7082700170042109,0.2706750425105272,1.0,0.8541350085021054,0.8541350085021054,0.41654003400842177
0.6950028593347907,0.23750714833697661,1.0,0.8475014296673953,0.6950028593347907,0.5425042890021861
0.6950028593347907,0.23750714833697661,1.0,0.8475014296673953,0.5425042890021861,0.6950028593347907
0.7082700170042109,0.2706750425105272,1.0,0.8541350085021054,0.41654003400842177,0.8541350085021054
0.7303200550147031,0.32580013753675785,1.0,0.8651600275073515,0.32580013753675785,1.0
0.7142857142857143,0.2857142857142858,1.0,0.7142857142857143,1.0,0.4285714285714286
0.6950028593347907,0.23750714833697661,1.0,0.6950028593347907,0.8475014296673953,0.5425042890021861
0.6876524762227879,0.21913119055696972,1.0,0.6876524762227879,0.6876524762227879,0.6876524762227879
0.6950028593347907,0.23750714833697661,1.0,0.6950028593347907,0.5425042890021861,0.8475014296673953
0.7142857142857143,0.2857142857142858,1.0,0.7142857142857143,0.4285714285714286,1.0
0.7082700170042109,0.2706750425105272,1.0,0.5624050255063163,1.0,0.5624050255063163
0.6950028593347907,0.23750714833697661,1.0,0.5425042890021861,0.8475014296673953,0.6950028593347907
0.6950028593347907,0.23750714833697661,1.0,0.5425042890021861,0.6950028593347907,0.8475014296673953
0.7082700170042109,0.2706750425105272,1.0,0.5624050255063163,0.5624050255063163,1.0
0.7142857142857143,0.2857142857142858,1.0,0.4285714285714286,1.0,0.7142857142857143
0.7082700170042109,0.2706750425105272,1.0,0.41654003400842177,0.8541350085021054,0.8541350085021054
0.7142857142857143,0.2857142857142858,1.0,0.4285714285714286,0.7142857142857143,1.0
0.7303200550147031,0.32580013753675785,1.0,0.32580013753675785,1.0,0.8651600275073515
0.7303200550147031,0.32580013753675785,1.0,0.32580013753675785,0.8651600275073515,1.0
0.7519305308215831,0.3798263270539577,1.0,0.25579159246474925,1.0,1.0
0.7303200550147031,0.32580013753675785,0.8651600275073515,1.0,1.0,0.32580013753675785
0.7082700170042109,0.2706750425105272,0.8541350085021054,1.0,0.8541350085021054,0.41654003400842177
0.6950028593347907,0.23750714833697661,0.8475014296673953,1.0,0.6950028593347907,0.5425042890021861
0.6950028593347907,0.23750714833697661,0.8475014296673953,1.0,0.5425042890021861,0.6950028593347907
0.7082700170042109,0.2706750425105272,0.8541350085021054,1.0,0.41654003400842177,0.8541350085021054
0.7303200550147031,0.32580013753675785,0.8651600275073515,1.0,0.32580013753675785,1.0
0.7082700170042109,0.2706750425105272,0.8541350085021054,0.8541350085021054,1.0,0.41654003400842177
0.6876524762227878,0.2191311905569696,0.8438262381113939,0.8438262381113939,0.8438262381113939,0.5314787143341818
0.6797436923898257,0.19935923097456432,0.8398718461949128,0.8398718461949128,0.6797436923898257,0.6797436923898257
0.6876524762227879,0.21913119055696972,0.8438262381113939,0.8438262381113939,0.5314787143341819,0.8438262381113939
0.7082700170042109,0.2706750425105272,0.8541350085021054,0.8541350085021054,0.41654003400842177,1.0
0.6950028593347907,0.23750714833697661,0.8475014296673953,0.6950028593347907,1.0,0.5425042890021861
0.6797436923898257,0.19935923097456432,0.8398718461949128,0.6797436923898257,0.8398718461949128,0.6797436923898257
0.6797436923898257,0.19935923097456432,0.8398718461949128,0.6797436923898257,0.6797436923898257,0.8398718461949128
0.6950028593347907,0.23750714833697661,0.8475014296673953,0.6950028593347907,0.5425042890021861,1.0
0.6950028593347907,0.23750714833697661,0.8475014296673953,0.5425042890021861,1.0,0.6950028593347907
0.6876524762227878,0.2191311905569696,0.8438262381113939,0.5314787143341818,0.8438262381113939,0.8438262381113939
0.6950028593347907,0.23750714833697661,0.8475014296673953,0.5425042890021861,0.6950028593347907,1.0
0.7082700170042109,0.2706750425105272,0.8541350085021054,0.41654003400842177,1.0,0.8541350085021054
0.7082700170042109,0.2706750425105272,0.8541350085021054,0.41654003400842177,0.8541350085021054,1.0
0.7303200550147031,0.32580013753675785,0.8651600275073515,0.32580013753675785,1.0,1.0
0.7142857142857143,0.2857142857142858,0.7142857142857143,1.0,1.0,0.4285714285714286
0.6950028593347907,0.23750714833697661,0.6950028593347907,1.0,0.8475014296673953,0.5425042890021861
0.6876524762227879,0.21913119055696972,0.6876524762227879,1.0,0.6876524762227879,0.6876524762227879
0.6950028593347907,0.23750714833697661,0.6950028593347907,1.0,0.5425042890021861,0.8475014296673953
0.7142857142857143,0.2857142857142858,0.7142857142857143,1.0,0.4285714285714286,1.0
0.6950028593347907,0.23750714833697661,0.6950028593347907,0.8475014296673953,1.0,0.5425042890021861
0.6797436923898257,0.19935923097456432,0.6797436923898257,0.8398718461949128,0.8398718461949128,0.6797436923898257
0.6797436923898257,0.19935923097456432,0.6797436923898257,0.8398718461949128,0.6797436923898257,0.8398718461949128
0.6950028593347907,0.23750714833697661,0.6950028593347907,0.8475014296673953,0.5425042890021861,1.0
0.6876524762227879,0.21913119055696972,0.6876524762227879,0.6876524762227879,1.0,0.6876524762227879
0.6797436923898257,0.19935923097456432,0.6797436923898257,0.6797436923898257,0.8398718461949128,0.8398718461949128
0.6876524762227879,0.21913119055696972,0.6876524762227879,0.6876524762227879,0.6876524762227879,1.0
0.6950028593347907,0.23750714833697661,0.6950028593347907,0.5425042890021861,1.0,0.8475014296673953
0.6950028593347907,0.23750714833697661,0.6950028593347907,0.5425042890021861,0.8475014296673953,1.0
0.7142857142857143,0.2857142857142858,0.7142857142857143,0.4285714285714286,1.0,1.0
0.7082700170042109,0.2706750425105272,0.5624050255063163,1.0,1.0,0.5624050255063163
0.6950028593347907,0.23750714833697661,0.5425042890021861,1.0,0.8475014296673953,0.6950028593347907
0.6950028593347907,0.23750714833697661,0.5425042890021861,1.0,0.6950028593347907,0.8475014296673953
0.7082700170042109,0.2706750425105272,0.5624050255063163,1.0,0.5624050255063163,1.0
0.6950028593347907,0.23750714833697661,0.5425042890021861,0.8475014296673953,1.0,0.6950028593347907
0.6876524762227879,0.21913119055696972,0.5314787143341819,0.8438262381113939,0.8438262381113939,0.8438262381113939
0.6950028593347907,0.23750714833697661,0.5425042890021861,0.8475014296673953,0.6950028593347907,1.0
0.6950028593347907,0.23750714833697661,0.5425042890021861,0.6950028593347907,1.0,0.8475014296673953
0.6950028593347907,0.23750714833697661,0.5425042890021861,0.6950028593347907,0.8475014296673953,1.0
0.7082700170042109,0.2706750425105272,0.5624050255063163,0.5624050255063163,1.0,1.0
0.7142857142857143,0.2857142857142858,0.4285714285714286,1.0,1.0,0.7142857142857143
0.7082700170042109,0.2706750425105272,0.41654003400842177,1.0,0.8541350085021054,0.8541350085021054
0.7142857142857143,0.2857142857142858,0.4285714285714286,1.0,0.7142857142857143,1.0
0.7082700170042109,0.2706750425105272,0.41654003400842177,0.8541350085021054,1.0,0.8541350085021054
0.7082700170042109,0.2706750425105272,0.41654003400842177,0.8541350085021054,0.8541350085021054,1.0
0.7142857142857143,0.2857142857142858,0.4285714285714286,0.7142857142857143,1.0,1.0
0.7303200550147031,0.32580013753675785,0.32580013753675785,1.0,1.0,0.8651600275073515
0.7303200550147031,0.32580013753675785,0.32580013753675785,1.0,0.8651600275073515,1.0
0.7303200550147031,0.32580013753675785,0.32580013753675785,0.8651600275073515,1.0,1.0
0.7519305308215831,0.3798263270539577,0.25579159246474925,1.0,1.0,1.0
0.7519305308215831,0.25579159246474925,1.0,1.0,1.0,0.3798263270539577
0.7350935285869913,0.20528058576097374,1.0,1.0,0.8675467642934956,0.47018705717398246
0.725278872102622,0.17583661630786596,1.0,1.0,0.725278872102622,0.587918308153933
0.725278872102622,0.17583661630786596,1.0,1.0,0.587918308153933,0.725278872102622
0.7350935285869913,0.20528058576097374,1.0,1.0,0.47018705717398246,0.8675467642934956
0.7519305308215831,0.25579159246474925,1.0,1.0,0.3798263270539577,1.0
0.7350935285869913,0.20528058576097374,1.0,0.8675467642934956,1.0,0.47018705717398246
0.7199439831943981,0.15983194958319413,1.0,0.8599719915971991,0.8599719915971991,0.5799159747915971
0.7142857142857143,0.1428571428571429,1.0,0.8571428571428572,0.7142857142857143,0.7142857142857143
0.7199439831943981,0.15983194958319413,1.0,0.8599719915971991,0.5799159747915971,0.8599719915971991
0.7350935285869913,0.20528058576097374,1.0,0.8675467642934956,0.47018705717398246,1.0
0.725278872102622,0.17583661630786596,1.0,0.725278872102622,1.0,0.587918308153933
0.7142857142857143,0.1428571428571429,1.0,0.7142857142857143,0.8571428571428572,0.7142857142857143
0.7142857142857143,0.1428571428571429,1.0,0.7142857142857143,0.7142857142857143,0.8571428571428572
0.725278872102622,0.17583661630786596,1.0,0.725278872102622,0.587918308153933,1.0
0.725278872102622,0.17583661630786596,1.0,0.587918308153933,1.0,0.725278872102622
0.719943983194398,0.15983194958319402,1.0,0.579915974791597,0.8599719915971991,0.8599719915971991
0.725278872102622,0.17583661630786596,1.0,0.587918308153933,0.725278872102622,1.0
0.7350935285869913,0.20528058576097374,1.0,0.47018705717398246,1.0,0.8675467642934956
0.7350935285869913,0.20528058576097374,1.0,0.47018705717398246,0.8675467642934956,1.0
0.7519305308215831,0.25579159246474925,1.0,0.3798263270539577,1.0,1.0
0.7350935285869913,0.20528058576097374,0.8675467642934956,1.0,1.0,0.47018705717398246
0.7199439831943981,0.15983194958319413,0.8599719915971991,1.0,0.8599719915971991,0.5799159747915971
0.7142857142857143,0.1428571428571429,0.8571428571428572,1.0,0.7142857142857143,0.7142857142857143
0.7199439831943981,0.15983194958319413,0.8599719915971991,1.0,0.5799159747915971,0.8599719915971991
0.7350935285869913,0.20528058576097374,0.8675467642934956,1.0,0.47018705717398246,1.0
0.7199439831943981,0.15983194958319413,0.8599719915971991,0.8599719915971991,1.0,0.5799159747915971
0.7082700170042109,0.12481005101263265,0.8541350085021054,0.8541350085021054,0.8541350085021054,0.7082700170042109
0.7082700170042109,0.12481005101263265,0.8541350085021054,0.8541350085021054,0.7082700170042109,0.8541350085021054
0.7199439831943981,0.15983194958319413,0.8599719915971991,0.8599719915971991,0.5799159747915971,1.0
0.7142857142857143,0.1428571428571429,0.8571428571428572,0.7142857142857143,1.0,0.7142857142857143
0.7082700170042109,0.12481005101263265,0.8541350085021054,0.7082700170042109,0.8541350085021054,0.8541350085021054
0.7142857142857143,0.1428571428571429,0.8571428571428572,0.7142857142857143,0.7142857142857143,1.0
0.7199439831943981,0.15983194958319413,0.8599719915971991,0.5799159747915971,1.0,0.8599719915971991
0.7199439831943981,0.15983194958319413,0.8599719915971991,0.5799159747915971,0.8599719915971991,1.0
0.7350935285869913,0.20528058576097374,0.8675467642934956,0.47018705717398246,1.0,1.0
0.725278872102622,0.17583661630786596,0.725278872102622,1.0,1.0,0.587918308153933
0.7142857142857143,0.1428571428571429,0.7142857142857143,1.0,0.8571428571428572,0.7142857142857143
0.7142857142857143,0.1428571428571429,0.7142857142857143,1.0,0.7142857142857143,0.8571428571428572
0.725278872102622,0.17583661630786596,0.725278872102622,1.0,0.587918308153933,1.0
0.7142857142857143,0.1428571428571429,0.7142857142857143,0.8571428571428572,1.0,0.7142857142857143
0.7082700170042109,0.12481005101263265,0.7082700170042109,0.8541350085021054,0.8541350085021054,0.8541350085021054
0.7142857142857143,0.1428571428571429,0.7142857142857143,0.8571428571428572,0.7142857142857143,1.0
0.7142857142857143,0.1428571428571429,0.7142857142857143,0.7142857142857143,1.0,0.8571428571428572
0.7142857142857143,0.1428571428571429,0.7142857142857143,0.7142857142857143,0.8571428571428572,1.0
0.725278872102622,0.17583661630786596,0.725278872102622,0.587918308153933,1.0,1.0
0.725278872102622,0.17583661630786596,0.587918308153933,1.0,1.0,0.725278872102622
0.719943983194398,0.15983194958319402,0.579915974791597,1.0,0.8599719915971991,0.8599719915971991
0.725278872102622,0.17583661630786596,0.587918308153933,1.0,0.725278872102622,1.0
0.719943983194398,0.15983194958319402,0.579915974791597,0.8599719915971991,1.0,0.8599719915971991
0.719943983194398,0.15983194958319402,0.579915974791597,0.8599719915971991,0.8599719915971991,1.0
0.725278872102622,0.17583661630786596,0.587918308153933,0.725278872102622,1.0,1.0
0.7350935285869913,0.20528058576097374,0.47018705717398246,1.0,1.0,0.8675467642934956
0.7350935285869913,0.20528058576097374,0.47018705717398246,1.0,0.8675467642934956,1.0
0.7350935285869913,0.20528058576097374,0.47018705717398246,0.8675467642934956,1.0,1.0
0.7519305308215831,0.25579159246474925,0.3798263270539577,1.0,1.0,1.0
0.7592282938284616,0.15729902839961563,1.0,1.0,1.0,0.5184565876569232
0.7480236846605152,0.11808289631180313,1.0,1.0,0.8740118423302576,0.6220355269907727
0.743926240134208,0.10374184046972834,1.0,1.0,0.743926240134208,0.743926240134208
0.7480236846605152,0.11808289631180313,1.0,1.0,0.6220355269907727,0.8740118423302576
0.7592282938284616,0.15729902839961563,1.0,1.0,0.5184565876569232,1.0
0.7480236846605152,0.11808289631180313,1.0,0.8740118423302576,1.0,0.6220355269907727
0.7396221780383523,0.08867762313423289,1.0,0.8698110890191761,0.8698110890191761,0.7396221780383523
0.7396221780383523,0.08867762313423289,1.0,0.8698110890191761,0.7396221780383523,0.8698110890191761
0.7480236846605152,0.11808289631180313,1.0,0.8740118423302576,0.6220355269907727,1.0
0.743926240134208,0.10374184046972834,1.0,0.743926240134208,1.0,0.743926240134208
0.7396221780383523,0.08867762313423289,1.0,0.7396221780383523,0.8698110890191761,0.8698110890191761
0.743926240134208,0.10374184046972834,1.0,0.743926240134208,0.743926240134208,1.0
0.7480236846605152,0.11808289631180313,1.0,0.6220355269907727,1.0,0.8740118423302576
0.7480236846605152,0.11808289631180313,1.0,0.6220355269907727,0.8740118423302576,1.0
0.7592282938284616,0.15729902839961563,1.0,0.5184565876569232,1.0,1.0
0.7480236846605152,0.11808289631180313,0.8740118423302576,1.0,1.0,0.6220355269907727
0.7396221780383523,0.08867762313423289,0.8698110890191761,1.0,0.8698110890191761,0.7396221780383523
0.7396221780383523,0.08867762313423289,0.8698110890191761,1.0,0.7396221780383523,0.8698110890191761
0.7480236846605152,0.11808289631180313,0.8740118423302576,1.0,0.6220355269907727,1.0
0.7396221780383523,0.08867762313423289,0.8698110890191761,0.8698110890191761,1.0,0.7396221780383523
0.7350935285869912,0.07282735005446928,0.8675467642934955,0.8675467642934955,0.8675467642934955,0.8675467642934955
0.7396221780383523,0.08867762313423289,0.8698110890191761,0.8698110890191761,0.7396221780383523,1.0
0.7396221780383523,0.08867762313423289,0.8698110890191761,0.7396221780383523,1.0,0.8698110890191761
0.7396221780383523,0.08867762313423289,0.8698110890191761,0.7396221780383523,0.8698110890191761,1.0
0.7480236846605152,0.11808289631180313,0.8740118423302576,0.6220355269907727,1.0,1.0
0.743926240134208,0.10374184046972834,0.743926240134208,1.0,1.0,0.743926240134208
0.7396221780383523,0.08867762313423289,0.7396221780383523,1.0,0.8698110890191761,0.8698110890191761
0.743926240134208,0.10374184046972834,0.743926240134208,1.0,0.743926240134208,1.0
0.7396221780383523,0.08867762313423289,0.7396221780383523,0.8698110890191761,1.0,0.8698110890191761
0.7396221780383523,0.08867762313423289,0.7396221780383523,0.8698110890191761,0.8698110890191761,1.0
0.743926240134208,0.10374184046972834,0.743926240134208,0.743926240134208,1.0,1.0
0.7480236846605152,0.11808289631180313,0.6220355269907727,1.0,1.0,0.8740118423302576
0.7480236846605152,0.11808289631180313,0.6220355269907727,1.0,0.8740118423302576,1.0
0.7480236846605152,0.11808289631180313,0.6220355269907727,0.8740118423302576,1.0,1.0
0.7592282938284616,0.15729902839961563,0.5184565876569232,1.0,1.0,1.0
0.772078847080724,0.08831538832289643,1.0,1.0,1.0,0.6581182706210862
0.7659177056077389,0.06367082243095556,1.0,1.0,0.8829588528038694,0.7659177056077389
0.7659177056077389,0.06367082243095556,1.0,1.0,0.7659177056077389,0.8829588528038694
0.772078847080724,0.08831538832289643,1.0,1.0,0.6581182706210862,1.0
0.7659177056077389,0.06367082243095556,1.0,0.8829588528038694,1.0,0.7659177056077389
0.7626436683612293,0.05057467344491717,1.0,0.8813218341806146,0.8813218341806146,0.8813218341806146
0.7659177056077389,0.06367082243095556,1.0,0.8829588528038694,0.7659177056077389,1.0
0.7659177056077389,0.06367082243095556,1.0,0.7659177056077389,1.0,0.8829588528038694
0.7659177056077389,0.06367082243095556,1.0,0.7659177056077389,0.8829588528038694,1.0
0.772078847080724,0.08831538832289643,1.0,0.6581182706210862,1.0,1.0
0.7659177056077389,0.06367082243095556,0.8829588528038694,1.0,1.0,0.7659177056077389
0.7626436683612293,0.05057467344491717,0.8813218341806146,1.0,0.8813218341806146,0.8813218341806146
0.7659177056077389,0.06367082243095556,0.8829588528038694,1.0,0.7659177056077389,1.0
0.7626436683612293,0.05057467344491717,0.8813218341806146,0.8813218341806146,1.0,0.8813218341806146
0.7626436683612293,0.05057467344491717,0.8813218341806146,0.8813218341806146,0.8813218341806146,1.0
0.7659177056077389,0.06367082243095556,0.8829588528038694,0.7659177056077389,1.0,1.0
0.7659177056077389,0.06367082243095556,0.7659177056077389,1.0,1.0,0.8829588528038694
0.7659177056077389,0.06367082243095556,0.7659177056077389,1.0,0.8829588528038694,1.0
0.7659177056077389,0.06367082243095556,0.7659177056077389,0.8829588528038694,1.0,1.0
0.772078847080724,0.08831538832289643,0.6581182706210862,1.0,1.0,1.0
0.7880004239987279,0.04600190799427606,1.0,1.0,1.0,0.7880004239987279
0.7855774930324411,0.03509871864598457,1.0,1.0,0.8927887465162205,0.8927887465162205
0.7880004239987279,0.04600190799427606,1.0,1.0,0.7880004239987279,1.0
0.7855774930324411,0.03509871864598457,1.0,0.8927887465162205,1.0,0.8927887465162205
0.7855774930324411,0.03509871864598457,1.0,0.8927887465162205,0.8927887465162205,1.0
0.7880004239987279,0.04600190799427606,1.0,0.7880004239987279,1.0,1.0
0.7855774930324411,0.03509871864598457,0.8927887465162205,1.0,1.0,0.8927887465162205
0.7855774930324411,0.03509871864598457,0.8927887465162205,1.0,0.8927887465162205,1.0
0.7855774930324411,0.03509871864598457,0.8927887465162205,0.8927887465162205,1.0,1.0
0.7880004239987279,0.04600190799427606,0.7880004239987279,1.0,1.0,1.0
0.8048199854102933,0.024099927051466796,1.0,1.0,1.0,0.9024099927051467
0.8048199854102933,0.024099927051466796,1.0,1.0,0.9024099927051467,1.0
0.8048199854102933,0.024099927051466796,1.0,0.9024099927051467,1.0,1.0
0.8048199854102933,0.024099927051466796,0.9024099927051467,1.0,1.0,1.0
0.8211145618000169,0.01613008990009246,1.0,1.0,1.0,1.0
0.7126521144336546,1.0,1.0,1.0,1.0,0.04217371477884857
0.6855145489834245,1.0,1.0,1.0,0.8951715163278081,0.056543646950273474
0.6581182706210862,1.0,1.0,1.0,0.772078847080724,0.08831538832289643
0.6334916669310844,1.0,1.0,1.0,0.6334916669310844,0.1448138895058636
0.615889360201312,1.0,1.0,1.0,0.4878524802684161,0.23177872040262415
0.6094332670575284,1.0,1.0,1.0,0.3490554450958806,0.3490554450958806
0.615889360201312,1.0,1.0,1.0,0.23177872040262415,0.4878524802684161
0.6334916669310843,1.0,1.0,1.0,0.14481388950586338,0.6334916669310843
0.6581182706210862,1.0,1.0,1.0,0.08831538832289643,0.772078847080724
0.6855145489834245,1.0,1.0,1.0,0.056543646950273474,0.8951715163278081
0.7126521144336546,1.0,1.0,1.0,0.04217371477884857,1.0
0.6855145489834245,1.0,1.0,0.8951715163278081,1.0,0.056543646950273474
0.6535898384862247,1.0,1.0,0.8845299461620748,0.8845299461620748,0.07623956929659881
0.6220355269907727,1.0,1.0,0.8740118423302576,0.7480236846605152,0.11808289631180313
0.5954800825220548,1.0,1.0,0.8651600275073515,0.5954800825220548,0.1909601650441095
0.579915974791597,1.0,1.0,0.8599719915971991,0.439887966388796,0.29985995798599496
0.579915974791597,1.0,1.0,0.8599719915971991,0.29985995798599496,0.439887966388796
0.5954800825220548,1.0,1.0,0.8651600275073515,0.1909601650441095,0.5954800825220548
0.6220355269907727,1.0,1.0,0.8740118423302576,0.11808289631180313,0.7480236846605152
0.6535898384862247,1.0,1.0,0.8845299461620748,0.07623956929659881,0.8845299461620748
0.6855145489834245,1.0,1.0,0.8951715163278081,0.056543646950273474,1.0
0.6581182706210862,1.0,1.0,0.772078847080724,1.0,0.08831538832289643
0.6220355269907727,1.0,1.0,0.7480236846605152,0.8740118423302576,0.11808289631180313
0.587918308153933,1.0,1.0,0.725278872102622,0.725278872102622,0.17583661630786596
0.5624050255063163,1.0,1.0,0.7082700170042109,0.5624050255063163,0.2706750425105272
0.552786404500042,1.0,1.0,0.7018576030000281,0.40371520600005606,0.40371520600005606
0.5624050255063163,1.0,1.0,0.7082700170042109,0.2706750425105272,0.5624050255063163
0.587918308153933,1.0,1.0,0.725278872102622,0.17583661630786596,0.725278872102622
0.6220355269907727,1.0,1.0,0.7480236846605152,0.11808289631180313,0.8740118423302576
0.6581182706210862,1.0,1.0,0.772078847080724,0.08831538832289643,1.0
0.6334916669310844,1.0,1.0,0.6334916669310844,1.0,0.1448138895058636
0.5954800825220548,1.0,1.0,0.5954800825220548,0.8651600275073515,0.1909601650441095
0.5624050255063163,1.0,1.0,0.5624050255063163,0.7082700170042109,0.2706750425105272
0.5425042890021861,1.0,1.0,0.5425042890021861,0.5425042890021861,0.39000571866958145
0.5425042890021861,1.0,1.0,0.5425042890021861,0.39000571866958134,0.5425042890021861
0.5624050255063163,1.0,1.0,0.5624050255063163,0.2706750425105272,0.7082700170042109
0.5954800825220548,1.0,1.0,0.5954800825220548,0.1909601650441095,0.8651600275073515
0.6334916669310844,1.0,1.0,0.6334916669310844,0.1448138895058636,1.0
0.615889360201312,1.0,1.0,0.4878524802684161,1.0,0.23177872040262415
0.5799159747915971,1.0,1.0,0.4398879663887961,0.8599719915971991,0.2998599579859952
0.552786404500042,1.0,1.0,0.40371520600005606,0.7018576030000281,0.40371520600005606
0.5425042890021861,1.0,1.0,0.39000571866958134,0.5425042890021861,0.5425042890021861
0.552786404500042,1.0,1.0,0.40371520600005606,0.40371520600005606,0.7018576030000281
0.5799159747915971,1.0,1.0,0.4398879663887961,0.2998599579859952,0.8599719915971991
0.615889360201312,1.0,1.0,0.4878524802684161,0.23177872040262415,1.0
0.6094332670575284,1.0,1.0,0.3490554450958806,1.0,0.3490554450958806
0.5799159747915971,1.0,1.0,0.2998599579859952,0.8599719915971991,0.4398879663887961
0.5624050255063163,1.0,1.0,0.2706750425105272,0.7082700170042109,0.5624050255063163
0.5624050255063163,1.0,1.0,0.2706750425105272,0.5624050255063163,0.7082700170042109
0.5799159747915971,1.0,1.0,0.2998599579859952,0.4398879663887961,0.8599719915971991
0.6094332670575284,1.0,1.0,0.3490554450958806,0.3490554450958806,1.0
0.615889360201312,1.0,1.0,0.23177872040262415,1.0,0.4878524802684161
0.5954800825220548,1.0,1.0,0.1909601650441095,0.8651600275073515,0.5954800825220548
0.587918308153933,1.0,1.0,0.17583661630786596,0.725278872102622,0.725278872102622
0.5954800825220548,1.0,1.0,0.1909601650441095,0.5954800825220548,0.8651600275073515
0.615889360201312,1.0,1.0,0.23177872040262415,0.4878524802684161,1.0
0.6334916669310843,1.0,1.0,0.14481388950586338,1.0,0.6334916669310843
0.6220355269907727,1.0,1.0,0.11808289631180313,0.8740118423302576,0.7480236846605152
0.6220355269907727,1.0,1.0,0.11808289631180313,0.7480236846605152,0.8740118423302576
0.6334916669310843,1.0,1.0,0.14481388950586338,0.6334916669310843,1.0
0.6581182706210862,1.0,1.0,0.08831538832289643,1.0,0.772078847080724
0.6535898384862244,1.0,1.0,0.0762395692965987,0.8845299461620748,0.8845299461620748
0.6581182706210862,1.0,1.0,0.08831538832289643,0.772078847080724,1.0
0.6855145489834245,1.0,1.0,0.056543646950273474,1.0,0.8951715163278081
0.6855145489834245,1.0,1.0,0.056543646950273474,0.8951715163278081,1.0
0.7126521144336546,1.0,1.0,0.04217371477884857,1.0,1.0
0.6855145489834245,1.0,0.8951715163278081,1.0,1.0,0.056543646950273474
0.6535898384862247,1.0,0.8845299461620748,1.0,0.8845299461620748,0.07623956929659881
0.6220355269907727,1.0,0.8740118423302576,1.0,0.7480236846605152,0.11808289631180313
0.5954800825220548,1.0,0.8651600275073515,1.0,0.5954800825220548,0.1909601650441095
0.579915974791597,1.0,0.8599719915971991,1.0,0.439887966388796,0.29985995798599496
0.579915974791597,1.0,0.8599719915971991,1.0,0.29985995798599496,0.439887966388796
0.5954800825220548,1.0,0.8651600275073515,1.0,0.1909601650441095,0.5954800825220548
0.6220355269907727,1.0,0.8740118423302576,1.0,0.11808289631180313,0.7480236846605152
0.6535898384862247,1.0,0.8845299461620748,1.0,0.07623956929659881,0.8845299461620748
0.6855145489834245,1.0,0.8951715163278081,1.0,0.056543646950273474,1.0
0.6535898384862247,1.0,0.8845299461620748,0.8845299461620748,1.0,0.07623956929659881
0.615889360201312,1.0,0.8719631200671041,0.8719631200671041,0.8719631200671041,0.10374184046972834
0.5799159747915971,1.0,0.8599719915971991,0.8599719915971991,0.7199439831943981,0.15983194958319413
0.552786404500042,1.0,0.850928801500014,0.850928801500014,0.552786404500042,0.2546440075000701
0.5425042890021861,1.0,0.8475014296673954,0.8475014296673954,0.39000571866958145,0.39000571866958145
0.552786404500042,1.0,0.850928801500014,0.850928801500014,0.2546440075000701,0.552786404500042
0.5799159747915971,1.0,0.8599719915971991,0.8599719915971991,0.15983194958319413,0.7199439831943981
0.615889360201312,1.0,0.871963120067104,0.871963120067104,0.10374184046972812,0.871963120067104
0.6535898384862247,1.0,0.8845299461620748,0.8845299461620748,0.07623956929659881,1.0
0.6220355269907727,1.0,0.8740118423302576,0.7480236846605152,1.0,0.11808289631180313
0.5799159747915971,1.0,0.8599719915971991,0.7199439831943981,0.8599719915971991,0.15983194958319413
0.5425042890021861,1.0,0.8475014296673953,0.6950028593347907,0.6950028593347907,0.23750714833697661
0.5196155385847385,1.0,0.8398718461949128,0.6797436923898257,0.5196155385847385,0.3594873847796515
0.5196155385847385,1.0,0.8398718461949128,0.6797436923898257,0.3594873847796515,0.5196155385847385
0.5425042890021861,1.0,0.8475014296673953,0.6950028593347907,0.23750714833697661,0.6950028593347907
0.5799159747915971,1.0,0.8599719915971991,0.7199439831943981,0.15983194958319413,0.8599719915971991
0.6220355269907727,1.0,0.8740118423302576,0.7480236846605152,0.11808289631180313,1.0
0.5954800825220548,1.0,0.8651600275073515,0.5954800825220548,1.0,0.1909601650441095
0.552786404500042,1.0,0.850928801500014,0.552786404500042,0.850928801500014,0.2546440075000701
0.5196155385847385,1.0,0.8398718461949128,0.5196155385847385,0.6797436923898257,0.3594873847796515
0.5068030380839281,1.0,0.8356010126946427,0.5068030380839281,0.5068030380839281,0.5068030380839281
0.5196155385847385,1.0,0.8398718461949128,0.5196155385847385,0.3594873847796515,0.6797436923898257
0.552786404500042,1.0,0.850928801500014,0.552786404500042,0.2546440075000701,0.850928801500014
0.5954800825220548,1.0,0.8651600275073515,0.5954800825220548,0.1909601650441095,1.0
0.579915974791597,1.0,0.8599719915971991,0.439887966388796,1.0,0.29985995798599496
0.5425042890021861,1.0,0.8475014296673953,0.39000571866958134,0.8475014296673953,0.39000571866958134
0.5196155385847385,1.0,0.8398718461949128,0.3594873847796515,0.6797436923898257,0.5196155385847385
0.5196155385847385,1.0,0.8398718461949128,0.3594873847796515,0.5196155385847385,0.6797436923898257
0.5425042890021861,1.0,0.8475014296673953,0.39000571866958134,0.39000571866958134,0.8475014296673953
0.579915974791597,1.0,0.8599719915971991,0.439887966388796,0.29985995798599496,1.0
0.579915974791597,1.0,0.8599719915971991,0.29985995798599496,1.0,0.439887966388796
0.552786404500042,1.0,0.850928801500014,0.2546440075000701,0.850928801500014,0.552786404500042
0.5425042890021861,1.0,0.8475014296673953,0.23750714833697661,0.6950028593347907,0.6950028593347907
0.552786404500042,1.0,0.850928801500014,0.2546440075000701,0.552786404500042,0.850928801500014
0.579915974791597,1.0,0.8599719915971991,0.29985995798599496,0.439887966388796,1.0
0.5954800825220548,1.0,0.8651600275073515,0.1909601650441095,1.0,0.5954800825220548
0.5799159747915971,1.0,0.8599719915971991,0.15983194958319413,0.8599719915971991,0.7199439831943981
0.5799159747915971,1.0,0.8599719915971991,0.15983194958319413,0.7199439831943981,0.8599719915971991
0.5954800825220548,1.0,0.8651600275073515,0.1909601650441095,0.5954800825220548,1.0
0.6220355269907727,1.0,0.8740118423302576,0.11808289631180313,1.0,0.7480236846605152
0.615889360201312,1.0,0.871963120067104,0.10374184046972812,0.871963120067104,0.871963120067104
0.6220355269907727,1.0,0.8740118423302576,0.11808289631180313,0.7480236846605152,1.0
0.6535898384862247,1.0,0.8845299461620748,0.07623956929659881,1.0,0.8845299461620748
0.6535898384862247,1.0,0.8845299461620748,0.07623956929659881,0.8845299461620748,1.0
0.6855145489834245,1.0,0.8951715163278081,0.056543646950273474,1.0,1.0
0.6581182706210862,1.0,0.772078847080724,1.0,1.0,0.08831538832289643
0.6220355269907727,1.0,0.7480236846605152,1.0,0.8740118423302576,0.11808289631180313
0.587918308153933,1.0,0.725278872102622,1.0,0.725278872102622,0.17583661630786596
0.5624050255063163,1.0,0.7082700170042109,1.0,0.5624050255063163,0.2706750425105272
0.552786404500042,1.0,0.7018576030000281,1.0,0.40371520600005606,0.40371520600005606
0.5624050255063163,1.0,0.7082700170042109,1.0,0.2706750425105272,0.5624050255063163
0.587918308153933,1.0,0.725278872102622,1.0,0.17583661630786596,0.725278872102622
0.6220355269907727,1.0,0.7480236846605152,1.0,0.11808289631180313,0.8740118423302576
0.6581182706210862,1.0,0.772078847080724,1.0,0.08831538832289643,1.0
0.6220355269907727,1.0,0.7480236846605152,0.8740118423302576,1.0,0.11808289631180313
0.5799159747915971,1.0,0.7199439831943981,0.8599719915971991,0.8599719915971991,0.15983194958319413
0.5425042890021861,1.0,0.6950028593347907,0.8475014296673953,0.6950028593347907,0.23750714833697661
0.5196155385847385,1.0,0.6797436923898257,0.8398718461949128,0.5196155385847385,0.3594873847796515
0.5196155385847385,1.0,0.6797436923898257,0.8398718461949128,0.3594873847796515,0.5196155385847385
0.5425042890021861,1.0,0.6950028593347907,0.8475014296673953,0.23750714833697661,0.6950028593347907
0.5799159747915971,1.0,0.7199439831943981,0.8599719915971991,0.15983194958319413,0.8599719915971991
0.6220355269907727,1.0,0.7480236846605152,0.8740118423302576,0.11808289631180313,1.0
0.587918308153933,1.0,0.725278872102622,0.725278872102622,1.0,0.17583661630786596
0.5425042890021861,1.0,0.6950028593347907,0.6950028593347907,0.8475014296673953,0.23750714833697661
0.5068030380839281,1.0,0.6712020253892854,0.6712020253892854,0.6712020253892854,0.34240405077857083
0.49290744716289003,1.0,0.6619382981085933,0.6619382981085933,0.49290744716289003,0.49290744716289003
0.5068030380839281,1.0,0.6712020253892854,0.6712020253892854,0.34240405077857083,0.6712020253892854
0.5425042890021861,1.0,0.6950028593347907,0.6950028593347907,0.23750714833697661,0.8475014296673953
0.587918308153933,1.0,0.725278872102622,0.725278872102622,0.17583661630786596,1.0
0.5624050255063163,1.0,0.7082700170042109,0.5624050255063163,1.0,0.2706750425105272
0.5196155385847385,1.0,0.6797436923898257,0.5196155385847385,0.8398718461949128,0.3594873847796515
0.49290744716289003,1.0,0.6619382981085933,0.49290744716289003,0.6619382981085933,0.49290744716289003
0.49290744716289003,1.0,0.6619382981085933,0.49290744716289003,0.49290744716289003,0.6619382981085933
0.5196155385847385,1.0,0.6797436923898257,0.5196155385847385,0.3594873847796515,0.8398718461949128
0.5624050255063163,1.0,0.7082700170042109,0.5624050255063163,0.2706750425105272,1.0
0.552786404500042,1.0,0.7018576030000281,0.40371520600005606,1.0,0.40371520600005606
0.5196155385847385,1.0,0.6797436923898257,0.3594873847796515,0.8398718461949128,0.5196155385847385
0.5068030380839281,1.0,0.6712020253892854,0.34240405077857083,0.6712020253892854,0.6712020253892854
0.5196155385847385,1.0,0.6797436923898257,0.3594873847796515,0.5196155385847385,0.8398718461949128
0.552786404500042,1.0,0.7018576030000281,0.40371520600005606,0.40371520600005606,1.0
0.5624050255063163,1.0,0.7082700170042109,0.2706750425105272,1.0,0.5624050255063163
0.5425042890021861,1.0,0.6950028593347907,0.23750714833697661,0.8475014296673953,0.6950028593347907
0.5425042890021861,1.0,0.6950028593347907,0.23750714833697661,0.6950028593347907,0.8475014296673953
0.5624050255063163,1.0,0.7082700170042109,0.2706750425105272,0.5624050255063163,1.0
0.587918308153933,1.0,0.725278872102622,0.17583661630786596,1.0,0.725278872102622
0.579915974791597,1.0,0.719943983194398,0.15983194958319402,0.8599719915971991,0.8599719915971991
0.587918308153933,1.0,0.725278872102622,0.17583661630786596,0.725278872102622,1.0
0.6220355269907727,1.0,0.7480236846605152,0.11808289631180313,1.0,0.8740118423302576
0.6220355269907727,1.0,0.7480236846605152,0.11808289631180313,0.8740118423302576,1.0
0.6581182706210862,1.0,0.772078847080724,0.08831538832289643,1.0,1.0
0.6334916669310844,1.0,0.6334916669310844,1.0,1.0,0.1448138895058636
0.5954800825220548,1.0,0.5954800825220548,1.0,0.8651600275073515,0.1909601650441095
0.5624050255063163,1.0,0.5624050255063163,1.0,0.7082700170042109,0.2706750425105272
0.5425042890021861,1.0,0.5425042890021861,1.0,0.5425042890021861,0.39000571866958145
0.5425042890021861,1.0,0.5425042890021861,1.0,0.39000571866958134,0.5425042890021861
0.5624050255063163,1.0,0.5624050255063163,1.0,0.2706750425105272,0.7082700170042109
0.5954800825220548,1.0,0.5954800825220548,1.0,0.1909601650441095,0.8651600275073515
0.6334916669310844,1.0,0.6334916669310844,1.0,0.1448138895058636,1.0
0.5954800825220548,1.0,0.5954800825220548,0.8651600275073515,1.0,0.1909601650441095
0.552786404500042,1.0,0.552786404500042,0.850928801500014,0.850928801500014,0.2546440075000701
0.5196155385847385,1.0,0.5196155385847385,0.8398718461949128,0.6797436923898257,0.3594873847796515
0.5068030380839281,1.0,0.5068030380839281,0.8356010126946427,0.5068030380839281,0.5068030380839281
0.5196155385847385,1.0,0.5196155385847385,0.8398718461949128,0.3594873847796515,0.6797436923898257
0.552786404500042,1.0,0.552786404500042,0.850928801500014,0.2546440075000701,0.850928801500014
0.5954800825220548,1.0,0.5954800825220548,0.8651600275073515,0.1909601650441095,1.0
0.5624050255063163,1.0,0.5624050255063163,0.7082700170042109,1.0,0.2706750425105272
0.5196155385847385,1.0,0.5196155385847385,0.6797436923898257,0.8398718461949128,0.3594873847796515
0.49290744716289014,1.0,0.49290744716289014,0.6619382981085934,0.6619382981085934,0.49290744716289014
0.49290744716289014,1.0,0.49290744716289014,0.6619382981085934,0.49290744716289014,0.6619382981085934
0.5196155385847385,1.0,0.5196155385847385,0.6797436923898257,0.3594873847796515,0.8398718461949128
0.5624050255063163,1.0,0.5624050255063163,0.7082700170042109,0.2706750425105272,1.0
0.5425042890021861,1.0,0.5425042890021861,0.5425042890021861,1.0,0.39000571866958145
0.5068030380839281,1.0,0.5068030380839281,0.5068030380839281,0.8356010126946427,0.5068030380839281
0.49290744716289014,1.0,0.49290744716289014,0.49290744716289014,0.6619382981085934,0.6619382981085934
0.5068030380839281,1.0,0.5068030380839281,0.5068030380839281,0.5068030380839281,0.8356010126946427
0.5425042890021861,1.0,0.5425042890021861,0.5425042890021861,0.39000571866958145,1.0
0.5425042890021861,1.0,0.5425042890021861,0.39000571866958134,1.0,0.5425042890021861
0.5196155385847385,1.0,0.5196155385847385,0.3594873847796515,0.8398718461949128,0.6797436923898257
0.5196155385847385,1.0,0.5196155385847385,0.3594873847796515,0.6797436923898257,0.8398718461949128
0.5425042890021861,1.0,0.5425042890021861,0.39000571866958134,0.5425042890021861,1.0
0.5624050255063163,1.0,0.5624050255063163,0.2706750425105272,1.0,0.7082700170042109
0.552786404500042,1.0,0.552786404500042,0.2546440075000701,0.850928801500014,0.850928801500014
0.5624050255063163,1.0,0.5624050255063163,0.2706750425105272,0.7082700170042109,1.0
0.5954800825220548,1.0,0.5954800825220548,0.1909601650441095,1.0,0.8651600275073515
0.5954800825220548,1.0,0.5954800825220548,0.1909601650441095,0.8651600275073515,1.0
0.6334916669310844,1.0,0.6334916669310844,0.1448138895058636,1.0,1.0
0.615889360201312,1.0,0.4878524802684161,1.0,1.0,0.23177872040262415
0.5799159747915971,1.0,0.4398879663887961,1.0,0.8599719915971991,0.2998599579859952
0.552786404500042,1.0,0.40371520600005606,1.0,0.7018576030000281,0.40371520600005606
0.5425042890021861,1.0,0.39000571866958134,1.0,0.5425042890021861,0.5425042890021861
0.552786404500042,1.0,0.40371520600005606,1.0,0.40371520600005606,0.7018576030000281
0.5799159747915971,1.0,0.4398879663887961,1.0,0.2998599579859952,0.8599719915971991
0.615889360201312,1.0,0.4878524802684161,1.0,0.23177872040262415,1.0
0.5799159747915971,1.0,0.4398879663887961,0.8599719915971991,1.0,0.2998599579859952
0.5425042890021861,1.0,0.39000571866958145,0.8475014296673954,0.8475014296673954,0.39000571866958145
0.5196155385847386,1.0,0.3594873847796516,0.8398718461949128,0.6797436923898258,0.5196155385847386
0.5196155385847386,1.0,0.3594873847796516,0.8398718461949128,0.5196155385847386,0.6797436923898258
0.5425042890021861,1.0,0.39000571866958134,0.8475014296673953,0.39000571866958134,0.8475014296673953
0.5799159747915971,1.0,0.4398879663887961,0.8599719915971991,0.2998599579859952,1.0
0.552786404500042,1.0,0.40371520600005606,0.7018576030000281,1.0,0.40371520600005606
0.5196155385847386,1.0,0.3594873847796516,0.6797436923898258,0.8398718461949128,0.5196155385847386
0.5068030380839281,1.0,0.34240405077857095,0.6712020253892854,0.6712020253892854,0.6712020253892854
0.5196155385847385,1.0,0.3594873847796515,0.6797436923898257,0.5196155385847385,0.8398718461949128
0.552786404500042,1.0,0.40371520600005606,0.7018576030000281,0.40371520600005606,1.0
0.5425042890021861,1.0,0.39000571866958134,0.5425042890021861,1.0,0.5425042890021861
0.5196155385847385,1.0,0.3594873847796515,0.5196155385847385,0.8398718461949128,0.6797436923898257
0.5196155385847385,1.0,0.3594873847796515,0.5196155385847385,0.6797436923898257,0.8398718461949128
0.5425042890021861,1.0,0.39000571866958134,0.5425042890021861,0.5425042890021861,1.0
0.552786404500042,1.0,0.40371520600005606,0.40371520600005606,1.0,0.7018576030000281
0.5425042890021861,1.0,0.39000571866958134,0.39000571866958134,0.8475014296673953,0.8475014296673953
0.552786404500042,1.0,0.40371520600005606,0.40371520600005606,0.7018576030000281,1.0
0.5799159747915971,1.0,0.4398879663887961,0.2998599579859952,1.0,0.8599719915971991
0.5799159747915971,1.0,0.4398879663887961,0.2998599579859952,0.8599719915971991,1.0
0.615889360201312,1.0,0.4878524802684161,0.23177872040262415,1.0,1.0
0.6094332670575284,1.0,0.3490554450958806,1.0,1.0,0.3490554450958806
0.5799159747915971,1.0,0.2998599579859952,1.0,0.8599719915971991,0.4398879663887961
0.5624050255063163,1.0,0.2706750425105272,1.0,0.7082700170042109,0.5624050255063163
0.5624050255063163,1.0,0.2706750425105272,1.0,0.5624050255063163,0.7082700170042109
0.5799159747915971,1.0,0.2998599579859952,1.0,0.4398879663887961,0.8599719915971991
0.6094332670575284,1.0,0.3490554450958806,1.0,0.3490554450958806,1.0
0.5799159747915971,1.0,0.2998599579859952,0.8599719915971991,1.0,0.4398879663887961
0.552786404500042,1.0,0.2546440075000701,0.850928801500014,0.850928801500014,0.552786404500042
0.5425042890021861,1.0,0.23750714833697661,0.8475014296673953,0.6950028593347907,0.6950028593347907
0.552786404500042,1.0,0.2546440075000701,0.850928801500014,0.552786404500042,0.850928801500014
0.5799159747915971,1.0,0.2998599579859952,0.8599719915971991,0.4398879663887961,1.0
0.5624050255063163,1.0,0.2706750425105272,0.7082700170042109,1.0,0.5624050255063163
0.5425042890021861,1.0,0.23750714833697661,0.6950028593347907,0.8475014296673953,0.6950028593347907
0.5425042890021861,1.0,0.23750714833697661,0.6950028593347907,0.6950028593347907,0.8475014296673953
0.5624050255063163,1.0,0.2706750425105272,0.7082700170042109,0.5624050255063163,1.0
0.5624050255063163,1.0,0.2706750425105272,0.5624050255063163,1.0,0.7082700170042109
0.552786404500042,1.0,0.2546440075000701,0.552786404500042,0.850928801500014,0.850928801500014
0.5624050255063163,1.0,0.2706750425105272,0.5624050255063163,0.7082700170042109,1.0
0.5799159747915971,1.0,0.2998599579859952,0.4398879663887961,1.0,0.8599719915971991
0.5799159747915971,1.0,0.2998599579859952,0.4398879663887961,0.8599719915971991,1.0
0.6094332670575284,1.0,0.3490554450958806,0.3490554450958806,1.0,1.0
0.615889360201312,1.0,0.23177872040262415,1.0,1.0,0.4878524802684161
0.5954800825220548,1.0,0.1909601650441095,1.0,0.8651600275073515,0.5954800825220548
0.587918308153933,1.0,0.17583661630786596,1.0,0.725278872102622,0.725278872102622
0.5954800825220548,1.0,0.1909601650441095,1.0,0.5954800825220548,0.8651600275073515
0.615889360201312,1.0,0.23177872040262415,1.0,0.4878524802684161,1.0
0.5954800825220548,1.0,0.1909601650441095,0.8651600275073515,1.0,0.5954800825220548
0.579915974791597,1.0,0.15983194958319402,0.8599719915971991,0.8599719915971991,0.719943983194398
0.579915974791597,1.0,0.15983194958319402,0.8599719915971991,0.719943983194398,0.8599719915971991
0.5954800825220548,1.0,0.1909601650441095,0.8651600275073515,0.5954800825220548,1.0
0.587918308153933,1.0,0.17583661630786596,0.725278872102622,1.0,0.725278872102622
0.579915974791597,1.0,0.15983194958319402,0.719943983194398,0.8599719915971991,0.8599719915971991
0.587918308153933,1.0,0.17583661630786596,0.725278872102622,0.725278872102622,1.0
0.5954800825220548,1.0,0.1909601650441095,0.5954800825220548,1.0,0.8651600275073515
0.5954800825220548,1.0,0.1909601650441095,0.5954800825220548,0.8651600275073515,1.0
0.615889360201312,1.0,0.23177872040262415,0.4878524802684161,1.0,1.0
0.6334916669310843,1.0,0.14481388950586338,1.0,1.0,0.6334916669310843
0.6220355269907727,1.0,0.11808289631180313,1.0,0.8740118423302576,0.7480236846605152
0.6220355269907727,1.0,0.11808289631180313,1.0,0.7480236846605152,0.8740118423302576
0.6334916669310843,1.0,0.14481388950586338,1.0,0.6334916669310843,1.0
0.6220355269907727,1.0,0.11808289631180313,0.8740118423302576,1.0,0.7480236846605152
0.615889360201312,1.0,0.10374184046972812,0.871963120067104,0.871963120067104,0.871963120067104
0.6220355269907727,1.0,0.11808289631180313,0.8740118423302576,0.7480236846605152,1.0
0.6220355269907727,1.0,0.11808289631180313,0.7480236846605152,1.0,0.8740118423302576
0.6220355269907727,1.0,0.11808289631180313,0.7480236846605152,0.8740118423302576,1.0
0.6334916669310843,1.0,0.14481388950586338,0.6334916669310843,1.0,1.0
0.6581182706210862,1.0,0.08831538832289643,1.0,1.0,0.772078847080724
0.6535898384862244,1.0,0.0762395692965987,1.0,0.8845299461620748,0.8845299461620748
0.6581182706210862,1.0,0.08831538832289643,1.0,0.772078847080724,1.0
0.6535898384862244,1.0,0.0762395692965987,0.8845299461620748,1.0,0.8845299461620748
0.6535898384862244,1.0,0.0762395692965987,0.8845299461620748,0.8845299461620748,1.0
0.6581182706210862,1.0,0.08831538832289643,0.772078847080724,1.0,1.0
0.6855145489834245,1.0,0.056543646950273474,1.0,1.0,0.8951715163278081
0.6855145489834245,1.0,0.056543646950273474,1.0,0.8951715163278081,1.0
0.6855145489834245,1.0,0.056543646950273474,0.8951715163278081,1.0,1.0
0.7126521144336546,1.0,0.04217371477884857,1.0,1.0,1.0
0.6855145489834245,0.8951715163278081,1.0,1.0,1.0,0.056543646950273474
0.6535898384862247,0.8845299461620748,1.0,1.0,0.8845299461620748,0.07623956929659881
0.6220355269907727,0.8740118423302576,1.0,1.0,0.7480236846605152,0.11808289631180313
0.5954800825220548,0.8651600275073515,1.0,1.0,0.5954800825220548,0.1909601650441095
0.579915974791597,0.8599719915971991,1.0,1.0,0.439887966388796,0.29985995798599496
0.579915974791597,0.8599719915971991,1.0,1.0,0.29985995798599496,0.439887966388796
0.5954800825220548,0.8651600275073515,1.0,1.0,0.1909601650441095,0.5954800825220548
0.6220355269907727,0.8740118423302576,1.0,1.0,0.11808289631180313,0.7480236846605152
0.6535898384862247,0.8845299461620748,1.0,1.0,0.07623956929659881,0.8845299461620748
0.6855145489834245,0.8951715163278081,1.0,1.0,0.056543646950273474,1.0
0.6535898384862247,0.8845299461620748,1.0,0.8845299461620748,1.0,0.07623956929659881
0.615889360201312,0.8719631200671041,1.0,0.8719631200671041,0.8719631200671041,0.10374184046972834
0.5799159747915971,0.8599719915971991,1.0,0.8599719915971991,0.7199439831943981,0.15983194958319413
0.552786404500042,0.850928801500014,1.0,0.850928801500014,0.552786404500042,0.2546440075000701
0.5425042890021861,0.8475014296673954,1.0,0.8475014296673954,0.39000571866958145,0.39000571866958145
0.552786404500042,0.850928801500014,1.0,0.850928801500014,0.2546440075000701,0.552786404500042
0.5799159747915971,0.8599719915971991,1.0,0.8599719915971991,0.15983194958319413,0.7199439831943981
0.615889360201312,0.871963120067104,1.0,0.871963120067104,0.10374184046972812,0.871963120067104
0.6535898384862247,0.8845299461620748,1.0,0.8845299461620748,0.07623956929659881,1.0
0.6220355269907727,0.8740118423302576,1.0,0.7480236846605152,1.0,0.11808289631180313
0.5799159747915971,0.8599719915971991,1.0,0.7199439831943981,0.8599719915971991,0.15983194958319413
0.5425042890021861,0.8475014296673953,1.0,0.6950028593347907,0.6950028593347907,0.23750714833697661
0.5196155385847385,0.8398718461949128,1.0,0.6797436923898257,0.5196155385847385,0.3594873847796515
0.5196155385847385,0.8398718461949128,1.0,0.6797436923898257,0.3594873847796515,0.5196155385847385
0.5425042890021861,0.8475014296673953,1.0,0.6950028593347907,0.23750714833697661,0.6950028593347907
0.5799159747915971,0.8599719915971991,1.0,0.7199439831943981,0.15983194958319413,0.8599719915971991
0.6220355269907727,0.8740118423302576,1.0,0.7480236846605152,0.11808289631180313,1.0
0.5954800825220548,0.8651600275073515,1.0,0.5954800825220548,1.0,0.1909601650441095
0.552786404500042,0.850928801500014,1.0,0.552786404500042,0.850928801500014,0.2546440075000701
0.5196155385847385,0.8398718461949128,1.0,0.5196155385847385,0.6797436923898257,0.3594873847796515
0.5068030380839281,0.8356010126946427,1.0,0.5068030380839281,0.5068030380839281,0.5068030380839281
0.5196155385847385,0.8398718461949128,1.0,0.5196155385847385,0.3594873847796515,0.6797436923898257
0.552786404500042,0.850928801500014,1.0,0.552786404500042,0.2546440075000701,0.850928801500014
0.5954800825220548,0.8651600275073515,1.0,0.5954800825220548,0.1909601650441095,1.0
0.579915974791597,0.8599719915971991,1.0,0.439887966388796,1.0,0.29985995798599496
0.5425042890021861,0.8475014296673953,1.0,0.39000571866958134,0.8475014296673953,0.39000571866958134
0.5196155385847385,0.8398718461949128,1.0,0.3594873847796515,0.6797436923898257,0.5196155385847385
0.5196155385847385,0.8398718461949128,1.0,0.3594873847796515,0.5196155385847385,0.6797436923898257
0.5425042890021861,0.8475014296673953,1.0,0.39000571866958134,0.39000571866958134,0.8475014296673953
0.579915974791597,0.8599719915971991,1.0,0.439887966388796,0.29985995798599496,1.0
0.579915974791597,0.8599719915971991,1.0,0.29985995798599496,1.0,0.439887966388796
0.552786404500042,0.850928801500014,1.0,0.2546440075000701,0.850928801500014,0.552786404500042
0.5425042890021861,0.8475014296673953,1.0,0.23750714833697661,0.6950028593347907,0.6950028593347907
0.552786404500042,0.850928801500014,1.0,0.2546440075000701,0.552786404500042,0.850928801500014
0.579915974791597,0.8599719915971991,1.0,0.29985995798599496,0.439887966388796,1.0
0.5954800825220548,0.8651600275073515,1.0,0.1909601650441095,1.0,0.5954800825220548
0.5799159747915971,0.8599719915971991,1.0,0.15983194958319413,0.8599719915971991,0.7199439831943981
0.5799159747915971,0.8599719915971991,1.0,0.15983194958319413,0.7199439831943981,0.8599719915971991
0.5954800825220548,0.8651600275073515,1.0,0.1909601650441095,0.5954800825220548,1.0
0.6220355269907727,0.8740118423302576,1.0,0.11808289631180313,1.0,0.7480236846605152
0.615889360201312,0.871963120067104,1.0,0.10374184046972812,0.871963120067104,0.871963120067104
0.6220355269907727,0.8740118423302576,1.0,0.11808289631180313,0.7480236846605152,1.0
0.6535898384862247,0.8845299461620748,1.0,0.07623956929659881,1.0,0.8845299461620748
0.6535898384862247,0.8845299461620748,1.0,0.07623956929659881,0.8845299461620748,1.0
0.6855145489834245,0.8951715163278081,1.0,0.056543646950273474,1.0,1.0
0.6535898384862247,0.8845299461620748,0.8845299461620748,1.0,1.0,0.07623956929659881
0.615889360201312,0.8719631200671041,0.8719631200671041,1.0,0.8719631200671041,0.10374184046972834
0.5799159747915971,0.8599719915971991,0.8599719915971991,1.0,0.7199439831943981,0.15983194958319413
0.552786404500042,0.850928801500014,0.850928801500014,1.0,0.552786404500042,0.2546440075000701
0.5425042890021861,0.8475014296673954,0.8475014296673954,1.0,0.39000571866958145,0.39000571866958145
0.552786404500042,0.850928801500014,0.850928801500014,1.0,0.2546440075000701,0.552786404500042
0.5799159747915971,0.8599719915971991,0.8599719915971991,1.0,0.15983194958319413,0.7199439831943981
0.615889360201312,0.871963120067104,0.871963120067104,1.0,0.10374184046972812,0.871963120067104
0.6535898384862247,0.8845299461620748,0.8845299461620748,1.0,0.07623956929659881,1.0
0.615889360201312,0.8719631200671041,0.8719631200671041,0.8719631200671041,1.0,0.10374184046972834
0.5714285714285714,0.8571428571428572,0.8571428571428572,0.8571428571428572,0.8571428571428572,0.1428571428571429
0.5314787143341818,0.8438262381113939,0.8438262381113939,0.8438262381113939,0.6876524762227878,0.2191311905569696
0.5068030380839281,0.8356010126946427,0.8356010126946427,0.8356010126946427,0.5068030380839281,0.34240405077857083
0.5068030380839281,0.8356010126946427,0.8356010126946427,0.8356010126946427,0.34240405077857083,0.5068030380839281
0.5314787143341818,0.8438262381113939,0.8438262381113939,0.8438262381113939,0.2191311905569696,0.6876524762227878
0.5714285714285714,0.8571428571428572,0.8571428571428572,0.8571428571428572,0.1428571428571429,0.8571428571428572
0.615889360201312,0.8719631200671041,0.8719631200671041,0.8719631200671041,0.10374184046972834,1.0
0.5799159747915971,0.8599719915971991,0.8599719915971991,0.7199439831943981,1.0,0.15983194958319413
0.5314787143341818,0.8438262381113939,0.8438262381113939,0.6876524762227878,0.8438262381113939,0.2191311905569696
0.49290744716289003,0.8309691490542968,0.8309691490542968,0.6619382981085934,0.6619382981085934,0.3238765962171868
0.4777670321329065,0.8259223440443022,0.8259223440443022,0.6518446880886043,0.4777670321329065,0.4777670321329065
0.49290744716289003,0.8309691490542968,0.8309691490542968,0.6619382981085934,0.3238765962171868,0.6619382981085934
0.5314787143341818,0.8438262381113939,0.8438262381113939,0.6876524762227878,0.2191311905569696,0.8438262381113939
0.5799159747915971,0.8599719915971991,0.8599719915971991,0.7199439831943981,0.15983194958319413,1.0
0.552786404500042,0.850928801500014,0.850928801500014,0.552786404500042,1.0,0.2546440075000701
0.5068030380839281,0.8356010126946427,0.8356010126946427,0.5068030380839281,0.8356010126946427,0.34240405077857083
0.4777670321329065,0.8259223440443022,0.8259223440443022,0.4777670321329065,0.6518446880886044,0.4777670321329065
0.4777670321329065,0.8259223440443022,0.8259223440443022,0.4777670321329065,0.4777670321329065,0.6518446880886044
0.5068030380839281,0.8356010126946427,0.8356010126946427,0.5068030380839281,0.34240405077857083,0.8356010126946427
0.552786404500042,0.850928801500014,0.850928801500014,0.552786404500042,0.2546440075000701,1.0
0.5425042890021861,0.8475014296673954,0.8475014296673954,0.39000571866958145,1.0,0.39000571866958145
0.5068030380839281,0.8356010126946427,0.8356010126946427,0.34240405077857095,0.8356010126946427,0.5068030380839281
0.49290744716289014,0.8309691490542968,0.8309691490542968,0.3238765962171868,0.6619382981085934,0.6619382981085934
0.5068030380839281,0.8356010126946427,0.8356010126946427,0.34240405077857083,0.5068030380839281,0.8356010126946427
0.5425042890021861,0.8475014296673954,0.8475014296673954,0.39000571866958145,0.39000571866958145,1.0
0.552786404500042,0.850928801500014,0.850928801500014,0.2546440075000701,1.0,0.552786404500042
0.5314787143341819,0.8438262381113939,0.8438262381113939,0.21913119055696972,0.8438262381113939,0.6876524762227879
0.5314787143341819,0.8438262381113939,0.8438262381113939,0.21913119055696972,0.6876524762227879,0.8438262381113939
0.552786404500042,0.850928801500014,0.850928801500014,0.2546440075000701,0.552786404500042,1.0
0.5799159747915971,0.8599719915971991,0.8599719915971991,0.15983194958319413,1.0,0.7199439831943981
0.5714285714285714,0.8571428571428571,0.8571428571428571,0.1428571428571428,0.8571428571428571,0.8571428571428571
0.5799159747915971,0.8599719915971991,0.8599719915971991,0.15983194958319413,0.7199439831943981,1.0
0.615889360201312,0.871963120067104,0.871963120067104,0.10374184046972812,1.0,0.871963120067104
0.615889360201312,0.871963120067104,0.871963120067104,0.10374184046972812,0.871963120067104,1.0
0.6535898384862247,0.8845299461620748,0.8845299461620748,0.07623956929659881,1.0,1.0
0.6220355269907727,0.8740118423302576,0.7480236846605152,1.0,1.0,0.11808289631180313
0.5799159747915971,0.8599719915971991,0.7199439831943981,1.0,0.8599719915971991,0.15983194958319413
0.5425042890021861,0.8475014296673953,0.6950028593347907,1.0,0.6950028593347907,0.23750714833697661
0.5196155385847385,0.8398718461949128,0.6797436923898257,1.0,0.5196155385847385,0.3594873847796515
0.5196155385847385,0.8398718461949128,0.6797436923898257,1.0,0.3594873847796515,0.5196155385847385
0.5425042890021861,0.8475014296673953,0.6950028593347907,1.0,0.23750714833697661,0.6950028593347907
0.5799159747915971,0.8599719915971991,0.7199439831943981,1.0,0.15983194958319413,0.8599719915971991
0.6220355269907727,0.8740118423302576,0.7480236846605152,1.0,0.11808289631180313,1.0
0.5799159747915971,0.8599719915971991,0.7199439831943981,0.8599719915971991,1.0,0.15983194958319413
0.5314787143341818,0.8438262381113939,0.6876524762227878,0.8438262381113939,0.8438262381113939,0.2191311905569696
0.49290744716289003,0.8309691490542968,0.6619382981085934,0.8309691490542968,0.6619382981085934,0.3238765962171868
0.4777670321329065,0.8259223440443022,0.6518446880886043,0.8259223440443022,0.4777670321329065,0.4777670321329065
0.49290744716289003,0.8309691490542968,0.6619382981085934,0.8309691490542968,0.3238765962171868,0.6619382981085934
0.5314787143341818,0.8438262381113939,0.6876524762227878,0.8438262381113939,0.2191311905569696,0.8438262381113939
0.5799159747915971,0.8599719915971991,0.7199439831943981,0.8599719915971991,0.15983194958319413,1.0
0.5425042890021861,0.8475014296673953,0.6950028593347907,0.6950028593347907,1.0,0.23750714833697661
0.49290744716289003,0.8309691490542968,0.6619382981085934,0.6619382981085934,0.8309691490542968,0.3238765962171868
0.4611840939196753,0.8203946979732251,0.6407893959464502,0.6407893959464502,0.6407893959464502,0.4611840939196753
0.4611840939196753,0.8203946979732251,0.6407893959464502,0.6407893959464502,0.4611840939196753,0.6407893959464502
0.49290744716289003,0.8309691490542968,0.6619382981085934,0.6619382981085934,0.3238765962171868,0.8309691490542968
0.5425042890021861,0.8475014296673953,0.6950028593347907,0.6950028593347907,0.23750714833697661,1.0
0.5196155385847385,0.8398718461949128,0.6797436923898257,0.5196155385847385,1.0,0.3594873847796515
0.4777670321329065,0.8259223440443022,0.6518446880886044,0.4777670321329065,0.8259223440443022,0.4777670321329065
0.4611840939196753,0.8203946979732251,0.6407893959464502,0.4611840939196753,0.6407893959464502,0.6407893959464502
0.4777670321329065,0.8259223440443022,0.6518446880886044,0.4777670321329065,0.4777670321329065,0.8259223440443022
0.5196155385847385,0.8398718461949128,0.6797436923898257,0.5196155385847385,0.3594873847796515,1.0
0.5196155385847385,0.8398718461949128,0.6797436923898257,0.3594873847796515,1.0,0.5196155385847385
0.49290744716289003,0.8309691490542968,0.6619382981085934,0.3238765962171868,0.8309691490542968,0.6619382981085934
0.49290744716289003,0.8309691490542968,0.6619382981085934,0.3238765962171868,0.6619382981085934,0.8309691490542968
0.5196155385847385,0.8398718461949128,0.6797436923898257,0.3594873847796515,0.5196155385847385,1.0
0.5425042890021861,0.8475014296673953,0.6950028593347907,0.23750714833697661,1.0,0.6950028593347907
0.5314787143341818,0.8438262381113939,0.6876524762227878,0.2191311905569696,0.8438262381113939,0.8438262381113939
0.5425042890021861,0.8475014296673953,0.6950028593347907,0.23750714833697661,0.6950028593347907,1.0
0.5799159747915971,0.8599719915971991,0.7199439831943981,0.15983194958319413,1.0,0.8599719915971991
0.5799159747915971,0.8599719915971991,0.7199439831943981,0.15983194958319413,0.8599719915971991,1.0
0.6220355269907727,0.8740118423302576,0.7480236846605152,0.11808289631180313,1.0,1.0
0.5954800825220548,0.8651600275073515,0.5954800825220548,1.0,1.0,0.1909601650441095
0.552786404500042,0.850928801500014,0.552786404500042,1.0,0.850928801500014,0.2546440075000701
0.5196155385847385,0.8398718461949128,0.5196155385847385,1.0,0.6797436923898257,0.3594873847796515
0.5068030380839281,0.8356010126946427,0.5068030380839281,1.0,0.5068030380839281,0.5068030380839281
0.5196155385847385,0.8398718461949128,0.5196155385847385,1.0,0.3594873847796515,0.6797436923898257
0.552786404500042,0.850928801500014,0.552786404500042,1.0,0.2546440075000701,0.850928801500014
0.5954800825220548,0.8651600275073515,0.5954800825220548,1.0,0.1909601650441095,1.0
0.552786404500042,0.850928801500014,0.552786404500042,0.850928801500014,1.0,0.2546440075000701
0.5068030380839281,0.8356010126946427,0.5068030380839281,0.8356010126946427,0.8356010126946427,0.34240405077857083
0.4777670321329065,0.8259223440443022,0.4777670321329065,0.8259223440443022,0.6518446880886044,0.4777670321329065
0.4777670321329065,0.8259223440443022,0.4777670321329065,0.8259223440443022,0.4777670321329065,0.6518446880886044
0.5068030380839281,0.8356010126946427,0.5068030380839281,0.8356010126946427,0.34240405077857083,0.8356010126946427
0.552786404500042,0.850928801500014,0.552786404500042,0.850928801500014,0.2546440075000701,1.0
0.5196155385847385,0.8398718461949128,0.5196155385847385,0.6797436923898257,1.0,0.3594873847796515
0.4777670321329065,0.8259223440443022,0.4777670321329065,0.6518446880886044,0.8259223440443022,0.4777670321329065
0.4611840939196753,0.8203946979732251,0.4611840939196753,0.6407893959464502,0.6407893959464502,0.6407893959464502
0.4777670321329065,0.8259223440443022,0.4777670321329065,0.6518446880886044,0.4777670321329065,0.8259223440443022
0.5196155385847385,0.8398718461949128,0.5196155385847385,0.6797436923898257,0.3594873847796515,1.0
0.5068030380839281,0.8356010126946427,0.5068030380839281,0.5068030380839281,1.0,0.5068030380839281
0.4777670321329065,0.8259223440443022,0.4777670321329065,0.4777670321329065,0.8259223440443022,0.6518446880886044
0.4777670321329065,0.8259223440443022,0.4777670321329065,0.4777670321329065,0.6518446880886044,0.8259223440443022
0.5068030380839281,0.8356010126946427,0.5068030380839281,0.5068030380839281,0.5068030380839281,1.0
0.5196155385847385,0.8398718461949128,0.5196155385847385,0.3594873847796515,1.0,0.6797436923898257
0.5068030380839281,0.8356010126946427,0.5068030380839281,0.34240405077857083,0.8356010126946427,0.8356010126946427
0.5196155385847385,0.8398718461949128,0.5196155385847385,0.3594873847796515,0.6797436923898257,1.0
0.552786404500042,0.850928801500014,0.552786404500042,0.2546440075000701,1.0,0.850928801500014
0.552786404500042,0.850928801500014,0.552786404500042,0.2546440075000701,0.850928801500014,1.0
0.5954800825220548,0.8651600275073515,0.5954800825220548,0.1909601650441095,1.0,1.0
0.579915974791597,0.8599719915971991,0.439887966388796,1.0,1.0,0.29985995798599496
0.5425042890021861,0.8475014296673953,0.39000571866958134,1.0,0.8475014296673953,0.39000571866958134
0.5196155385847385,0.8398718461949128,0.3594873847796515,1.0,0.6797436923898257,0.5196155385847385
0.5196155385847385,0.8398718461949128,0.3594873847796515,1.0,0.5196155385847385,0.6797436923898257
0.5425042890021861,0.8475014296673953,0.39000571866958134,1.0,0.39000571866958134,0.8475014296673953
0.579915974791597,0.8599719915971991,0.439887966388796,1.0,0.29985995798599496,1.0
0.5425042890021861,0.8475014296673953,0.39000571866958134,0.8475014296673953,1.0,0.39000571866958134
0.5068030380839281,0.8356010126946427,0.34240405077857083,0.8356010126946427,0.8356010126946427,0.5068030380839281
0.49290744716289003,0.8309691490542968,0.3238765962171868,0.8309691490542968,0.6619382981085934,0.6619382981085934
0.5068030380839281,0.8356010126946427,0.34240405077857083,0.8356010126946427,0.5068030380839281,0.8356010126946427
0.5425042890021861,0.8475014296673953,0.39000571866958134,0.8475014296673953,0.39000571866958134,1.0
0.5196155385847385,0.8398718461949128,0.3594873847796515,0.6797436923898257,1.0,0.5196155385847385
0.49290744716289003,0.8309691490542968,0.3238765962171868,0.6619382981085934,0.8309691490542968,0.6619382981085934
0.49290744716289003,0.8309691490542968,0.3238765962171868,0.6619382981085934,0.6619382981085934,0.8309691490542968
0.5196155385847385,0.8398718461949128,0.3594873847796515,0.6797436923898257,0.5196155385847385,1.0
0.5196155385847385,0.8398718461949128,0.3594873847796515,0.5196155385847385,1.0,0.6797436923898257
0.5068030380839281,0.8356010126946427,0.34240405077857083,0.5068030380839281,0.8356010126946427,0.8356010126946427
0.5196155385847385,0.8398718461949128,0.3594873847796515,0.5196155385847385,0.6797436923898257,1.0
0.5425042890021861,0.8475014296673953,0.39000571866958134,0.39000571866958134,1.0,0.8475014296673953
0.5425042890021861,0.8475014296673953,0.39000571866958134,0.39000571866958134,0.8475014296673953,1.0
0.579915974791597,0.8599719915971991,0.439887966388796,0.29985995798599496,1.0,1.0
0.579915974791597,0.8599719915971991,0.29985995798599496,1.0,1.0,0.439887966388796
0.552786404500042,0.850928801500014,0.2546440075000701,1.0,0.850928801500014,0.552786404500042
0.5425042890021861,0.8475014296673953,0.23750714833697661,1.0,0.6950028593347907,0.6950028593347907
0.552786404500042,0.850928801500014,0.2546440075000701,1.0,0.552786404500042,0.850928801500014
0.579915974791597,0.8599719915971991,0.29985995798599496,1.0,0.439887966388796,1.0
0.552786404500042,0.850928801500014,0.2546440075000701,0.850928801500014,1.0,0.552786404500042
0.5314787143341818,0.8438262381113939,0.2191311905569696,0.8438262381113939,0.8438262381113939,0.6876524762227878
0.5314787143341818,0.8438262381113939,0.2191311905569696,0.8438262381113939,0.6876524762227878,0.8438262381113939
0.552786404500042,0.850928801500014,0.2546440075000701,0.850928801500014,0.552786404500042,1.0
0.5425042890021861,0.8475014296673953,0.23750714833697661,0.6950028593347907,1.0,0.6950028593347907
0.5314787143341818,0.8438262381113939,0.2191311905569696,0.6876524762227878,0.8438262381113939,0.8438262381113939
0.5425042890021861,0.8475014296673953,0.23750714833697661,0.6950028593347907,0.6950028593347907,1.0
0.552786404500042,0.850928801500014,0.2546440075000701,0.552786404500042,1.0,0.850928801500014
0.552786404500042,0.850928801500014,0.2546440075000701,0.552786404500042,0.850928801500014,1.0
0.579915974791597,0.8599719915971991,0.29985995798599496,0.439887966388796,1.0,1.0
0.5954800825220548,0.8651600275073515,0.1909601650441095,1.0,1.0,0.5954800825220548
0.5799159747915971,0.8599719915971991,0.15983194958319413,1.0,0.8599719915971991,0.7199439831943981
0.5799159747915971,0.8599719915971991,0.15983194958319413,1.0,0.7199439831943981,0.8599719915971991
0.5954800825220548,0.8651600275073515,0.1909601650441095,1.0,0.5954800825220548,1.0
0.5799159747915971,0.8599719915971991,0.15983194958319413,0.8599719915971991,1.0,0.7199439831943981
0.5714285714285714,0.8571428571428571,0.1428571428571428,0.8571428571428571,0.8571428571428571,0.8571428571428571
0.5799159747915971,0.8599719915971991,0.15983194958319413,0.8599719915971991,0.7199439831943981,1.0
0.5799159747915971,0.8599719915971991,0.15983194958319413,0.7199439831943981,1.0,0.8599719915971991
0.5799159747915971,0.8599719915971991,0.15983194958319413,0.7199439831943981,0.8599719915971991,1.0
0.5954800825220548,0.8651600275073515,0.1909601650441095,0.5954800825220548,1.0,1.0
0.6220355269907727,0.8740118423302576,0.11808289631180313,1.0,1.0,0.7480236846605152
0.615889360201312,0.871963120067104,0.10374184046972812,1.0,0.871963120067104,0.871963120067104
0.6220355269907727,0.8740118423302576,0.11808289631180313,1.0,0.7480236846605152,1.0
0.615889360201312,0.871963120067104,0.10374184046972812,0.871963120067104,1.0,0.871963120067104
0.615889360201312,0.871963120067104,0.10374184046972812,0.871963120067104,0.871963120067104,1.0
0.6220355269907727,0.8740118423302576,0.11808289631180313,0.7480236846605152,1.0,1.0
0.6535898384862247,0.8845299461620748,0.07623956929659881,1.0,1.0,0.8845299461620748
0.6535898384862247,0.8845299461620748,0.07623956929659881,1.0,0.8845299461620748,1.0
0.6535898384862247,0.8845299461620748,0.07623956929659881,0.8845299461620748,1.0,1.0
0.6855145489834245,0.8951715163278081,0.056543646950273474,1.0,1.0,1.0
0.6581182706210862,0.772078847080724,1.0,1.0,1.0,0.08831538832289643
0.6220355269907727,0.7480236846605152,1.0,1.0,0.8740118423302576,0.11808289631180313
0.587918308153933,0.725278872102622,1.0,1.0,0.725278872102622,0.17583661630786596
0.5624050255063163,0.7082700170042109,1.0,1.0,0.5624050255063163,0.2706750425105272
0.552786404500042,0.7018576030000281,1.0,1.0,0.40371520600005606,0.40371520600005606
0.5624050255063163,0.7082700170042109,1.0,1.0,0.2706750425105272,0.5624050255063163
0.587918308153933,0.725278872102622,1.0,1.0,0.17583661630786596,0.725278872102622
0.6220355269907727,0.7480236846605152,1.0,1.0,0.11808289631180313,0.8740118423302576
0.6581182706210862,0.772078847080724,1.0,1.0,0.08831538832289643,1.0
0.6220355269907727,0.7480236846605152,1.0,0.8740118423302576,1.0,0.11808289631180313
0.5799159747915971,0.7199439831943981,1.0,0.8599719915971991,0.8599719915971991,0.15983194958319413
0.5425042890021861,0.6950028593347907,1.0,0.8475014296673953,0.6950028593347907,0.23750714833697661
0.5196155385847385,0.6797436923898257,1.0,0.8398718461949128,0.5196155385847385,0.3594873847796515
0.5196155385847385,0.6797436923898257,1.0,0.8398718461949128,0.3594873847796515,0.5196155385847385
0.5425042890021861,0.6950028593347907,1.0,0.8475014296673953,0.23750714833697661,0.6950028593347907
0.5799159747915971,0.7199439831943981,1.0,0.8599719915971991,0.15983194958319413,0.8599719915971991
0.6220355269907727,0.7480236846605152,1.0,0.8740118423302576,0.11808289631180313,1.0
0.587918308153933,0.725278872102622,1.0,0.725278872102622,1.0,0.17583661630786596
0.5425042890021861,0.6950028593347907,1.0,0.6950028593347907,0.8475014296673953,0.23750714833697661
0.5068030380839281,0.6712020253892854,1.0,0.6712020253892854,0.6712020253892854,0.34240405077857083
0.49290744716289003,0.6619382981085933,1.0,0.6619382981085933,0.49290744716289003,0.49290744716289003
0.5068030380839281,0.6712020253892854,1.0,0.6712020253892854,0.34240405077857083,0.6712020253892854
0.5425042890021861,0.6950028593347907,1.0,0.6950028593347907,0.23750714833697661,0.8475014296673953
0.587918308153933,0.725278872102622,1.0,0.725278872102622,0.17583661630786596,1.0
0.5624050255063163,0.7082700170042109,1.0,0.5624050255063163,1.0,0.2706750425105272
0.5196155385847385,0.6797436923898257,1.0,0.5196155385847385,0.8398718461949128,0.3594873847796515
0.49290744716289003,0.6619382981085933,1.0,0.49290744716289003,0.6619382981085933,0.49290744716289003
0.49290744716289003,0.6619382981085933,1.0,0.49290744716289003,0.49290744716289003,0.6619382981085933
0.5196155385847385,0.6797436923898257,1.0,0.5196155385847385,0.3594873847796515,0.8398718461949128
0.5624050255063163,0.7082700170042109,1.0,0.5624050255063163,0.2706750425105272,1.0
0.552786404500042,0.7018576030000281,1.0,0.40371520600005606,1.0,0.40371520600005606
0.5196155385847385,0.6797436923898257,1.0,0.3594873847796515,0.8398718461949128,0.5196155385847385
0.5068030380839281,0.6712020253892854,1.0,0.34240405077857083,0.6712020253892854,0.6712020253892854
0.5196155385847385,0.6797436923898257,1.0,0.3594873847796515,0.5196155385847385,0.8398718461949128
0.552786404500042,0.7018576030000281,1.0,0.40371520600005606,0.40371520600005606,1.0
0.5624050255063163,0.7082700170042109,1.0,0.2706750425105272,1.0,0.5624050255063163
0.5425042890021861,0.6950028593347907,1.0,0.23750714833697661,0.8475014296673953,0.6950028593347907
0.5425042890021861,0.6950028593347907,1.0,0.23750714833697661,0.6950028593347907,0.8475014296673953
0.5624050255063163,0.7082700170042109,1.0,0.2706750425105272,0.5624050255063163,1.0
0.587918308153933,0.725278872102622,1.0,0.17583661630786596,1.0,0.725278872102622
0.579915974791597,0.719943983194398,1.0,0.15983194958319402,0.8599719915971991,0.8599719915971991
0.587918308153933,0.725278872102622,1.0,0.17583661630786596,0.725278872102622,1.0
0.6220355269907727,0.7480236846605152,1.0,0.11808289631180313,1.0,0.8740118423302576
0.6220355269907727,0.7480236846605152,1.0,0.11808289631180313,0.8740118423302576,1.0
0.6581182706210862,0.772078847080724,1.0,0.08831538832289643,1.0,1.0
0.6220355269907727,0.7480236846605152,0.8740118423302576,1.0,1.0,0.11808289631180313
0.5799159747915971,0.7199439831943981,0.8599719915971991,1.0,0.8599719915971991,0.15983194958319413
0.5425042890021861,0.6950028593347907,0.8475014296673953,1.0,0.6950028593347907,0.23750714833697661
0.5196155385847385,0.6797436923898257,0.8398718461949128,1.0,0.5196155385847385,0.3594873847796515
0.5196155385847385,0.6797436923898257,0.8398718461949128,1.0,0.3594873847796515,0.5196155385847385
0.5425042890021861,0.6950028593347907,0.8475014296673953,1.0,0.23750714833697661,0.6950028593347907
0.5799159747915971,0.7199439831943981,0.8599719915971991,1.0,0.15983194958319413,0.8599719915971991
0.6220355269907727,0.7480236846605152,0.8740118423302576,1.0,0.11808289631180313,1.0
0.5799159747915971,0.7199439831943981,0.8599719915971991,0.8599719915971991,1.0,0.15983194958319413
0.5314787143341818,0.6876524762227878,0.8438262381113939,0.8438262381113939,0.8438262381113939,0.2191311905569696
0.49290744716289003,0.6619382981085934,0.8309691490542968,0.8309691490542968,0.6619382981085934,0.3238765962171868
0.4777670321329065,0.6518446880886043,0.8259223440443022,0.8259223440443022,0.4777670321329065,0.4777670321329065
0.49290744716289003,0.6619382981085934,0.8309691490542968,0.8309691490542968,0.3238765962171868,0.6619382981085934
0.5314787143341818,0.6876524762227878,0.8438262381113939,0.8438262381113939,0.2191311905569696,0.8438262381113939
0.5799159747915971,0.7199439831943981,0.8599719915971991,0.8599719915971991,0.15983194958319413,1.0
0.5425042890021861,0.6950028593347907,0.8475014296673953,0.6950028593347907,1.0,0.23750714833697661
0.49290744716289003,0.6619382981085934,0.8309691490542968,0.6619382981085934,0.8309691490542968,0.3238765962171868
0.4611840939196753,0.6407893959464502,0.8203946979732251,0.6407893959464502,0.6407893959464502,0.4611840939196753
0.4611840939196753,0.6407893959464502,0.8203946979732251,0.6407893959464502,0.4611840939196753,0.6407893959464502
0.49290744716289003,0.6619382981085934,0.8309691490542968,0.6619382981085934,0.3238765962171868,0.8309691490542968
0.5425042890021861,0.6950028593347907,0.8475014296673953,0.6950028593347907,0.23750714833697661,1.0
0.5196155385847385,0.6797436923898257,0.8398718461949128,0.5196155385847385,1.0,0.3594873847796515
0.4777670321329065,0.6518446880886044,0.8259223440443022,0.4777670321329065,0.8259223440443022,0.4777670321329065
0.4611840939196753,0.6407893959464502,0.8203946979732251,0.4611840939196753,0.6407893959464502,0.6407893959464502
0.4777670321329065,0.6518446880886044,0.8259223440443022,0.4777670321329065,0.4777670321329065,0.8259223440443022
0.5196155385847385,0.6797436923898257,0.8398718461949128,0.5196155385847385,0.3594873847796515,1.0
0.5196155385847385,0.6797436923898257,0.8398718461949128,0.3594873847796515,1.0,0.5196155385847385
0.49290744716289003,0.6619382981085934,0.8309691490542968,0.3238765962171868,0.8309691490542968,0.6619382981085934
0.49290744716289003,0.6619382981085934,0.8309691490542968,0.3238765962171868,0.6619382981085934,0.8309691490542968
0.5196155385847385,0.6797436923898257,0.8398718461949128,0.3594873847796515,0.5196155385847385,1.0
0.5425042890021861,0.6950028593347907,0.8475014296673953,0.23750714833697661,1.0,0.6950028593347907
0.5314787143341818,0.6876524762227878,0.8438262381113939,0.2191311905569696,0.8438262381113939,0.8438262381113939
0.5425042890021861,0.6950028593347907,0.8475014296673953,0.23750714833697661,0.6950028593347907,1.0
0.5799159747915971,0.7199439831943981,0.8599719915971991,0.15983194958319413,1.0,0.8599719915971991
0.5799159747915971,0.7199439831943981,0.8599719915971991,0.15983194958319413,0.8599719915971991,1.0
0.6220355269907727,0.7480236846605152,0.8740118423302576,0.11808289631180313,1.0,1.0
0.587918308153933,0.725278872102622,0.725278872102622,1.0,1.0,0.17583661630786596
0.5425042890021861,0.6950028593347907,0.6950028593347907,1.0,0.8475014296673953,0.23750714833697661
0.5068030380839281,0.6712020253892854,0.6712020253892854,1.0,0.6712020253892854,0.34240405077857083
0.49290744716289003,0.6619382981085933,0.6619382981085933,1.0,0.49290744716289003,0.49290744716289003
0.5068030380839281,0.6712020253892854,0.6712020253892854,1.0,0.34240405077857083,0.6712020253892854
0.5425042890021861,0.6950028593347907,0.6950028593347907,1.0,0.23750714833697661,0.8475014296673953
0.587918308153933,0.725278872102622,0.725278872102622,1.0,0.17583661630786596,1.0
0.5425042890021861,0.6950028593347907,0.6950028593347907,0.8475014296673953,1.0,0.23750714833697661
0.49290744716289003,0.6619382981085934,0.6619382981085934,0.8309691490542968,0.8309691490542968,0.3238765962171868
0.4611840939196753,0.6407893959464502,0.6407893959464502,0.8203946979732251,0.6407893959464502,0.4611840939196753
0.4611840939196753,0.6407893959464502,0.6407893959464502,0.8203946979732251,0.4611840939196753,0.6407893959464502
0.49290744716289003,0.6619382981085934,0.6619382981085934,0.8309691490542968,0.3238765962171868,0.8309691490542968
0.5425042890021861,0.6950028593347907,0.6950028593347907,0.8475014296673953,0.23750714833697661,1.0
0.5068030380839281,0.6712020253892854,0.6712020253892854,0.6712020253892854,1.0,0.34240405077857083
0.4611840939196753,0.6407893959464502,0.6407893959464502,0.6407893959464502,0.8203946979732251,0.4611840939196753
0.44291398546884453,0.6286093236458963,0.6286093236458963,0.6286093236458963,0.6286093236458963,0.6286093236458963
0.4611840939196753,0.6407893959464502,0.6407893959464502,0.6407893959464502,0.4611840939196753,0.8203946979732251
0.5068030380839281,0.6712020253892854,0.6712020253892854,0.6712020253892854,0.34240405077857083,1.0
0.49290744716289003,0.6619382981085933,0.6619382981085933,0.49290744716289003,1.0,0.49290744716289003
0.4611840939196753,0.6407893959464502,0.6407893959464502,0.4611840939196753,0.8203946979732251,0.6407893959464502
0.4611840939196753,0.6407893959464502,0.6407893959464502,0.4611840939196753,0.6407893959464502,0.8203946979732251
0.49290744716289003,0.6619382981085933,0.6619382981085933,0.49290744716289003,0.49290744716289003,1.0
0.5068030380839281,0.6712020253892854,0.6712020253892854,0.34240405077857083,1.0,0.6712020253892854
0.49290744716289003,0.6619382981085934,0.6619382981085934,0.3238765962171868,0.8309691490542968,0.8309691490542968
0.5068030380839281,0.6712020253892854,0.6712020253892854,0.34240405077857083,0.6712020253892854,1.0
0.5425042890021861,0.6950028593347907,0.6950028593347907,0.23750714833697661,1.0,0.8475014296673953
0.5425042890021861,0.6950028593347907,0.6950028593347907,0.23750714833697661,0.8475014296673953,1.0
0.587918308153933,0.725278872102622,0.725278872102622,0.17583661630786596,1.0,1.0
0.5624050255063163,0.7082700170042109,0.5624050255063163,1.0,1.0,0.2706750425105272
0.5196155385847385,0.6797436923898257,0.5196155385847385,1.0,0.8398718461949128,0.3594873847796515
0.49290744716289003,0.6619382981085933,0.49290744716289003,1.0,0.6619382981085933,0.49290744716289003
0.49290744716289003,0.6619382981085933,0.49290744716289003,1.0,0.49290744716289003,0.6619382981085933
0.5196155385847385,0.6797436923898257,0.5196155385847385,1.0,0.3594873847796515,0.8398718461949128
0.5624050255063163,0.7082700170042109,0.5624050255063163,1.0,0.2706750425105272,1.0
0.5196155385847385,0.6797436923898257,0.5196155385847385,0.8398718461949128,1.0,0.3594873847796515
0.4777670321329065,0.6518446880886043,0.4777670321329065,0.8259223440443022,0.8259223440443022,0.4777670321329065
0.4611840939196753,0.6407893959464502,0.4611840939196753,0.8203946979732251,0.6407893959464502,0.6407893959464502
0.4777670321329065,0.6518446880886044,0.4777670321329065,0.8259223440443022,0.4777670321329065,0.8259223440443022
0.5196155385847385,0.6797436923898257,0.5196155385847385,0.8398718461949128,0.3594873847796515,1.0
0.49290744716289003,0.6619382981085933,0.49290744716289003,0.6619382981085933,1.0,0.49290744716289003
0.4611840939196753,0.6407893959464502,0.4611840939196753,0.6407893959464502,0.8203946979732251,0.6407893959464502
0.4611840939196753,0.6407893959464502,0.4611840939196753,0.6407893959464502,0.6407893959464502,0.8203946979732251
0.49290744716289003,0.6619382981085933,0.49290744716289003,0.6619382981085933,0.49290744716289003,1.0
0.49290744716289003,0.6619382981085933,0.49290744716289003,0.49290744716289003,1.0,0.6619382981085933
0.4777670321329065,0.6518446880886043,0.4777670321329065,0.4777670321329065,0.8259223440443022,0.8259223440443022
0.49290744716289003,0.6619382981085933,0.49290744716289003,0.49290744716289003,0.6619382981085933,1.0
0.5196155385847385,0.6797436923898257,0.5196155385847385,0.3594873847796515,1.0,0.8398718461949128
0.5196155385847385,0.6797436923898257,0.5196155385847385,0.3594873847796515,0.8398718461949128,1.0
0.5624050255063163,0.7082700170042109,0.5624050255063163,0.2706750425105272,1.0,1.0
0.552786404500042,0.7018576030000281,0.40371520600005606,1.0,1.0,0.40371520600005606
0.5196155385847385,0.6797436923898257,0.3594873847796515,1.0,0.8398718461949128,0.5196155385847385
0.5068030380839281,0.6712020253892854,0.34240405077857083,1.0,0.6712020253892854,0.6712020253892854
0.5196155385847385,0.6797436923898257,0.3594873847796515,1.0,0.5196155385847385,0.8398718461949128
0.552786404500042,0.7018576030000281,0.40371520600005606,1.0,0.40371520600005606,1.0
0.5196155385847385,0.6797436923898257,0.3594873847796515,0.8398718461949128,1.0,0.5196155385847385
0.49290744716289003,0.6619382981085934,0.3238765962171868,0.8309691490542968,0.8309691490542968,0.6619382981085934
0.49290744716289003,0.6619382981085934,0.3238765962171868,0.8309691490542968,0.6619382981085934,0.8309691490542968
0.5196155385847385,0.6797436923898257,0.3594873847796515,0.8398718461949128,0.5196155385847385,1.0
0.5068030380839281,0.6712020253892854,0.34240405077857083,0.6712020253892854,1.0,0.6712020253892854
0.49290744716289003,0.6619382981085934,0.3238765962171868,0.6619382981085934,0.8309691490542968,0.8309691490542968
0.5068030380839281,0.6712020253892854,0.34240405077857083,0.6712020253892854,0.6712020253892854,1.0
0.5196155385847385,0.6797436923898257,0.3594873847796515,0.5196155385847385,1.0,0.8398718461949128
0.5196155385847385,0.6797436923898257,0.3594873847796515,0.5196155385847385,0.8398718461949128,1.0
0.552786404500042,0.7018576030000281,0.40371520600005606,0.40371520600005606,1.0,1.0
0.5624050255063163,0.7082700170042109,0.2706750425105272,1.0,1.0,0.5624050255063163
0.5425042890021861,0.6950028593347907,0.23750714833697661,1.0,0.8475014296673953,0.6950028593347907
0.5425042890021861,0.6950028593347907,0.23750714833697661,1.0,0.6950028593347907,0.8475014296673953
0.5624050255063163,0.7082700170042109,0.2706750425105272,1.0,0.5624050255063163,1.0
0.5425042890021861,0.6950028593347907,0.23750714833697661,0.8475014296673953,1.0,0.6950028593347907
0.5314787143341818,0.6876524762227878,0.2191311905569696,0.8438262381113939,0.8438262381113939,0.8438262381113939
0.5425042890021861,0.6950028593347907,0.23750714833697661,0.8475014296673953,0.6950028593347907,1.0
0.5425042890021861,0.6950028593347907,0.23750714833697661,0.6950028593347907,1.0,0.8475014296673953
0.5425042890021861,0.6950028593347907,0.23750714833697661,0.6950028593347907,0.8475014296673953,1.0
0.5624050255063163,0.7082700170042109,0.2706750425105272,0.5624050255063163,1.0,1.0
0.587918308153933,0.725278872102622,0.17583661630786596,1.0,1.0,0.725278872102622
0.579915974791597,0.719943983194398,0.15983194958319402,1.0,0.8599719915971991,0.8599719915971991
0.587918308153933,0.725278872102622,0.17583661630786596,1.0,0.725278872102622,1.0
0.579915974791597,0.719943983194398,0.15983194958319402,0.8599719915971991,1.0,0.8599719915971991
0.579915974791597,0.719943983194398,0.15983194958319402,0.8599719915971991,0.8599719915971991,1.0
0.587918308153933,0.725278872102622,0.17583661630786596,0.725278872102622,1.0,1.0
0.6220355269907727,0.7480236846605152,0.11808289631180313,1.0,1.0,0.8740118423302576
0.6220355269907727,0.7480236846605152,0.11808289631180313,1.0,0.8740118423302576,1.0
0.6220355269907727,0.7480236846605152,0.11808289631180313,0.8740118423302576,1.0,1.0
0.6581182706210862,0.772078847080724,0.08831538832289643,1.0,1.0,1.0
0.6334916669310844,0.6334916669310844,1.0,1.0,1.0,0.1448138895058636
0.5954800825220548,0.5954800825220548,1.0,1.0,0.8651600275073515,0.1909601650441095
0.5624050255063163,0.5624050255063163,1.0,1.0,0.7082700170042109,0.2706750425105272
0.5425042890021861,0.5425042890021861,1.0,1.0,0.5425042890021861,0.39000571866958145
0.5425042890021861,0.5425042890021861,1.0,1.0,0.39000571866958134,0.5425042890021861
0.5624050255063163,0.5624050255063163,1.0,1.0,0.2706750425105272,0.7082700170042109
0.5954800825220548,0.5954800825220548,1.0,1.0,0.1909601650441095,0.8651600275073515
0.6334916669310844,0.6334916669310844,1.0,1.0,0.1448138895058636,1.0
0.5954800825220548,0.5954800825220548,1.0,0.8651600275073515,1.0,0.1909601650441095
0.552786404500042,0.552786404500042,1.0,0.850928801500014,0.850928801500014,0.2546440075000701
0.5196155385847385,0.5196155385847385,1.0,0.8398718461949128,0.6797436923898257,0.3594873847796515
0.5068030380839281,0.5068030380839281,1.0,0.8356010126946427,0.5068030380839281,0.5068030380839281
0.5196155385847385,0.5196155385847385,1.0,0.8398718461949128,0.3594873847796515,0.6797436923898257
0.552786404500042,0.552786404500042,1.0,0.850928801500014,0.2546440075000701,0.850928801500014
0.5954800825220548,0.5954800825220548,1.0,0.8651600275073515,0.1909601650441095,1.0
0.5624050255063163,0.5624050255063163,1.0,0.7082700170042109,1.0,0.2706750425105272
0.5196155385847385,0.5196155385847385,1.0,0.6797436923898257,0.8398718461949128,0.3594873847796515
0.49290744716289014,0.49290744716289014,1.0,0.6619382981085934,0.6619382981085934,0.49290744716289014
0.49290744716289014,0.49290744716289014,1.0,0.6619382981085934,0.49290744716289014,0.6619382981085934
0.5196155385847385,0.5196155385847385,1.0,0.6797436923898257,0.3594873847796515,0.8398718461949128
0.5624050255063163,0.5624050255063163,1.0,0.7082700170042109,0.2706750425105272,1.0
0.5425042890021861,0.5425042890021861,1.0,0.5425042890021861,1.0,0.39000571866958145
0.5068030380839281,0.5068030380839281,1.0,0.5068030380839281,0.8356010126946427,0.5068030380839281
0.49290744716289014,0.49290744716289014,1.0,0.49290744716289014,0.6619382981085934,0.6619382981085934
0.5068030380839281,0.5068030380839281,1.0,0.5068030380839281,0.5068030380839281,0.8356010126946427
0.5425042890021861,0.5425042890021861,1.0,0.5425042890021861,0.39000571866958145,1.0
0.5425042890021861,0.5425042890021861,1.0,0.39000571866958134,1.0,0.5425042890021861
0.5196155385847385,0.5196155385847385,1.0,0.3594873847796515,0.8398718461949128,0.6797436923898257
0.5196155385847385,0.5196155385847385,1.0,0.3594873847796515,0.6797436923898257,0.8398718461949128
0.5425042890021861,0.5425042890021861,1.0,0.39000571866958134,0.5425042890021861,1.0
0.5624050255063163,0.5624050255063163,1.0,0.2706750425105272,1.0,0.7082700170042109
0.552786404500042,0.552786404500042,1.0,0.2546440075000701,0.850928801500014,0.850928801500014
0.5624050255063163,0.5624050255063163,1.0,0.2706750425105272,0.7082700170042109,1.0
0.5954800825220548,0.5954800825220548,1.0,0.1909601650441095,1.0,0.8651600275073515
0.5954800825220548,0.5954800825220548,1.0,0.1909601650441095,0.8651600275073515,1.0
0.6334916669310844,0.6334916669310844,1.0,0.1448138895058636,1.0,1.0
0.5954800825220548,0.5954800825220548,0.8651600275073515,1.0,1.0,0.1909601650441095
0.552786404500042,0.552786404500042,0.850928801500014,1.0,0.850928801500014,0.2546440075000701
0.5196155385847385,0.5196155385847385,0.8398718461949128,1.0,0.6797436923898257,0.3594873847796515
0.5068030380839281,0.5068030380839281,0.8356010126946427,1.0,0.5068030380839281,0.5068030380839281
0.5196155385847385,0.5196155385847385,0.8398718461949128,1.0,0.3594873847796515,0.6797436923898257
0.552786404500042,0.552786404500042,0.850928801500014,1.0,0.2546440075000701,0.850928801500014
0.5954800825220548,0.5954800825220548,0.8651600275073515,1.0,0.1909601650441095,1.0
0.552786404500042,0.552786404500042,0.850928801500014,0.850928801500014,1.0,0.2546440075000701
0.5068030380839281,0.5068030380839281,0.8356010126946427,0.8356010126946427,0.8356010126946427,0.34240405077857083
0.4777670321329065,0.4777670321329065,0.8259223440443022,0.8259223440443022,0.6518446880886044,0.4777670321329065
0.4777670321329065,0.4777670321329065,0.8259223440443022,0.8259223440443022,0.4777670321329065,0.6518446880886044
0.5068030380839281,0.5068030380839281,0.8356010126946427,0.8356010126946427,0.34240405077857083,0.8356010126946427
0.552786404500042,0.552786404500042,0.850928801500014,0.850928801500014,0.2546440075000701,1.0
0.5196155385847385,0.5196155385847385,0.8398718461949128,0.6797436923898257,1.0,0.3594873847796515
0.4777670321329065,0.4777670321329065,0.8259223440443022,0.6518446880886044,0.8259223440443022,0.4777670321329065
0.4611840939196753,0.4611840939196753,0.8203946979732251,0.6407893959464502,0.6407893959464502,0.6407893959464502
0.4777670321329065,0.4777670321329065,0.8259223440443022,0.6518446880886044,0.4777670321329065,0.8259223440443022
0.5196155385847385,0.5196155385847385,0.8398718461949128,0.6797436923898257,0.3594873847796515,1.0
0.5068030380839281,0.5068030380839281,0.8356010126946427,0.5068030380839281,1.0,0.5068030380839281
0.4777670321329065,0.4777670321329065,0.8259223440443022,0.4777670321329065,0.8259223440443022,0.6518446880886044
0.4777670321329065,0.4777670321329065,0.8259223440443022,0.4777670321329065,0.6518446880886044,0.8259223440443022
0.5068030380839281,0.5068030380839281,0.8356010126946427,0.5068030380839281,0.5068030380839281,1.0
0.5196155385847385,0.5196155385847385,0.8398718461949128,0.3594873847796515,1.0,0.6797436923898257
0.5068030380839281,0.5068030380839281,0.8356010126946427,0.34240405077857083,0.8356010126946427,0.8356010126946427
0.5196155385847385,0.5196155385847385,0.8398718461949128,0.3594873847796515,0.6797436923898257,1.0
0.552786404500042,0.552786404500042,0.850928801500014,0.2546440075000701,1.0,0.850928801500014
0.552786404500042,0.552786404500042,0.850928801500014,0.2546440075000701,0.850928801500014,1.0
0.5954800825220548,0.5954800825220548,0.8651600275073515,0.1909601650441095,1.0,1.0
0.5624050255063163,0.5624050255063163,0.7082700170042109,1.0,1.0,0.2706750425105272
0.5196155385847385,0.5196155385847385,0.6797436923898257,1.0,0.8398718461949128,0.3594873847796515
0.49290744716289014,0.49290744716289014,0.6619382981085934,1.0,0.6619382981085934,0.49290744716289014
0.49290744716289014,0.49290744716289014,0.6619382981085934,1.0,0.49290744716289014,0.6619382981085934
0.5196155385847385,0.5196155385847385,0.6797436923898257,1.0,0.3594873847796515,0.8398718461949128
0.5624050255063163,0.5624050255063163,0.7082700170042109,1.0,0.2706750425105272,1.0
0.5196155385847385,0.5196155385847385,0.6797436923898257,0.8398718461949128,1.0,0.3594873847796515
0.4777670321329065,0.4777670321329065,0.6518446880886044,0.8259223440443022,0.8259223440443022,0.4777670321329065
0.4611840939196753,0.4611840939196753,0.6407893959464502,0.8203946979732251,0.6407893959464502,0.6407893959464502
0.4777670321329065,0.4777670321329065,0.6518446880886044,0.8259223440443022,0.4777670321329065,0.8259223440443022
0.5196155385847385,0.5196155385847385,0.6797436923898257,0.8398718461949128,0.3594873847796515,1.0
0.49290744716289014,0.49290744716289014,0.6619382981085934,0.6619382981085934,1.0,0.49290744716289014
0.4611840939196753,0.4611840939196753,0.6407893959464502,0.6407893959464502,0.8203946979732251,0.6407893959464502
0.4611840939196753,0.4611840939196753,0.6407893959464502,0.6407893959464502,0.6407893959464502,0.8203946979732251
0.49290744716289014,0.49290744716289014,0.6619382981085934,0.6619382981085934,0.49290744716289014,1.0
0.49290744716289014,0.49290744716289014,0.6619382981085934,0.49290744716289014,1.0,0.6619382981085934
0.4777670321329065,0.4777670321329065,0.6518446880886044,0.4777670321329065,0.8259223440443022,0.8259223440443022
0.49290744716289014,0.49290744716289014,0.6619382981085934,0.49290744716289014,0.6619382981085934,1.0
0.5196155385847385,0.5196155385847385,0.6797436923898257,0.3594873847796515,1.0,0.8398718461949128
0.5196155385847385,0.5196155385847385,0.6797436923898257,0.3594873847796515,0.8398718461949128,1.0
0.5624050255063163,0.5624050255063163,0.7082700170042109,0.2706750425105272,1.0,1.0
0.5425042890021861,0.5425042890021861,0.5425042890021861,1.0,1.0,0.39000571866958145
0.5068030380839281,0.5068030380839281,0.5068030380839281,1.0,0.8356010126946427,0.5068030380839281
0.49290744716289014,0.49290744716289014,0.49290744716289014,1.0,0.6619382981085934,0.6619382981085934
0.5068030380839281,0.5068030380839281,0.5068030380839281,1.0,0.5068030380839281,0.8356010126946427
0.5425042890021861,0.5425042890021861,0.5425042890021861,1.0,0.39000571866958145,1.0
0.5068030380839281,0.5068030380839281,0.5068030380839281,0.8356010126946427,1.0,0.5068030380839281
0.4777670321329065,0.4777670321329065,0.4777670321329065,0.8259223440443022,0.8259223440443022,0.6518446880886044
0.4777670321329065,0.4777670321329065,0.4777670321329065,0.8259223440443022,0.6518446880886044,0.8259223440443022
0.5068030380839281,0.5068030380839281,0.5068030380839281,0.8356010126946427,0.5068030380839281,1.0
0.49290744716289014,0.49290744716289014,0.49290744716289014,0.6619382981085934,1.0,0.6619382981085934
0.4777670321329065,0.4777670321329065,0.4777670321329065,0.6518446880886044,0.8259223440443022,0.8259223440443022
0.49290744716289014,0.49290744716289014,0.49290744716289014,0.6619382981085934,0.6619382981085934,1.0
0.5068030380839281,0.5068030380839281,0.5068030380839281,0.5068030380839281,1.0,0.8356010126946427
0.5068030380839281,0.5068030380839281,0.5068030380839281,0.5068030380839281,0.8356010126946427,1.0
0.5425042890021861,0.5425042890021861,0.5425042890021861,0.39000571866958145,1.0,1.0
0.5425042890021861,0.5425042890021861,0.39000571866958134,1.0,1.0,0.5425042890021861
0.5196155385847385,0.5196155385847385,0.3594873847796515,1.0,0.8398718461949128,0.6797436923898257
0.5196155385847385,0.5196155385847385,0.3594873847796515,1.0,0.6797436923898257,0.8398718461949128
0.5425042890021861,0.5425042890021861,0.39000571866958134,1.0,0.5425042890021861,1.0
0.5196155385847385,0.5196155385847385,0.3594873847796515,0.8398718461949128,1.0,0.6797436923898257
0.5068030380839281,0.5068030380839281,0.34240405077857083,0.8356010126946427,0.8356010126946427,0.8356010126946427
0.5196155385847385,0.5196155385847385,0.3594873847796515,0.8398718461949128,0.6797436923898257,1.0
0.5196155385847385,0.5196155385847385,0.3594873847796515,0.6797436923898257,1.0,0.8398718461949128
0.5196155385847385,0.5196155385847385,0.3594873847796515,0.6797436923898257,0.8398718461949128,1.0
0.5425042890021861,0.5425042890021861,0.39000571866958134,0.5425042890021861,1.0,1.0
0.5624050255063163,0.5624050255063163,0.2706750425105272,1.0,1.0,0.7082700170042109
0.552786404500042,0.552786404500042,0.2546440075000701,1.0,0.850928801500014,0.850928801500014
0.5624050255063163,0.5624050255063163,0.2706750425105272,1.0,0.7082700170042109,1.0
0.552786404500042,0.552786404500042,0.2546440075000701,0.850928801500014,1.0,0.850928801500014
0.552786404500042,0.552786404500042,0.2546440075000701,0.850928801500014,0.850928801500014,1.0
0.5624050255063163,0.5624050255063163,0.2706750425105272,0.7082700170042109,1.0,1.0
0.5954800825220548,0.5954800825220548,0.1909601650441095,1.0,1.0,0.8651600275073515
0.5954800825220548,0.5954800825220548,0.1909601650441095,1.0,0.8651600275073515,1.0
0.5954800825220548,0.5954800825220548,0.1909601650441095,0.8651600275073515,1.0,1.0
0.6334916669310844,0.6334916669310844,0.1448138895058636,1.0,1.0,1.0
0.615889360201312,0.4878524802684161,1.0,1.0,1.0,0.23177872040262415
0.5799159747915971,0.4398879663887961,1.0,1.0,0.8599719915971991,0.2998599579859952
0.552786404500042,0.40371520600005606,1.0,1.0,0.7018576030000281,0.40371520600005606
0.5425042890021861,0.39000571866958134,1.0,1.0,0.5425042890021861,0.5425042890021861
0.552786404500042,0.40371520600005606,1.0,1.0,0.40371520600005606,0.7018576030000281
0.5799159747915971,0.4398879663887961,1.0,1.0,0.2998599579859952,0.8599719915971991
0.615889360201312,0.4878524802684161,1.0,1.0,0.23177872040262415,1.0
0.5799159747915971,0.4398879663887961,1.0,0.8599719915971991,1.0,0.2998599579859952
0.5425042890021861,0.39000571866958145,1.0,0.8475014296673954,0.8475014296673954,0.39000571866958145
0.5196155385847386,0.3594873847796516,1.0,0.8398718461949128,0.6797436923898258,0.5196155385847386
0.5196155385847386,0.3594873847796516,1.0,0.8398718461949128,0.5196155385847386,0.6797436923898258
0.5425042890021861,0.39000571866958134,1.0,0.8475014296673953,0.39000571866958134,0.8475014296673953
0.5799159747915971,0.4398879663887961,1.0,0.8599719915971991,0.2998599579859952,1.0
0.552786404500042,0.40371520600005606,1.0,0.7018576030000281,1.0,0.40371520600005606
0.5196155385847386,0.3594873847796516,1.0,0.6797436923898258,0.8398718461949128,0.5196155385847386
0.5068030380839281,0.34240405077857095,1.0,0.6712020253892854,0.6712020253892854,0.6712020253892854
0.5196155385847385,0.3594873847796515,1.0,0.6797436923898257,0.5196155385847385,0.8398718461949128
0.552786404500042,0.40371520600005606,1.0,0.7018576030000281,0.40371520600005606,1.0
0.5425042890021861,0.39000571866958134,1.0,0.5425042890021861,1.0,0.5425042890021861
0.5196155385847385,0.3594873847796515,1.0,0.5196155385847385,0.8398718461949128,0.6797436923898257
0.5196155385847385,0.3594873847796515,1.0,0.5196155385847385,0.6797436923898257,0.8398718461949128
0.5425042890021861,0.39000571866958134,1.0,0.5425042890021861,0.5425042890021861,1.0
0.552786404500042,0.40371520600005606,1.0,0.40371520600005606,1.0,0.7018576030000281
0.5425042890021861,0.39000571866958134,1.0,0.39000571866958134,0.8475014296673953,0.8475014296673953
0.552786404500042,0.40371520600005606,1.0,0.40371520600005606,0.7018576030000281,1.0
0.5799159747915971,0.4398879663887961,1.0,0.2998599579859952,1.0,0.8599719915971991
0.5799159747915971,0.4398879663887961,1.0,0.2998599579859952,0.8599719915971991,1.0
0.615889360201312,0.4878524802684161,1.0,0.23177872040262415,1.0,1.0
0.5799159747915971,0.4398879663887961,0.8599719915971991,1.0,1.0,0.2998599579859952
0.5425042890021861,0.39000571866958145,0.8475014296673954,1.0,0.8475014296673954,0.39000571866958145
0.5196155385847386,0.3594873847796516,0.8398718461949128,1.0,0.6797436923898258,0.5196155385847386
0.5196155385847386,0.3594873847796516,0.8398718461949128,1.0,0.5196155385847386,0.6797436923898258
0.5425042890021861,0.39000571866958134,0.8475014296673953,1.0,0.39000571866958134,0.8475014296673953
0.5799159747915971,0.4398879663887961,0.8599719915971991,1.0,0.2998599579859952,1.0
0.5425042890021861,0.39000571866958145,0.8475014296673954,0.8475014296673954,1.0,0.39000571866958145
0.5068030380839281,0.34240405077857095,0.8356010126946427,0.8356010126946427,0.8356010126946427,0.5068030380839281
0.49290744716289014,0.3238765962171868,0.8309691490542968,0.8309691490542968,0.6619382981085934,0.6619382981085934
0.5068030380839281,0.34240405077857083,0.8356010126946427,0.8356010126946427,0.5068030380839281,0.8356010126946427
0.5425042890021861,0.39000571866958145,0.8475014296673954,0.8475014296673954,0.39000571866958145,1.0
0.5196155385847386,0.3594873847796516,0.8398718461949128,0.6797436923898258,1.0,0.5196155385847386
0.49290744716289014,0.3238765962171868,0.8309691490542968,0.6619382981085934,0.8309691490542968,0.6619382981085934
0.49290744716289014,0.3238765962171868,0.8309691490542968,0.6619382981085934,0.6619382981085934,0.8309691490542968
0.5196155385847386,0.3594873847796516,0.8398718461949128,0.6797436923898258,0.5196155385847386,1.0
0.5196155385847386,0.3594873847796516,0.8398718461949128,0.5196155385847386,1.0,0.6797436923898258
0.5068030380839281,0.34240405077857095,0.8356010126946427,0.5068030380839281,0.8356010126946427,0.8356010126946427
0.5196155385847386,0.3594873847796516,0.8398718461949128,0.5196155385847386,0.6797436923898258,1.0
0.5425042890021861,0.39000571866958134,0.8475014296673953,0.39000571866958134,1.0,0.8475014296673953
0.5425042890021861,0.39000571866958134,0.8475014296673953,0.39000571866958134,0.8475014296673953,1.0
0.5799159747915971,0.4398879663887961,0.8599719915971991,0.2998599579859952,1.0,1.0
0.552786404500042,0.40371520600005606,0.7018576030000281,1.0,1.0,0.40371520600005606
0.5196155385847386,0.3594873847796516,0.6797436923898258,1.0,0.8398718461949128,0.5196155385847386
0.5068030380839281,0.34240405077857095,0.6712020253892854,1.0,0.6712020253892854,0.6712020253892854
0.5196155385847385,0.3594873847796515,0.6797436923898257,1.0,0.5196155385847385,0.8398718461949128
0.552786404500042,0.40371520600005606,0.7018576030000281,1.0,0.40371520600005606,1.0
0.5196155385847386,0.3594873847796516,0.6797436923898258,0.8398718461949128,1.0,0.5196155385847386
0.49290744716289014,0.3238765962171868,0.6619382981085934,0.8309691490542968,0.8309691490542968,0.6619382981085934
0.49290744716289014,0.3238765962171868,0.6619382981085934,0.8309691490542968,0.6619382981085934,0.8309691490542968
0.5196155385847386,0.3594873847796516,0.6797436923898258,0.8398718461949128,0.5196155385847386,1.0
0.5068030380839281,0.34240405077857095,0.6712020253892854,0.6712020253892854,1.0,0.6712020253892854
0.49290744716289014,0.3238765962171868,0.6619382981085934,0.6619382981085934,0.8309691490542968,0.8309691490542968
0.5068030380839281,0.34240405077857095,0.6712020253892854,0.6712020253892854,0.6712020253892854,1.0
0.5196155385847385,0.3594873847796515,0.6797436923898257,0.5196155385847385,1.0,0.8398718461949128
0.5196155385847385,0.3594873847796515,0.6797436923898257,0.5196155385847385,0.8398718461949128,1.0
0.552786404500042,0.40371520600005606,0.7018576030000281,0.40371520600005606,1.0,1.0
0.5425042890021861,0.39000571866958134,0.5425042890021861,1.0,1.0,0.5425042890021861
0.5196155385847385,0.3594873847796515,0.5196155385847385,1.0,0.8398718461949128,0.6797436923898257
0.5196155385847385,0.3594873847796515,0.5196155385847385,1.0,0.6797436923898257,0.8398718461949128
0.5425042890021861,0.39000571866958134,0.5425042890021861,1.0,0.5425042890021861,1.0
0.5196155385847385,0.3594873847796515,0.5196155385847385,0.8398718461949128,1.0,0.6797436923898257
0.5068030380839281,0.34240405077857083,0.5068030380839281,0.8356010126946427,0.8356010126946427,0.8356010126946427
0.5196155385847385,0.3594873847796515,0.5196155385847385,0.8398718461949128,0.6797436923898257,1.0
0.5196155385847385,0.3594873847796515,0.5196155385847385,0.6797436923898257,1.0,0.8398718461949128
0.5196155385847385,0.3594873847796515,0.5196155385847385,0.6797436923898257,0.8398718461949128,1.0
0.5425042890021861,0.39000571866958134,0.5425042890021861,0.5425042890021861,1.0,1.0
0.552786404500042,0.40371520600005606,0.40371520600005606,1.0,1.0,0.7018576030000281
0.5425042890021861,0.39000571866958134,0.39000571866958134,1.0,0.8475014296673953,0.8475014296673953
0.552786404500042,0.40371520600005606,0.40371520600005606,1.0,0.7018576030000281,1.0
0.5425042890021861,0.39000571866958134,0.39000571866958134,0.8475014296673953,1.0,0.8475014296673953
0.5425042890021861,0.39000571866958134,0.39000571866958134,0.8475014296673953,0.8475014296673953,1.0
0.552786404500042,0.40371520600005606,0.40371520600005606,0.7018576030000281,1.0,1.0
0.5799159747915971,0.4398879663887961,0.2998599579859952,1.0,1.0,0.8599719915971991
0.5799159747915971,0.4398879663887961,0.2998599579859952,1.0,0.8599719915971991,1.0
0.5799159747915971,0.4398879663887961,0.2998599579859952,0.8599719915971991,1.0,1.0
0.615889360201312,0.4878524802684161,0.23177872040262415,1.0,1.0,1.0
0.6094332670575284,0.3490554450958806,1.0,1.0,1.0,0.3490554450958806
0.5799159747915971,0.2998599579859952,1.0,1.0,0.8599719915971991,0.4398879663887961
0.5624050255063163,0.2706750425105272,1.0,1.0,0.7082700170042109,0.5624050255063163
0.5624050255063163,0.2706750425105272,1.0,1.0,0.5624050255063163,0.7082700170042109
0.5799159747915971,0.2998599579859952,1.0,1.0,0.4398879663887961,0.8599719915971991
0.6094332670575284,0.3490554450958806,1.0,1.0,0.3490554450958806,1.0
0.5799159747915971,0.2998599579859952,1.0,0.8599719915971991,1.0,0.4398879663887961
0.552786404500042,0.2546440075000701,1.0,0.850928801500014,0.850928801500014,0.552786404500042
0.5425042890021861,0.23750714833697661,1.0,0.8475014296673953,0.6950028593347907,0.6950028593347907
0.552786404500042,0.2546440075000701,1.0,0.850928801500014,0.552786404500042,0.850928801500014
0.5799159747915971,0.2998599579859952,1.0,0.8599719915971991,0.4398879663887961,1.0
0.5624050255063163,0.2706750425105272,1.0,0.7082700170042109,1.0,0.5624050255063163
0.5425042890021861,0.23750714833697661,1.0,0.6950028593347907,0.8475014296673953,0.6950028593347907
0.5425042890021861,0.23750714833697661,1.0,0.6950028593347907,0.6950028593347907,0.8475014296673953
0.5624050255063163,0.2706750425105272,1.0,0.7082700170042109,0.5624050255063163,1.0
0.5624050255063163,0.2706750425105272,1.0,0.5624050255063163,1.0,0.7082700170042109
0.552786404500042,0.2546440075000701,1.0,0.552786404500042,0.850928801500014,0.850928801500014
0.5624050255063163,0.2706750425105272,1.0,0.5624050255063163,0.7082700170042109,1.0
0.5799159747915971,0.2998599579859952,1.0,0.4398879663887961,1.0,0.8599719915971991
0.5799159747915971,0.2998599579859952,1.0,0.4398879663887961,0.8599719915971991,1.0
0.6094332670575284,0.3490554450958806,1.0,0.3490554450958806,1.0,1.0
0.5799159747915971,0.2998599579859952,0.8599719915971991,1.0,1.0,0.4398879663887961
0.552786404500042,0.2546440075000701,0.850928801500014,1.0,0.850928801500014,0.552786404500042
0.5425042890021861,0.23750714833697661,0.8475014296673953,1.0,0.6950028593347907,0.6950028593347907
0.552786404500042,0.2546440075000701,0.850928801500014,1.0,0.552786404500042,0.850928801500014
0.5799159747915971,0.2998599579859952,0.8599719915971991,1.0,0.4398879663887961,1.0
0.552786404500042,0.2546440075000701,0.850928801500014,0.850928801500014,1.0,0.552786404500042
0.5314787143341819,0.21913119055696972,0.8438262381113939,0.8438262381113939,0.8438262381113939,0.6876524762227879
0.5314787143341819,0.21913119055696972,0.8438262381113939,0.8438262381113939,0.6876524762227879,0.8438262381113939
0.552786404500042,0.2546440075000701,0.850928801500014,0.850928801500014,0.552786404500042,1.0
0.5425042890021861,0.23750714833697661,0.8475014296673953,0.6950028593347907,1.0,0.6950028593347907
0.5314787143341819,0.21913119055696972,0.8438262381113939,0.6876524762227879,0.8438262381113939,0.8438262381113939
0.5425042890021861,0.23750714833697661,0.8475014296673953,0.6950028593347907,0.6950028593347907,1.0
0.552786404500042,0.2546440075000701,0.850928801500014,0.552786404500042,1.0,0.850928801500014
0.552786404500042,0.2546440075000701,0.850928801500014,0.552786404500042,0.850928801500014,1.0
0.5799159747915971,0.2998599579859952,0.8599719915971991,0.4398879663887961,1.0,1.0
0.5624050255063163,0.2706750425105272,0.7082700170042109,1.0,1.0,0.5624050255063163
0.5425042890021861,0.23750714833697661,0.6950028593347907,1.0,0.8475014296673953,0.6950028593347907
0.5425042890021861,0.23750714833697661,0.6950028593347907,1.0,0.6950028593347907,0.8475014296673953
0.5624050255063163,0.2706750425105272,0.7082700170042109,1.0,0.5624050255063163,1.0
0.5425042890021861,0.23750714833697661,0.6950028593347907,0.8475014296673953,1.0,0.6950028593347907
0.5314787143341819,0.21913119055696972,0.6876524762227879,0.8438262381113939,0.8438262381113939,0.8438262381113939
0.5425042890021861,0.23750714833697661,0.6950028593347907,0.8475014296673953,0.6950028593347907,1.0
0.5425042890021861,0.23750714833697661,0.6950028593347907,0.6950028593347907,1.0,0.8475014296673953
0.5425042890021861,0.23750714833697661,0.6950028593347907,0.6950028593347907,0.8475014296673953,1.0
0.5624050255063163,0.2706750425105272,0.7082700170042109,0.5624050255063163,1.0,1.0
0.5624050255063163,0.2706750425105272,0.5624050255063163,1.0,1.0,0.7082700170042109
0.552786404500042,0.2546440075000701,0.552786404500042,1.0,0.850928801500014,0.850928801500014
0.5624050255063163,0.2706750425105272,0.5624050255063163,1.0,0.7082700170042109,1.0
0.552786404500042,0.2546440075000701,0.552786404500042,0.850928801500014,1.0,0.850928801500014
0.552786404500042,0.2546440075000701,0.552786404500042,0.850928801500014,0.850928801500014,1.0
0.5624050255063163,0.2706750425105272,0.5624050255063163,0.7082700170042109,1.0,1.0
0.5799159747915971,0.2998599579859952,0.4398879663887961,1.0,1.0,0.8599719915971991
0.5799159747915971,0.2998599579859952,0.4398879663887961,1.0,0.8599719915971991,1.0
0.5799159747915971,0.2998599579859952,0.4398879663887961,0.8599719915971991,1.0,1.0
0.6094332670575284,0.3490554450958806,0.3490554450958806,1.0,1.0,1.0
0.615889360201312,0.23177872040262415,1.0,1.0,1.0,0.4878524802684161
0.5954800825220548,0.1909601650441095,1.0,1.0,0.8651600275073515,0.5954800825220548
0.587918308153933,0.17583661630786596,1.0,1.0,0.725278872102622,0.725278872102622
0.5954800825220548,0.1909601650441095,1.0,1.0,0.5954800825220548,0.8651600275073515
0.615889360201312,0.23177872040262415,1.0,1.0,0.4878524802684161,1.0
0.5954800825220548,0.1909601650441095,1.0,0.8651600275073515,1.0,0.5954800825220548
0.579915974791597,0.15983194958319402,1.0,0.8599719915971991,0.8599719915971991,0.719943983194398
0.579915974791597,0.15983194958319402,1.0,0.8599719915971991,0.719943983194398,0.8599719915971991
0.5954800825220548,0.1909601650441095,1.0,0.8651600275073515,0.5954800825220548,1.0
0.587918308153933,0.17583661630786596,1.0,0.725278872102622,1.0,0.725278872102622
0.579915974791597,0.15983194958319402,1.0,0.719943983194398,0.8599719915971991,0.8599719915971991
0.587918308153933,0.17583661630786596,1.0,0.725278872102622,0.725278872102622,1.0
0.5954800825220548,0.1909601650441095,1.0,0.5954800825220548,1.0,0.8651600275073515
0.5954800825220548,0.1909601650441095,1.0,0.5954800825220548,0.8651600275073515,1.0
0.615889360201312,0.23177872040262415,1.0,0.4878524802684161,1.0,1.0
0.5954800825220548,0.1909601650441095,0.8651600275073515,1.0,1.0,0.5954800825220548
0.579915974791597,0.15983194958319402,0.8599719915971991,1.0,0.8599719915971991,0.719943983194398
0.579915974791597,0.15983194958319402,0.8599719915971991,1.0,0.719943983194398,0.8599719915971991
0.5954800825220548,0.1909601650441095,0.8651600275073515,1.0,0.5954800825220548,1.0
0.579915974791597,0.15983194958319402,0.8599719915971991,0.8599719915971991,1.0,0.719943983194398
0.5714285714285714,0.1428571428571428,0.8571428571428571,0.8571428571428571,0.8571428571428571,0.8571428571428571
0.579915974791597,0.15983194958319402,0.8599719915971991,0.8599719915971991,0.719943983194398,1.0
0.579915974791597,0.15983194958319402,0.8599719915971991,0.719943983194398,1.0,0.8599719915971991
0.579915974791597,0.15983194958319402,0.8599719915971991,0.719943983194398,0.8599719915971991,1.0
0.5954800825220548,0.1909601650441095,0.8651600275073515,0.5954800825220548,1.0,1.0
0.587918308153933,0.17583661630786596,0.725278872102622,1.0,1.0,0.725278872102622
0.579915974791597,0.15983194958319402,0.719943983194398,1.0,0.8599719915971991,0.8599719915971991
0.587918308153933,0.17583661630786596,0.725278872102622,1.0,0.725278872102622,1.0
0.579915974791597,0.15983194958319402,0.719943983194398,0.8599719915971991,1.0,0.8599719915971991
0.579915974791597,0.15983194958319402,0.719943983194398,0.8599719915971991,0.8599719915971991,1.0
0.587918308153933,0.17583661630786596,0.725278872102622,0.725278872102622,1.0,1.0
0.5954800825220548,0.1909601650441095,0.5954800825220548,1.0,1.0,0.8651600275073515
0.5954800825220548,0.1909601650441095,0.5954800825220548,1.0,0.8651600275073515,1.0
0.5954800825220548,0.1909601650441095,0.5954800825220548,0.8651600275073515,1.0,1.0
0.615889360201312,0.23177872040262415,0.4878524802684161,1.0,1.0,1.0
0.6334916669310843,0.14481388950586338,1.0,1.0,1.0,0.6334916669310843
0.6220355269907727,0.11808289631180313,1.0,1.0,0.8740118423302576,0.7480236846605152
0.6220355269907727,0.11808289631180313,1.0,1.0,0.7480236846605152,0.8740118423302576
0.6334916669310843,0.14481388950586338,1.0,1.0,0.6334916669310843,1.0
0.6220355269907727,0.11808289631180313,1.0,0.8740118423302576,1.0,0.7480236846605152
0.615889360201312,0.10374184046972812,1.0,0.871963120067104,0.871963120067104,0.871963120067104
0.6220355269907727,0.11808289631180313,1.0,0.8740118423302576,0.7480236846605152,1.0
0.6220355269907727,0.11808289631180313,1.0,0.7480236846605152,1.0,0.8740118423302576
0.6220355269907727,0.11808289631180313,1.0,0.7480236846605152,0.8740118423302576,1.0
0.6334916669310843,0.14481388950586338,1.0,0.6334916669310843,1.0,1.0
0.6220355269907727,0.11808289631180313,0.8740118423302576,1.0,1.0,0.7480236846605152
0.615889360201312,0.10374184046972812,0.871963120067104,1.0,0.871963120067104,0.871963120067104
0.6220355269907727,0.11808289631180313,0.8740118423302576,1.0,0.7480236846605152,1.0
0.615889360201312,0.10374184046972812,0.871963120067104,0.871963120067104,1.0,0.871963120067104
0.615889360201312,0.10374184046972812,0.871963120067104,0.871963120067104,0.871963120067104,1.0
0.6220355269907727,0.11808289631180313,0.8740118423302576,0.7480236846605152,1.0,1.0
0.6220355269907727,0.11808289631180313,0.7480236846605152,1.0,1.0,0.8740118423302576
0.6220355269907727,0.11808289631180313,0.7480236846605152,1.0,0.8740118423302576,1.0
0.6220355269907727,0.11808289631180313,0.7480236846605152,0.8740118423302576,1.0,1.0
0.6334916669310843,0.14481388950586338,0.6334916669310843,1.0,1.0,1.0
0.6581182706210862,0.08831538832289643,1.0,1.0,1.0,0.772078847080724
0.6535898384862244,0.0762395692965987,1.0,1.0,0.8845299461620748,0.8845299461620748
0.6581182706210862,0.08831538832289643,1.0,1.0,0.772078847080724,1.0
0.6535898384862244,0.0762395692965987,1.0,0.8845299461620748,1.0,0.8845299461620748
0.6535898384862244,0.0762395692965987,1.0,0.8845299461620748,0.8845299461620748,1.0
0.6581182706210862,0.08831538832289643,1.0,0.772078847080724,1.0,1.0
0.6535898384862244,0.0762395692965987,0.8845299461620748,1.0,1.0,0.8845299461620748
0.6535898384862244,0.0762395692965987,0.8845299461620748,1.0,0.8845299461620748,1.0
0.6535898384862244,0.0762395692965987,0.8845299461620748,0.8845299461620748,1.0,1.0
0.6581182706210862,0.08831538832289643,0.772078847080724,1.0,1.0,1.0
0.6855145489834245,0.056543646950273474,1.0,1.0,1.0,0.8951715163278081
0.6855145489834245,0.056543646950273474,1.0,1.0,0.8951715163278081,1.0
0.6855145489834245,0.056543646950273474,1.0,0.8951715163278081,1.0,1.0
0.6855145489834245,0.056543646950273474,0.8951715163278081,1.0,1.0,1.0
0.7126521144336546,0.04217371477884857,1.0,1.0,1.0,1.0
0.5938615339465523,1.0,1.0,1.0,1.0,0.08618845137974274
0.5555555555555556,1.0,1.0,1.0,0.8888888888888888,0.11111111111111116
0.5184565876569232,1.0,1.0,1.0,0.7592282938284616,0.15729902839961563
0.4878524802684161,1.0,1.0,1.0,0.615889360201312,0.23177872040262415
0.47018705717398246,1.0,1.0,1.0,0.47018705717398246,0.3377338214674781
0.47018705717398246,1.0,1.0,1.0,0.3377338214674781,0.47018705717398246
0.4878524802684161,1.0,1.0,1.0,0.23177872040262415,0.615889360201312
0.5184565876569232,1.0,1.0,1.0,0.15729902839961563,0.7592282938284616
0.5555555555555556,1.0,1.0,1.0,0.11111111111111116,0.8888888888888888
0.5938615339465523,1.0,1.0,1.0,0.08618845137974274,1.0
0.5555555555555556,1.0,1.0,0.8888888888888888,1.0,0.11111111111111116
0.5113222225747791,1.0,1.0,0.8778305556436947,0.8778305556436947,0.1448138895058636
0.47018705717398246,1.0,1.0,0.8675467642934956,0.7350935285869913,0.20528058576097374
0.439887966388796,1.0,1.0,0.8599719915971991,0.579915974791597,0.29985995798599496
0.4285714285714286,1.0,1.0,0.8571428571428572,0.4285714285714286,0.4285714285714286
0.4398879663887961,1.0,1.0,0.8599719915971991,0.2998599579859952,0.5799159747915971
0.47018705717398246,1.0,1.0,0.8675467642934956,0.20528058576097374,0.7350935285869913
0.5113222225747791,1.0,1.0,0.8778305556436947,0.14481388950586338,0.8778305556436947
0.5555555555555556,1.0,1.0,0.8888888888888888,0.11111111111111116,1.0
0.5184565876569232,1.0,1.0,0.7592282938284616,1.0,0.15729902839961563
0.47018705717398246,1.0,1.0,0.7350935285869913,0.8675467642934956,0.20528058576097374
0.4285714285714286,1.0,1.0,0.7142857142857143,0.7142857142857143,0.2857142857142858
0.40371520600005606,1.0,1.0,0.7018576030000281,0.552786404500042,0.40371520600005606
0.40371520600005606,1.0,1.0,0.7018576030000281,0.40371520600005606,0.552786404500042
0.4285714285714286,1.0,1.0,0.7142857142857143,0.2857142857142858,0.7142857142857143
0.47018705717398246,1.0,1.0,0.7350935285869913,0.20528058576097374,0.8675467642934956
0.5184565876569232,1.0,1.0,0.7592282938284616,0.15729902839961563,1.0
0.4878524802684161,1.0,1.0,0.615889360201312,1.0,0.23177872040262415
0.4398879663887961,1.0,1.0,0.5799159747915971,0.8599719915971991,0.2998599579859952
0.40371520600005606,1.0,1.0,0.552786404500042,0.7018576030000281,0.40371520600005606
0.39000571866958134,1.0,1.0,0.5425042890021861,0.5425042890021861,0.5425042890021861
0.40371520600005606,1.0,1.0,0.552786404500042,0.40371520600005606,0.7018576030000281
0.4398879663887961,1.0,1.0,0.5799159747915971,0.2998599579859952,0.8599719915971991
0.4878524802684161,1.0,1.0,0.615889360201312,0.23177872040262415,1.0
0.47018705717398246,1.0,1.0,0.47018705717398246,1.0,0.3377338214674781
0.4285714285714286,1.0,1.0,0.4285714285714286,0.8571428571428572,0.4285714285714286
0.40371520600005606,1.0,1.0,0.40371520600005606,0.7018576030000281,0.552786404500042
0.40371520600005606,1.0,1.0,0.40371520600005606,0.552786404500042,0.7018576030000281
0.4285714285714285,1.0,1.0,0.4285714285714285,0.4285714285714285,0.8571428571428571
0.47018705717398246,1.0,1.0,0.47018705717398246,0.3377338214674781,1.0
0.47018705717398246,1.0,1.0,0.3377338214674781,1.0,0.47018705717398246
0.4398879663887961,1.0,1.0,0.2998599579859952,0.8599719915971991,0.5799159747915971
0.4285714285714286,1.0,1.0,0.2857142857142858,0.7142857142857143,0.7142857142857143
0.439887966388796,1.0,1.0,0.29985995798599496,0.579915974791597,0.8599719915971991
0.47018705717398246,1.0,1.0,0.3377338214674781,0.47018705717398246,1.0
0.4878524802684161,1.0,1.0,0.23177872040262415,1.0,0.615889360201312
0.47018705717398246,1.0,1.0,0.20528058576097374,0.8675467642934956,0.7350935285869913
0.47018705717398246,1.0,1.0,0.20528058576097374,0.7350935285869913,0.8675467642934956
0.4878524802684161,1.0,1.0,0.23177872040262415,0.615889360201312,1.0
0.5184565876569232,1.0,1.0,0.15729902839961563,1.0,0.7592282938284616
0.5113222225747791,1.0,1.0,0.14481388950586338,0.8778305556436947,0.8778305556436947
0.5184565876569232,1.0,1.0,0.15729902839961563,0.7592282938284616,1.0
0.5555555555555556,1.0,1.0,0.11111111111111116,1.0,0.8888888888888888
0.5555555555555556,1.0,1.0,0.11111111111111116,0.8888888888888888,1.0
0.5938615339465523,1.0,1.0,0.08618845137974274,1.0,1.0
0.5555555555555556,1.0,0.8888888888888888,1.0,1.0,0.11111111111111116
0.5113222225747791,1.0,0.8778305556436947,1.0,0.8778305556436947,0.1448138895058636
0.47018705717398246,1.0,0.8675467642934956,1.0,0.7350935285869913,0.20528058576097374
0.439887966388796,1.0,0.8599719915971991,1.0,0.579915974791597,0.29985995798599496
0.4285714285714286,1.0,0.8571428571428572,1.0,0.4285714285714286,0.4285714285714286
0.4398879663887961,1.0,0.8599719915971991,1.0,0.2998599579859952,0.5799159747915971
0.47018705717398246,1.0,0.8675467642934956,1.0,0.20528058576097374,0.7350935285869913
0.5113222225747791,1.0,0.8778305556436947,1.0,0.14481388950586338,0.8778305556436947
0.5555555555555556,1.0,0.8888888888888888,1.0,0.11111111111111116,1.0
0.5113222225747791,1.0,0.8778305556436947,0.8778305556436947,1.0,0.1448138895058636
0.4606401100294063,1.0,0.8651600275073515,0.8651600275073515,0.8651600275073515,0.1909601650441095
0.41654003400842177,1.0,0.8541350085021054,0.8541350085021054,0.7082700170042109,0.2706750425105272
0.39000571866958145,1.0,0.8475014296673954,0.8475014296673954,0.5425042890021861,0.39000571866958145
0.39000571866958134,1.0,0.8475014296673953,0.8475014296673953,0.39000571866958134,0.5425042890021861
0.41654003400842177,1.0,0.8541350085021054,0.8541350085021054,0.2706750425105272,0.7082700170042109
0.4606401100294063,1.0,0.8651600275073515,0.8651600275073515,0.1909601650441095,0.8651600275073515
0.5113222225747791,1.0,0.8778305556436947,0.8778305556436947,0.1448138895058636,1.0
0.47018705717398246,1.0,0.8675467642934956,0.7350935285869913,1.0,0.20528058576097374
0.41654003400842177,1.0,0.8541350085021054,0.7082700170042109,0.8541350085021054,0.2706750425105272
0.3753049524455758,1.0,0.8438262381113939,0.6876524762227879,0.6876524762227879,0.3753049524455758
0.3594873847796515,1.0,0.8398718461949128,0.6797436923898257,0.5196155385847385,0.5196155385847385
0.3753049524455758,1.0,0.8438262381113939,0.6876524762227879,0.3753049524455758,0.6876524762227879
0.41654003400842177,1.0,0.8541350085021054,0.7082700170042109,0.2706750425105272,0.8541350085021054
0.47018705717398246,1.0,0.8675467642934956,0.7350935285869913,0.20528058576097374,1.0
0.439887966388796,1.0,0.8599719915971991,0.579915974791597,1.0,0.29985995798599496
0.39000571866958134,1.0,0.8475014296673953,0.5425042890021861,0.8475014296673953,0.39000571866958134
0.3594873847796515,1.0,0.8398718461949128,0.5196155385847385,0.6797436923898257,0.5196155385847385
0.3594873847796515,1.0,0.8398718461949128,0.5196155385847385,0.5196155385847385,0.6797436923898257
0.39000571866958134,1.0,0.8475014296673953,0.5425042890021861,0.39000571866958134,0.8475014296673953
0.439887966388796,1.0,0.8599719915971991,0.579915974791597,0.29985995798599496,1.0
0.4285714285714286,1.0,0.8571428571428572,0.4285714285714286,1.0,0.4285714285714286
0.39000571866958134,1.0,0.8475014296673953,0.39000571866958134,0.8475014296673953,0.5425042890021861
0.3753049524455758,1.0,0.8438262381113939,0.3753049524455758,0.6876524762227879,0.6876524762227879
0.39000571866958134,1.0,0.8475014296673953,0.39000571866958134,0.5425042890021861,0.8475014296673953
0.4285714285714286,1.0,0.8571428571428572,0.4285714285714286,0.4285714285714286,1.0
0.4398879663887961,1.0,0.8599719915971991,0.2998599579859952,1.0,0.5799159747915971
0.41654003400842177,1.0,0.8541350085021054,0.2706750425105272,0.8541350085021054,0.7082700170042109
0.41654003400842177,1.0,0.8541350085021054,0.2706750425105272,0.7082700170042109,0.8541350085021054
0.4398879663887961,1.0,0.8599719915971991,0.2998599579859952,0.5799159747915971,1.0
0.47018705717398246,1.0,0.8675467642934956,0.20528058576097374,1.0,0.7350935285869913
0.4606401100294063,1.0,0.8651600275073515,0.1909601650441095,0.8651600275073515,0.8651600275073515
0.47018705717398246,1.0,0.8675467642934956,0.20528058576097374,0.7350935285869913,1.0
0.5113222225747791,1.0,0.8778305556436947,0.14481388950586338,1.0,0.8778305556436947
0.5113222225747791,1.0,0.8778305556436947,0.14481388950586338,0.8778305556436947,1.0
0.5555555555555556,1.0,0.8888888888888888,0.11111111111111116,1.0,1.0
0.5184565876569232,1.0,0.7592282938284616,1.0,1.0,0.15729902839961563
0.47018705717398246,1.0,0.7350935285869913,1.0,0.8675467642934956,0.20528058576097374
0.4285714285714286,1.0,0.7142857142857143,1.0,0.7142857142857143,0.2857142857142858
0.40371520600005606,1.0,0.7018576030000281,1.0,0.552786404500042,0.40371520600005606
0.40371520600005606,1.0,0.7018576030000281,1.0,0.40371520600005606,0.552786404500042
0.4285714285714286,1.0,0.7142857142857143,1.0,0.2857142857142858,0.7142857142857143
0.47018705717398246,1.0,0.7350935285869913,1.0,0.20528058576097374,0.8675467642934956
0.5184565876569232,1.0,0.7592282938284616,1.0,0.15729902839961563,1.0
0.47018705717398246,1.0,0.7350935285869913,0.8675467642934956,1.0,0.20528058576097374
0.41654003400842177,1.0,0.7082700170042109,0.8541350085021054,0.8541350085021054,0.2706750425105272
0.3753049524455758,1.0,0.6876524762227879,0.8438262381113939,0.6876524762227879,0.3753049524455758
0.3594873847796515,1.0,0.6797436923898257,0.8398718461949128,0.5196155385847385,0.5196155385847385
0.3753049524455758,1.0,0.6876524762227879,0.8438262381113939,0.3753049524455758,0.6876524762227879
0.41654003400842177,1.0,0.7082700170042109,0.8541350085021054,0.2706750425105272,0.8541350085021054
0.47018705717398246,1.0,0.7350935285869913,0.8675467642934956,0.20528058576097374,1.0
0.4285714285714286,1.0,0.7142857142857143,0.7142857142857143,1.0,0.2857142857142858
0.3753049524455758,1.0,0.6876524762227879,0.6876524762227879,0.8438262381113939,0.3753049524455758
0.34240405077857095,1.0,0.6712020253892854,0.6712020253892854,0.6712020253892854,0.5068030380839281
0.34240405077857095,1.0,0.6712020253892854,0.6712020253892854,0.5068030380839281,0.6712020253892854
0.3753049524455758,1.0,0.6876524762227879,0.6876524762227879,0.3753049524455758,0.8438262381113939
0.4285714285714286,1.0,0.7142857142857143,0.7142857142857143,0.2857142857142858,1.0
0.40371520600005606,1.0,0.7018576030000281,0.552786404500042,1.0,0.40371520600005606
0.3594873847796516,1.0,0.6797436923898258,0.5196155385847386,0.8398718461949128,0.5196155385847386
0.34240405077857095,1.0,0.6712020253892854,0.5068030380839281,0.6712020253892854,0.6712020253892854
0.3594873847796515,1.0,0.6797436923898257,0.5196155385847385,0.5196155385847385,0.8398718461949128
0.40371520600005606,1.0,0.7018576030000281,0.552786404500042,0.40371520600005606,1.0
0.40371520600005606,1.0,0.7018576030000281,0.40371520600005606,1.0,0.552786404500042
0.3753049524455758,1.0,0.6876524762227879,0.3753049524455758,0.8438262381113939,0.6876524762227879
0.3753049524455758,1.0,0.6876524762227879,0.3753049524455758,0.6876524762227879,0.8438262381113939
0.40371520600005606,1.0,0.7018576030000281,0.40371520600005606,0.552786404500042,1.0
0.4285714285714286,1.0,0.7142857142857143,0.2857142857142858,1.0,0.7142857142857143
0.41654003400842177,1.0,0.7082700170042109,0.2706750425105272,0.8541350085021054,0.8541350085021054
0.4285714285714286,1.0,0.7142857142857143,0.2857142857142858,0.7142857142857143,1.0
0.47018705717398246,1.0,0.7350935285869913,0.20528058576097374,1.0,0.8675467642934956
0.47018705717398246,1.0,0.7350935285869913,0.20528058576097374,0.8675467642934956,1.0
0.5184565876569232,1.0,0.7592282938284616,0.15729902839961563,1.0,1.0
0.4878524802684161,1.0,0.615889360201312,1.0,1.0,0.23177872040262415
0.4398879663887961,1.0,0.5799159747915971,1.0,0.8599719915971991,0.2998599579859952
0.40371520600005606,1.0,0.552786404500042,1.0,0.7018576030000281,0.40371520600005606
0.39000571866958134,1.0,0.5425042890021861,1.0,0.5425042890021861,0.5425042890021861
0.40371520600005606,1.0,0.552786404500042,1.0,0.40371520600005606,0.7018576030000281
0.4398879663887961,1.0,0.5799159747915971,1.0,0.2998599579859952,0.8599719915971991
0.4878524802684161,1.0,0.615889360201312,1.0,0.23177872040262415,1.0
0.4398879663887961,1.0,0.5799159747915971,0.8599719915971991,1.0,0.2998599579859952
0.39000571866958145,1.0,0.5425042890021861,0.8475014296673954,0.8475014296673954,0.39000571866958145
0.3594873847796516,1.0,0.5196155385847386,0.8398718461949128,0.6797436923898258,0.5196155385847386
0.3594873847796516,1.0,0.5196155385847386,0.8398718461949128,0.5196155385847386,0.6797436923898258
0.39000571866958134,1.0,0.5425042890021861,0.8475014296673953,0.39000571866958134,0.8475014296673953
0.4398879663887961,1.0,0.5799159747915971,0.8599719915971991,0.2998599579859952,1.0
0.40371520600005606,1.0,0.552786404500042,0.7018576030000281,1.0,0.40371520600005606
0.3594873847796516,1.0,0.5196155385847386,0.6797436923898258,0.8398718461949128,0.5196155385847386
0.34240405077857095,1.0,0.5068030380839281,0.6712020253892854,0.6712020253892854,0.6712020253892854
0.3594873847796515,1.0,0.5196155385847385,0.6797436923898257,0.5196155385847385,0.8398718461949128
0.40371520600005606,1.0,0.552786404500042,0.7018576030000281,0.40371520600005606,1.0
0.39000571866958134,1.0,0.5425042890021861,0.5425042890021861,1.0,0.5425042890021861
0.3594873847796515,1.0,0.5196155385847385,0.5196155385847385,0.8398718461949128,0.6797436923898257
0.3594873847796515,1.0,0.5196155385847385,0.5196155385847385,0.6797436923898257,0.8398718461949128
0.39000571866958134,1.0,0.5425042890021861,0.5425042890021861,0.5425042890021861,1.0
0.40371520600005606,1.0,0.552786404500042,0.40371520600005606,1.0,0.7018576030000281
0.39000571866958134,1.0,0.5425042890021861,0.39000571866958134,0.8475014296673953,0.8475014296673953
0.40371520600005606,1.0,0.552786404500042,0.40371520600005606,0.7018576030000281,1.0
0.4398879663887961,1.0,0.5799159747915971,0.2998599579859952,1.0,0.8599719915971991
0.4398879663887961,1.0,0.5799159747915971,0.2998599579859952,0.8599719915971991,1.0
0.4878524802684161,1.0,0.615889360201312,0.23177872040262415,1.0,1.0
0.47018705717398246,1.0,0.47018705717398246,1.0,1.0,0.3377338214674781
0.4285714285714286,1.0,0.4285714285714286,1.0,0.8571428571428572,0.4285714285714286
0.40371520600005606,1.0,0.40371520600005606,1.0,0.7018576030000281,0.552786404500042
0.40371520600005606,1.0,0.40371520600005606,1.0,0.552786404500042,0.7018576030000281
0.4285714285714285,1.0,0.4285714285714285,1.0,0.4285714285714285,0.8571428571428571
0.47018705717398246,1.0,0.47018705717398246,1.0,0.3377338214674781,1.0
0.4285714285714286,1.0,0.4285714285714286,0.8571428571428572,1.0,0.4285714285714286
0.39000571866958134,1.0,0.39000571866958134,0.8475014296673953,0.8475014296673953,0.5425042890021861
0.3753049524455758,1.0,0.3753049524455758,0.8438262381113939,0.6876524762227879,0.6876524762227879
0.39000571866958134,1.0,0.39000571866958134,0.8475014296673953,0.5425042890021861,0.8475014296673953
0.4285714285714286,1.0,0.4285714285714286,0.8571428571428572,0.4285714285714286,1.0
0.40371520600005606,1.0,0.40371520600005606,0.7018576030000281,1.0,0.552786404500042
0.3753049524455758,1.0,0.3753049524455758,0.6876524762227879,0.8438262381113939,0.6876524762227879
0.3753049524455758,1.0,0.3753049524455758,0.6876524762227879,0.6876524762227879,0.8438262381113939
0.40371520600005606,1.0,0.40371520600005606,0.7018576030000281,0.552786404500042,1.0
0.40371520600005606,1.0,0.40371520600005606,0.552786404500042,1.0,0.7018576030000281
0.39000571866958134,1.0,0.39000571866958134,0.5425042890021861,0.8475014296673953,0.8475014296673953
0.40371520600005606,1.0,0.40371520600005606,0.552786404500042,0.7018576030000281,1.0
0.4285714285714285,1.0,0.4285714285714285,0.4285714285714285,1.0,0.8571428571428571
0.4285714285714285,1.0,0.4285714285714285,0.4285714285714285,0.8571428571428571,1.0
0.47018705717398246,1.0,0.47018705717398246,0.3377338214674781,1.0,1.0
0.47018705717398246,1.0,0.3377338214674781,1.0,1.0,0.47018705717398246
0.4398879663887961,1.0,0.2998599579859952,1.0,0.8599719915971991,0.5799159747915971
0.4285714285714286,1.0,0.2857142857142858,1.0,0.7142857142857143,0.7142857142857143
0.439887966388796,1.0,0.29985995798599496,1.0,0.579915974791597,0.8599719915971991
0.47018705717398246,1.0,0.3377338214674781,1.0,0.47018705717398246,1.0
0.4398879663887961,1.0,0.2998599579859952,0.8599719915971991,1.0,0.5799159747915971
0.41654003400842177,1.0,0.2706750425105272,0.8541350085021054,0.8541350085021054,0.7082700170042109
0.41654003400842177,1.0,0.2706750425105272,0.8541350085021054,0.7082700170042109,0.8541350085021054
0.4398879663887961,1.0,0.2998599579859952,0.8599719915971991,0.5799159747915971,1.0
0.4285714285714286,1.0,0.2857142857142858,0.7142857142857143,1.0,0.7142857142857143
0.41654003400842177,1.0,0.2706750425105272,0.7082700170042109,0.8541350085021054,0.8541350085021054
0.4285714285714286,1.0,0.2857142857142858,0.7142857142857143,0.7142857142857143,1.0
0.439887966388796,1.0,0.29985995798599496,0.579915974791597,1.0,0.8599719915971991
0.439887966388796,1.0,0.29985995798599496,0.579915974791597,0.8599719915971991,1.0
0.47018705717398246,1.0,0.3377338214674781,0.47018705717398246,1.0,1.0
0.4878524802684161,1.0,0.23177872040262415,1.0,1.0,0.615889360201312
0.47018705717398246,1.0,0.20528058576097374,1.0,0.8675467642934956,0.7350935285869913
0.47018705717398246,1.0,0.20528058576097374,1.0,0.7350935285869913,0.8675467642934956
0.4878524802684161,1.0,0.23177872040262415,1.0,0.615889360201312,1.0
0.47018705717398246,1.0,0.20528058576097374,0.8675467642934956,1.0,0.7350935285869913
0.4606401100294063,1.0,0.1909601650441095,0.8651600275073515,0.8651600275073515,0.8651600275073515
0.47018705717398246,1.0,0.20528058576097374,0.8675467642934956,0.7350935285869913,1.0
0.47018705717398246,1.0,0.20528058576097374,0.7350935285869913,1.0,0.8675467642934956
0.47018705717398246,1.0,0.20528058576097374,0.7350935285869913,0.8675467642934956,1.0
0.4878524802684161,1.0,0.23177872040262415,0.615889360201312,1.0,1.0
0.5184565876569232,1.0,0.15729902839961563,1.0,1.0,0.7592282938284616
0.5113222225747791,1.0,0.14481388950586338,1.0,0.8778305556436947,0.8778305556436947
0.5184565876569232,1.0,0.15729902839961563,1.0,0.7592282938284616,1.0
0.5113222225747791,1.0,0.14481388950586338,0.8778305556436947,1.0,0.8778305556436947
0.5113222225747791,1.0,0.14481388950586338,0.8778305556436947,0.8778305556436947,1.0
0.5184565876569232,1.0,0.15729902839961563,0.7592282938284616,1.0,1.0
0.5555555555555556,1.0,0.11111111111111116,1.0,1.0,0.8888888888888888
0.5555555555555556,1.0,0.11111111111111116,1.0,0.8888888888888888,1.0
0.5555555555555556,1.0,0.11111111111111116,0.8888888888888888,1.0,1.0
0.5938615339465523,1.0,0.08618845137974274,1.0,1.0,1.0
0.5555555555555556,0.8888888888888888,1.0,1.0,1.0,0.11111111111111116
0.5113222225747791,0.8778305556436947,1.0,1.0,0.8778305556436947,0.1448138895058636
0.47018705717398246,0.8675467642934956,1.0,1.0,0.7350935285869913,0.20528058576097374
0.439887966388796,0.8599719915971991,1.0,1.0,0.579915974791597,0.29985995798599496
0.4285714285714286,0.8571428571428572,1.0,1.0,0.4285714285714286,0.4285714285714286
0.4398879663887961,0.8599719915971991,1.0,1.0,0.2998599579859952,0.5799159747915971
0.47018705717398246,0.8675467642934956,1.0,1.0,0.20528058576097374,0.7350935285869913
0.5113222225747791,0.8778305556436947,1.0,1.0,0.14481388950586338,0.8778305556436947
0.5555555555555556,0.8888888888888888,1.0,1.0,0.11111111111111116,1.0
0.5113222225747791,0.8778305556436947,1.0,0.8778305556436947,1.0,0.1448138895058636
0.4606401100294063,0.8651600275073515,1.0,0.8651600275073515,0.8651600275073515,0.1909601650441095
0.41654003400842177,0.8541350085021054,1.0,0.8541350085021054,0.7082700170042109,0.2706750425105272
0.39000571866958145,0.8475014296673954,1.0,0.8475014296673954,0.5425042890021861,0.39000571866958145
0.39000571866958134,0.8475014296673953,1.0,0.8475014296673953,0.39000571866958134,0.5425042890021861
0.41654003400842177,0.8541350085021054,1.0,0.8541350085021054,0.2706750425105272,0.7082700170042109
0.4606401100294063,0.8651600275073515,1.0,0.8651600275073515,0.1909601650441095,0.8651600275073515
0.5113222225747791,0.8778305556436947,1.0,0.8778305556436947,0.1448138895058636,1.0
0.47018705717398246,0.8675467642934956,1.0,0.7350935285869913,1.0,0.20528058576097374
0.41654003400842177,0.8541350085021054,1.0,0.7082700170042109,0.8541350085021054,0.2706750425105272
0.3753049524455758,0.8438262381113939,1.0,0.6876524762227879,0.6876524762227879,0.3753049524455758
0.3594873847796515,0.8398718461949128,1.0,0.6797436923898257,0.5196155385847385,0.5196155385847385
0.3753049524455758,0.8438262381113939,1.0,0.6876524762227879,0.3753049524455758,0.6876524762227879
0.41654003400842177,0.8541350085021054,1.0,0.7082700170042109,0.2706750425105272,0.8541350085021054
0.47018705717398246,0.8675467642934956,1.0,0.7350935285869913,0.20528058576097374,1.0
0.439887966388796,0.8599719915971991,1.0,0.579915974791597,1.0,0.29985995798599496
0.39000571866958134,0.8475014296673953,1.0,0.5425042890021861,0.8475014296673953,0.39000571866958134
0.3594873847796515,0.8398718461949128,1.0,0.5196155385847385,0.6797436923898257,0.5196155385847385
0.3594873847796515,0.8398718461949128,1.0,0.5196155385847385,0.5196155385847385,0.6797436923898257
0.39000571866958134,0.8475014296673953,1.0,0.5425042890021861,0.39000571866958134,0.8475014296673953
0.439887966388796,0.8599719915971991,1.0,0.579915974791597,0.29985995798599496,1.0
0.4285714285714286,0.8571428571428572,1.0,0.4285714285714286,1.0,0.4285714285714286
0.39000571866958134,0.8475014296673953,1.0,0.39000571866958134,0.8475014296673953,0.5425042890021861
0.3753049524455758,0.8438262381113939,1.0,0.3753049524455758,0.6876524762227879,0.6876524762227879
0.39000571866958134,0.8475014296673953,1.0,0.39000571866958134,0.5425042890021861,0.8475014296673953
0.4285714285714286,0.8571428571428572,1.0,0.4285714285714286,0.4285714285714286,1.0
0.4398879663887961,0.8599719915971991,1.0,0.2998599579859952,1.0,0.5799159747915971
0.41654003400842177,0.8541350085021054,1.0,0.2706750425105272,0.8541350085021054,0.7082700170042109
0.41654003400842177,0.8541350085021054,1.0,0.2706750425105272,0.7082700170042109,0.8541350085021054
0.4398879663887961,0.8599719915971991,1.0,0.2998599579859952,0.5799159747915971,1.0
0.47018705717398246,0.8675467642934956,1.0,0.20528058576097374,1.0,0.7350935285869913
0.4606401100294063,0.8651600275073515,1.0,0.1909601650441095,0.8651600275073515,0.8651600275073515
0.47018705717398246,0.8675467642934956,1.0,0.20528058576097374,0.7350935285869913,1.0
0.5113222225747791,0.8778305556436947,1.0,0.14481388950586338,1.0,0.8778305556436947
0.5113222225747791,0.8778305556436947,1.0,0.14481388950586338,0.8778305556436947,1.0
0.5555555555555556,0.8888888888888888,1.0,0.11111111111111116,1.0,1.0
0.5113222225747791,0.8778305556436947,0.8778305556436947,1.0,1.0,0.1448138895058636
0.4606401100294063,0.8651600275073515,0.8651600275073515,1.0,0.8651600275073515,0.1909601650441095
0.41654003400842177,0.8541350085021054,0.8541350085021054,1.0,0.7082700170042109,0.2706750425105272
0.39000571866958145,0.8475014296673954,0.8475014296673954,1.0,0.5425042890021861,0.39000571866958145
0.39000571866958134,0.8475014296673953,0.8475014296673953,1.0,0.39000571866958134,0.5425042890021861
0.41654003400842177,0.8541350085021054,0.8541350085021054,1.0,0.2706750425105272,0.7082700170042109
0.4606401100294063,0.8651600275073515,0.8651600275073515,1.0,0.1909601650441095,0.8651600275073515
0.5113222225747791,0.8778305556436947,0.8778305556436947,1.0,0.1448138895058636,1.0
0.4606401100294063,0.8651600275073515,0.8651600275073515,0.8651600275073515,1.0,0.1909601650441095
0.40371520600005606,0.850928801500014,0.850928801500014,0.850928801500014,0.850928801500014,0.2546440075000701
0.3594873847796515,0.8398718461949128,0.8398718461949128,0.8398718461949128,0.6797436923898257,0.3594873847796515
0.34240405077857083,0.8356010126946427,0.8356010126946427,0.8356010126946427,0.5068030380839281,0.5068030380839281
0.3594873847796515,0.8398718461949128,0.8398718461949128,0.8398718461949128,0.3594873847796515,0.6797436923898257
0.40371520600005606,0.850928801500014,0.850928801500014,0.850928801500014,0.2546440075000701,0.850928801500014
0.4606401100294063,0.8651600275073515,0.8651600275073515,0.8651600275073515,0.1909601650441095,1.0
0.41654003400842177,0.8541350085021054,0.8541350085021054,0.7082700170042109,1.0,0.2706750425105272
0.3594873847796515,0.8398718461949128,0.8398718461949128,0.6797436923898257,0.8398718461949128,0.3594873847796515
0.3238765962171868,0.8309691490542968,0.8309691490542968,0.6619382981085934,0.6619382981085934,0.49290744716289014
0.3238765962171868,0.8309691490542968,0.8309691490542968,0.6619382981085934,0.49290744716289014,0.6619382981085934
0.3594873847796515,0.8398718461949128,0.8398718461949128,0.6797436923898257,0.3594873847796515,0.8398718461949128
0.41654003400842177,0.8541350085021054,0.8541350085021054,0.7082700170042109,0.2706750425105272,1.0
0.39000571866958145,0.8475014296673954,0.8475014296673954,0.5425042890021861,1.0,0.39000571866958145
0.34240405077857095,0.8356010126946427,0.8356010126946427,0.5068030380839281,0.8356010126946427,0.5068030380839281
0.3238765962171868,0.8309691490542968,0.8309691490542968,0.49290744716289014,0.6619382981085934,0.6619382981085934
0.34240405077857083,0.8356010126946427,0.8356010126946427,0.5068030380839281,0.5068030380839281,0.8356010126946427
0.39000571866958145,0.8475014296673954,0.8475014296673954,0.5425042890021861,0.39000571866958145,1.0
0.39000571866958134,0.8475014296673953,0.8475014296673953,0.39000571866958134,1.0,0.5425042890021861
0.3594873847796515,0.8398718461949128,0.8398718461949128,0.3594873847796515,0.8398718461949128,0.6797436923898257
0.3594873847796515,0.8398718461949128,0.8398718461949128,0.3594873847796515,0.6797436923898257,0.8398718461949128
0.39000571866958134,0.8475014296673953,0.8475014296673953,0.39000571866958134,0.5425042890021861,1.0
0.41654003400842177,0.8541350085021054,0.8541350085021054,0.2706750425105272,1.0,0.7082700170042109
0.40371520600005606,0.850928801500014,0.850928801500014,0.2546440075000701,0.850928801500014,0.850928801500014
0.41654003400842177,0.8541350085021054,0.8541350085021054,0.2706750425105272,0.7082700170042109,1.0
0.4606401100294063,0.8651600275073515,0.8651600275073515,0.1909601650441095,1.0,0.8651600275073515
0.4606401100294063,0.8651600275073515,0.8651600275073515,0.1909601650441095,0.8651600275073515,1.0
0.5113222225747791,0.8778305556436947,0.8778305556436947,0.1448138895058636,1.0,1.0
0.47018705717398246,0.8675467642934956,0.7350935285869913,1.0,1.0,0.20528058576097374
0.41654003400842177,0.8541350085021054,0.7082700170042109,1.0,0.8541350085021054,0.2706750425105272
0.3753049524455758,0.8438262381113939,0.6876524762227879,1.0,0.6876524762227879,0.3753049524455758
0.3594873847796515,0.8398718461949128,0.6797436923898257,1.0,0.5196155385847385,0.5196155385847385
0.3753049524455758,0.8438262381113939,0.6876524762227879,1.0,0.3753049524455758,0.6876524762227879
0.41654003400842177,0.8541350085021054,0.7082700170042109,1.0,0.2706750425105272,0.8541350085021054
0.47018705717398246,0.8675467642934956,0.7350935285869913,1.0,0.20528058576097374,1.0
0.41654003400842177,0.8541350085021054,0.7082700170042109,0.8541350085021054,1.0,0.2706750425105272
0.3594873847796515,0.8398718461949128,0.6797436923898257,0.8398718461949128,0.8398718461949128,0.3594873847796515
0.3238765962171868,0.8309691490542968,0.6619382981085934,0.8309691490542968,0.6619382981085934,0.49290744716289014
0.3238765962171868,0.8309691490542968,0.6619382981085934,0.8309691490542968,0.49290744716289014,0.6619382981085934
0.3594873847796515,0.8398718461949128,0.6797436923898257,0.8398718461949128,0.3594873847796515,0.8398718461949128
0.41654003400842177,0.8541350085021054,0.7082700170042109,0.8541350085021054,0.2706750425105272,1.0
0.3753049524455758,0.8438262381113939,0.6876524762227879,0.6876524762227879,1.0,0.3753049524455758
0.3238765962171868,0.8309691490542968,0.6619382981085934,0.6619382981085934,0.8309691490542968,0.49290744716289014
0.3036893761772087,0.8259223440443022,0.6518446880886044,0.6518446880886044,0.6518446880886044,0.6518446880886044
0.3238765962171868,0.8309691490542968,0.6619382981085934,0.6619382981085934,0.49290744716289003,0.8309691490542968
0.3753049524455758,0.8438262381113939,0.6876524762227879,0.6876524762227879,0.3753049524455758,1.0
0.3594873847796515,0.8398718461949128,0.6797436923898257,0.5196155385847385,1.0,0.5196155385847385
0.3238765962171868,0.8309691490542968,0.6619382981085934,0.49290744716289003,0.8309691490542968,0.6619382981085934
0.3238765962171868,0.8309691490542968,0.6619382981085934,0.49290744716289003,0.6619382981085934,0.8309691490542968
0.3594873847796515,0.8398718461949128,0.6797436923898257,0.5196155385847385,0.5196155385847385,1.0
0.3753049524455758,0.8438262381113939,0.6876524762227879,0.3753049524455758,1.0,0.6876524762227879
0.3594873847796515,0.8398718461949128,0.6797436923898257,0.3594873847796515,0.8398718461949128,0.8398718461949128
0.3753049524455758,0.8438262381113939,0.6876524762227879,0.3753049524455758,0.6876524762227879,1.0
0.41654003400842177,0.8541350085021054,0.7082700170042109,0.2706750425105272,1.0,0.8541350085021054
0.41654003400842177,0.8541350085021054,0.7082700170042109,0.2706750425105272,0.8541350085021054,1.0
0.47018705717398246,0.8675467642934956,0.7350935285869913,0.20528058576097374,1.0,1.0
0.439887966388796,0.8599719915971991,0.579915974791597,1.0,1.0,0.29985995798599496
0.39000571866958134,0.8475014296673953,0.5425042890021861,1.0,0.8475014296673953,0.39000571866958134
0.3594873847796515,0.8398718461949128,0.5196155385847385,1.0,0.6797436923898257,0.5196155385847385
0.3594873847796515,0.8398718461949128,0.5196155385847385,1.0,0.5196155385847385,0.6797436923898257
0.39000571866958134,0.8475014296673953,0.5425042890021861,1.0,0.39000571866958134,0.8475014296673953
0.439887966388796,0.8599719915971991,0.579915974791597,1.0,0.29985995798599496,1.0
0.39000571866958134,0.8475014296673953,0.5425042890021861,0.8475014296673953,1.0,0.39000571866958134
0.34240405077857083,0.8356010126946427,0.5068030380839281,0.8356010126946427,0.8356010126946427,0.5068030380839281
0.3238765962171868,0.8309691490542968,0.49290744716289003,0.8309691490542968,0.6619382981085934,0.6619382981085934
0.34240405077857083,0.8356010126946427,0.5068030380839281,0.8356010126946427,0.5068030380839281,0.8356010126946427
0.39000571866958134,0.8475014296673953,0.5425042890021861,0.8475014296673953,0.39000571866958134,1.0
0.3594873847796515,0.8398718461949128,0.5196155385847385,0.6797436923898257,1.0,0.5196155385847385
0.3238765962171868,0.8309691490542968,0.49290744716289003,0.6619382981085934,0.8309691490542968,0.6619382981085934
0.3238765962171868,0.8309691490542968,0.49290744716289003,0.6619382981085934,0.6619382981085934,0.8309691490542968
0.3594873847796515,0.8398718461949128,0.5196155385847385,0.6797436923898257,0.5196155385847385,1.0
0.3594873847796515,0.8398718461949128,0.5196155385847385,0.5196155385847385,1.0,0.6797436923898257
0.34240405077857083,0.8356010126946427,0.5068030380839281,0.5068030380839281,0.8356010126946427,0.8356010126946427
0.3594873847796515,0.8398718461949128,0.5196155385847385,0.5196155385847385,0.6797436923898257,1.0
0.39000571866958134,0.8475014296673953,0.5425042890021861,0.39000571866958134,1.0,0.8475014296673953
0.39000571866958134,0.8475014296673953,0.5425042890021861,0.39000571866958134,0.8475014296673953,1.0
0.439887966388796,0.8599719915971991,0.579915974791597,0.29985995798599496,1.0,1.0
0.4285714285714286,0.8571428571428572,0.4285714285714286,1.0,1.0,0.4285714285714286
0.39000571866958134,0.8475014296673953,0.39000571866958134,1.0,0.8475014296673953,0.5425042890021861
0.3753049524455758,0.8438262381113939,0.3753049524455758,1.0,0.6876524762227879,0.6876524762227879
0.39000571866958134,0.8475014296673953,0.39000571866958134,1.0,0.5425042890021861,0.8475014296673953
0.4285714285714286,0.8571428571428572,0.4285714285714286,1.0,0.4285714285714286,1.0
0.39000571866958134,0.8475014296673953,0.39000571866958134,0.8475014296673953,1.0,0.5425042890021861
0.3594873847796515,0.8398718461949128,0.3594873847796515,0.8398718461949128,0.8398718461949128,0.6797436923898257
0.3594873847796515,0.8398718461949128,0.3594873847796515,0.8398718461949128,0.6797436923898257,0.8398718461949128
0.39000571866958134,0.8475014296673953,0.39000571866958134,0.8475014296673953,0.5425042890021861,1.0
0.3753049524455758,0.8438262381113939,0.3753049524455758,0.6876524762227879,1.0,0.6876524762227879
0.3594873847796515,0.8398718461949128,0.3594873847796515,0.6797436923898257,0.8398718461949128,0.8398718461949128
0.3753049524455758,0.8438262381113939,0.3753049524455758,0.6876524762227879,0.6876524762227879,1.0
0.39000571866958134,0.8475014296673953,0.39000571866958134,0.5425042890021861,1.0,0.8475014296673953
0.39000571866958134,0.8475014296673953,0.39000571866958134,0.5425042890021861,0.8475014296673953,1.0
0.4285714285714286,0.8571428571428572,0.4285714285714286,0.4285714285714286,1.0,1.0
0.4398879663887961,0.8599719915971991,0.2998599579859952,1.0,1.0,0.5799159747915971
0.41654003400842177,0.8541350085021054,0.2706750425105272,1.0,0.8541350085021054,0.7082700170042109
0.41654003400842177,0.8541350085021054,0.2706750425105272,1.0,0.7082700170042109,0.8541350085021054
0.4398879663887961,0.8599719915971991,0.2998599579859952,1.0,0.5799159747915971,1.0
0.41654003400842177,0.8541350085021054,0.2706750425105272,0.8541350085021054,1.0,0.7082700170042109
0.40371520600005606,0.850928801500014,0.2546440075000701,0.850928801500014,0.850928801500014,0.850928801500014
0.41654003400842177,0.8541350085021054,0.2706750425105272,0.8541350085021054,0.7082700170042109,1.0
0.41654003400842177,0.8541350085021054,0.2706750425105272,0.7082700170042109,1.0,0.8541350085021054
0.41654003400842177,0.8541350085021054,0.2706750425105272,0.7082700170042109,0.8541350085021054,1.0
0.4398879663887961,0.8599719915971991,0.2998599579859952,0.5799159747915971,1.0,1.0
0.47018705717398246,0.8675467642934956,0.20528058576097374,1.0,1.0,0.7350935285869913
0.4606401100294063,0.8651600275073515,0.1909601650441095,1.0,0.8651600275073515,0.8651600275073515
0.47018705717398246,0.8675467642934956,0.20528058576097374,1.0,0.7350935285869913,1.0
0.4606401100294063,0.8651600275073515,0.1909601650441095,0.8651600275073515,1.0,0.8651600275073515
0.4606401100294063,0.8651600275073515,0.1909601650441095,0.8651600275073515,0.8651600275073515,1.0
0.47018705717398246,0.8675467642934956,0.20528058576097374,0.7350935285869913,1.0,1.0
0.5113222225747791,0.8778305556436947,0.14481388950586338,1.0,1.0,0.8778305556436947
0.5113222225747791,0.8778305556436947,0.14481388950586338,1.0,0.8778305556436947,1.0
0.5113222225747791,0.8778305556436947,0.14481388950586338,0.8778305556436947,1.0,1.0
0.5555555555555556,0.8888888888888888,0.11111111111111116,1.0,1.0,1.0
0.5184565876569232,0.7592282938284616,1.0,1.0,1.0,0.15729902839961563
0.47018705717398246,0.7350935285869913,1.0,1.0,0.8675467642934956,0.20528058576097374
0.4285714285714286,0.7142857142857143,1.0,1.0,0.7142857142857143,0.2857142857142858
0.40371520600005606,0.7018576030000281,1.0,1.0,0.552786404500042,0.40371520600005606
0.40371520600005606,0.7018576030000281,1.0,1.0,0.40371520600005606,0.552786404500042
0.4285714285714286,0.7142857142857143,1.0,1.0,0.2857142857142858,0.7142857142857143
0.47018705717398246,0.7350935285869913,1.0,1.0,0.20528058576097374,0.8675467642934956
0.5184565876569232,0.7592282938284616,1.0,1.0,0.15729902839961563,1.0
0.47018705717398246,0.7350935285869913,1.0,0.8675467642934956,1.0,0.20528058576097374
0.41654003400842177,0.7082700170042109,1.0,0.8541350085021054,0.8541350085021054,0.2706750425105272
0.3753049524455758,0.6876524762227879,1.0,0.8438262381113939,0.6876524762227879,0.3753049524455758
0.3594873847796515,0.6797436923898257,1.0,0.8398718461949128,0.5196155385847385,0.5196155385847385
0.3753049524455758,0.6876524762227879,1.0,0.8438262381113939,0.3753049524455758,0.6876524762227879
0.41654003400842177,0.7082700170042109,1.0,0.8541350085021054,0.2706750425105272,0.8541350085021054
0.47018705717398246,0.7350935285869913,1.0,0.8675467642934956,0.20528058576097374,1.0
0.4285714285714286,0.7142857142857143,1.0,0.7142857142857143,1.0,0.2857142857142858
0.3753049524455758,0.6876524762227879,1.0,0.6876524762227879,0.8438262381113939,0.3753049524455758
0.34240405077857095,0.6712020253892854,1.0,0.6712020253892854,0.6712020253892854,0.5068030380839281
0.34240405077857095,0.6712020253892854,1.0,0.6712020253892854,0.5068030380839281,0.6712020253892854
0.3753049524455758,0.6876524762227879,1.0,0.6876524762227879,0.3753049524455758,0.8438262381113939
0.4285714285714286,0.7142857142857143,1.0,0.7142857142857143,0.2857142857142858,1.0
0.40371520600005606,0.7018576030000281,1.0,0.552786404500042,1.0,0.40371520600005606
0.3594873847796516,0.6797436923898258,1.0,0.5196155385847386,0.8398718461949128,0.5196155385847386
0.34240405077857095,0.6712020253892854,1.0,0.5068030380839281,0.6712020253892854,0.6712020253892854
0.3594873847796515,0.6797436923898257,1.0,0.5196155385847385,0.5196155385847385,0.8398718461949128
0.40371520600005606,0.7018576030000281,1.0,0.552786404500042,0.40371520600005606,1.0
0.40371520600005606,0.7018576030000281,1.0,0.40371520600005606,1.0,0.552786404500042
0.3753049524455758,0.6876524762227879,1.0,0.3753049524455758,0.8438262381113939,0.6876524762227879
0.3753049524455758,0.6876524762227879,1.0,0.3753049524455758,0.6876524762227879,0.8438262381113939
0.40371520600005606,0.7018576030000281,1.0,0.40371520600005606,0.552786404500042,1.0
0.4285714285714286,0.7142857142857143,1.0,0.2857142857142858,1.0,0.7142857142857143
0.41654003400842177,0.7082700170042109,1.0,0.2706750425105272,0.8541350085021054,0.8541350085021054
0.4285714285714286,0.7142857142857143,1.0,0.2857142857142858,0.7142857142857143,1.0
0.47018705717398246,0.7350935285869913,1.0,0.20528058576097374,1.0,0.8675467642934956
0.47018705717398246,0.7350935285869913,1.0,0.20528058576097374,0.8675467642934956,1.0
0.5184565876569232,0.7592282938284616,1.0,0.15729902839961563,1.0,1.0
0.47018705717398246,0.7350935285869913,0.8675467642934956,1.0,1.0,0.20528058576097374
0.41654003400842177,0.7082700170042109,0.8541350085021054,1.0,0.8541350085021054,0.2706750425105272
0.3753049524455758,0.6876524762227879,0.8438262381113939,1.0,0.6876524762227879,0.3753049524455758
0.3594873847796515,0.6797436923898257,0.8398718461949128,1.0,0.5196155385847385,0.5196155385847385
0.3753049524455758,0.6876524762227879,0.8438262381113939,1.0,0.3753049524455758,0.6876524762227879
0.41654003400842177,0.7082700170042109,0.8541350085021054,1.0,0.2706750425105272,0.8541350085021054
0.47018705717398246,0.7350935285869913,0.8675467642934956,1.0,0.20528058576097374,1.0
0.41654003400842177,0.7082700170042109,0.8541350085021054,0.8541350085021054,1.0,0.2706750425105272
0.3594873847796515,0.6797436923898257,0.8398718461949128,0.8398718461949128,0.8398718461949128,0.3594873847796515
0.3238765962171868,0.6619382981085934,0.8309691490542968,0.8309691490542968,0.6619382981085934,0.49290744716289014
0.3238765962171868,0.6619382981085934,0.8309691490542968,0.8309691490542968,0.49290744716289014,0.6619382981085934
0.3594873847796515,0.6797436923898257,0.8398718461949128,0.8398718461949128,0.3594873847796515,0.8398718461949128
0.41654003400842177,0.7082700170042109,0.8541350085021054,0.8541350085021054,0.2706750425105272,1.0
0.3753049524455758,0.6876524762227879,0.8438262381113939,0.6876524762227879,1.0,0.3753049524455758
0.3238765962171868,0.6619382981085934,0.8309691490542968,0.6619382981085934,0.8309691490542968,0.49290744716289014
0.3036893761772087,0.6518446880886044,0.8259223440443022,0.6518446880886044,0.6518446880886044,0.6518446880886044
0.3238765962171868,0.6619382981085934,0.8309691490542968,0.6619382981085934,0.49290744716289003,0.8309691490542968
0.3753049524455758,0.6876524762227879,0.8438262381113939,0.6876524762227879,0.3753049524455758,1.0
0.3594873847796515,0.6797436923898257,0.8398718461949128,0.5196155385847385,1.0,0.5196155385847385
0.3238765962171868,0.6619382981085934,0.8309691490542968,0.49290744716289003,0.8309691490542968,0.6619382981085934
0.3238765962171868,0.6619382981085934,0.8309691490542968,0.49290744716289003,0.6619382981085934,0.8309691490542968
0.3594873847796515,0.6797436923898257,0.8398718461949128,0.5196155385847385,0.5196155385847385,1.0
0.3753049524455758,0.6876524762227879,0.8438262381113939,0.3753049524455758,1.0,0.6876524762227879
0.3594873847796515,0.6797436923898257,0.8398718461949128,0.3594873847796515,0.8398718461949128,0.8398718461949128
0.3753049524455758,0.6876524762227879,0.8438262381113939,0.3753049524455758,0.6876524762227879,1.0
0.41654003400842177,0.7082700170042109,0.8541350085021054,0.2706750425105272,1.0,0.8541350085021054
0.41654003400842177,0.7082700170042109,0.8541350085021054,0.2706750425105272,0.8541350085021054,1.0
0.47018705717398246,0.7350935285869913,0.8675467642934956,0.20528058576097374,1.0,1.0
0.4285714285714286,0.7142857142857143,0.7142857142857143,1.0,1.0,0.2857142857142858
0.3753049524455758,0.6876524762227879,0.6876524762227879,1.0,0.8438262381113939,0.3753049524455758
0.34240405077857095,0.6712020253892854,0.6712020253892854,1.0,0.6712020253892854,0.5068030380839281
0.34240405077857095,0.6712020253892854,0.6712020253892854,1.0,0.5068030380839281,0.6712020253892854
0.3753049524455758,0.6876524762227879,0.6876524762227879,1.0,0.3753049524455758,0.8438262381113939
0.4285714285714286,0.7142857142857143,0.7142857142857143,1.0,0.2857142857142858,1.0
0.3753049524455758,0.6876524762227879,0.6876524762227879,0.8438262381113939,1.0,0.3753049524455758
0.3238765962171868,0.6619382981085934,0.6619382981085934,0.8309691490542968,0.8309691490542968,0.49290744716289014
0.3036893761772087,0.6518446880886044,0.6518446880886044,0.8259223440443022,0.6518446880886044,0.6518446880886044
0.3238765962171868,0.6619382981085934,0.6619382981085934,0.8309691490542968,0.49290744716289003,0.8309691490542968
0.3753049524455758,0.6876524762227879,0.6876524762227879,0.8438262381113939,0.3753049524455758,1.0
0.34240405077857095,0.6712020253892854,0.6712020253892854,0.6712020253892854,1.0,0.5068030380839281
0.3036893761772087,0.6518446880886044,0.6518446880886044,0.6518446880886044,0.8259223440443022,0.6518446880886044
0.3036893761772087,0.6518446880886044,0.6518446880886044,0.6518446880886044,0.6518446880886044,0.8259223440443022
0.34240405077857095,0.6712020253892854,0.6712020253892854,0.6712020253892854,0.5068030380839281,1.0
0.34240405077857095,0.6712020253892854,0.6712020253892854,0.5068030380839281,1.0,0.6712020253892854
0.3238765962171868,0.6619382981085934,0.6619382981085934,0.49290744716289014,0.8309691490542968,0.8309691490542968
0.34240405077857095,0.6712020253892854,0.6712020253892854,0.5068030380839281,0.6712020253892854,1.0
0.3753049524455758,0.6876524762227879,0.6876524762227879,0.3753049524455758,1.0,0.8438262381113939
0.3753049524455758,0.6876524762227879,0.6876524762227879,0.3753049524455758,0.8438262381113939,1.0
0.4285714285714286,0.7142857142857143,0.7142857142857143,0.2857142857142858,1.0,1.0
0.40371520600005606,0.7018576030000281,0.552786404500042,1.0,1.0,0.40371520600005606
0.3594873847796516,0.6797436923898258,0.5196155385847386,1.0,0.8398718461949128,0.5196155385847386
0.34240405077857095,0.6712020253892854,0.5068030380839281,1.0,0.6712020253892854,0.6712020253892854
0.3594873847796515,0.6797436923898257,0.5196155385847385,1.0,0.5196155385847385,0.8398718461949128
0.40371520600005606,0.7018576030000281,0.552786404500042,1.0,0.40371520600005606,1.0
0.3594873847796516,0.6797436923898258,0.5196155385847386,0.8398718461949128,1.0,0.5196155385847386
0.3238765962171868,0.6619382981085934,0.49290744716289014,0.8309691490542968,0.8309691490542968,0.6619382981085934
0.3238765962171868,0.6619382981085934,0.49290744716289014,0.8309691490542968,0.6619382981085934,0.8309691490542968
0.3594873847796516,0.6797436923898258,0.5196155385847386,0.8398718461949128,0.5196155385847386,1.0
0.34240405077857095,0.6712020253892854,0.5068030380839281,0.6712020253892854,1.0,0.6712020253892854
0.3238765962171868,0.6619382981085934,0.49290744716289014,0.6619382981085934,0.8309691490542968,0.8309691490542968
0.34240405077857095,0.6712020253892854,0.5068030380839281,0.6712020253892854,0.6712020253892854,1.0
0.3594873847796515,0.6797436923898257,0.5196155385847385,0.5196155385847385,1.0,0.8398718461949128
0.3594873847796515,0.6797436923898257,0.5196155385847385,0.5196155385847385,0.8398718461949128,1.0
0.40371520600005606,0.7018576030000281,0.552786404500042,0.40371520600005606,1.0,1.0
0.40371520600005606,0.7018576030000281,0.40371520600005606,1.0,1.0,0.552786404500042
0.3753049524455758,0.6876524762227879,0.3753049524455758,1.0,0.8438262381113939,0.6876524762227879
0.3753049524455758,0.6876524762227879,0.3753049524455758,1.0,0.6876524762227879,0.8438262381113939
0.40371520600005606,0.7018576030000281,0.40371520600005606,1.0,0.552786404500042,1.0
0.3753049524455758,0.6876524762227879,0.3753049524455758,0.8438262381113939,1.0,0.6876524762227879
0.3594873847796515,0.6797436923898257,0.3594873847796515,0.8398718461949128,0.8398718461949128,0.8398718461949128
0.3753049524455758,0.6876524762227879,0.3753049524455758,0.8438262381113939,0.6876524762227879,1.0
0.3753049524455758,0.6876524762227879,0.3753049524455758,0.6876524762227879,1.0,0.8438262381113939
0.3753049524455758,0.6876524762227879,0.3753049524455758,0.6876524762227879,0.8438262381113939,1.0
0.40371520600005606,0.7018576030000281,0.40371520600005606,0.552786404500042,1.0,1.0
0.4285714285714286,0.7142857142857143,0.2857142857142858,1.0,1.0,0.7142857142857143
0.41654003400842177,0.7082700170042109,0.2706750425105272,1.0,0.8541350085021054,0.8541350085021054
0.4285714285714286,0.7142857142857143,0.2857142857142858,1.0,0.7142857142857143,1.0
0.41654003400842177,0.7082700170042109,0.2706750425105272,0.8541350085021054,1.0,0.8541350085021054
0.41654003400842177,0.7082700170042109,0.2706750425105272,0.8541350085021054,0.8541350085021054,1.0
0.4285714285714286,0.7142857142857143,0.2857142857142858,0.7142857142857143,1.0,1.0
0.47018705717398246,0.7350935285869913,0.20528058576097374,1.0,1.0,0.8675467642934956
0.47018705717398246,0.7350935285869913,0.20528058576097374,1.0,0.8675467642934956,1.0
0.47018705717398246,0.7350935285869913,0.20528058576097374,0.8675467642934956,1.0,1.0
0.5184565876569232,0.7592282938284616,0.15729902839961563,1.0,1.0,1.0
0.4878524802684161,0.615889360201312,1.0,1.0,1.0,0.23177872040262415
0.4398879663887961,0.5799159747915971,1.0,1.0,0.8599719915971991,0.2998599579859952
0.40371520600005606,0.552786404500042,1.0,1.0,0.7018576030000281,0.40371520600005606
0.39000571866958134,0.5425042890021861,1.0,1.0,0.5425042890021861,0.5425042890021861
0.40371520600005606,0.552786404500042,1.0,1.0,0.40371520600005606,0.7018576030000281
0.4398879663887961,0.5799159747915971,1.0,1.0,0.2998599579859952,0.8599719915971991
0.4878524802684161,0.615889360201312,1.0,1.0,0.23177872040262415,1.0
0.4398879663887961,0.5799159747915971,1.0,0.8599719915971991,1.0,0.2998599579859952
0.39000571866958145,0.5425042890021861,1.0,0.8475014296673954,0.8475014296673954,0.39000571866958145
0.3594873847796516,0.5196155385847386,1.0,0.8398718461949128,0.6797436923898258,0.5196155385847386
0.3594873847796516,0.5196155385847386,1.0,0.8398718461949128,0.5196155385847386,0.6797436923898258
0.39000571866958134,0.5425042890021861,1.0,0.8475014296673953,0.39000571866958134,0.8475014296673953
0.4398879663887961,0.5799159747915971,1.0,0.8599719915971991,0.2998599579859952,1.0
0.40371520600005606,0.552786404500042,1.0,0.7018576030000281,1.0,0.40371520600005606
0.3594873847796516,0.5196155385847386,1.0,0.6797436923898258,0.8398718461949128,0.5196155385847386
0.34240405077857095,0.5068030380839281,1.0,0.6712020253892854,0.6712020253892854,0.6712020253892854
0.3594873847796515,0.5196155385847385,1.0,0.6797436923898257,0.5196155385847385,0.8398718461949128
0.40371520600005606,0.552786404500042,1.0,0.7018576030000281,0.40371520600005606,1.0
0.39000571866958134,0.5425042890021861,1.0,0.5425042890021861,1.0,0.5425042890021861
0.3594873847796515,0.5196155385847385,1.0,0.5196155385847385,0.8398718461949128,0.6797436923898257
0.3594873847796515,0.5196155385847385,1.0,0.5196155385847385,0.6797436923898257,0.8398718461949128
0.39000571866958134,0.5425042890021861,1.0,0.5425042890021861,0.5425042890021861,1.0
0.40371520600005606,0.552786404500042,1.0,0.40371520600005606,1.0,0.7018576030000281
0.39000571866958134,0.5425042890021861,1.0,0.39000571866958134,0.8475014296673953,0.8475014296673953
0.40371520600005606,0.552786404500042,1.0,0.40371520600005606,0.7018576030000281,1.0
0.4398879663887961,0.5799159747915971,1.0,0.2998599579859952,1.0,0.8599719915971991
0.4398879663887961,0.5799159747915971,1.0,0.2998599579859952,0.8599719915971991,1.0
0.4878524802684161,0.615889360201312,1.0,0.23177872040262415,1.0,1.0
0.4398879663887961,0.5799159747915971,0.8599719915971991,1.0,1.0,0.2998599579859952
0.39000571866958145,0.5425042890021861,0.8475014296673954,1.0,0.8475014296673954,0.39000571866958145
0.3594873847796516,0.5196155385847386,0.8398718461949128,1.0,0.6797436923898258,0.5196155385847386
0.3594873847796516,0.5196155385847386,0.8398718461949128,1.0,0.5196155385847386,0.6797436923898258
0.39000571866958134,0.5425042890021861,0.8475014296673953,1.0,0.39000571866958134,0.8475014296673953
0.4398879663887961,0.5799159747915971,0.8599719915971991,1.0,0.2998599579859952,1.0
0.39000571866958145,0.5425042890021861,0.8475014296673954,0.8475014296673954,1.0,0.39000571866958145
0.34240405077857095,0.5068030380839281,0.8356010126946427,0.8356010126946427,0.8356010126946427,0.5068030380839281
0.3238765962171868,0.49290744716289014,0.8309691490542968,0.8309691490542968,0.6619382981085934,0.6619382981085934
0.34240405077857083,0.5068030380839281,0.8356010126946427,0.8356010126946427,0.5068030380839281,0.8356010126946427
0.39000571866958145,0.5425042890021861,0.8475014296673954,0.8475014296673954,0.39000571866958145,1.0
0.3594873847796516,0.5196155385847386,0.8398718461949128,0.6797436923898258,1.0,0.5196155385847386
0.3238765962171868,0.49290744716289014,0.8309691490542968,0.6619382981085934,0.8309691490542968,0.6619382981085934
0.3238765962171868,0.49290744716289014,0.8309691490542968,0.6619382981085934,0.6619382981085934,0.8309691490542968
0.3594873847796516,0.5196155385847386,0.8398718461949128,0.6797436923898258,0.5196155385847386,1.0
0.3594873847796516,0.5196155385847386,0.8398718461949128,0.5196155385847386,1.0,0.6797436923898258
0.34240405077857095,0.5068030380839281,0.8356010126946427,0.5068030380839281,0.8356010126946427,0.8356010126946427
0.3594873847796516,0.5196155385847386,0.8398718461949128,0.5196155385847386,0.6797436923898258,1.0
0.39000571866958134,0.5425042890021861,0.8475014296673953,0.39000571866958134,1.0,0.8475014296673953
0.39000571866958134,0.5425042890021861,0.8475014296673953,0.39000571866958134,0.8475014296673953,1.0
0.4398879663887961,0.5799159747915971,0.8599719915971991,0.2998599579859952,1.0,1.0
0.40371520600005606,0.552786404500042,0.7018576030000281,1.0,1.0,0.40371520600005606
0.3594873847796516,0.5196155385847386,0.6797436923898258,1.0,0.8398718461949128,0.5196155385847386
0.34240405077857095,0.5068030380839281,0.6712020253892854,1.0,0.6712020253892854,0.6712020253892854
0.3594873847796515,0.5196155385847385,0.6797436923898257,1.0,0.5196155385847385,0.8398718461949128
0.40371520600005606,0.552786404500042,0.7018576030000281,1.0,0.40371520600005606,1.0
0.3594873847796516,0.5196155385847386,0.6797436923898258,0.8398718461949128,1.0,0.5196155385847386
0.3238765962171868,0.49290744716289014,0.6619382981085934,0.8309691490542968,0.8309691490542968,0.6619382981085934
0.3238765962171868,0.49290744716289014,0.6619382981085934,0.8309691490542968,0.6619382981085934,0.8309691490542968
0.3594873847796516,0.5196155385847386,0.6797436923898258,0.8398718461949128,0.5196155385847386,1.0
0.34240405077857095,0.5068030380839281,0.6712020253892854,0.6712020253892854,1.0,0.6712020253892854
0.3238765962171868,0.49290744716289014,0.6619382981085934,0.6619382981085934,0.8309691490542968,0.8309691490542968
0.34240405077857095,0.5068030380839281,0.6712020253892854,0.6712020253892854,0.6712020253892854,1.0
0.3594873847796515,0.5196155385847385,0.6797436923898257,0.5196155385847385,1.0,0.8398718461949128
0.3594873847796515,0.5196155385847385,0.6797436923898257,0.5196155385847385,0.8398718461949128,1.0
0.40371520600005606,0.552786404500042,0.7018576030000281,0.40371520600005606,1.0,1.0
0.39000571866958134,0.5425042890021861,0.5425042890021861,1.0,1.0,0.5425042890021861
0.3594873847796515,0.5196155385847385,0.5196155385847385,1.0,0.8398718461949128,0.6797436923898257
0.3594873847796515,0.5196155385847385,0.5196155385847385,1.0,0.6797436923898257,0.8398718461949128
0.39000571866958134,0.5425042890021861,0.5425042890021861,1.0,0.5425042890021861,1.0
0.3594873847796515,0.5196155385847385,0.5196155385847385,0.8398718461949128,1.0,0.6797436923898257
0.34240405077857083,0.5068030380839281,0.5068030380839281,0.8356010126946427,0.8356010126946427,0.8356010126946427
0.3594873847796515,0.5196155385847385,0.5196155385847385,0.8398718461949128,0.6797436923898257,1.0
0.3594873847796515,0.5196155385847385,0.5196155385847385,0.6797436923898257,1.0,0.8398718461949128
0.3594873847796515,0.5196155385847385,0.5196155385847385,0.6797436923898257,0.8398718461949128,1.0
0.39000571866958134,0.5425042890021861,0.5425042890021861,0.5425042890021861,1.0,1.0
0.40371520600005606,0.552786404500042,0.40371520600005606,1.0,1.0,0.7018576030000281
0.39000571866958134,0.5425042890021861,0.39000571866958134,1.0,0.8475014296673953,0.8475014296673953
0.40371520600005606,0.552786404500042,0.40371520600005606,1.0,0.7018576030000281,1.0
0.39000571866958134,0.5425042890021861,0.39000571866958134,0.8475014296673953,1.0,0.8475014296673953
0.39000571866958134,0.5425042890021861,0.39000571866958134,0.8475014296673953,0.8475014296673953,1.0
0.40371520600005606,0.552786404500042,0.40371520600005606,0.7018576030000281,1.0,1.0
0.4398879663887961,0.5799159747915971,0.2998599579859952,1.0,1.0,0.8599719915971991
0.4398879663887961,0.5799159747915971,0.2998599579859952,1.0,0.8599719915971991,1.0
0.4398879663887961,0.5799159747915971,0.2998599579859952,0.8599719915971991,1.0,1.0
0.4878524802684161,0.615889360201312,0.23177872040262415,1.0,1.0,1.0
0.47018705717398246,0.47018705717398246,1.0,1.0,1.0,0.3377338214674781
0.4285714285714286,0.4285714285714286,1.0,1.0,0.8571428571428572,0.4285714285714286
0.40371520600005606,0.40371520600005606,1.0,1.0,0.7018576030000281,0.552786404500042
0.40371520600005606,0.40371520600005606,1.0,1.0,0.552786404500042,0.7018576030000281
0.4285714285714285,0.4285714285714285,1.0,1.0,0.4285714285714285,0.8571428571428571
0.47018705717398246,0.47018705717398246,1.0,1.0,0.3377338214674781,1.0
0.4285714285714286,0.4285714285714286,1.0,0.8571428571428572,1.0,0.4285714285714286
0.39000571866958134,0.39000571866958134,1.0,0.8475014296673953,0.8475014296673953,0.5425042890021861
0.3753049524455758,0.3753049524455758,1.0,0.8438262381113939,0.6876524762227879,0.6876524762227879
0.39000571866958134,0.39000571866958134,1.0,0.8475014296673953,0.5425042890021861,0.8475014296673953
0.4285714285714286,0.4285714285714286,1.0,0.8571428571428572,0.4285714285714286,1.0
0.40371520600005606,0.40371520600005606,1.0,0.7018576030000281,1.0,0.552786404500042
0.3753049524455758,0.3753049524455758,1.0,0.6876524762227879,0.8438262381113939,0.6876524762227879
0.3753049524455758,0.3753049524455758,1.0,0.6876524762227879,0.6876524762227879,0.8438262381113939
0.40371520600005606,0.40371520600005606,1.0,0.7018576030000281,0.552786404500042,1.0
0.40371520600005606,0.40371520600005606,1.0,0.552786404500042,1.0,0.7018576030000281
0.39000571866958134,0.39000571866958134,1.0,0.5425042890021861,0.8475014296673953,0.8475014296673953
0.40371520600005606,0.40371520600005606,1.0,0.552786404500042,0.7018576030000281,1.0
0.4285714285714285,0.4285714285714285,1.0,0.4285714285714285,1.0,0.8571428571428571
0.4285714285714285,0.4285714285714285,1.0,0.4285714285714285,0.8571428571428571,1.0
0.47018705717398246,0.47018705717398246,1.0,0.3377338214674781,1.0,1.0
0.4285714285714286,0.4285714285714286,0.8571428571428572,1.0,1.0,0.4285714285714286
0.39000571866958134,0.39000571866958134,0.8475014296673953,1.0,0.8475014296673953,0.5425042890021861
0.3753049524455758,0.3753049524455758,0.8438262381113939,1.0,0.6876524762227879,0.6876524762227879
0.39000571866958134,0.39000571866958134,0.8475014296673953,1.0,0.5425042890021861,0.8475014296673953
0.4285714285714286,0.4285714285714286,0.8571428571428572,1.0,0.4285714285714286,1.0
0.39000571866958134,0.39000571866958134,0.8475014296673953,0.8475014296673953,1.0,0.5425042890021861
0.3594873847796515,0.3594873847796515,0.8398718461949128,0.8398718461949128,0.8398718461949128,0.6797436923898257
0.3594873847796515,0.3594873847796515,0.8398718461949128,0.8398718461949128,0.6797436923898257,0.8398718461949128
0.39000571866958134,0.39000571866958134,0.8475014296673953,0.8475014296673953,0.5425042890021861,1.0
0.3753049524455758,0.3753049524455758,0.8438262381113939,0.6876524762227879,1.0,0.6876524762227879
0.3594873847796515,0.3594873847796515,0.8398718461949128,0.6797436923898257,0.8398718461949128,0.8398718461949128
0.3753049524455758,0.3753049524455758,0.8438262381113939,0.6876524762227879,0.6876524762227879,1.0
0.39000571866958134,0.39000571866958134,0.8475014296673953,0.5425042890021861,1.0,0.8475014296673953
0.39000571866958134,0.39000571866958134,0.8475014296673953,0.5425042890021861,0.8475014296673953,1.0
0.4285714285714286,0.4285714285714286,0.8571428571428572,0.4285714285714286,1.0,1.0
0.40371520600005606,0.40371520600005606,0.7018576030000281,1.0,1.0,0.552786404500042
0.3753049524455758,0.3753049524455758,0.6876524762227879,1.0,0.8438262381113939,0.6876524762227879
0.3753049524455758,0.3753049524455758,0.6876524762227879,1.0,0.6876524762227879,0.8438262381113939
0.40371520600005606,0.40371520600005606,0.7018576030000281,1.0,0.552786404500042,1.0
0.3753049524455758,0.3753049524455758,0.6876524762227879,0.8438262381113939,1.0,0.6876524762227879
0.3594873847796515,0.3594873847796515,0.6797436923898257,0.8398718461949128,0.8398718461949128,0.8398718461949128
0.3753049524455758,0.3753049524455758,0.6876524762227879,0.8438262381113939,0.6876524762227879,1.0
0.3753049524455758,0.3753049524455758,0.6876524762227879,0.6876524762227879,1.0,0.8438262381113939
0.3753049524455758,0.3753049524455758,0.6876524762227879,0.6876524762227879,0.8438262381113939,1.0
0.40371520600005606,0.40371520600005606,0.7018576030000281,0.552786404500042,1.0,1.0
0.40371520600005606,0.40371520600005606,0.552786404500042,1.0,1.0,0.7018576030000281
0.39000571866958134,0.39000571866958134,0.5425042890021861,1.0,0.8475014296673953,0.8475014296673953
0.40371520600005606,0.40371520600005606,0.552786404500042,1.0,0.7018576030000281,1.0
0.39000571866958134,0.39000571866958134,0.5425042890021861,0.8475014296673953,1.0,0.8475014296673953
0.39000571866958134,0.39000571866958134,0.5425042890021861,0.8475014296673953,0.8475014296673953,1.0
0.40371520600005606,0.40371520600005606,0.552786404500042,0.7018576030000281,1.0,1.0
0.4285714285714285,0.4285714285714285,0.4285714285714285,1.0,1.0,0.8571428571428571
0.4285714285714285,0.4285714285714285,0.4285714285714285,1.0,0.8571428571428571,1.0
0.4285714285714285,0.4285714285714285,0.4285714285714285,0.8571428571428571,1.0,1.0
0.47018705717398246,0.47018705717398246,0.3377338214674781,1.0,1.0,1.0
0.47018705717398246,0.3377338214674781,1.0,1.0,1.0,0.47018705717398246
0.4398879663887961,0.2998599579859952,1.0,1.0,0.8599719915971991,0.5799159747915971
0.4285714285714286,0.2857142857142858,1.0,1.0,0.7142857142857143,0.7142857142857143
0.439887966388796,0.29985995798599496,1.0,1.0,0.579915974791597,0.8599719915971991
0.47018705717398246,0.3377338214674781,1.0,1.0,0.47018705717398246,1.0
0.4398879663887961,0.2998599579859952,1.0,0.8599719915971991,1.0,0.5799159747915971
0.41654003400842177,0.2706750425105272,1.0,0.8541350085021054,0.8541350085021054,0.7082700170042109
0.41654003400842177,0.2706750425105272,1.0,0.8541350085021054,0.7082700170042109,0.8541350085021054
0.4398879663887961,0.2998599579859952,1.0,0.8599719915971991,0.5799159747915971,1.0
0.4285714285714286,0.2857142857142858,1.0,0.7142857142857143,1.0,0.7142857142857143
0.41654003400842177,0.2706750425105272,1.0,0.7082700170042109,0.8541350085021054,0.8541350085021054
0.4285714285714286,0.2857142857142858,1.0,0.7142857142857143,0.7142857142857143,1.0
0.439887966388796,0.29985995798599496,1.0,0.579915974791597,1.0,0.8599719915971991
0.439887966388796,0.29985995798599496,1.0,0.579915974791597,0.8599719915971991,1.0
0.47018705717398246,0.3377338214674781,1.0,0.47018705717398246,1.0,1.0
0.4398879663887961,0.2998599579859952,0.8599719915971991,1.0,1.0,0.5799159747915971
0.41654003400842177,0.2706750425105272,0.8541350085021054,1.0,0.8541350085021054,0.7082700170042109
0.41654003400842177,0.2706750425105272,0.8541350085021054,1.0,0.7082700170042109,0.8541350085021054
0.4398879663887961,0.2998599579859952,0.8599719915971991,1.0,0.5799159747915971,1.0
0.41654003400842177,0.2706750425105272,0.8541350085021054,0.8541350085021054,1.0,0.7082700170042109
0.40371520600005606,0.2546440075000701,0.850928801500014,0.850928801500014,0.850928801500014,0.850928801500014
0.41654003400842177,0.2706750425105272,0.8541350085021054,0.8541350085021054,0.7082700170042109,1.0
0.41654003400842177,0.2706750425105272,0.8541350085021054,0.7082700170042109,1.0,0.8541350085021054
0.41654003400842177,0.2706750425105272,0.8541350085021054,0.7082700170042109,0.8541350085021054,1.0
0.4398879663887961,0.2998599579859952,0.8599719915971991,0.5799159747915971,1.0,1.0
0.4285714285714286,0.2857142857142858,0.7142857142857143,1.0,1.0,0.7142857142857143
0.41654003400842177,0.2706750425105272,0.7082700170042109,1.0,0.8541350085021054,0.8541350085021054
0.4285714285714286,0.2857142857142858,0.7142857142857143,1.0,0.7142857142857143,1.0
0.41654003400842177,0.2706750425105272,0.7082700170042109,0.8541350085021054,1.0,0.8541350085021054
0.41654003400842177,0.2706750425105272,0.7082700170042109,0.8541350085021054,0.8541350085021054,1.0
0.4285714285714286,0.2857142857142858,0.7142857142857143,0.7142857142857143,1.0,1.0
0.439887966388796,0.29985995798599496,0.579915974791597,1.0,1.0,0.8599719915971991
0.439887966388796,0.29985995798599496,0.579915974791597,1.0,0.8599719915971991,1.0
0.439887966388796,0.29985995798599496,0.579915974791597,0.8599719915971991,1.0,1.0
0.47018705717398246,0.3377338214674781,0.47018705717398246,1.0,1.0,1.0
0.4878524802684161,0.23177872040262415,1.0,1.0,1.0,0.615889360201312
0.47018705717398246,0.20528058576097374,1.0,1.0,0.8675467642934956,0.7350935285869913
0.47018705717398246,0.20528058576097374,1.0,1.0,0.7350935285869913,0.8675467642934956
0.4878524802684161,0.23177872040262415,1.0,1.0,0.615889360201312,1.0
0.47018705717398246,0.20528058576097374,1.0,0.8675467642934956,1.0,0.7350935285869913
0.4606401100294063,0.1909601650441095,1.0,0.8651600275073515,0.8651600275073515,0.8651600275073515
0.47018705717398246,0.20528058576097374,1.0,0.8675467642934956,0.7350935285869913,1.0
0.47018705717398246,0.20528058576097374,1.0,0.7350935285869913,1.0,0.8675467642934956
0.47018705717398246,0.20528058576097374,1.0,0.7350935285869913,0.8675467642934956,1.0
0.4878524802684161,0.23177872040262415,1.0,0.615889360201312,1.0,1.0
0.47018705717398246,0.20528058576097374,0.8675467642934956,1.0,1.0,0.7350935285869913
0.4606401100294063,0.1909601650441095,0.8651600275073515,1.0,0.8651600275073515,0.8651600275073515
0.47018705717398246,0.20528058576097374,0.8675467642934956,1.0,0.7350935285869913,1.0
0.4606401100294063,0.1909601650441095,0.8651600275073515,0.8651600275073515,1.0,0.8651600275073515
0.4606401100294063,0.1909601650441095,0.8651600275073515,0.8651600275073515,0.8651600275073515,1.0
0.47018705717398246,0.20528058576097374,0.8675467642934956,0.7350935285869913,1.0,1.0
0.47018705717398246,0.20528058576097374,0.7350935285869913,1.0,1.0,0.8675467642934956
0.47018705717398246,0.20528058576097374,0.7350935285869913,1.0,0.8675467642934956,1.0
0.47018705717398246,0.20528058576097374,0.7350935285869913,0.8675467642934956,1.0,1.0
0.4878524802684161,0.23177872040262415,0.615889360201312,1.0,1.0,1.0
0.5184565876569232,0.15729902839961563,1.0,1.0,1.0,0.7592282938284616
0.5113222225747791,0.14481388950586338,1.0,1.0,0.8778305556436947,0.8778305556436947
0.5184565876569232,0.15729902839961563,1.0,1.0,0.7592282938284616,1.0
0.5113222225747791,0.14481388950586338,1.0,0.8778305556436947,1.0,0.8778305556436947
0.5113222225747791,0.14481388950586338,1.0,0.8778305556436947,0.8778305556436947,1.0
0.5184565876569232,0.15729902839961563,1.0,0.7592282938284616,1.0,1.0
0.5113222225747791,0.14481388950586338,0.8778305556436947,1.0,1.0,0.8778305556436947
0.5113222225747791,0.14481388950586338,0.8778305556436947,1.0,0.8778305556436947,1.0
0.5113222225747791,0.14481388950586338,0.8778305556436947,0.8778305556436947,1.0,1.0
0.5184565876569232,0.15729902839961563,0.7592282938284616,1.0,1.0,1.0
0.5555555555555556,0.11111111111111116,1.0,1.0,1.0,0.8888888888888888
0.5555555555555556,0.11111111111111116,1.0,1.0,0.8888888888888888,1.0
0.5555555555555556,0.11111111111111116,1.0,0.8888888888888888,1.0,1.0
0.5555555555555556,0.11111111111111116,0.8888888888888888,1.0,1.0,1.0
0.5938615339465523,0.08618845137974274,1.0,1.0,1.0,1.0
0.47000105999681996,1.0,1.0,1.0,1.0,0.15200169599491198
0.42264973081037416,1.0,1.0,1.0,0.8845299461620748,0.1917096231345239
0.3798263270539577,1.0,1.0,1.0,0.7519305308215831,0.25579159246474925
0.3490554450958806,1.0,1.0,1.0,0.6094332670575284,0.3490554450958806
0.3377338214674781,1.0,1.0,1.0,0.47018705717398246,0.47018705717398246
0.3490554450958806,1.0,1.0,1.0,0.3490554450958806,0.6094332670575284
0.3798263270539577,1.0,1.0,1.0,0.25579159246474925,0.7519305308215831
0.42264973081037416,1.0,1.0,1.0,0.1917096231345239,0.8845299461620748
0.47000105999681996,1.0,1.0,1.0,0.15200169599491198,1.0
0.42264973081037416,1.0,1.0,0.8845299461620748,1.0,0.1917096231345239
0.37005921165128786,1.0,1.0,0.8740118423302576,0.8740118423302576,0.2440710539815455
0.32580013753675785,1.0,1.0,0.8651600275073515,0.7303200550147031,0.32580013753675785
0.29985995798599496,1.0,1.0,0.8599719915971991,0.579915974791597,0.439887966388796
0.2998599579859952,1.0,1.0,0.8599719915971991,0.4398879663887961,0.5799159747915971
0.32580013753675785,1.0,1.0,0.8651600275073515,0.32580013753675785,0.7303200550147031
0.37005921165128786,1.0,1.0,0.8740118423302576,0.2440710539815455,0.8740118423302576
0.42264973081037416,1.0,1.0,0.8845299461620748,0.1917096231345239,1.0
0.3798263270539577,1.0,1.0,0.7519305308215831,1.0,0.25579159246474925
0.32580013753675785,1.0,1.0,0.7303200550147031,0.8651600275073515,0.32580013753675785
0.2857142857142858,1.0,1.0,0.7142857142857143,0.7142857142857143,0.4285714285714286
0.2706750425105272,1.0,1.0,0.7082700170042109,0.5624050255063163,0.5624050255063163
0.2857142857142858,1.0,1.0,0.7142857142857143,0.4285714285714286,0.7142857142857143
0.32580013753675785,1.0,1.0,0.7303200550147031,0.32580013753675785,0.8651600275073515
0.3798263270539577,1.0,1.0,0.7519305308215831,0.25579159246474925,1.0
0.3490554450958806,1.0,1.0,0.6094332670575284,1.0,0.3490554450958806
0.2998599579859952,1.0,1.0,0.5799159747915971,0.8599719915971991,0.4398879663887961
0.2706750425105272,1.0,1.0,0.5624050255063163,0.7082700170042109,0.5624050255063163
0.2706750425105272,1.0,1.0,0.5624050255063163,0.5624050255063163,0.7082700170042109
0.2998599579859952,1.0,1.0,0.5799159747915971,0.4398879663887961,0.8599719915971991
0.3490554450958806,1.0,1.0,0.6094332670575284,0.3490554450958806,1.0
0.3377338214674781,1.0,1.0,0.47018705717398246,1.0,0.47018705717398246
0.2998599579859952,1.0,1.0,0.4398879663887961,0.8599719915971991,0.5799159747915971
0.2857142857142858,1.0,1.0,0.4285714285714286,0.7142857142857143,0.7142857142857143
0.29985995798599496,1.0,1.0,0.439887966388796,0.579915974791597,0.8599719915971991
0.3377338214674781,1.0,1.0,0.47018705717398246,0.47018705717398246,1.0
0.3490554450958806,1.0,1.0,0.3490554450958806,1.0,0.6094332670575284
0.32580013753675785,1.0,1.0,0.32580013753675785,0.8651600275073515,0.7303200550147031
0.32580013753675785,1.0,1.0,0.32580013753675785,0.7303200550147031,0.8651600275073515
0.3490554450958806,1.0,1.0,0.3490554450958806,0.6094332670575284,1.0
0.3798263270539577,1.0,1.0,0.25579159246474925,1.0,0.7519305308215831
0.37005921165128786,1.0,1.0,0.2440710539815455,0.8740118423302576,0.8740118423302576
0.3798263270539577,1.0,1.0,0.25579159246474925,0.7519305308215831,1.0
0.42264973081037416,1.0,1.0,0.1917096231345239,1.0,0.8845299461620748
0.42264973081037416,1.0,1.0,0.1917096231345239,0.8845299461620748,1.0
0.47000105999681996,1.0,1.0,0.15200169599491198,1.0,1.0
0.42264973081037416,1.0,0.8845299461620748,1.0,1.0,0.1917096231345239
0.37005921165128786,1.0,0.8740118423302576,1.0,0.8740118423302576,0.2440710539815455
0.32580013753675785,1.0,0.8651600275073515,1.0,0.7303200550147031,0.32580013753675785
0.29985995798599496,1.0,0.8599719915971991,1.0,0.579915974791597,0.439887966388796
0.2998599579859952,1.0,0.8599719915971991,1.0,0.4398879663887961,0.5799159747915971
0.32580013753675785,1.0,0.8651600275073515,1.0,0.32580013753675785,0.7303200550147031
0.37005921165128786,1.0,0.8740118423302576,1.0,0.2440710539815455,0.8740118423302576
0.42264973081037416,1.0,0.8845299461620748,1.0,0.1917096231345239,1.0
0.37005921165128786,1.0,0.8740118423302576,0.8740118423302576,1.0,0.2440710539815455
0.31319718025655496,1.0,0.862639436051311,0.862639436051311,0.862639436051311,0.31319718025655496
0.2706750425105272,1.0,0.8541350085021054,0.8541350085021054,0.7082700170042109,0.41654003400842177
0.2546440075000701,1.0,0.850928801500014,0.850928801500014,0.552786404500042,0.552786404500042
0.2706750425105272,1.0,0.8541350085021054,0.8541350085021054,0.41654003400842177,0.7082700170042109
0.31319718025655485,1.0,0.862639436051311,0.862639436051311,0.31319718025655485,0.862639436051311
0.37005921165128786,1.0,0.8740118423302576,0.8740118423302576,0.2440710539815455,1.0
0.32580013753675785,1.0,0.8651600275073515,0.7303200550147031,1.0,0.32580013753675785
0.2706750425105272,1.0,0.8541350085021054,0.7082700170042109,0.8541350085021054,0.41654003400842177
0.23750714833697661,1.0,0.8475014296673953,0.6950028593347907,0.6950028593347907,0.5425042890021861
0.23750714833697661,1.0,0.8475014296673953,0.6950028593347907,0.5425042890021861,0.6950028593347907
0.2706750425105272,1.0,0.8541350085021054,0.7082700170042109,0.41654003400842177,0.8541350085021054
0.32580013753675785,1.0,0.8651600275073515,0.7303200550147031,0.32580013753675785,1.0
0.29985995798599496,1.0,0.8599719915971991,0.579915974791597,1.0,0.439887966388796
0.2546440075000701,1.0,0.850928801500014,0.552786404500042,0.850928801500014,0.552786404500042
0.23750714833697661,1.0,0.8475014296673953,0.5425042890021861,0.6950028593347907,0.6950028593347907
0.2546440075000701,1.0,0.850928801500014,0.552786404500042,0.552786404500042,0.850928801500014
0.29985995798599496,1.0,0.8599719915971991,0.579915974791597,0.439887966388796,1.0
0.2998599579859952,1.0,0.8599719915971991,0.4398879663887961,1.0,0.5799159747915971
0.2706750425105272,1.0,0.8541350085021054,0.41654003400842177,0.8541350085021054,0.7082700170042109
0.2706750425105272,1.0,0.8541350085021054,0.41654003400842177,0.7082700170042109,0.8541350085021054
0.2998599579859952,1.0,0.8599719915971991,0.4398879663887961,0.5799159747915971,1.0
0.32580013753675785,1.0,0.8651600275073515,0.32580013753675785,1.0,0.7303200550147031
0.31319718025655485,1.0,0.862639436051311,0.31319718025655485,0.862639436051311,0.862639436051311
0.32580013753675785,1.0,0.8651600275073515,0.32580013753675785,0.7303200550147031,1.0
0.37005921165128786,1.0,0.8740118423302576,0.2440710539815455,1.0,0.8740118423302576
0.37005921165128786,1.0,0.8740118423302576,0.2440710539815455,0.8740118423302576,1.0
0.42264973081037416,1.0,0.8845299461620748,0.1917096231345239,1.0,1.0
0.3798263270539577,1.0,0.7519305308215831,1.0,1.0,0.25579159246474925
0.32580013753675785,1.0,0.7303200550147031,1.0,0.8651600275073515,0.32580013753675785
0.2857142857142858,1.0,0.7142857142857143,1.0,0.7142857142857143,0.4285714285714286
0.2706750425105272,1.0,0.7082700170042109,1.0,0.5624050255063163,0.5624050255063163
0.2857142857142858,1.0,0.7142857142857143,1.0,0.4285714285714286,0.7142857142857143
0.32580013753675785,1.0,0.7303200550147031,1.0,0.32580013753675785,0.8651600275073515
0.3798263270539577,1.0,0.7519305308215831,1.0,0.25579159246474925,1.0
0.32580013753675785,1.0,0.7303200550147031,0.8651600275073515,1.0,0.32580013753675785
0.2706750425105272,1.0,0.7082700170042109,0.8541350085021054,0.8541350085021054,0.41654003400842177
0.23750714833697661,1.0,0.6950028593347907,0.8475014296673953,0.6950028593347907,0.5425042890021861
0.23750714833697661,1.0,0.6950028593347907,0.8475014296673953,0.5425042890021861,0.6950028593347907
0.2706750425105272,1.0,0.7082700170042109,0.8541350085021054,0.41654003400842177,0.8541350085021054
0.32580013753675785,1.0,0.7303200550147031,0.8651600275073515,0.32580013753675785,1.0
0.2857142857142858,1.0,0.7142857142857143,0.7142857142857143,1.0,0.4285714285714286
0.23750714833697661,1.0,0.6950028593347907,0.6950028593347907,0.8475014296673953,0.5425042890021861
0.21913119055696972,1.0,0.6876524762227879,0.6876524762227879,0.6876524762227879,0.6876524762227879
0.23750714833697661,1.0,0.6950028593347907,0.6950028593347907,0.5425042890021861,0.8475014296673953
0.2857142857142858,1.0,0.7142857142857143,0.7142857142857143,0.4285714285714286,1.0
0.2706750425105272,1.0,0.7082700170042109,0.5624050255063163,1.0,0.5624050255063163
0.23750714833697661,1.0,0.6950028593347907,0.5425042890021861,0.8475014296673953,0.6950028593347907
0.23750714833697661,1.0,0.6950028593347907,0.5425042890021861,0.6950028593347907,0.8475014296673953
0.2706750425105272,1.0,0.7082700170042109,0.5624050255063163,0.5624050255063163,1.0
0.2857142857142858,1.0,0.7142857142857143,0.4285714285714286,1.0,0.7142857142857143
0.2706750425105272,1.0,0.7082700170042109,0.41654003400842177,0.8541350085021054,0.8541350085021054
0.2857142857142858,1.0,0.7142857142857143,0.4285714285714286,0.7142857142857143,1.0
0.32580013753675785,1.0,0.7303200550147031,0.32580013753675785,1.0,0.8651600275073515
0.32580013753675785,1.0,0.7303200550147031,0.32580013753675785,0.8651600275073515,1.0
0.3798263270539577,1.0,0.7519305308215831,0.25579159246474925,1.0,1.0
0.3490554450958806,1.0,0.6094332670575284,1.0,1.0,0.3490554450958806
0.2998599579859952,1.0,0.5799159747915971,1.0,0.8599719915971991,0.4398879663887961
0.2706750425105272,1.0,0.5624050255063163,1.0,0.7082700170042109,0.5624050255063163
0.2706750425105272,1.0,0.5624050255063163,1.0,0.5624050255063163,0.7082700170042109
0.2998599579859952,1.0,0.5799159747915971,1.0,0.4398879663887961,0.8599719915971991
0.3490554450958806,1.0,0.6094332670575284,1.0,0.3490554450958806,1.0
0.2998599579859952,1.0,0.5799159747915971,0.8599719915971991,1.0,0.4398879663887961
0.2546440075000701,1.0,0.552786404500042,0.850928801500014,0.850928801500014,0.552786404500042
0.23750714833697661,1.0,0.5425042890021861,0.8475014296673953,0.6950028593347907,0.6950028593347907
0.2546440075000701,1.0,0.552786404500042,0.850928801500014,0.552786404500042,0.850928801500014
0.2998599579859952,1.0,0.5799159747915971,0.8599719915971991,0.4398879663887961,1.0
0.2706750425105272,1.0,0.5624050255063163,0.7082700170042109,1.0,0.5624050255063163
0.23750714833697661,1.0,0.5425042890021861,0.6950028593347907,0.8475014296673953,0.6950028593347907
0.23750714833697661,1.0,0.5425042890021861,0.6950028593347907,0.6950028593347907,0.8475014296673953
0.2706750425105272,1.0,0.5624050255063163,0.7082700170042109,0.5624050255063163,1.0
0.2706750425105272,1.0,0.5624050255063163,0.5624050255063163,1.0,0.7082700170042109
0.2546440075000701,1.0,0.552786404500042,0.552786404500042,0.850928801500014,0.850928801500014
0.2706750425105272,1.0,0.5624050255063163,0.5624050255063163,0.7082700170042109,1.0
0.2998599579859952,1.0,0.5799159747915971,0.4398879663887961,1.0,0.8599719915971991
0.2998599579859952,1.0,0.5799159747915971,0.4398879663887961,0.8599719915971991,1.0
0.3490554450958806,1.0,0.6094332670575284,0.3490554450958806,1.0,1.0
0.3377338214674781,1.0,0.47018705717398246,1.0,1.0,0.47018705717398246
0.2998599579859952,1.0,0.4398879663887961,1.0,0.8599719915971991,0.5799159747915971
0.2857142857142858,1.0,0.4285714285714286,1.0,0.7142857142857143,0.7142857142857143
0.29985995798599496,1.0,0.439887966388796,1.0,0.579915974791597,0.8599719915971991
0.3377338214674781,1.0,0.47018705717398246,1.0,0.47018705717398246,1.0
0.2998599579859952,1.0,0.4398879663887961,0.8599719915971991,1.0,0.5799159747915971
0.2706750425105272,1.0,0.41654003400842177,0.8541350085021054,0.8541350085021054,0.7082700170042109
0.2706750425105272,1.0,0.41654003400842177,0.8541350085021054,0.7082700170042109,0.8541350085021054
0.2998599579859952,1.0,0.4398879663887961,0.8599719915971991,0.5799159747915971,1.0
0.2857142857142858,1.0,0.4285714285714286,0.7142857142857143,1.0,0.7142857142857143
0.2706750425105272,1.0,0.41654003400842177,0.7082700170042109,0.8541350085021054,0.8541350085021054
0.2857142857142858,1.0,0.4285714285714286,0.7142857142857143,0.7142857142857143,1.0
0.29985995798599496,1.0,0.439887966388796,0.579915974791597,1.0,0.8599719915971991
0.29985995798599496,1.0,0.439887966388796,0.579915974791597,0.8599719915971991,1.0
0.3377338214674781,1.0,0.47018705717398246,0.47018705717398246,1.0,1.0
0.3490554450958806,1.0,0.3490554450958806,1.0,1.0,0.6094332670575284
0.32580013753675785,1.0,0.32580013753675785,1.0,0.8651600275073515,0.7303200550147031
0.32580013753675785,1.0,0.32580013753675785,1.0,0.7303200550147031,0.8651600275073515
0.3490554450958806,1.0,0.3490554450958806,1.0,0.6094332670575284,1.0
0.32580013753675785,1.0,0.32580013753675785,0.8651600275073515,1.0,0.7303200550147031
0.31319718025655485,1.0,0.31319718025655485,0.862639436051311,0.862639436051311,0.862639436051311
0.32580013753675785,1.0,0.32580013753675785,0.8651600275073515,0.7303200550147031,1.0
0.32580013753675785,1.0,0.32580013753675785,0.7303200550147031,1.0,0.8651600275073515
0.32580013753675785,1.0,0.32580013753675785,0.7303200550147031,0.8651600275073515,1.0
0.3490554450958806,1.0,0.3490554450958806,0.6094332670575284,1.0,1.0
0.3798263270539577,1.0,0.25579159246474925,1.0,1.0,0.7519305308215831
0.37005921165128786,1.0,0.2440710539815455,1.0,0.8740118423302576,0.8740118423302576
0.3798263270539577,1.0,0.25579159246474925,1.0,0.7519305308215831,1.0
0.37005921165128786,1.0,0.2440710539815455,0.8740118423302576,1.0,0.8740118423302576
0.37005921165128786,1.0,0.2440710539815455,0.8740118423302576,0.8740118423302576,1.0
0.3798263270539577,1.0,0.25579159246474925,0.7519305308215831,1.0,1.0
0.42264973081037416,1.0,0.1917096231345239,1.0,1.0,0.8845299461620748
0.42264973081037416,1.0,0.1917096231345239,1.0,0.8845299461620748,1.0
0.42264973081037416,1.0,0.1917096231345239,0.8845299461620748,1.0,1.0
0.47000105999681996,1.0,0.15200169599491198,1.0,1.0,1.0
0.42264973081037416,0.8845299461620748,1.0,1.0,1.0,0.1917096231345239
0.37005921165128786,0.8740118423302576,1.0,1.0,0.8740118423302576,0.2440710539815455
0.32580013753675785,0.8651600275073515,1.0,1.0,0.7303200550147031,0.32580013753675785
0.29985995798599496,0.8599719915971991,1.0,1.0,0.579915974791597,0.439887966388796
0.2998599579859952,0.8599719915971991,1.0,1.0,0.4398879663887961,0.5799159747915971
0.32580013753675785,0.8651600275073515,1.0,1.0,0.32580013753675785,0.7303200550147031
0.37005921165128786,0.8740118423302576,1.0,1.0,0.2440710539815455,0.8740118423302576
0.42264973081037416,0.8845299461620748,1.0,1.0,0.1917096231345239,1.0
0.37005921165128786,0.8740118423302576,1.0,0.8740118423302576,1.0,0.2440710539815455
0.31319718025655496,0.862639436051311,1.0,0.862639436051311,0.862639436051311,0.31319718025655496
0.2706750425105272,0.8541350085021054,1.0,0.8541350085021054,0.7082700170042109,0.41654003400842177
0.2546440075000701,0.850928801500014,1.0,0.850928801500014,0.552786404500042,0.552786404500042
0.2706750425105272,0.8541350085021054,1.0,0.8541350085021054,0.41654003400842177,0.7082700170042109
0.31319718025655485,0.862639436051311,1.0,0.862639436051311,0.31319718025655485,0.862639436051311
0.37005921165128786,0.8740118423302576,1.0,0.8740118423302576,0.2440710539815455,1.0
0.32580013753675785,0.8651600275073515,1.0,0.7303200550147031,1.0,0.32580013753675785
0.2706750425105272,0.8541350085021054,1.0,0.7082700170042109,0.8541350085021054,0.41654003400842177
0.23750714833697661,0.8475014296673953,1.0,0.6950028593347907,0.6950028593347907,0.5425042890021861
0.23750714833697661,0.8475014296673953,1.0,0.6950028593347907,0.5425042890021861,0.6950028593347907
0.2706750425105272,0.8541350085021054,1.0,0.7082700170042109,0.41654003400842177,0.8541350085021054
0.32580013753675785,0.8651600275073515,1.0,0.7303200550147031,0.32580013753675785,1.0
0.29985995798599496,0.8599719915971991,1.0,0.579915974791597,1.0,0.439887966388796
0.2546440075000701,0.850928801500014,1.0,0.552786404500042,0.850928801500014,0.552786404500042
0.23750714833697661,0.8475014296673953,1.0,0.5425042890021861,0.6950028593347907,0.6950028593347907
0.2546440075000701,0.850928801500014,1.0,0.552786404500042,0.552786404500042,0.850928801500014
0.29985995798599496,0.8599719915971991,1.0,0.579915974791597,0.439887966388796,1.0
0.2998599579859952,0.8599719915971991,1.0,0.4398879663887961,1.0,0.5799159747915971
0.2706750425105272,0.8541350085021054,1.0,0.41654003400842177,0.8541350085021054,0.7082700170042109
0.2706750425105272,0.8541350085021054,1.0,0.41654003400842177,0.7082700170042109,0.8541350085021054
0.2998599579859952,0.8599719915971991,1.0,0.4398879663887961,0.5799159747915971,1.0
0.32580013753675785,0.8651600275073515,1.0,0.32580013753675785,1.0,0.7303200550147031
0.31319718025655485,0.862639436051311,1.0,0.31319718025655485,0.862639436051311,0.862639436051311
0.32580013753675785,0.8651600275073515,1.0,0.32580013753675785,0.7303200550147031,1.0
0.37005921165128786,0.8740118423302576,1.0,0.2440710539815455,1.0,0.8740118423302576
0.37005921165128786,0.8740118423302576,1.0,0.2440710539815455,0.8740118423302576,1.0
0.42264973081037416,0.8845299461620748,1.0,0.1917096231345239,1.0,1.0
0.37005921165128786,0.8740118423302576,0.8740118423302576,1.0,1.0,0.2440710539815455
0.31319718025655496,0.862639436051311,0.862639436051311,1.0,0.862639436051311,0.31319718025655496
0.2706750425105272,0.8541350085021054,0.8541350085021054,1.0,0.7082700170042109,0.41654003400842177
0.2546440075000701,0.850928801500014,0.850928801500014,1.0,0.552786404500042,0.552786404500042
0.2706750425105272,0.8541350085021054,0.8541350085021054,1.0,0.41654003400842177,0.7082700170042109
0.31319718025655485,0.862639436051311,0.862639436051311,1.0,0.31319718025655485,0.862639436051311
0.37005921165128786,0.8740118423302576,0.8740118423302576,1.0,0.2440710539815455,1.0
0.31319718025655496,0.862639436051311,0.862639436051311,0.862639436051311,1.0,0.31319718025655496
0.2546440075000701,0.850928801500014,0.850928801500014,0.850928801500014,0.850928801500014,0.40371520600005606
0.2191311905569696,0.8438262381113939,0.8438262381113939,0.8438262381113939,0.6876524762227878,0.5314787143341818
0.2191311905569696,0.8438262381113939,0.8438262381113939,0.8438262381113939,0.5314787143341818,0.6876524762227878
0.2546440075000701,0.850928801500014,0.850928801500014,0.850928801500014,0.40371520600005606,0.850928801500014
0.31319718025655496,0.862639436051311,0.862639436051311,0.862639436051311,0.31319718025655496,1.0
0.2706750425105272,0.8541350085021054,0.8541350085021054,0.7082700170042109,1.0,0.41654003400842177
0.2191311905569696,0.8438262381113939,0.8438262381113939,0.6876524762227878,0.8438262381113939,0.5314787143341818
0.19935923097456432,0.8398718461949128,0.8398718461949128,0.6797436923898257,0.6797436923898257,0.6797436923898257
0.21913119055696972,0.8438262381113939,0.8438262381113939,0.6876524762227879,0.5314787143341819,0.8438262381113939
0.2706750425105272,0.8541350085021054,0.8541350085021054,0.7082700170042109,0.41654003400842177,1.0
0.2546440075000701,0.850928801500014,0.850928801500014,0.552786404500042,1.0,0.552786404500042
0.21913119055696972,0.8438262381113939,0.8438262381113939,0.5314787143341819,0.8438262381113939,0.6876524762227879
0.21913119055696972,0.8438262381113939,0.8438262381113939,0.5314787143341819,0.6876524762227879,0.8438262381113939
0.2546440075000701,0.850928801500014,0.850928801500014,0.552786404500042,0.552786404500042,1.0
0.2706750425105272,0.8541350085021054,0.8541350085021054,0.41654003400842177,1.0,0.7082700170042109
0.2546440075000701,0.850928801500014,0.850928801500014,0.40371520600005606,0.850928801500014,0.850928801500014
0.2706750425105272,0.8541350085021054,0.8541350085021054,0.41654003400842177,0.7082700170042109,1.0
0.31319718025655485,0.862639436051311,0.862639436051311,0.31319718025655485,1.0,0.862639436051311
0.31319718025655485,0.862639436051311,0.862639436051311,0.31319718025655485,0.862639436051311,1.0
0.37005921165128786,0.8740118423302576,0.8740118423302576,0.2440710539815455,1.0,1.0
0.32580013753675785,0.8651600275073515,0.7303200550147031,1.0,1.0,0.32580013753675785
0.2706750425105272,0.8541350085021054,0.7082700170042109,1.0,0.8541350085021054,0.41654003400842177
0.23750714833697661,0.8475014296673953,0.6950028593347907,1.0,0.6950028593347907,0.5425042890021861
0.23750714833697661,0.8475014296673953,0.6950028593347907,1.0,0.5425042890021861,0.6950028593347907
0.2706750425105272,0.8541350085021054,0.7082700170042109,1.0,0.41654003400842177,0.8541350085021054
0.32580013753675785,0.8651600275073515,0.7303200550147031,1.0,0.32580013753675785,1.0
0.2706750425105272,0.8541350085021054,0.7082700170042109,0.8541350085021054,1.0,0.41654003400842177
0.2191311905569696,0.8438262381113939,0.6876524762227878,0.8438262381113939,0.8438262381113939,0.5314787143341818
0.19935923097456432,0.8398718461949128,0.6797436923898257,0.8398718461949128,0.6797436923898257,0.6797436923898257
0.21913119055696972,0.8438262381113939,0.6876524762227879,0.8438262381113939,0.5314787143341819,0.8438262381113939
0.2706750425105272,0.8541350085021054,0.7082700170042109,0.8541350085021054,0.41654003400842177,1.0
0.23750714833697661,0.8475014296673953,0.6950028593347907,0.6950028593347907,1.0,0.5425042890021861
0.19935923097456432,0.8398718461949128,0.6797436923898257,0.6797436923898257,0.8398718461949128,0.6797436923898257
0.19935923097456432,0.8398718461949128,0.6797436923898257,0.6797436923898257,0.6797436923898257,0.8398718461949128
0.23750714833697661,0.8475014296673953,0.6950028593347907,0.6950028593347907,0.5425042890021861,1.0
0.23750714833697661,0.8475014296673953,0.6950028593347907,0.5425042890021861,1.0,0.6950028593347907
0.2191311905569696,0.8438262381113939,0.6876524762227878,0.5314787143341818,0.8438262381113939,0.8438262381113939
0.23750714833697661,0.8475014296673953,0.6950028593347907,0.5425042890021861,0.6950028593347907,1.0
0.2706750425105272,0.8541350085021054,0.7082700170042109,0.41654003400842177,1.0,0.8541350085021054
0.2706750425105272,0.8541350085021054,0.7082700170042109,0.41654003400842177,0.8541350085021054,1.0
0.32580013753675785,0.8651600275073515,0.7303200550147031,0.32580013753675785,1.0,1.0
0.29985995798599496,0.8599719915971991,0.579915974791597,1.0,1.0,0.439887966388796
0.2546440075000701,0.850928801500014,0.552786404500042,1.0,0.850928801500014,0.552786404500042
0.23750714833697661,0.8475014296673953,0.5425042890021861,1.0,0.6950028593347907,0.6950028593347907
0.2546440075000701,0.850928801500014,0.552786404500042,1.0,0.552786404500042,0.850928801500014
0.29985995798599496,0.8599719915971991,0.579915974791597,1.0,0.439887966388796,1.0
0.2546440075000701,0.850928801500014,0.552786404500042,0.850928801500014,1.0,0.552786404500042
0.2191311905569696,0.8438262381113939,0.5314787143341818,0.8438262381113939,0.8438262381113939,0.6876524762227878
0.2191311905569696,0.8438262381113939,0.5314787143341818,0.8438262381113939,0.6876524762227878,0.8438262381113939
0.2546440075000701,0.850928801500014,0.552786404500042,0.850928801500014,0.552786404500042,1.0
0.23750714833697661,0.8475014296673953,0.5425042890021861,0.6950028593347907,1.0,0.6950028593347907
0.2191311905569696,0.8438262381113939,0.5314787143341818,0.6876524762227878,0.8438262381113939,0.8438262381113939
0.23750714833697661,0.8475014296673953,0.5425042890021861,0.6950028593347907,0.6950028593347907,1.0
0.2546440075000701,0.850928801500014,0.552786404500042,0.552786404500042,1.0,0.850928801500014
0.2546440075000701,0.850928801500014,0.552786404500042,0.552786404500042,0.850928801500014,1.0
0.29985995798599496,0.8599719915971991,0.579915974791597,0.439887966388796,1.0,1.0
0.2998599579859952,0.8599719915971991,0.4398879663887961,1.0,1.0,0.5799159747915971
0.2706750425105272,0.8541350085021054,0.41654003400842177,1.0,0.8541350085021054,0.7082700170042109
0.2706750425105272,0.8541350085021054,0.41654003400842177,1.0,0.7082700170042109,0.8541350085021054
0.2998599579859952,0.8599719915971991,0.4398879663887961,1.0,0.5799159747915971,1.0
0.2706750425105272,0.8541350085021054,0.41654003400842177,0.8541350085021054,1.0,0.7082700170042109
0.2546440075000701,0.850928801500014,0.40371520600005606,0.850928801500014,0.850928801500014,0.850928801500014
0.2706750425105272,0.8541350085021054,0.41654003400842177,0.8541350085021054,0.7082700170042109,1.0
0.2706750425105272,0.8541350085021054,0.41654003400842177,0.7082700170042109,1.0,0.8541350085021054
0.2706750425105272,0.8541350085021054,0.41654003400842177,0.7082700170042109,0.8541350085021054,1.0
0.2998599579859952,0.8599719915971991,0.4398879663887961,0.5799159747915971,1.0,1.0
0.32580013753675785,0.8651600275073515,0.32580013753675785,1.0,1.0,0.7303200550147031
0.31319718025655485,0.862639436051311,0.31319718025655485,1.0,0.862639436051311,0.862639436051311
0.32580013753675785,0.8651600275073515,0.32580013753675785,1.0,0.7303200550147031,1.0
0.31319718025655485,0.862639436051311,0.31319718025655485,0.862639436051311,1.0,0.862639436051311
0.31319718025655485,0.862639436051311,0.31319718025655485,0.862639436051311,0.862639436051311,1.0
0.32580013753675785,0.8651600275073515,0.32580013753675785,0.7303200550147031,1.0,1.0
0.37005921165128786,0.8740118423302576,0.2440710539815455,1.0,1.0,0.8740118423302576
0.37005921165128786,0.8740118423302576,0.2440710539815455,1.0,0.8740118423302576,1.0
0.37005921165128786,0.8740118423302576,0.2440710539815455,0.8740118423302576,1.0,1.0
0.42264973081037416,0.8845299461620748,0.1917096231345239,1.0,1.0,1.0
0.3798263270539577,0.7519305308215831,1.0,1.0,1.0,0.25579159246474925
0.32580013753675785,0.7303200550147031,1.0,1.0,0.8651600275073515,0.32580013753675785
0.2857142857142858,0.7142857142857143,1.0,1.0,0.7142857142857143,0.4285714285714286
0.2706750425105272,0.7082700170042109,1.0,1.0,0.5624050255063163,0.5624050255063163
0.2857142857142858,0.7142857142857143,1.0,1.0,0.4285714285714286,0.7142857142857143
0.32580013753675785,0.7303200550147031,1.0,1.0,0.32580013753675785,0.8651600275073515
0.3798263270539577,0.7519305308215831,1.0,1.0,0.25579159246474925,1.0
0.32580013753675785,0.7303200550147031,1.0,0.8651600275073515,1.0,0.32580013753675785
0.2706750425105272,0.7082700170042109,1.0,0.8541350085021054,0.8541350085021054,0.41654003400842177
0.23750714833697661,0.6950028593347907,1.0,0.8475014296673953,0.6950028593347907,0.5425042890021861
0.23750714833697661,0.6950028593347907,1.0,0.8475014296673953,0.5425042890021861,0.6950028593347907
0.2706750425105272,0.7082700170042109,1.0,0.8541350085021054,0.41654003400842177,0.8541350085021054
0.32580013753675785,0.7303200550147031,1.0,0.8651600275073515,0.32580013753675785,1.0
0.2857142857142858,0.7142857142857143,1.0,0.7142857142857143,1.0,0.4285714285714286
0.23750714833697661,0.6950028593347907,1.0,0.6950028593347907,0.8475014296673953,0.5425042890021861
0.21913119055696972,0.6876524762227879,1.0,0.6876524762227879,0.6876524762227879,0.6876524762227879
0.23750714833697661,0.6950028593347907,1.0,0.6950028593347907,0.5425042890021861,0.8475014296673953
0.2857142857142858,0.7142857142857143,1.0,0.7142857142857143,0.4285714285714286,1.0
0.2706750425105272,0.7082700170042109,1.0,0.5624050255063163,1.0,0.5624050255063163
0.23750714833697661,0.6950028593347907,1.0,0.5425042890021861,0.8475014296673953,0.6950028593347907
0.23750714833697661,0.6950028593347907,1.0,0.5425042890021861,0.6950028593347907,0.8475014296673953
0.2706750425105272,0.7082700170042109,1.0,0.5624050255063163,0.5624050255063163,1.0
0.2857142857142858,0.7142857142857143,1.0,0.4285714285714286,1.0,0.7142857142857143
0.2706750425105272,0.7082700170042109,1.0,0.41654003400842177,0.8541350085021054,0.8541350085021054
0.2857142857142858,0.7142857142857143,1.0,0.4285714285714286,0.7142857142857143,1.0
0.32580013753675785,0.7303200550147031,1.0,0.32580013753675785,1.0,0.8651600275073515
0.32580013753675785,0.7303200550147031,1.0,0.32580013753675785,0.8651600275073515,1.0
0.3798263270539577,0.7519305308215831,1.0,0.25579159246474925,1.0,1.0
0.32580013753675785,0.7303200550147031,0.8651600275073515,1.0,1.0,0.32580013753675785
0.2706750425105272,0.7082700170042109,0.8541350085021054,1.0,0.8541350085021054,0.41654003400842177
0.23750714833697661,0.6950028593347907,0.8475014296673953,1.0,0.6950028593347907,0.5425042890021861
0.23750714833697661,0.6950028593347907,0.8475014296673953,1.0,0.5425042890021861,0.6950028593347907
0.2706750425105272,0.7082700170042109,0.8541350085021054,1.0,0.41654003400842177,0.8541350085021054
0.32580013753675785,0.7303200550147031,0.8651600275073515,1.0,0.32580013753675785,1.0
0.2706750425105272,0.7082700170042109,0.8541350085021054,0.8541350085021054,1.0,0.41654003400842177
0.2191311905569696,0.6876524762227878,0.8438262381113939,0.8438262381113939,0.8438262381113939,0.5314787143341818
0.19935923097456432,0.6797436923898257,0.8398718461949128,0.8398718461949128,0.6797436923898257,0.6797436923898257
0.21913119055696972,0.6876524762227879,0.8438262381113939,0.8438262381113939,0.5314787143341819,0.8438262381113939
0.2706750425105272,0.7082700170042109,0.8541350085021054,0.8541350085021054,0.41654003400842177,1.0
0.23750714833697661,0.6950028593347907,0.8475014296673953,0.6950028593347907,1.0,0.5425042890021861
0.19935923097456432,0.6797436923898257,0.8398718461949128,0.6797436923898257,0.8398718461949128,0.6797436923898257
0.19935923097456432,0.6797436923898257,0.8398718461949128,0.6797436923898257,0.6797436923898257,0.8398718461949128
0.23750714833697661,0.6950028593347907,0.8475014296673953,0.6950028593347907,0.5425042890021861,1.0
0.23750714833697661,0.6950028593347907,0.8475014296673953,0.5425042890021861,1.0,0.6950028593347907
0.2191311905569696,0.6876524762227878,0.8438262381113939,0.5314787143341818,0.8438262381113939,0.8438262381113939
0.23750714833697661,0.6950028593347907,0.8475014296673953,0.5425042890021861,0.6950028593347907,1.0
0.2706750425105272,0.7082700170042109,0.8541350085021054,0.41654003400842177,1.0,0.8541350085021054
0.2706750425105272,0.7082700170042109,0.8541350085021054,0.41654003400842177,0.8541350085021054,1.0
0.32580013753675785,0.7303200550147031,0.8651600275073515,0.32580013753675785,1.0,1.0
0.2857142857142858,0.7142857142857143,0.7142857142857143,1.0,1.0,0.4285714285714286
0.23750714833697661,0.6950028593347907,0.6950028593347907,1.0,0.8475014296673953,0.5425042890021861
0.21913119055696972,0.6876524762227879,0.6876524762227879,1.0,0.6876524762227879,0.6876524762227879
0.23750714833697661,0.6950028593347907,0.6950028593347907,1.0,0.5425042890021861,0.8475014296673953
0.2857142857142858,0.7142857142857143,0.7142857142857143,1.0,0.4285714285714286,1.0
0.23750714833697661,0.6950028593347907,0.6950028593347907,0.8475014296673953,1.0,0.5425042890021861
0.19935923097456432,0.6797436923898257,0.6797436923898257,0.8398718461949128,0.8398718461949128,0.6797436923898257
0.19935923097456432,0.6797436923898257,0.6797436923898257,0.8398718461949128,0.6797436923898257,0.8398718461949128
0.23750714833697661,0.6950028593347907,0.6950028593347907,0.8475014296673953,0.5425042890021861,1.0
0.21913119055696972,0.6876524762227879,0.6876524762227879,0.6876524762227879,1.0,0.6876524762227879
0.19935923097456432,0.6797436923898257,0.6797436923898257,0.6797436923898257,0.8398718461949128,0.8398718461949128
0.21913119055696972,0.6876524762227879,0.6876524762227879,0.6876524762227879,0.6876524762227879,1.0
0.23750714833697661,0.6950028593347907,0.6950028593347907,0.5425042890021861,1.0,0.8475014296673953
0.23750714833697661,0.6950028593347907,0.6950028593347907,0.5425042890021861,0.8475014296673953,1.0
0.2857142857142858,0.7142857142857143,0.7142857142857143,0.4285714285714286,1.0,1.0
0.2706750425105272,0.7082700170042109,0.5624050255063163,1.0,1.0,0.5624050255063163
0.23750714833697661,0.6950028593347907,0.5425042890021861,1.0,0.8475014296673953,0.6950028593347907
0.23750714833697661,0.6950028593347907,0.5425042890021861,1.0,0.6950028593347907,0.8475014296673953
0.2706750425105272,0.7082700170042109,0.5624050255063163,1.0,0.5624050255063163,1.0
0.23750714833697661,0.6950028593347907,0.5425042890021861,0.8475014296673953,1.0,0.6950028593347907
0.21913119055696972,0.6876524762227879,0.5314787143341819,0.8438262381113939,0.8438262381113939,0.8438262381113939
0.23750714833697661,0.6950028593347907,0.5425042890021861,0.8475014296673953,0.6950028593347907,1.0
0.23750714833697661,0.6950028593347907,0.5425042890021861,0.6950028593347907,1.0,0.8475014296673953
0.23750714833697661,0.6950028593347907,0.5425042890021861,0.6950028593347907,0.8475014296673953,1.0
0.2706750425105272,0.7082700170042109,0.5624050255063163,0.5624050255063163,1.0,1.0
0.2857142857142858,0.7142857142857143,0.4285714285714286,1.0,1.0,0.7142857142857143
0.2706750425105272,0.7082700170042109,0.41654003400842177,1.0,0.8541350085021054,0.8541350085021054
0.2857142857142858,0.7142857142857143,0.4285714285714286,1.0,0.7142857142857143,1.0
0.2706750425105272,0.7082700170042109,0.41654003400842177,0.8541350085021054,1.0,0.8541350085021054
0.2706750425105272,0.7082700170042109,0.41654003400842177,0.8541350085021054,0.8541350085021054,1.0
0.2857142857142858,0.7142857142857143,0.4285714285714286,0.7142857142857143,1.0,1.0
0.32580013753675785,0.7303200550147031,0.32580013753675785,1.0,1.0,0.8651600275073515
0.32580013753675785,0.7303200550147031,0.32580013753675785,1.0,0.8651600275073515,1.0
0.32580013753675785,0.7303200550147031,0.32580013753675785,0.8651600275073515,1.0,1.0
0.3798263270539577,0.7519305308215831,0.25579159246474925,1.0,1.0,1.0
0.3490554450958806,0.6094332670575284,1.0,1.0,1.0,0.3490554450958806
0.2998599579859952,0.5799159747915971,1.0,1.0,0.8599719915971991,0.4398879663887961
0.2706750425105272,0.5624050255063163,1.0,1.0,0.7082700170042109,0.5624050255063163
0.2706750425105272,0.5624050255063163,1.0,1.0,0.5624050255063163,0.7082700170042109
0.2998599579859952,0.5799159747915971,1.0,1.0,0.4398879663887961,0.8599719915971991
0.3490554450958806,0.6094332670575284,1.0,1.0,0.3490554450958806,1.0
0.2998599579859952,0.5799159747915971,1.0,0.8599719915971991,1.0,0.4398879663887961
0.2546440075000701,0.552786404500042,1.0,0.850928801500014,0.850928801500014,0.552786404500042
0.23750714833697661,0.5425042890021861,1.0,0.8475014296673953,0.6950028593347907,0.6950028593347907
0.2546440075000701,0.552786404500042,1.0,0.850928801500014,0.552786404500042,0.850928801500014
0.2998599579859952,0.5799159747915971,1.0,0.8599719915971991,0.4398879663887961,1.0
0.2706750425105272,0.5624050255063163,1.0,0.7082700170042109,1.0,0.5624050255063163
0.23750714833697661,0.5425042890021861,1.0,0.6950028593347907,0.8475014296673953,0.6950028593347907
0.23750714833697661,0.5425042890021861,1.0,0.6950028593347907,0.6950028593347907,0.8475014296673953
0.2706750425105272,0.5624050255063163,1.0,0.7082700170042109,0.5624050255063163,1.0
0.2706750425105272,0.5624050255063163,1.0,0.5624050255063163,1.0,0.7082700170042109
0.2546440075000701,0.552786404500042,1.0,0.552786404500042,0.850928801500014,0.850928801500014
0.2706750425105272,0.5624050255063163,1.0,0.5624050255063163,0.7082700170042109,1.0
0.2998599579859952,0.5799159747915971,1.0,0.4398879663887961,1.0,0.8599719915971991
0.2998599579859952,0.5799159747915971,1.0,0.4398879663887961,0.8599719915971991,1.0
0.3490554450958806,0.6094332670575284,1.0,0.3490554450958806,1.0,1.0
0.2998599579859952,0.5799159747915971,0.8599719915971991,1.0,1.0,0.4398879663887961
0.2546440075000701,0.552786404500042,0.850928801500014,1.0,0.850928801500014,0.552786404500042
0.23750714833697661,0.5425042890021861,0.8475014296673953,1.0,0.6950028593347907,0.6950028593347907
0.2546440075000701,0.552786404500042,0.850928801500014,1.0,0.552786404500042,0.850928801500014
0.2998599579859952,0.5799159747915971,0.8599719915971991,1.0,0.4398879663887961,1.0
0.2546440075000701,0.552786404500042,0.850928801500014,0.850928801500014,1.0,0.552786404500042
0.21913119055696972,0.5314787143341819,0.8438262381113939,0.8438262381113939,0.8438262381113939,0.6876524762227879
0.21913119055696972,0.5314787143341819,0.8438262381113939,0.8438262381113939,0.6876524762227879,0.8438262381113939
0.2546440075000701,0.552786404500042,0.850928801500014,0.850928801500014,0.552786404500042,1.0
0.23750714833697661,0.5425042890021861,0.8475014296673953,0.6950028593347907,1.0,0.6950028593347907
0.21913119055696972,0.5314787143341819,0.8438262381113939,0.6876524762227879,0.8438262381113939,0.8438262381113939
0.23750714833697661,0.5425042890021861,0.8475014296673953,0.6950028593347907,0.6950028593347907,1.0
0.2546440075000701,0.552786404500042,0.850928801500014,0.552786404500042,1.0,0.850928801500014
0.2546440075000701,0.552786404500042,0.850928801500014,0.552786404500042,0.850928801500014,1.0
0.2998599579859952,0.5799159747915971,0.8599719915971991,0.4398879663887961,1.0,1.0
0.2706750425105272,0.5624050255063163,0.7082700170042109,1.0,1.0,0.5624050255063163
0.23750714833697661,0.5425042890021861,0.6950028593347907,1.0,0.8475014296673953,0.6950028593347907
0.23750714833697661,0.5425042890021861,0.6950028593347907,1.0,0.6950028593347907,0.8475014296673953
0.2706750425105272,0.5624050255063163,0.7082700170042109,1.0,0.5624050255063163,1.0
0.23750714833697661,0.5425042890021861,0.6950028593347907,0.8475014296673953,1.0,0.6950028593347907
0.21913119055696972,0.5314787143341819,0.6876524762227879,0.8438262381113939,0.8438262381113939,0.8438262381113939
0.23750714833697661,0.5425042890021861,0.6950028593347907,0.8475014296673953,0.6950028593347907,1.0
0.23750714833697661,0.5425042890021861,0.6950028593347907,0.6950028593347907,1.0,0.8475014296673953
0.23750714833697661,0.5425042890021861,0.6950028593347907,0.6950028593347907,0.8475014296673953,1.0
0.2706750425105272,0.5624050255063163,0.7082700170042109,0.5624050255063163,1.0,1.0
0.2706750425105272,0.5624050255063163,0.5624050255063163,1.0,1.0,0.7082700170042109
0.2546440075000701,0.552786404500042,0.552786404500042,1.0,0.850928801500014,0.850928801500014
0.2706750425105272,0.5624050255063163,0.5624050255063163,1.0,0.7082700170042109,1.0
0.2546440075000701,0.552786404500042,0.552786404500042,0.850928801500014,1.0,0.850928801500014
0.2546440075000701,0.552786404500042,0.552786404500042,0.850928801500014,0.850928801500014,1.0
0.2706750425105272,0.5624050255063163,0.5624050255063163,0.7082700170042109,1.0,1.0
0.2998599579859952,0.5799159747915971,0.4398879663887961,1.0,1.0,0.8599719915971991
0.2998599579859952,0.5799159747915971,0.4398879663887961,1.0,0.8599719915971991,1.0
0.2998599579859952,0.5799159747915971,0.4398879663887961,0.8599719915971991,1.0,1.0
0.3490554450958806,0.6094332670575284,0.3490554450958806,1.0,1.0,1.0
0.3377338214674781,0.47018705717398246,1.0,1.0,1.0,0.47018705717398246
0.2998599579859952,0.4398879663887961,1.0,1.0,0.8599719915971991,0.5799159747915971
0.2857142857142858,0.4285714285714286,1.0,1.0,0.7142857142857143,0.7142857142857143
0.29985995798599496,0.439887966388796,1.0,1.0,0.579915974791597,0.8599719915971991
0.3377338214674781,0.47018705717398246,1.0,1.0,0.47018705717398246,1.0
0.2998599579859952,0.4398879663887961,1.0,0.8599719915971991,1.0,0.5799159747915971
0.2706750425105272,0.41654003400842177,1.0,0.8541350085021054,0.8541350085021054,0.7082700170042109
0.2706750425105272,0.41654003400842177,1.0,0.8541350085021054,0.7082700170042109,0.8541350085021054
0.2998599579859952,0.4398879663887961,1.0,0.8599719915971991,0.5799159747915971,1.0
0.2857142857142858,0.4285714285714286,1.0,0.7142857142857143,1.0,0.7142857142857143
0.2706750425105272,0.41654003400842177,1.0,0.7082700170042109,0.8541350085021054,0.8541350085021054
0.2857142857142858,0.4285714285714286,1.0,0.7142857142857143,0.7142857142857143,1.0
0.29985995798599496,0.439887966388796,1.0,0.579915974791597,1.0,0.8599719915971991
0.29985995798599496,0.439887966388796,1.0,0.579915974791597,0.8599719915971991,1.0
0.3377338214674781,0.47018705717398246,1.0,0.47018705717398246,1.0,1.0
0.2998599579859952,0.4398879663887961,0.8599719915971991,1.0,1.0,0.5799159747915971
0.2706750425105272,0.41654003400842177,0.8541350085021054,1.0,0.8541350085021054,0.7082700170042109
0.2706750425105272,0.41654003400842177,0.8541350085021054,1.0,0.7082700170042109,0.8541350085021054
0.2998599579859952,0.4398879663887961,0.8599719915971991,1.0,0.5799159747915971,1.0
0.2706750425105272,0.41654003400842177,0.8541350085021054,0.8541350085021054,1.0,0.7082700170042109
0.2546440075000701,0.40371520600005606,0.850928801500014,0.850928801500014,0.850928801500014,0.850928801500014
0.2706750425105272,0.41654003400842177,0.8541350085021054,0.8541350085021054,0.7082700170042109,1.0
0.2706750425105272,0.41654003400842177,0.8541350085021054,0.7082700170042109,1.0,0.8541350085021054
0.2706750425105272,0.41654003400842177,0.8541350085021054,0.7082700170042109,0.8541350085021054,1.0
0.2998599579859952,0.4398879663887961,0.8599719915971991,0.5799159747915971,1.0,1.0
0.2857142857142858,0.4285714285714286,0.7142857142857143,1.0,1.0,0.7142857142857143
0.2706750425105272,0.41654003400842177,0.7082700170042109,1.0,0.8541350085021054,0.8541350085021054
0.2857142857142858,0.4285714285714286,0.7142857142857143,1.0,0.7142857142857143,1.0
0.2706750425105272,0.41654003400842177,0.7082700170042109,0.8541350085021054,1.0,0.8541350085021054
0.2706750425105272,0.41654003400842177,0.7082700170042109,0.8541350085021054,0.8541350085021054,1.0
0.2857142857142858,0.4285714285714286,0.7142857142857143,0.7142857142857143,1.0,1.0
0.29985995798599496,0.439887966388796,0.579915974791597,1.0,1.0,0.8599719915971991
0.29985995798599496,0.439887966388796,0.579915974791597,1.0,0.8599719915971991,1.0
0.29985995798599496,0.439887966388796,0.579915974791597,0.8599719915971991,1.0,1.0
0.3377338214674781,0.47018705717398246,0.47018705717398246,1.0,1.0,1.0
0.3490554450958806,0.3490554450958806,1.0,1.0,1.0,0.6094332670575284
0.32580013753675785,0.32580013753675785,1.0,1.0,0.8651600275073515,0.7303200550147031
0.32580013753675785,0.32580013753675785,1.0,1.0,0.7303200550147031,0.8651600275073515
0.3490554450958806,0.3490554450958806,1.0,1.0,0.6094332670575284,1.0
0.32580013753675785,0.32580013753675785,1.0,0.8651600275073515,1.0,0.7303200550147031
0.31319718025655485,0.31319718025655485,1.0,0.862639436051311,0.862639436051311,0.862639436051311
0.32580013753675785,0.32580013753675785,1.0,0.8651600275073515,0.7303200550147031,1.0
0.32580013753675785,0.32580013753675785,1.0,0.7303200550147031,1.0,0.8651600275073515
0.32580013753675785,0.32580013753675785,1.0,0.7303200550147031,0.8651600275073515,1.0
0.3490554450958806,0.3490554450958806,1.0,0.6094332670575284,1.0,1.0
0.32580013753675785,0.32580013753675785,0.8651600275073515,1.0,1.0,0.7303200550147031
0.31319718025655485,0.31319718025655485,0.862639436051311,1.0,0.862639436051311,0.862639436051311
0.32580013753675785,0.32580013753675785,0.8651600275073515,1.0,0.7303200550147031,1.0
0.31319718025655485,0.31319718025655485,0.862639436051311,0.862639436051311,1.0,0.862639436051311
0.31319718025655485,0.31319718025655485,0.862639436051311,0.862639436051311,0.862639436051311,1.0
0.32580013753675785,0.32580013753675785,0.8651600275073515,0.7303200550147031,1.0,1.0
0.32580013753675785,0.32580013753675785,0.7303200550147031,1.0,1.0,0.8651600275073515
0.32580013753675785,0.32580013753675785,0.7303200550147031,1.0,0.8651600275073515,1.0
0.32580013753675785,0.32580013753675785,0.7303200550147031,0.8651600275073515,1.0,1.0
0.3490554450958806,0.3490554450958806,0.6094332670575284,1.0,1.0,1.0
0.3798263270539577,0.25579159246474925,1.0,1.0,1.0,0.7519305308215831
0.37005921165128786,0.2440710539815455,1.0,1.0,0.8740118423302576,0.8740118423302576
0.3798263270539577,0.25579159246474925,1.0,1.0,0.7519305308215831,1.0
0.37005921165128786,0.2440710539815455,1.0,0.8740118423302576,1.0,0.8740118423302576
0.37005921165128786,0.2440710539815455,1.0,0.8740118423302576,0.8740118423302576,1.0
0.3798263270539577,0.25579159246474925,1.0,0.7519305308215831,1.0,1.0
0.37005921165128786,0.2440710539815455,0.8740118423302576,1.0,1.0,0.8740118423302576
0.37005921165128786,0.2440710539815455,0.8740118423302576,1.0,0.8740118423302576,1.0
0.37005921165128786,0.2440710539815455,0.8740118423302576,0.8740118423302576,1.0,1.0
0.3798263270539577,0.25579159246474925,0.7519305308215831,1.0,1.0,1.0
0.42264973081037416,0.1917096231345239,1.0,1.0,1.0,0.8845299461620748
0.42264973081037416,0.1917096231345239,1.0,1.0,0.8845299461620748,1.0
0.42264973081037416,0.1917096231345239,1.0,0.8845299461620748,1.0,1.0
0.42264973081037416,0.1917096231345239,0.8845299461620748,1.0,1.0,1.0
0.47000105999681996,0.15200169599491198,1.0,1.0,1.0,1.0
0.3492086265440314,1.0,1.0,1.0,1.0,0.24074339763470343
0.2977531168232166,1.0,1.0,1.0,0.8829588528038694,0.2977531168232166
0.25579159246474925,1.0,1.0,1.0,0.7519305308215831,0.3798263270539577
0.23177872040262415,1.0,1.0,1.0,0.615889360201312,0.4878524802684161
0.23177872040262415,1.0,1.0,1.0,0.4878524802684161,0.615889360201312
0.25579159246474925,1.0,1.0,1.0,0.3798263270539577,0.7519305308215831
0.2977531168232166,1.0,1.0,1.0,0.2977531168232166,0.8829588528038694
0.3492086265440314,1.0,1.0,1.0,0.24074339763470343,1.0
0.2977531168232166,1.0,1.0,0.8829588528038694,1.0,0.2977531168232166
0.2440710539815455,1.0,1.0,0.8740118423302576,0.8740118423302576,0.37005921165128786
0.20528058576097374,1.0,1.0,0.8675467642934956,0.7350935285869913,0.47018705717398246
0.1909601650441095,1.0,1.0,0.8651600275073515,0.5954800825220548,0.5954800825220548
0.20528058576097374,1.0,1.0,0.8675467642934956,0.47018705717398246,0.7350935285869913
0.2440710539815455,1.0,1.0,0.8740118423302576,0.37005921165128786,0.8740118423302576
0.2977531168232166,1.0,1.0,0.8829588528038694,0.2977531168232166,1.0
0.25579159246474925,1.0,1.0,0.7519305308215831,1.0,0.3798263270539577
0.20528058576097374,1.0,1.0,0.7350935285869913,0.8675467642934956,0.47018705717398246
0.17583661630786596,1.0,1.0,0.725278872102622,0.725278872102622,0.587918308153933
0.17583661630786596,1.0,1.0,0.725278872102622,0.587918308153933,0.725278872102622
0.20528058576097374,1.0,1.0,0.7350935285869913,0.47018705717398246,0.8675467642934956
0.25579159246474925,1.0,1.0,0.7519305308215831,0.3798263270539577,1.0
0.23177872040262415,1.0,1.0,0.615889360201312,1.0,0.4878524802684161
0.1909601650441095,1.0,1.0,0.5954800825220548,0.8651600275073515,0.5954800825220548
0.17583661630786596,1.0,1.0,0.587918308153933,0.725278872102622,0.725278872102622
0.1909601650441095,1.0,1.0,0.5954800825220548,0.5954800825220548,0.8651600275073515
0.23177872040262415,1.0,1.0,0.615889360201312,0.4878524802684161,1.0
0.23177872040262415,1.0,1.0,0.4878524802684161,1.0,0.615889360201312
0.20528058576097374,1.0,1.0,0.47018705717398246,0.8675467642934956,0.7350935285869913
0.20528058576097374,1.0,1.0,0.47018705717398246,0.7350935285869913,0.8675467642934956
0.23177872040262415,1.0,1.0,0.4878524802684161,0.615889360201312,1.0
0.25579159246474925,1.0,1.0,0.3798263270539577,1.0,0.7519305308215831
0.2440710539815455,1.0,1.0,0.37005921165128786,0.8740118423302576,0.8740118423302576
0.25579159246474925,1.0,1.0,0.3798263270539577,0.7519305308215831,1.0
0.2977531168232166,1.0,1.0,0.2977531168232166,1.0,0.8829588528038694
0.2977531168232166,1.0,1.0,0.2977531168232166,0.8829588528038694,1.0
0.3492086265440314,1.0,1.0,0.24074339763470343,1.0,1.0
0.2977531168232166,1.0,0.8829588528038694,1.0,1.0,0.2977531168232166
0.2440710539815455,1.0,0.8740118423302576,1.0,0.8740118423302576,0.37005921165128786
0.20528058576097374,1.0,0.8675467642934956,1.0,0.7350935285869913,0.47018705717398246
0.1909601650441095,1.0,0.8651600275073515,1.0,0.5954800825220548,0.5954800825220548
0.20528058576097374,1.0,0.8675467642934956,1.0,0.47018705717398246,0.7350935285869913
0.2440710539815455,1.0,0.8740118423302576,1.0,0.37005921165128786,0.8740118423302576
0.2977531168232166,1.0,0.8829588528038694,1.0,0.2977531168232166,1.0
0.2440710539815455,1.0,0.8740118423302576,0.8740118423302576,1.0,0.37005921165128786
0.1909601650441095,1.0,0.8651600275073515,0.8651600275073515,0.8651600275073515,0.4606401100294063
0.15983194958319413,1.0,0.8599719915971991,0.8599719915971991,0.7199439831943981,0.5799159747915971
0.15983194958319413,1.0,0.8599719915971991,0.8599719915971991,0.5799159747915971,0.7199439831943981
0.1909601650441095,1.0,0.8651600275073515,0.8651600275073515,0.4606401100294063,0.8651600275073515
0.2440710539815455,1.0,0.8740118423302576,0.8740118423302576,0.37005921165128786,1.0
0.20528058576097374,1.0,0.8675467642934956,0.7350935285869913,1.0,0.47018705717398246
0.15983194958319413,1.0,0.8599719915971991,0.7199439831943981,0.8599719915971991,0.5799159747915971
0.1428571428571429,1.0,0.8571428571428572,0.7142857142857143,0.7142857142857143,0.7142857142857143
0.15983194958319413,1.0,0.8599719915971991,0.7199439831943981,0.5799159747915971,0.8599719915971991
0.20528058576097374,1.0,0.8675467642934956,0.7350935285869913,0.47018705717398246,1.0
0.1909601650441095,1.0,0.8651600275073515,0.5954800825220548,1.0,0.5954800825220548
0.15983194958319413,1.0,0.8599719915971991,0.5799159747915971,0.8599719915971991,0.7199439831943981
0.15983194958319413,1.0,0.8599719915971991,0.5799159747915971,0.7199439831943981,0.8599719915971991
0.1909601650441095,1.0,0.8651600275073515,0.5954800825220548,0.5954800825220548,1.0
0.20528058576097374,1.0,0.8675467642934956,0.47018705717398246,1.0,0.7350935285869913
0.1909601650441095,1.0,0.8651600275073515,0.4606401100294063,0.8651600275073515,0.8651600275073515
0.20528058576097374,1.0,0.8675467642934956,0.47018705717398246,0.7350935285869913,1.0
0.2440710539815455,1.0,0.8740118423302576,0.37005921165128786,1.0,0.8740118423302576
0.2440710539815455,1.0,0.8740118423302576,0.37005921165128786,0.8740118423302576,1.0
0.2977531168232166,1.0,0.8829588528038694,0.2977531168232166,1.0,1.0
0.25579159246474925,1.0,0.7519305308215831,1.0,1.0,0.3798263270539577
0.20528058576097374,1.0,0.7350935285869913,1.0,0.8675467642934956,0.47018705717398246
0.17583661630786596,1.0,0.725278872102622,1.0,0.725278872102622,0.587918308153933
0.17583661630786596,1.0,0.725278872102622,1.0,0.587918308153933,0.725278872102622
0.20528058576097374,1.0,0.7350935285869913,1.0,0.47018705717398246,0.8675467642934956
0.25579159246474925,1.0,0.7519305308215831,1.0,0.3798263270539577,1.0
0.20528058576097374,1.0,0.7350935285869913,0.8675467642934956,1.0,0.47018705717398246
0.15983194958319413,1.0,0.7199439831943981,0.8599719915971991,0.8599719915971991,0.5799159747915971
0.1428571428571429,1.0,0.7142857142857143,0.8571428571428572,0.7142857142857143,0.7142857142857143
0.15983194958319413,1.0,0.7199439831943981,0.8599719915971991,0.5799159747915971,0.8599719915971991
0.20528058576097374,1.0,0.7350935285869913,0.8675467642934956,0.47018705717398246,1.0
0.17583661630786596,1.0,0.725278872102622,0.725278872102622,1.0,0.587918308153933
0.1428571428571429,1.0,0.7142857142857143,0.7142857142857143,0.8571428571428572,0.7142857142857143
0.1428571428571429,1.0,0.7142857142857143,0.7142857142857143,0.7142857142857143,0.8571428571428572
0.17583661630786596,1.0,0.725278872102622,0.725278872102622,0.587918308153933,1.0
0.17583661630786596,1.0,0.725278872102622,0.587918308153933,1.0,0.725278872102622
0.15983194958319402,1.0,0.719943983194398,0.579915974791597,0.8599719915971991,0.8599719915971991
0.17583661630786596,1.0,0.725278872102622,0.587918308153933,0.725278872102622,1.0
0.20528058576097374,1.0,0.7350935285869913,0.47018705717398246,1.0,0.8675467642934956
0.20528058576097374,1.0,0.7350935285869913,0.47018705717398246,0.8675467642934956,1.0
0.25579159246474925,1.0,0.7519305308215831,0.3798263270539577,1.0,1.0
0.23177872040262415,1.0,0.615889360201312,1.0,1.0,0.4878524802684161
0.1909601650441095,1.0,0.5954800825220548,1.0,0.8651600275073515,0.5954800825220548
0.17583661630786596,1.0,0.587918308153933,1.0,0.725278872102622,0.725278872102622
0.1909601650441095,1.0,0.5954800825220548,1.0,0.5954800825220548,0.8651600275073515
0.23177872040262415,1.0,0.615889360201312,1.0,0.4878524802684161,1.0
0.1909601650441095,1.0,0.5954800825220548,0.8651600275073515,1.0,0.5954800825220548
0.15983194958319402,1.0,0.579915974791597,0.8599719915971991,0.8599719915971991,0.719943983194398
0.15983194958319402,1.0,0.579915974791597,0.8599719915971991,0.719943983194398,0.8599719915971991
0.1909601650441095,1.0,0.5954800825220548,0.8651600275073515,0.5954800825220548,1.0
0.17583661630786596,1.0,0.587918308153933,0.725278872102622,1.0,0.725278872102622
0.15983194958319402,1.0,0.579915974791597,0.719943983194398,0.8599719915971991,0.8599719915971991
0.17583661630786596,1.0,0.587918308153933,0.725278872102622,0.725278872102622,1.0
0.1909601650441095,1.0,0.5954800825220548,0.5954800825220548,1.0,0.8651600275073515
0.1909601650441095,1.0,0.5954800825220548,0.5954800825220548,0.8651600275073515,1.0
0.23177872040262415,1.0,0.615889360201312,0.4878524802684161,1.0,1.0
0.23177872040262415,1.0,0.4878524802684161,1.0,1.0,0.615889360201312
0.20528058576097374,1.0,0.47018705717398246,1.0,0.8675467642934956,0.7350935285869913
0.20528058576097374,1.0,0.47018705717398246,1.0,0.7350935285869913,0.8675467642934956
0.23177872040262415,1.0,0.4878524802684161,1.0,0.615889360201312,1.0
0.20528058576097374,1.0,0.47018705717398246,0.8675467642934956,1.0,0.7350935285869913
0.1909601650441095,1.0,0.4606401100294063,0.8651600275073515,0.8651600275073515,0.8651600275073515
0.20528058576097374,1.0,0.47018705717398246,0.8675467642934956,0.7350935285869913,1.0
0.20528058576097374,1.0,0.47018705717398246,0.7350935285869913,1.0,0.8675467642934956
0.20528058576097374,1.0,0.47018705717398246,0.7350935285869913,0.8675467642934956,1.0
0.23177872040262415,1.0,0.4878524802684161,0.615889360201312,1.0,1.0
0.25579159246474925,1.0,0.3798263270539577,1.0,1.0,0.7519305308215831
0.2440710539815455,1.0,0.37005921165128786,1.0,0.8740118423302576,0.8740118423302576
0.25579159246474925,1.0,0.3798263270539577,1.0,0.7519305308215831,1.0
0.2440710539815455,1.0,0.37005921165128786,0.8740118423302576,1.0,0.8740118423302576
0.2440710539815455,1.0,0.37005921165128786,0.8740118423302576,0.8740118423302576,1.0
0.25579159246474925,1.0,0.3798263270539577,0.7519305308215831,1.0,1.0
0.2977531168232166,1.0,0.2977531168232166,1.0,1.0,0.8829588528038694
0.2977531168232166,1.0,0.2977531168232166,1.0,0.8829588528038694,1.0
0.2977531168232166,1.0,0.2977531168232166,0.8829588528038694,1.0,1.0
0.3492086265440314,1.0,0.24074339763470343,1.0,1.0,1.0
0.2977531168232166,0.8829588528038694,1.0,1.0,1.0,0.2977531168232166
0.2440710539815455,0.8740118423302576,1.0,1.0,0.8740118423302576,0.37005921165128786
0.20528058576097374,0.8675467642934956,1.0,1.0,0.7350935285869913,0.47018705717398246
0.1909601650441095,0.8651600275073515,1.0,1.0,0.5954800825220548,0.5954800825220548
0.20528058576097374,0.8675467642934956,1.0,1.0,0.47018705717398246,0.7350935285869913
0.2440710539815455,0.8740118423302576,1.0,1.0,0.37005921165128786,0.8740118423302576
0.2977531168232166,0.8829588528038694,1.0,1.0,0.2977531168232166,1.0
0.2440710539815455,0.8740118423302576,1.0,0.8740118423302576,1.0,0.37005921165128786
0.1909601650441095,0.8651600275073515,1.0,0.8651600275073515,0.8651600275073515,0.4606401100294063
0.15983194958319413,0.8599719915971991,1.0,0.8599719915971991,0.7199439831943981,0.5799159747915971
0.15983194958319413,0.8599719915971991,1.0,0.8599719915971991,0.5799159747915971,0.7199439831943981
0.1909601650441095,0.8651600275073515,1.0,0.8651600275073515,0.4606401100294063,0.8651600275073515
0.2440710539815455,0.8740118423302576,1.0,0.8740118423302576,0.37005921165128786,1.0
0.20528058576097374,0.8675467642934956,1.0,0.7350935285869913,1.0,0.47018705717398246
0.15983194958319413,0.8599719915971991,1.0,0.7199439831943981,0.8599719915971991,0.5799159747915971
0.1428571428571429,0.8571428571428572,1.0,0.7142857142857143,0.7142857142857143,0.7142857142857143
0.15983194958319413,0.8599719915971991,1.0,0.7199439831943981,0.5799159747915971,0.8599719915971991
0.20528058576097374,0.8675467642934956,1.0,0.7350935285869913,0.47018705717398246,1.0
0.1909601650441095,0.8651600275073515,1.0,0.5954800825220548,1.0,0.5954800825220548
0.15983194958319413,0.8599719915971991,1.0,0.5799159747915971,0.8599719915971991,0.7199439831943981
0.15983194958319413,0.8599719915971991,1.0,0.5799159747915971,0.7199439831943981,0.8599719915971991
0.1909601650441095,0.8651600275073515,1.0,0.5954800825220548,0.5954800825220548,1.0
0.20528058576097374,0.8675467642934956,1.0,0.47018705717398246,1.0,0.7350935285869913
0.1909601650441095,0.8651600275073515,1.0,0.4606401100294063,0.8651600275073515,0.8651600275073515
0.20528058576097374,0.8675467642934956,1.0,0.47018705717398246,0.7350935285869913,1.0
0.2440710539815455,0.8740118423302576,1.0,0.37005921165128786,1.0,0.8740118423302576
0.2440710539815455,0.8740118423302576,1.0,0.37005921165128786,0.8740118423302576,1.0
0.2977531168232166,0.8829588528038694,1.0,0.2977531168232166,1.0,1.0
0.2440710539815455,0.8740118423302576,0.8740118423302576,1.0,1.0,0.37005921165128786
0.1909601650441095,0.8651600275073515,0.8651600275073515,1.0,0.8651600275073515,0.4606401100294063
0.15983194958319413,0.8599719915971991,0.8599719915971991,1.0,0.7199439831943981,0.5799159747915971
0.15983194958319413,0.8599719915971991,0.8599719915971991,1.0,0.5799159747915971,0.7199439831943981
0.1909601650441095,0.8651600275073515,0.8651600275073515,1.0,0.4606401100294063,0.8651600275073515
0.2440710539815455,0.8740118423302576,0.8740118423302576,1.0,0.37005921165128786,1.0
0.1909601650441095,0.8651600275073515,0.8651600275073515,0.8651600275073515,1.0,0.4606401100294063
0.1428571428571429,0.8571428571428572,0.8571428571428572,0.8571428571428572,0.8571428571428572,0.5714285714285714
0.12481005101263265,0.8541350085021054,0.8541350085021054,0.8541350085021054,0.7082700170042109,0.7082700170042109
0.1428571428571429,0.8571428571428572,0.8571428571428572,0.8571428571428572,0.5714285714285714,0.8571428571428572
0.1909601650441095,0.8651600275073515,0.8651600275073515,0.8651600275073515,0.4606401100294063,1.0
0.15983194958319413,0.8599719915971991,0.8599719915971991,0.7199439831943981,1.0,0.5799159747915971
0.12481005101263265,0.8541350085021054,0.8541350085021054,0.7082700170042109,0.8541350085021054,0.7082700170042109
0.12481005101263265,0.8541350085021054,0.8541350085021054,0.7082700170042109,0.7082700170042109,0.8541350085021054
0.15983194958319413,0.8599719915971991,0.8599719915971991,0.7199439831943981,0.5799159747915971,1.0
0.15983194958319413,0.8599719915971991,0.8599719915971991,0.5799159747915971,1.0,0.7199439831943981
0.1428571428571428,0.8571428571428571,0.8571428571428571,0.5714285714285714,0.8571428571428571,0.8571428571428571
0.15983194958319413,0.8599719915971991,0.8599719915971991,0.5799159747915971,0.7199439831943981,1.0
0.1909601650441095,0.8651600275073515,0.8651600275073515,0.4606401100294063,1.0,0.8651600275073515
0.1909601650441095,0.8651600275073515,0.8651600275073515,0.4606401100294063,0.8651600275073515,1.0
0.2440710539815455,0.8740118423302576,0.8740118423302576,0.37005921165128786,1.0,1.0
0.20528058576097374,0.8675467642934956,0.7350935285869913,1.0,1.0,0.47018705717398246
0.15983194958319413,0.8599719915971991,0.7199439831943981,1.0,0.8599719915971991,0.5799159747915971
0.1428571428571429,0.8571428571428572,0.7142857142857143,1.0,0.7142857142857143,0.7142857142857143
0.15983194958319413,0.8599719915971991,0.7199439831943981,1.0,0.5799159747915971,0.8599719915971991
0.20528058576097374,0.8675467642934956,0.7350935285869913,1.0,0.47018705717398246,1.0
0.15983194958319413,0.8599719915971991,0.7199439831943981,0.8599719915971991,1.0,0.5799159747915971
0.12481005101263265,0.8541350085021054,0.7082700170042109,0.8541350085021054,0.8541350085021054,0.7082700170042109
0.12481005101263265,0.8541350085021054,0.7082700170042109,0.8541350085021054,0.7082700170042109,0.8541350085021054
0.15983194958319413,0.8599719915971991,0.7199439831943981,0.8599719915971991,0.5799159747915971,1.0
0.1428571428571429,0.8571428571428572,0.7142857142857143,0.7142857142857143,1.0,0.7142857142857143
0.12481005101263265,0.8541350085021054,0.7082700170042109,0.7082700170042109,0.8541350085021054,0.8541350085021054
0.1428571428571429,0.8571428571428572,0.7142857142857143,0.7142857142857143,0.7142857142857143,1.0
0.15983194958319413,0.8599719915971991,0.7199439831943981,0.5799159747915971,1.0,0.8599719915971991
0.15983194958319413,0.8599719915971991,0.7199439831943981,0.5799159747915971,0.8599719915971991,1.0
0.20528058576097374,0.8675467642934956,0.7350935285869913,0.47018705717398246,1.0,1.0
0.1909601650441095,0.8651600275073515,0.5954800825220548,1.0,1.0,0.5954800825220548
0.15983194958319413,0.8599719915971991,0.5799159747915971,1.0,0.8599719915971991,0.7199439831943981
0.15983194958319413,0.8599719915971991,0.5799159747915971,1.0,0.7199439831943981,0.8599719915971991
0.1909601650441095,0.8651600275073515,0.5954800825220548,1.0,0.5954800825220548,1.0
0.15983194958319413,0.8599719915971991,0.5799159747915971,0.8599719915971991,1.0,0.7199439831943981
0.1428571428571428,0.8571428571428571,0.5714285714285714,0.8571428571428571,0.8571428571428571,0.8571428571428571
0.15983194958319413,0.8599719915971991,0.5799159747915971,0.8599719915971991,0.7199439831943981,1.0
0.15983194958319413,0.8599719915971991,0.5799159747915971,0.7199439831943981,1.0,0.8599719915971991
0.15983194958319413,0.8599719915971991,0.5799159747915971,0.7199439831943981,0.8599719915971991,1.0
0.1909601650441095,0.8651600275073515,0.5954800825220548,0.5954800825220548,1.0,1.0
0.20528058576097374,0.8675467642934956,0.47018705717398246,1.0,1.0,0.7350935285869913
0.1909601650441095,0.8651600275073515,0.4606401100294063,1.0,0.8651600275073515,0.8651600275073515
0.20528058576097374,0.8675467642934956,0.47018705717398246,1.0,0.7350935285869913,1.0
0.1909601650441095,0.8651600275073515,0.4606401100294063,0.8651600275073515,1.0,0.8651600275073515
0.1909601650441095,0.8651600275073515,0.4606401100294063,0.8651600275073515,0.8651600275073515,1.0
0.20528058576097374,0.8675467642934956,0.47018705717398246,0.7350935285869913,1.0,1.0
0.2440710539815455,0.8740118423302576,0.37005921165128786,1.0,1.0,0.8740118423302576
0.2440710539815455,0.8740118423302576,0.37005921165128786,1.0,0.8740118423302576,1.0
0.2440710539815455,0.8740118423302576,0.37005921165128786,0.8740118423302576,1.0,1.0
0.2977531168232166,0.8829588528038694,0.2977531168232166,1.0,1.0,1.0
0.25579159246474925,0.7519305308215831,1.0,1.0,1.0,0.3798263270539577
0.20528058576097374,0.7350935285869913,1.0,1.0,0.8675467642934956,0.47018705717398246
0.17583661630786596,0.725278872102622,1.0,1.0,0.725278872102622,0.587918308153933
0.17583661630786596,0.725278872102622,1.0,1.0,0.587918308153933,0.725278872102622
0.20528058576097374,0.7350935285869913,1.0,1.0,0.47018705717398246,0.8675467642934956
0.25579159246474925,0.7519305308215831,1.0,1.0,0.3798263270539577,1.0
0.20528058576097374,0.7350935285869913,1.0,0.8675467642934956,1.0,0.47018705717398246
0.15983194958319413,0.7199439831943981,1.0,0.8599719915971991,0.8599719915971991,0.5799159747915971
0.1428571428571429,0.7142857142857143,1.0,0.8571428571428572,0.7142857142857143,0.7142857142857143
0.15983194958319413,0.7199439831943981,1.0,0.8599719915971991,0.5799159747915971,0.8599719915971991
0.20528058576097374,0.7350935285869913,1.0,0.8675467642934956,0.47018705717398246,1.0
0.17583661630786596,0.725278872102622,1.0,0.725278872102622,1.0,0.587918308153933
0.1428571428571429,0.7142857142857143,1.0,0.7142857142857143,0.8571428571428572,0.7142857142857143
0.1428571428571429,0.7142857142857143,1.0,0.7142857142857143,0.7142857142857143,0.8571428571428572
0.17583661630786596,0.725278872102622,1.0,0.725278872102622,0.587918308153933,1.0
0.17583661630786596,0.725278872102622,1.0,0.587918308153933,1.0,0.725278872102622
0.15983194958319402,0.719943983194398,1.0,0.579915974791597,0.8599719915971991,0.8599719915971991
0.17583661630786596,0.725278872102622,1.0,0.587918308153933,0.725278872102622,1.0
0.20528058576097374,0.7350935285869913,1.0,0.47018705717398246,1.0,0.8675467642934956
0.20528058576097374,0.7350935285869913,1.0,0.47018705717398246,0.8675467642934956,1.0
0.25579159246474925,0.7519305308215831,1.0,0.3798263270539577,1.0,1.0
0.20528058576097374,0.7350935285869913,0.8675467642934956,1.0,1.0,0.47018705717398246
0.15983194958319413,0.7199439831943981,0.8599719915971991,1.0,0.8599719915971991,0.5799159747915971
0.1428571428571429,0.7142857142857143,0.8571428571428572,1.0,0.7142857142857143,0.7142857142857143
0.15983194958319413,0.7199439831943981,0.8599719915971991,1.0,0.5799159747915971,0.8599719915971991
0.20528058576097374,0.7350935285869913,0.8675467642934956,1.0,0.47018705717398246,1.0
0.15983194958319413,0.7199439831943981,0.8599719915971991,0.8599719915971991,1.0,0.5799159747915971
0.12481005101263265,0.7082700170042109,0.8541350085021054,0.8541350085021054,0.8541350085021054,0.7082700170042109
0.12481005101263265,0.7082700170042109,0.8541350085021054,0.8541350085021054,0.7082700170042109,0.8541350085021054
0.15983194958319413,0.7199439831943981,0.8599719915971991,0.8599719915971991,0.5799159747915971,1.0
0.1428571428571429,0.7142857142857143,0.8571428571428572,0.7142857142857143,1.0,0.7142857142857143
0.12481005101263265,0.7082700170042109,0.8541350085021054,0.7082700170042109,0.8541350085021054,0.8541350085021054
0.1428571428571429,0.7142857142857143,0.8571428571428572,0.7142857142857143,0.7142857142857143,1.0
0.15983194958319413,0.7199439831943981,0.8599719915971991,0.5799159747915971,1.0,0.8599719915971991
0.15983194958319413,0.7199439831943981,0.8599719915971991,0.5799159747915971,0.8599719915971991,1.0
0.20528058576097374,0.7350935285869913,0.8675467642934956,0.47018705717398246,1.0,1.0
0.17583661630786596,0.725278872102622,0.725278872102622,1.0,1.0,0.587918308153933
0.1428571428571429,0.7142857142857143,0.7142857142857143,1.0,0.8571428571428572,0.7142857142857143
0.1428571428571429,0.7142857142857143,0.7142857142857143,1.0,0.7142857142857143,0.8571428571428572
0.17583661630786596,0.725278872102622,0.725278872102622,1.0,0.587918308153933,1.0
0.1428571428571429,0.7142857142857143,0.7142857142857143,0.8571428571428572,1.0,0.7142857142857143
0.12481005101263265,0.7082700170042109,0.7082700170042109,0.8541350085021054,0.8541350085021054,0.8541350085021054
0.1428571428571429,0.7142857142857143,0.7142857142857143,0.8571428571428572,0.7142857142857143,1.0
0.1428571428571429,0.7142857142857143,0.7142857142857143,0.7142857142857143,1.0,0.8571428571428572
0.1428571428571429,0.7142857142857143,0.7142857142857143,0.7142857142857143,0.8571428571428572,1.0
0.17583661630786596,0.725278872102622,0.725278872102622,0.587918308153933,1.0,1.0
0.17583661630786596,0.725278872102622,0.587918308153933,1.0,1.0,0.725278872102622
0.15983194958319402,0.719943983194398,0.579915974791597,1.0,0.8599719915971991,0.8599719915971991
0.17583661630786596,0.725278872102622,0.587918308153933,1.0,0.725278872102622,1.0
0.15983194958319402,0.719943983194398,0.579915974791597,0.8599719915971991,1.0,0.8599719915971991
0.15983194958319402,0.719943983194398,0.579915974791597,0.8599719915971991,0.8599719915971991,1.0
0.17583661630786596,0.725278872102622,0.587918308153933,0.725278872102622,1.0,1.0
0.20528058576097374,0.7350935285869913,0.47018705717398246,1.0,1.0,0.8675467642934956
0.20528058576097374,0.7350935285869913,0.47018705717398246,1.0,0.8675467642934956,1.0
0.20528058576097374,0.7350935285869913,0.47018705717398246,0.8675467642934956,1.0,1.0
0.25579159246474925,0.7519305308215831,0.3798263270539577,1.0,1.0,1.0
0.23177872040262415,0.615889360201312,1.0,1.0,1.0,0.4878524802684161
0.1909601650441095,0.5954800825220548,1.0,1.0,0.8651600275073515,0.5954800825220548
0.17583661630786596,0.587918308153933,1.0,1.0,0.725278872102622,0.725278872102622
0.1909601650441095,0.5954800825220548,1.0,1.0,0.5954800825220548,0.8651600275073515
0.23177872040262415,0.615889360201312,1.0,1.0,0.4878524802684161,1.0
0.1909601650441095,0.5954800825220548,1.0,0.8651600275073515,1.0,0.5954800825220548
0.15983194958319402,0.579915974791597,1.0,0.8599719915971991,0.8599719915971991,0.719943983194398
0.15983194958319402,0.579915974791597,1.0,0.8599719915971991,0.719943983194398,0.8599719915971991
0.1909601650441095,0.5954800825220548,1.0,0.8651600275073515,0.5954800825220548,1.0
0.17583661630786596,0.587918308153933,1.0,0.725278872102622,1.0,0.725278872102622
0.15983194958319402,0.579915974791597,1.0,0.719943983194398,0.8599719915971991,0.8599719915971991
0.17583661630786596,0.587918308153933,1.0,0.725278872102622,0.725278872102622,1.0
0.1909601650441095,0.5954800825220548,1.0,0.5954800825220548,1.0,0.8651600275073515
0.1909601650441095,0.5954800825220548,1.0,0.5954800825220548,0.8651600275073515,1.0
0.23177872040262415,0.615889360201312,1.0,0.4878524802684161,1.0,1.0
0.1909601650441095,0.5954800825220548,0.8651600275073515,1.0,1.0,0.5954800825220548
0.15983194958319402,0.579915974791597,0.8599719915971991,1.0,0.8599719915971991,0.719943983194398
0.15983194958319402,0.579915974791597,0.8599719915971991,1.0,0.719943983194398,0.8599719915971991
0.1909601650441095,0.5954800825220548,0.8651600275073515,1.0,0.5954800825220548,1.0
0.15983194958319402,0.579915974791597,0.8599719915971991,0.8599719915971991,1.0,0.719943983194398
0.1428571428571428,0.5714285714285714,0.8571428571428571,0.8571428571428571,0.8571428571428571,0.8571428571428571
0.15983194958319402,0.579915974791597,0.8599719915971991,0.8599719915971991,0.719943983194398,1.0
0.15983194958319402,0.579915974791597,0.8599719915971991,0.719943983194398,1.0,0.8599719915971991
0.15983194958319402,0.579915974791597,0.8599719915971991,0.719943983194398,0.8599719915971991,1.0
0.1909601650441095,0.5954800825220548,0.8651600275073515,0.5954800825220548,1.0,1.0
0.17583661630786596,0.587918308153933,0.725278872102622,1.0,1.0,0.725278872102622
0.15983194958319402,0.579915974791597,0.719943983194398,1.0,0.8599719915971991,0.8599719915971991
0.17583661630786596,0.587918308153933,0.725278872102622,1.0,0.725278872102622,1.0
0.15983194958319402,0.579915974791597,0.719943983194398,0.8599719915971991,1.0,0.8599719915971991
0.15983194958319402,0.579915974791597,0.719943983194398,0.8599719915971991,0.8599719915971991,1.0
0.17583661630786596,0.587918308153933,0.725278872102622,0.725278872102622,1.0,1.0
0.1909601650441095,0.5954800825220548,0.5954800825220548,1.0,1.0,0.8651600275073515
0.1909601650441095,0.5954800825220548,0.5954800825220548,1.0,0.8651600275073515,1.0
0.1909601650441095,0.5954800825220548,0.5954800825220548,0.8651600275073515,1.0,1.0
0.23177872040262415,0.615889360201312,0.4878524802684161,1.0,1.0,1.0
0.23177872040262415,0.4878524802684161,1.0,1.0,1.0,0.615889360201312
0.20528058576097374,0.47018705717398246,1.0,1.0,0.8675467642934956,0.7350935285869913
0.20528058576097374,0.47018705717398246,1.0,1.0,0.7350935285869913,0.8675467642934956
0.23177872040262415,0.4878524802684161,1.0,1.0,0.615889360201312,1.0
0.20528058576097374,0.47018705717398246,1.0,0.8675467642934956,1.0,0.7350935285869913
0.1909601650441095,0.4606401100294063,1.0,0.8651600275073515,0.8651600275073515,0.8651600275073515
0.20528058576097374,0.47018705717398246,1.0,0.8675467642934956,0.7350935285869913,1.0
0.20528058576097374,0.47018705717398246,1.0,0.7350935285869913,1.0,0.8675467642934956
0.20528058576097374,0.47018705717398246,1.0,0.7350935285869913,0.8675467642934956,1.0
0.23177872040262415,0.4878524802684161,1.0,0.615889360201312,1.0,1.0
0.20528058576097374,0.47018705717398246,0.8675467642934956,1.0,1.0,0.7350935285869913
0.1909601650441095,0.4606401100294063,0.8651600275073515,1.0,0.8651600275073515,0.8651600275073515
0.20528058576097374,0.47018705717398246,0.8675467642934956,1.0,0.7350935285869913,1.0
0.1909601650441095,0.4606401100294063,0.8651600275073515,0.8651600275073515,1.0,0.8651600275073515
0.1909601650441095,0.4606401100294063,0.8651600275073515,0.8651600275073515,0.8651600275073515,1.0
0.20528058576097374,0.47018705717398246,0.8675467642934956,0.7350935285869913,1.0,1.0
0.20528058576097374,0.47018705717398246,0.7350935285869913,1.0,1.0,0.8675467642934956
0.20528058576097374,0.47018705717398246,0.7350935285869913,1.0,0.8675467642934956,1.0
0.20528058576097374,0.47018705717398246,0.7350935285869913,0.8675467642934956,1.0,1.0
0.23177872040262415,0.4878524802684161,0.615889360201312,1.0,1.0,1.0
0.25579159246474925,0.3798263270539577,1.0,1.0,1.0,0.7519305308215831
0.2440710539815455,0.37005921165128786,1.0,1.0,0.8740118423302576,0.8740118423302576
0.25579159246474925,0.3798263270539577,1.0,1.0,0.7519305308215831,1.0
0.2440710539815455,0.37005921165128786,1.0,0.8740118423302576,1.0,0.8740118423302576
0.2440710539815455,0.37005921165128786,1.0,0.8740118423302576,0.8740118423302576,1.0
0.25579159246474925,0.3798263270539577,1.0,0.7519305308215831,1.0,1.0
0.2440710539815455,0.37005921165128786,0.8740118423302576,1.0,1.0,0.8740118423302576
0.2440710539815455,0.37005921165128786,0.8740118423302576,1.0,0.8740118423302576,1.0
0.2440710539815455,0.37005921165128786,0.8740118423302576,0.8740118423302576,1.0,1.0
0.25579159246474925,0.3798263270539577,0.7519305308215831,1.0,1.0,1.0
0.2977531168232166,0.2977531168232166,1.0,1.0,1.0,0.8829588528038694
0.2977531168232166,0.2977531168232166,1.0,1.0,0.8829588528038694,1.0
0.2977531168232166,0.2977531168232166,1.0,0.8829588528038694,1.0,1.0
0.2977531168232166,0.2977531168232166,0.8829588528038694,1.0,1.0,1.0
0.3492086265440314,0.24074339763470343,1.0,1.0,1.0,1.0
0.24074339763470343,1.0,1.0,1.0,1.0,0.3492086265440314
0.1917096231345239,1.0,1.0,1.0,0.8845299461620748,0.42264973081037416
0.15729902839961563,1.0,1.0,1.0,0.7592282938284616,0.5184565876569232
0.14481388950586338,1.0,1.0,1.0,0.6334916669310843,0.6334916669310843
0.15729902839961563,1.0,1.0,1.0,0.5184565876569232,0.7592282938284616
0.1917096231345239,1.0,1.0,1.0,0.42264973081037416,0.8845299461620748
0.24074339763470343,1.0,1.0,1.0,0.3492086265440314,1.0
0.1917096231345239,1.0,1.0,0.8845299461620748,1.0,0.42264973081037416
0.14481388950586338,1.0,1.0,0.8778305556436947,0.8778305556436947,0.5113222225747791
0.11808289631180313,1.0,1.0,0.8740118423302576,0.7480236846605152,0.6220355269907727
0.11808289631180313,1.0,1.0,0.8740118423302576,0.6220355269907727,0.7480236846605152
0.14481388950586338,1.0,1.0,0.8778305556436947,0.5113222225747791,0.8778305556436947
0.1917096231345239,1.0,1.0,0.8845299461620748,0.42264973081037416,1.0
0.15729902839961563,1.0,1.0,0.7592282938284616,1.0,0.5184565876569232
0.11808289631180313,1.0,1.0,0.7480236846605152,0.8740118423302576,0.6220355269907727
0.10374184046972834,1.0,1.0,0.743926240134208,0.743926240134208,0.743926240134208
0.11808289631180313,1.0,1.0,0.7480236846605152,0.6220355269907727,0.8740118423302576
0.15729902839961563,1.0,1.0,0.7592282938284616,0.5184565876569232,1.0
0.14481388950586338,1.0,1.0,0.6334916669310843,1.0,0.6334916669310843
0.11808289631180313,1.0,1.0,0.6220355269907727,0.8740118423302576,0.7480236846605152
0.11808289631180313,1.0,1.0,0.6220355269907727,0.7480236846605152,0.8740118423302576
0.14481388950586338,1.0,1.0,0.6334916669310843,0.6334916669310843,1.0
0.15729902839961563,1.0,1.0,0.5184565876569232,1.0,0.7592282938284616
0.14481388950586338,1.0,1.0,0.5113222225747791,0.8778305556436947,0.8778305556436947
0.15729902839961563,1.0,1.0,0.5184565876569232,0.7592282938284616,1.0
0.1917096231345239,1.0,1.0,0.42264973081037416,1.0,0.8845299461620748
0.1917096231345239,1.0,1.0,0.42264973081037416,0.8845299461620748,1.0
0.24074339763470343,1.0,1.0,0.3492086265440314,1.0,1.0
0.1917096231345239,1.0,0.8845299461620748,1.0,1.0,0.42264973081037416
0.14481388950586338,1.0,0.8778305556436947,1.0,0.8778305556436947,0.5113222225747791
0.11808289631180313,1.0,0.8740118423302576,1.0,0.7480236846605152,0.6220355269907727
0.11808289631180313,1.0,0.8740118423302576,1.0,0.6220355269907727,0.7480236846605152
0.14481388950586338,1.0,0.8778305556436947,1.0,0.5113222225747791,0.8778305556436947
0.1917096231345239,1.0,0.8845299461620748,1.0,0.42264973081037416,1.0
0.14481388950586338,1.0,0.8778305556436947,0.8778305556436947,1.0,0.5113222225747791
0.10374184046972812,1.0,0.871963120067104,0.871963120067104,0.871963120067104,0.615889360201312
0.08867762313423289,1.0,0.8698110890191761,0.8698110890191761,0.7396221780383523,0.7396221780383523
0.10374184046972812,1.0,0.871963120067104,0.871963120067104,0.615889360201312,0.871963120067104
0.14481388950586338,1.0,0.8778305556436947,0.8778305556436947,0.5113222225747791,1.0
0.11808289631180313,1.0,0.8740118423302576,0.7480236846605152,1.0,0.6220355269907727
0.08867762313423289,1.0,0.8698110890191761,0.7396221780383523,0.8698110890191761,0.7396221780383523
0.08867762313423289,1.0,0.8698110890191761,0.7396221780383523,0.7396221780383523,0.8698110890191761
0.11808289631180313,1.0,0.8740118423302576,0.7480236846605152,0.6220355269907727,1.0
0.11808289631180313,1.0,0.8740118423302576,0.6220355269907727,1.0,0.7480236846605152
0.10374184046972812,1.0,0.871963120067104,0.615889360201312,0.871963120067104,0.871963120067104
0.11808289631180313,1.0,0.8740118423302576,0.6220355269907727,0.7480236846605152,1.0
0.14481388950586338,1.0,0.8778305556436947,0.5113222225747791,1.0,0.8778305556436947
0.14481388950586338,1.0,0.8778305556436947,0.5113222225747791,0.8778305556436947,1.0
0.1917096231345239,1.0,0.8845299461620748,0.42264973081037416,1.0,1.0
0.15729902839961563,1.0,0.7592282938284616,1.0,1.0,0.5184565876569232
0.11808289631180313,1.0,0.7480236846605152,1.0,0.8740118423302576,0.6220355269907727
0.10374184046972834,1.0,0.743926240134208,1.0,0.743926240134208,0.743926240134208
0.11808289631180313,1.0,0.7480236846605152,1.0,0.6220355269907727,0.8740118423302576
0.15729902839961563,1.0,0.7592282938284616,1.0,0.5184565876569232,1.0
0.11808289631180313,1.0,0.7480236846605152,0.8740118423302576,1.0,0.6220355269907727
0.08867762313423289,1.0,0.7396221780383523,0.8698110890191761,0.8698110890191761,0.7396221780383523
0.08867762313423289,1.0,0.7396221780383523,0.8698110890191761,0.7396221780383523,0.8698110890191761
0.11808289631180313,1.0,0.7480236846605152,0.8740118423302576,0.6220355269907727,1.0
0.10374184046972834,1.0,0.743926240134208,0.743926240134208,1.0,0.743926240134208
0.08867762313423289,1.0,0.7396221780383523,0.7396221780383523,0.8698110890191761,0.8698110890191761
0.10374184046972834,1.0,0.743926240134208,0.743926240134208,0.743926240134208,1.0
0.11808289631180313,1.0,0.7480236846605152,0.6220355269907727,1.0,0.8740118423302576
0.11808289631180313,1.0,0.7480236846605152,0.6220355269907727,0.8740118423302576,1.0
0.15729902839961563,1.0,0.7592282938284616,0.5184565876569232,1.0,1.0
0.14481388950586338,1.0,0.6334916669310843,1.0,1.0,0.6334916669310843
0.11808289631180313,1.0,0.6220355269907727,1.0,0.8740118423302576,0.7480236846605152
0.11808289631180313,1.0,0.6220355269907727,1.0,0.7480236846605152,0.8740118423302576
0.14481388950586338,1.0,0.6334916669310843,1.0,0.6334916669310843,1.0
0.11808289631180313,1.0,0.6220355269907727,0.8740118423302576,1.0,0.7480236846605152
0.10374184046972812,1.0,0.615889360201312,0.871963120067104,0.871963120067104,0.871963120067104
0.11808289631180313,1.0,0.6220355269907727,0.8740118423302576,0.7480236846605152,1.0
0.11808289631180313,1.0,0.6220355269907727,0.7480236846605152,1.0,0.8740118423302576
0.11808289631180313,1.0,0.6220355269907727,0.7480236846605152,0.8740118423302576,1.0
0.14481388950586338,1.0,0.6334916669310843,0.6334916669310843,1.0,1.0
0.15729902839961563,1.0,0.5184565876569232,1.0,1.0,0.7592282938284616
0.14481388950586338,1.0,0.5113222225747791,1.0,0.8778305556436947,0.8778305556436947
0.15729902839961563,1.0,0.5184565876569232,1.0,0.7592282938284616,1.0
0.14481388950586338,1.0,0.5113222225747791,0.8778305556436947,1.0,0.8778305556436947
0.14481388950586338,1.0,0.5113222225747791,0.8778305556436947,0.8778305556436947,1.0
0.15729902839961563,1.0,0.5184565876569232,0.7592282938284616,1.0,1.0
0.1917096231345239,1.0,0.42264973081037416,1.0,1.0,0.8845299461620748
0.1917096231345239,1.0,0.42264973081037416,1.0,0.8845299461620748,1.0
0.1917096231345239,1.0,0.42264973081037416,0.8845299461620748,1.0,1.0
0.24074339763470343,1.0,0.3492086265440314,1.0,1.0,1.0
0.1917096231345239,0.8845299461620748,1.0,1.0,1.0,0.42264973081037416
0.14481388950586338,0.8778305556436947,1.0,1.0,0.8778305556436947,0.5113222225747791
0.11808289631180313,0.8740118423302576,1.0,1.0,0.7480236846605152,0.6220355269907727
0.11808289631180313,0.8740118423302576,1.0,1.0,0.6220355269907727,0.7480236846605152
0.14481388950586338,0.8778305556436947,1.0,1.0,0.5113222225747791,0.8778305556436947
0.1917096231345239,0.8845299461620748,1.0,1.0,0.42264973081037416,1.0
0.14481388950586338,0.8778305556436947,1.0,0.8778305556436947,1.0,0.5113222225747791
0.10374184046972812,0.871963120067104,1.0,0.871963120067104,0.871963120067104,0.615889360201312
0.08867762313423289,0.8698110890191761,1.0,0.8698110890191761,0.7396221780383523,0.7396221780383523
0.10374184046972812,0.871963120067104,1.0,0.871963120067104,0.615889360201312,0.871963120067104
0.14481388950586338,0.8778305556436947,1.0,0.8778305556436947,0.5113222225747791,1.0
0.11808289631180313,0.8740118423302576,1.0,0.7480236846605152,1.0,0.6220355269907727
0.08867762313423289,0.8698110890191761,1.0,0.7396221780383523,0.8698110890191761,0.7396221780383523
0.08867762313423289,0.8698110890191761,1.0,0.7396221780383523,0.7396221780383523,0.8698110890191761
0.11808289631180313,0.8740118423302576,1.0,0.7480236846605152,0.6220355269907727,1.0
0.11808289631180313,0.8740118423302576,1.0,0.6220355269907727,1.0,0.7480236846605152
0.10374184046972812,0.871963120067104,1.0,0.615889360201312,0.871963120067104,0.871963120067104
0.11808289631180313,0.8740118423302576,1.0,0.6220355269907727,0.7480236846605152,1.0
0.14481388950586338,0.8778305556436947,1.0,0.5113222225747791,1.0,0.8778305556436947
0.14481388950586338,0.8778305556436947,1.0,0.5113222225747791,0.8778305556436947,1.0
0.1917096231345239,0.8845299461620748,1.0,0.42264973081037416,1.0,1.0
0.14481388950586338,0.8778305556436947,0.8778305556436947,1.0,1.0,0.5113222225747791
0.10374184046972812,0.871963120067104,0.871963120067104,1.0,0.871963120067104,0.615889360201312
0.08867762313423289,0.8698110890191761,0.8698110890191761,1.0,0.7396221780383523,0.7396221780383523
0.10374184046972812,0.871963120067104,0.871963120067104,1.0,0.615889360201312,0.871963120067104
0.14481388950586338,0.8778305556436947,0.8778305556436947,1.0,0.5113222225747791,1.0
0.10374184046972812,0.871963120067104,0.871963120067104,0.871963120067104,1.0,0.615889360201312
0.07282735005446928,0.8675467642934955,0.8675467642934955,0.8675467642934955,0.8675467642934955,0.7350935285869912
0.07282735005446928,0.8675467642934955,0.8675467642934955,0.8675467642934955,0.7350935285869912,0.8675467642934955
0.10374184046972812,0.871963120067104,0.871963120067104,0.871963120067104,0.615889360201312,1.0
0.08867762313423289,0.8698110890191761,0.8698110890191761,0.7396221780383523,1.0,0.7396221780383523
0.07282735005446928,0.8675467642934955,0.8675467642934955,0.7350935285869912,0.8675467642934955,0.8675467642934955
0.08867762313423289,0.8698110890191761,0.8698110890191761,0.7396221780383523,0.7396221780383523,1.0
0.10374184046972812,0.871963120067104,0.871963120067104,0.615889360201312,1.0,0.871963120067104
0.10374184046972812,0.871963120067104,0.871963120067104,0.615889360201312,0.871963120067104,1.0
0.14481388950586338,0.8778305556436947,0.8778305556436947,0.5113222225747791,1.0,1.0
0.11808289631180313,0.8740118423302576,0.7480236846605152,1.0,1.0,0.6220355269907727
0.08867762313423289,0.8698110890191761,0.7396221780383523,1.0,0.8698110890191761,0.7396221780383523
0.08867762313423289,0.8698110890191761,0.7396221780383523,1.0,0.7396221780383523,0.8698110890191761
0.11808289631180313,0.8740118423302576,0.7480236846605152,1.0,0.6220355269907727,1.0
0.08867762313423289,0.8698110890191761,0.7396221780383523,0.8698110890191761,1.0,0.7396221780383523
0.07282735005446928,0.8675467642934955,0.7350935285869912,0.8675467642934955,0.8675467642934955,0.8675467642934955
0.08867762313423289,0.8698110890191761,0.7396221780383523,0.8698110890191761,0.7396221780383523,1.0
0.08867762313423289,0.8698110890191761,0.7396221780383523,0.7396221780383523,1.0,0.8698110890191761
0.08867762313423289,0.8698110890191761,0.7396221780383523,0.7396221780383523,0.8698110890191761,1.0
0.11808289631180313,0.8740118423302576,0.7480236846605152,0.6220355269907727,1.0,1.0
0.11808289631180313,0.8740118423302576,0.6220355269907727,1.0,1.0,0.7480236846605152
0.10374184046972812,0.871963120067104,0.615889360201312,1.0,0.871963120067104,0.871963120067104
0.11808289631180313,0.8740118423302576,0.6220355269907727,1.0,0.7480236846605152,1.0
0.10374184046972812,0.871963120067104,0.615889360201312,0.871963120067104,1.0,0.871963120067104
0.10374184046972812,0.871963120067104,0.615889360201312,0.871963120067104,0.871963120067104,1.0
0.11808289631180313,0.8740118423302576,0.6220355269907727,0.7480236846605152,1.0,1.0
0.14481388950586338,0.8778305556436947,0.5113222225747791,1.0,1.0,0.8778305556436947
0.14481388950586338,0.8778305556436947,0.5113222225747791,1.0,0.8778305556436947,1.0
0.14481388950586338,0.8778305556436947,0.5113222225747791,0.8778305556436947,1.0,1.0
0.1917096231345239,0.8845299461620748,0.42264973081037416,1.0,1.0,1.0
0.15729902839961563,0.7592282938284616,1.0,1.0,1.0,0.5184565876569232
0.11808289631180313,0.7480236846605152,1.0,1.0,0.8740118423302576,0.6220355269907727
0.10374184046972834,0.743926240134208,1.0,1.0,0.743926240134208,0.743926240134208
0.11808289631180313,0.7480236846605152,1.0,1.0,0.6220355269907727,0.8740118423302576
0.15729902839961563,0.7592282938284616,1.0,1.0,0.5184565876569232,1.0
0.11808289631180313,0.7480236846605152,1.0,0.8740118423302576,1.0,0.6220355269907727
0.08867762313423289,0.7396221780383523,1.0,0.8698110890191761,0.8698110890191761,0.7396221780383523
0.08867762313423289,0.7396221780383523,1.0,0.8698110890191761,0.7396221780383523,0.8698110890191761
0.11808289631180313,0.7480236846605152,1.0,0.8740118423302576,0.6220355269907727,1.0
0.10374184046972834,0.743926240134208,1.0,0.743926240134208,1.0,0.743926240134208
0.08867762313423289,0.7396221780383523,1.0,0.7396221780383523,0.8698110890191761,0.8698110890191761
0.10374184046972834,0.743926240134208,1.0,0.743926240134208,0.743926240134208,1.0
0.11808289631180313,0.7480236846605152,1.0,0.6220355269907727,1.0,0.8740118423302576
0.11808289631180313,0.7480236846605152,1.0,0.6220355269907727,0.8740118423302576,1.0
0.15729902839961563,0.7592282938284616,1.0,0.5184565876569232,1.0,1.0
0.11808289631180313,0.7480236846605152,0.8740118423302576,1.0,1.0,0.6220355269907727
0.08867762313423289,0.7396221780383523,0.8698110890191761,1.0,0.8698110890191761,0.7396221780383523
0.08867762313423289,0.7396221780383523,0.8698110890191761,1.0,0.7396221780383523,0.8698110890191761
0.11808289631180313,0.7480236846605152,0.8740118423302576,1.0,0.6220355269907727,1.0
0.08867762313423289,0.7396221780383523,0.8698110890191761,0.8698110890191761,1.0,0.7396221780383523
0.07282735005446928,0.7350935285869912,0.8675467642934955,0.8675467642934955,0.8675467642934955,0.8675467642934955
0.08867762313423289,0.7396221780383523,0.8698110890191761,0.8698110890191761,0.7396221780383523,1.0
0.08867762313423289,0.7396221780383523,0.8698110890191761,0.7396221780383523,1.0,0.8698110890191761
0.08867762313423289,0.7396221780383523,0.8698110890191761,0.7396221780383523,0.8698110890191761,1.0
0.11808289631180313,0.7480236846605152,0.8740118423302576,0.6220355269907727,1.0,1.0
0.10374184046972834,0.743926240134208,0.743926240134208,1.0,1.0,0.743926240134208
0.08867762313423289,0.7396221780383523,0.7396221780383523,1.0,0.8698110890191761,0.8698110890191761
0.10374184046972834,0.743926240134208,0.743926240134208,1.0,0.743926240134208,1.0
0.08867762313423289,0.7396221780383523,0.7396221780383523,0.8698110890191761,1.0,0.8698110890191761
0.08867762313423289,0.7396221780383523,0.7396221780383523,0.8698110890191761,0.8698110890191761,1.0
0.10374184046972834,0.743926240134208,0.743926240134208,0.743926240134208,1.0,1.0
0.11808289631180313,0.7480236846605152,0.6220355269907727,1.0,1.0,0.8740118423302576
0.11808289631180313,0.7480236846605152,0.6220355269907727,1.0,0.8740118423302576,1.0
0.11808289631180313,0.7480236846605152,0.6220355269907727,0.8740118423302576,1.0,1.0
0.15729902839961563,0.7592282938284616,0.5184565876569232,1.0,1.0,1.0
0.14481388950586338,0.6334916669310843,1.0,1.0,1.0,0.6334916669310843
0.11808289631180313,0.6220355269907727,1.0,1.0,0.8740118423302576,0.7480236846605152
0.11808289631180313,0.6220355269907727,1.0,1.0,0.7480236846605152,0.8740118423302576
0.14481388950586338,0.6334916669310843,1.0,1.0,0.6334916669310843,1.0
0.11808289631180313,0.6220355269907727,1.0,0.8740118423302576,1.0,0.7480236846605152
0.10374184046972812,0.615889360201312,1.0,0.871963120067104,0.871963120067104,0.871963120067104
0.11808289631180313,0.6220355269907727,1.0,0.8740118423302576,0.7480236846605152,1.0
0.11808289631180313,0.6220355269907727,1.0,0.7480236846605152,1.0,0.8740118423302576
0.11808289631180313,0.6220355269907727,1.0,0.7480236846605152,0.8740118423302576,1.0
0.14481388950586338,0.6334916669310843,1.0,0.6334916669310843,1.0,1.0
0.11808289631180313,0.6220355269907727,0.8740118423302576,1.0,1.0,0.7480236846605152
0.10374184046972812,0.615889360201312,0.871963120067104,1.0,0.871963120067104,0.871963120067104
0.11808289631180313,0.6220355269907727,0.8740118423302576,1.0,0.7480236846605152,1.0
0.10374184046972812,0.615889360201312,0.871963120067104,0.871963120067104,1.0,0.871963120067104
0.10374184046972812,0.615889360201312,0.871963120067104,0.871963120067104,0.871963120067104,1.0
0.11808289631180313,0.6220355269907727,0.8740118423302576,0.7480236846605152,1.0,1.0
0.11808289631180313,0.6220355269907727,0.7480236846605152,1.0,1.0,0.8740118423302576
0.11808289631180313,0.6220355269907727,0.7480236846605152,1.0,0.8740118423302576,1.0
0.11808289631180313,0.6220355269907727,0.7480236846605152,0.8740118423302576,1.0,1.0
0.14481388950586338,0.6334916669310843,0.6334916669310843,1.0,1.0,1.0
0.15729902839961563,0.5184565876569232,1.0,1.0,1.0,0.7592282938284616
0.14481388950586338,0.5113222225747791,1.0,1.0,0.8778305556436947,0.8778305556436947
0.15729902839961563,0.5184565876569232,1.0,1.0,0.7592282938284616,1.0
0.14481388950586338,0.5113222225747791,1.0,0.8778305556436947,1.0,0.8778305556436947
0.14481388950586338,0.5113222225747791,1.0,0.8778305556436947,0.8778305556436947,1.0
0.15729902839961563,0.5184565876569232,1.0,0.7592282938284616,1.0,1.0
0.14481388950586338,0.5113222225747791,0.8778305556436947,1.0,1.0,0.8778305556436947
0.14481388950586338,0.5113222225747791,0.8778305556436947,1.0,0.8778305556436947,1.0
0.14481388950586338,0.5113222225747791,0.8778305556436947,0.8778305556436947,1.0,1.0
0.15729902839961563,0.5184565876569232,0.7592282938284616,1.0,1.0,1.0
0.1917096231345239,0.42264973081037416,1.0,1.0,1.0,0.8845299461620748
0.1917096231345239,0.42264973081037416,1.0,1.0,0.8845299461620748,1.0
0.1917096231345239,0.42264973081037416,1.0,0.8845299461620748,1.0,1.0
0.1917096231345239,0.42264973081037416,0.8845299461620748,1.0,1.0,1.0
0.24074339763470343,0.3492086265440314,1.0,1.0,1.0,1.0
0.15200169599491198,1.0,1.0,1.0,1.0,0.47000105999681996
0.11111111111111105,1.0,1.0,1.0,0.8888888888888888,0.5555555555555556
0.08831538832289643,1.0,1.0,1.0,0.772078847080724,0.6581182706210862
0.08831538832289643,1.0,1.0,1.0,0.6581182706210862,0.772078847080724
0.11111111111111116,1.0,1.0,1.0,0.5555555555555556,0.8888888888888888
0.15200169599491198,1.0,1.0,1.0,0.47000105999681996,1.0
0.11111111111111105,1.0,1.0,0.8888888888888888,1.0,0.5555555555555556
0.0762395692965987,1.0,1.0,0.8845299461620748,0.8845299461620748,0.6535898384862244
0.06367082243095556,1.0,1.0,0.8829588528038694,0.7659177056077389,0.7659177056077389
0.0762395692965987,1.0,1.0,0.8845299461620748,0.6535898384862244,0.8845299461620748
0.11111111111111105,1.0,1.0,0.8888888888888888,0.5555555555555556,1.0
0.08831538832289643,1.0,1.0,0.772078847080724,1.0,0.6581182706210862
0.06367082243095556,1.0,1.0,0.7659177056077389,0.8829588528038694,0.7659177056077389
0.06367082243095556,1.0,1.0,0.7659177056077389,0.7659177056077389,0.8829588528038694
0.08831538832289643,1.0,1.0,0.772078847080724,0.6581182706210862,1.0
0.08831538832289643,1.0,1.0,0.6581182706210862,1.0,0.772078847080724
0.0762395692965987,1.0,1.0,0.6535898384862244,0.8845299461620748,0.8845299461620748
0.08831538832289643,1.0,1.0,0.6581182706210862,0.772078847080724,1.0
0.11111111111111116,1.0,1.0,0.5555555555555556,1.0,0.8888888888888888
0.11111111111111116,1.0,1.0,0.5555555555555556,0.8888888888888888,1.0
0.15200169599491198,1.0,1.0,0.47000105999681996,1.0,1.0
0.11111111111111105,1.0,0.8888888888888888,1.0,1.0,0.5555555555555556
0.0762395692965987,1.0,0.8845299461620748,1.0,0.8845299461620748,0.6535898384862244
0.06367082243095556,1.0,0.8829588528038694,1.0,0.7659177056077389,0.7659177056077389
0.0762395692965987,1.0,0.8845299461620748,1.0,0.6535898384862244,0.8845299461620748
0.11111111111111105,1.0,0.8888888888888888,1.0,0.5555555555555556,1.0
0.0762395692965987,1.0,0.8845299461620748,0.8845299461620748,1.0,0.6535898384862244
0.05057467344491717,1.0,0.8813218341806146,0.8813218341806146,0.8813218341806146,0.7626436683612293
0.05057467344491717,1.0,0.8813218341806146,0.8813218341806146,0.7626436683612293,0.8813218341806146
0.0762395692965987,1.0,0.8845299461620748,0.8845299461620748,0.6535898384862244,1.0
0.06367082243095556,1.0,0.8829588528038694,0.7659177056077389,1.0,0.7659177056077389
0.05057467344491717,1.0,0.8813218341806146,0.7626436683612293,0.8813218341806146,0.8813218341806146
0.06367082243095556,1.0,0.8829588528038694,0.7659177056077389,0.7659177056077389,1.0
0.0762395692965987,1.0,0.8845299461620748,0.6535898384862244,1.0,0.8845299461620748
0.0762395692965987,1.0,0.8845299461620748,0.6535898384862244,0.8845299461620748,1.0
0.11111111111111105,1.0,0.8888888888888888,0.5555555555555556,1.0,1.0
0.08831538832289643,1.0,0.772078847080724,1.0,1.0,0.6581182706210862
0.06367082243095556,1.0,0.7659177056077389,1.0,0.8829588528038694,0.7659177056077389
0.06367082243095556,1.0,0.7659177056077389,1.0,0.7659177056077389,0.8829588528038694
0.08831538832289643,1.0,0.772078847080724,1.0,0.6581182706210862,1.0
0.06367082243095556,1.0,0.7659177056077389,0.8829588528038694,1.0,0.7659177056077389
0.05057467344491717,1.0,0.7626436683612293,0.8813218341806146,0.8813218341806146,0.8813218341806146
0.06367082243095556,1.0,0.7659177056077389,0.8829588528038694,0.7659177056077389,1.0
0.06367082243095556,1.0,0.7659177056077389,0.7659177056077389,1.0,0.8829588528038694
0.06367082243095556,1.0,0.7659177056077389,0.7659177056077389,0.8829588528038694,1.0
0.08831538832289643,1.0,0.772078847080724,0.6581182706210862,1.0,1.0
0.08831538832289643,1.0,0.6581182706210862,1.0,1.0,0.772078847080724
0.0762395692965987,1.0,0.6535898384862244,1.0,0.8845299461620748,0.8845299461620748
0.08831538832289643,1.0,0.6581182706210862,1.0,0.772078847080724,1.0
0.0762395692965987,1.0,0.6535898384862244,0.8845299461620748,1.0,0.8845299461620748
0.0762395692965987,1.0,0.6535898384862244,0.8845299461620748,0.8845299461620748,1.0
0.08831538832289643,1.0,0.6581182706210862,0.772078847080724,1.0,1.0
0.11111111111111116,1.0,0.5555555555555556,1.0,1.0,0.8888888888888888
0.11111111111111116,1.0,0.5555555555555556,1.0,0.8888888888888888,1.0
0.11111111111111116,1.0,0.5555555555555556,0.8888888888888888,1.0,1.0
0.15200169599491198,1.0,0.47000105999681996,1.0,1.0,1.0
0.11111111111111105,0.8888888888888888,1.0,1.0,1.0,0.5555555555555556
0.0762395692965987,0.8845299461620748,1.0,1.0,0.8845299461620748,0.6535898384862244
0.06367082243095556,0.8829588528038694,1.0,1.0,0.7659177056077389,0.7659177056077389
0.0762395692965987,0.8845299461620748,1.0,1.0,0.6535898384862244,0.8845299461620748
0.11111111111111105,0.8888888888888888,1.0,1.0,0.5555555555555556,1.0
0.0762395692965987,0.8845299461620748,1.0,0.8845299461620748,1.0,0.6535898384862244
0.05057467344491717,0.8813218341806146,1.0,0.8813218341806146,0.8813218341806146,0.7626436683612293
0.05057467344491717,0.8813218341806146,1.0,0.8813218341806146,0.7626436683612293,0.8813218341806146
0.0762395692965987,0.8845299461620748,1.0,0.8845299461620748,0.6535898384862244,1.0
0.06367082243095556,0.8829588528038694,1.0,0.7659177056077389,1.0,0.7659177056077389
0.05057467344491717,0.8813218341806146,1.0,0.7626436683612293,0.8813218341806146,0.8813218341806146
0.06367082243095556,0.8829588528038694,1.0,0.7659177056077389,0.7659177056077389,1.0
0.0762395692965987,0.8845299461620748,1.0,0.6535898384862244,1.0,0.8845299461620748
0.0762395692965987,0.8845299461620748,1.0,0.6535898384862244,0.8845299461620748,1.0
0.11111111111111105,0.8888888888888888,1.0,0.5555555555555556,1.0,1.0
0.0762395692965987,0.8845299461620748,0.8845299461620748,1.0,1.0,0.6535898384862244
0.05057467344491717,0.8813218341806146,0.8813218341806146,1.0,0.8813218341806146,0.7626436683612293
0.05057467344491717,0.8813218341806146,0.8813218341806146,1.0,0.7626436683612293,0.8813218341806146
0.0762395692965987,0.8845299461620748,0.8845299461620748,1.0,0.6535898384862244,1.0
0.05057467344491717,0.8813218341806146,0.8813218341806146,0.8813218341806146,1.0,0.7626436683612293
0.03691317531384619,0.8796141469142308,0.8796141469142308,0.8796141469142308,0.8796141469142308,0.8796141469142308
0.05057467344491717,0.8813218341806146,0.8813218341806146,0.8813218341806146,0.7626436683612293,1.0
0.05057467344491717,0.8813218341806146,0.8813218341806146,0.7626436683612293,1.0,0.8813218341806146
0.05057467344491717,0.8813218341806146,0.8813218341806146,0.7626436683612293,0.8813218341806146,1.0
0.0762395692965987,0.8845299461620748,0.8845299461620748,0.6535898384862244,1.0,1.0
0.06367082243095556,0.8829588528038694,0.7659177056077389,1.0,1.0,0.7659177056077389
0.05057467344491717,0.8813218341806146,0.7626436683612293,1.0,0.8813218341806146,0.8813218341806146
0.06367082243095556,0.8829588528038694,0.7659177056077389,1.0,0.7659177056077389,1.0
0.05057467344491717,0.8813218341806146,0.7626436683612293,0.8813218341806146,1.0,0.8813218341806146
0.05057467344491717,0.8813218341806146,0.7626436683612293,0.8813218341806146,0.8813218341806146,1.0
0.06367082243095556,0.8829588528038694,0.7659177056077389,0.7659177056077389,1.0,1.0
0.0762395692965987,0.8845299461620748,0.6535898384862244,1.0,1.0,0.8845299461620748
0.0762395692965987,0.8845299461620748,0.6535898384862244,1.0,0.8845299461620748,1.0
0.0762395692965987,0.8845299461620748,0.6535898384862244,0.8845299461620748,1.0,1.0
0.11111111111111105,0.8888888888888888,0.5555555555555556,1.0,1.0,1.0
0.08831538832289643,0.772078847080724,1.0,1.0,1.0,0.6581182706210862
0.06367082243095556,0.7659177056077389,1.0,1.0,0.8829588528038694,0.7659177056077389
0.06367082243095556,0.7659177056077389,1.0,1.0,0.7659177056077389,0.8829588528038694
0.08831538832289643,0.772078847080724,1.0,1.0,0.6581182706210862,1.0
0.06367082243095556,0.7659177056077389,1.0,0.8829588528038694,1.0,0.7659177056077389
0.05057467344491717,0.7626436683612293,1.0,0.8813218341806146,0.8813218341806146,0.8813218341806146
0.06367082243095556,0.7659177056077389,1.0,0.8829588528038694,0.7659177056077389,1.0
0.06367082243095556,0.7659177056077389,1.0,0.7659177056077389,1.0,0.8829588528038694
0.06367082243095556,0.7659177056077389,1.0,0.7659177056077389,0.8829588528038694,1.0
0.08831538832289643,0.772078847080724,1.0,0.6581182706210862,1.0,1.0
0.06367082243095556,0.7659177056077389,0.8829588528038694,1.0,1.0,0.7659177056077389
0.05057467344491717,0.7626436683612293,0.8813218341806146,1.0,0.8813218341806146,0.8813218341806146
0.06367082243095556,0.7659177056077389,0.8829588528038694,1.0,0.7659177056077389,1.0
0.05057467344491717,0.7626436683612293,0.8813218341806146,0.8813218341806146,1.0,0.8813218341806146
0.05057467344491717,0.7626436683612293,0.8813218341806146,0.8813218341806146,0.8813218341806146,1.0
0.06367082243095556,0.7659177056077389,0.8829588528038694,0.7659177056077389,1.0,1.0
0.06367082243095556,0.7659177056077389,0.7659177056077389,1.0,1.0,0.8829588528038694
0.06367082243095556,0.7659177056077389,0.7659177056077389,1.0,0.8829588528038694,1.0
0.06367082243095556,0.7659177056077389,0.7659177056077389,0.8829588528038694,1.0,1.0
0.08831538832289643,0.772078847080724,0.6581182706210862,1.0,1.0,1.0
0.08831538832289643,0.6581182706210862,1.0,1.0,1.0,0.772078847080724
0.0762395692965987,0.6535898384862244,1.0,1.0,0.8845299461620748,0.8845299461620748
0.08831538832289643,0.6581182706210862,1.0,1.0,0.772078847080724,1.0
0.0762395692965987,0.6535898384862244,1.0,0.8845299461620748,1.0,0.8845299461620748
0.0762395692965987,0.6535898384862244,1.0,0.8845299461620748,0.8845299461620748,1.0
0.08831538832289643,0.6581182706210862,1.0,0.772078847080724,1.0,1.0
0.0762395692965987,0.6535898384862244,0.8845299461620748,1.0,1.0,0.8845299461620748
0.0762395692965987,0.6535898384862244,0.8845299461620748,1.0,0.8845299461620748,1.0
0.0762395692965987,0.6535898384862244,0.8845299461620748,0.8845299461620748,1.0,1.0
0.08831538832289643,0.6581182706210862,0.772078847080724,1.0,1.0,1.0
0.11111111111111116,0.5555555555555556,1.0,1.0,1.0,0.8888888888888888
0.11111111111111116,0.5555555555555556,1.0,1.0,0.8888888888888888,1.0
0.11111111111111116,0.5555555555555556,1.0,0.8888888888888888,1.0,1.0
0.11111111111111116,0.5555555555555556,0.8888888888888888,1.0,1.0,1.0
0.15200169599491198,0.47000105999681996,1.0,1.0,1.0,1.0
0.08618845137974274,1.0,1.0,1.0,1.0,0.5938615339465523
0.056543646950273474,1.0,1.0,1.0,0.8951715163278081,0.6855145489834245
0.04600190799427606,1.0,1.0,1.0,0.7880004239987279,0.7880004239987279
0.056543646950273474,1.0,1.0,1.0,0.6855145489834245,0.8951715163278081
0.08618845137974274,1.0,1.0,1.0,0.5938615339465523,1.0
0.056543646950273474,1.0,1.0,0.8951715163278081,1.0,0.6855145489834245
0.03509871864598457,1.0,1.0,0.8927887465162205,0.8927887465162205,0.7855774930324411
0.03509871864598457,1.0,1.0,0.8927887465162205,0.7855774930324411,0.8927887465162205
0.056543646950273474,1.0,1.0,0.8951715163278081,0.6855145489834245,1.0
0.04600190799427606,1.0,1.0,0.7880004239987279,1.0,0.7880004239987279
0.03509871864598457,1.0,1.0,0.7855774930324411,0.8927887465162205,0.8927887465162205
0.04600190799427606,1.0,1.0,0.7880004239987279,0.7880004239987279,1.0
0.056543646950273474,1.0,1.0,0.6855145489834245,1.0,0.8951715163278081
0.056543646950273474,1.0,1.0,0.6855145489834245,0.8951715163278081,1.0
0.08618845137974274,1.0,1.0,0.5938615339465523,1.0,1.0
0.056543646950273474,1.0,0.8951715163278081,1.0,1.0,0.6855145489834245
0.03509871864598457,1.0,0.8927887465162205,1.0,0.8927887465162205,0.7855774930324411
0.03509871864598457,1.0,0.8927887465162205,1.0,0.7855774930324411,0.8927887465162205
0.056543646950273474,1.0,0.8951715163278081,1.0,0.6855145489834245,1.0
0.03509871864598457,1.0,0.8927887465162205,0.8927887465162205,1.0,0.7855774930324411
0.023812939816047263,1.0,0.8915347710906719,0.8915347710906719,0.8915347710906719,0.8915347710906719
0.03509871864598457,1.0,0.8927887465162205,0.8927887465162205,0.7855774930324411,1.0
0.03509871864598457,1.0,0.8927887465162205,0.7855774930324411,1.0,0.8927887465162205
0.03509871864598457,1.0,0.8927887465162205,0.7855774930324411,0.8927887465162205,1.0
0.056543646950273474,1.0,0.8951715163278081,0.6855145489834245,1.0,1.0
0.04600190799427606,1.0,0.7880004239987279,1.0,1.0,0.7880004239987279
0.03509871864598457,1.0,0.7855774930324411,1.0,0.8927887465162205,0.8927887465162205
0.04600190799427606,1.0,0.7880004239987279,1.0,0.7880004239987279,1.0
0.03509871864598457,1.0,0.7855774930324411,0.8927887465162205,1.0,0.8927887465162205
0.03509871864598457,1.0,0.7855774930324411,0.8927887465162205,0.8927887465162205,1.0
0.04600190799427606,1.0,0.7880004239987279,0.7880004239987279,1.0,1.0
0.056543646950273474,1.0,0.6855145489834245,1.0,1.0,0.8951715163278081
0.056543646950273474,1.0,0.6855145489834245,1.0,0.8951715163278081,1.0
0.056543646950273474,1.0,0.6855145489834245,0.8951715163278081,1.0,1.0
0.08618845137974274,1.0,0.5938615339465523,1.0,1.0,1.0
0.056543646950273474,0.8951715163278081,1.0,1.0,1.0,0.6855145489834245
0.03509871864598457,0.8927887465162205,1.0,1.0,0.8927887465162205,0.7855774930324411
0.03509871864598457,0.8927887465162205,1.0,1.0,0.7855774930324411,0.8927887465162205
0.056543646950273474,0.8951715163278081,1.0,1.0,0.6855145489834245,1.0
0.03509871864598457,0.8927887465162205,1.0,0.8927887465162205,1.0,0.7855774930324411
0.023812939816047263,0.8915347710906719,1.0,0.8915347710906719,0.8915347710906719,0.8915347710906719
0.03509871864598457,0.8927887465162205,1.0,0.8927887465162205,0.7855774930324411,1.0
0.03509871864598457,0.8927887465162205,1.0,0.7855774930324411,1.0,0.8927887465162205
0.03509871864598457,0.8927887465162205,1.0,0.7855774930324411,0.8927887465162205,1.0
0.056543646950273474,0.8951715163278081,1.0,0.6855145489834245,1.0,1.0
0.03509871864598457,0.8927887465162205,0.8927887465162205,1.0,1.0,0.7855774930324411
0.023812939816047263,0.8915347710906719,0.8915347710906719,1.0,0.8915347710906719,0.8915347710906719
0.03509871864598457,0.8927887465162205,0.8927887465162205,1.0,0.7855774930324411,1.0
0.023812939816047263,0.8915347710906719,0.8915347710906719,0.8915347710906719,1.0,0.8915347710906719
0.023812939816047263,0.8915347710906719,0.8915347710906719,0.8915347710906719,0.8915347710906719,1.0
0.03509871864598457,0.8927887465162205,0.8927887465162205,0.7855774930324411,1.0,1.0
0.03509871864598457,0.8927887465162205,0.7855774930324411,1.0,1.0,0.8927887465162205
0.03509871864598457,0.8927887465162205,0.7855774930324411,1.0,0.8927887465162205,1.0
0.03509871864598457,0.8927887465162205,0.7855774930324411,0.8927887465162205,1.0,1.0
0.056543646950273474,0.8951715163278081,0.6855145489834245,1.0,1.0,1.0
0.04600190799427606,0.7880004239987279,1.0,1.0,1.0,0.7880004239987279
0.03509871864598457,0.7855774930324411,1.0,1.0,0.8927887465162205,0.8927887465162205
0.04600190799427606,0.7880004239987279,1.0,1.0,0.7880004239987279,1.0
0.03509871864598457,0.7855774930324411,1.0,0.8927887465162205,1.0,0.8927887465162205
0.03509871864598457,0.7855774930324411,1.0,0.8927887465162205,0.8927887465162205,1.0
0.04600190799427606,0.7880004239987279,1.0,0.7880004239987279,1.0,1.0
0.03509871864598457,0.7855774930324411,0.8927887465162205,1.0,1.0,0.8927887465162205
0.03509871864598457,0.7855774930324411,0.8927887465162205,1.0,0.8927887465162205,1.0
0.03509871864598457,0.7855774930324411,0.8927887465162205,0.8927887465162205,1.0,1.0
0.04600190799427606,0.7880004239987279,0.7880004239987279,1.0,1.0,1.0
0.056543646950273474,0.6855145489834245,1.0,1.0,1.0,0.8951715163278081
0.056543646950273474,0.6855145489834245,1.0,1.0,0.8951715163278081,1.0
0.056543646950273474,0.6855145489834245,1.0,0.8951715163278081,1.0,1.0
0.056543646950273474,0.6855145489834245,0.8951715163278081,1.0,1.0,1.0
0.08618845137974274,0.5938615339465523,1.0,1.0,1.0,1.0
0.04217371477884857,1.0,1.0,1.0,1.0,0.7126521144336546
0.024099927051466796,1.0,1.0,1.0,0.9024099927051467,0.8048199854102933
0.024099927051466796,1.0,1.0,1.0,0.8048199854102933,0.9024099927051467
0.04217371477884857,1.0,1.0,1.0,0.7126521144336546,1.0
0.024099927051466796,1.0,1.0,0.9024099927051467,1.0,0.8048199854102933
0.014670721835706835,1.0,1.0,0.9014670721835707,0.9014670721835707,0.9014670721835707
0.024099927051466796,1.0,1.0,0.9024099927051467,0.8048199854102933,1.0
0.024099927051466796,1.0,1.0,0.8048199854102933,1.0,0.9024099927051467
0.024099927051466796,1.0,1.0,0.8048199854102933,0.9024099927051467,1.0
0.04217371477884857,1.0,1.0,0.7126521144336546,1.0,1.0
0.024099927051466796,1.0,0.9024099927051467,1.0,1.0,0.8048199854102933
0.014670721835706835,1.0,0.9014670721835707,1.0,0.9014670721835707,0.9014670721835707
0.024099927051466796,1.0,0.9024099927051467,1.0,0.8048199854102933,1.0
0.014670721835706835,1.0,0.9014670721835707,0.9014670721835707,1.0,0.9014670721835707
0.014670721835706835,1.0,0.9014670721835707,0.9014670721835707,0.9014670721835707,1.0
0.024099927051466796,1.0,0.9024099927051467,0.8048199854102933,1.0,1.0
0.024099927051466796,1.0,0.8048199854102933,1.0,1.0,0.9024099927051467
0.024099927051466796,1.0,0.8048199854102933,1.0,0.9024099927051467,1.0
0.024099927051466796,1.0,0.8048199854102933,0.9024099927051467,1.0,1.0
0.04217371477884857,1.0,0.7126521144336546,1.0,1.0,1.0
0.024099927051466796,0.9024099927051467,1.0,1.0,1.0,0.8048199854102933
0.014670721835706835,0.9014670721835707,1.0,1.0,0.9014670721835707,0.9014670721835707
0.024099927051466796,0.9024099927051467,1.0,1.0,0.8048199854102933,1.0
0.014670721835706835,0.9014670721835707,1.0,0.9014670721835707,1.0,0.9014670721835707
0.014670721835706835,0.9014670721835707,1.0,0.9014670721835707,0.9014670721835707,1.0
0.024099927051466796,0.9024099927051467,1.0,0.8048199854102933,1.0,1.0
0.014670721835706835,0.9014670721835707,0.9014670721835707,1.0,1.0,0.9014670721835707
0.014670721835706835,0.9014670721835707,0.9014670721835707,1.0,0.9014670721835707,1.0
0.014670721835706835,0.9014670721835707,0.9014670721835707,0.9014670721835707,1.0,1.0
0.024099927051466796,0.9024099927051467,0.8048199854102933,1.0,1.0,1.0
0.024099927051466796,0.8048199854102933,1.0,1.0,1.0,0.9024099927051467
0.024099927051466796,0.8048199854102933,1.0,1.0,0.9024099927051467,1.0
0.024099927051466796,0.8048199854102933,1.0,0.9024099927051467,1.0,1.0
0.024099927051466796,0.8048199854102933,0.9024099927051467,1.0,1.0,1.0
0.04217371477884857,0.7126521144336546,1.0,1.0,1.0,1.0
0.01613008990009246,1.0,1.0,1.0,1.0,0.8211145618000169
0.008163401865824538,1.0,1.0,1.0,0.9098330365332568,0.9098330365332568
0.01613008990009246,1.0,1.0,1.0,0.8211145618000169,1.0
0.008163401865824538,1.0,1.0,0.9098330365332568,1.0,0.9098330365332568
0.008163401865824538,1.0,1.0,0.9098330365332568,0.9098330365332568,1.0
0.01613008990009246,1.0,1.0,0.8211145618000169,1.0,1.0
0.008163401865824538,1.0,0.9098330365332568,1.0,1.0,0.9098330365332568
0.008163401865824538,1.0,0.9098330365332568,1.0,0.9098330365332568,1.0
0.008163401865824538,1.0,0.9098330365332568,0.9098330365332568,1.0,1.0
0.01613008990009246,1.0,0.8211145618000169,1.0,1.0,1.0
0.008163401865824538,0.9098330365332568,1.0,1.0,1.0,0.9098330365332568
0.008163401865824538,0.9098330365332568,1.0,1.0,0.9098330365332568,1.0
0.008163401865824538,0.9098330365332568,1.0,0.9098330365332568,1.0,1.0
0.008163401865824538,0.9098330365332568,0.9098330365332568,1.0,1.0,1.0
0.01613008990009246,0.8211145618000169,1.0,1.0,1.0,1.0
0.003454241755120435,1.0,1.0,1.0,1.0,0.91695452014626
0.003454241755120435,1.0,1.0,1.0,0.91695452014626,1.0
0.003454241755120435,1.0,1.0,0.91695452014626,1.0,1.0
0.003454241755120435,1.0,0.91695452014626,1.0,1.0,1.0
0.003454241755120435,0.91695452014626,1.0,1.0,1.0,1.0
0.0,1.0,1.0,1.0,1.0,1.0
